ISO-10303-21;
HEADER;
FILE_DESCRIPTION(('Open CASCADE Model'),'2;1');
FILE_NAME('Open CASCADE Shape Model','2026-09-30T06:33:41',('Author'),(
    'Open CASCADE'),'Open CASCADE STEP processor 7.9','Open CASCADE 7.9'
  ,'Unknown');
FILE_SCHEMA(('AUTOMOTIVE_DESIGN { 1 0 10303 214 1 1 1 1 }'));
ENDSEC;
DATA;
#1 = APPLICATION_PROTOCOL_DEFINITION('international standard',
  'automotive_design',2000,#2);
#2 = APPLICATION_CONTEXT(
  'core data for automotive mechanical design processes');
#3 = SHAPE_DEFINITION_REPRESENTATION(#4,#10);
#4 = PRODUCT_DEFINITION_SHAPE('','',#5);
#5 = PRODUCT_DEFINITION('design','',#6,#9);
#6 = PRODUCT_DEFINITION_FORMATION('','',#7);
#7 = PRODUCT('Open CASCADE STEP translator 7.9 7',
  'Open CASCADE STEP translator 7.9 7','',(#8));
#8 = PRODUCT_CONTEXT('',#2,'mechanical');
#9 = PRODUCT_DEFINITION_CONTEXT('part definition',#2,'design');
#10 = ADVANCED_BREP_SHAPE_REPRESENTATION('',(#11,#15),#2253);
#11 = AXIS2_PLACEMENT_3D('',#12,#13,#14);
#12 = CARTESIAN_POINT('',(0.,0.,0.));
#13 = DIRECTION('',(0.,0.,1.));
#14 = DIRECTION('',(1.,0.,-0.));
#15 = MANIFOLD_SOLID_BREP('',#16);
#16 = CLOSED_SHELL('',(#17,#278,#1160,#1237,#1450,#1497,#1544,#1569,
    #1626,#1681,#1709,#1789,#1844,#1904,#1961,#1968,#1995,#2022,#2049,
    #2076,#2110,#2169,#2196,#2246));
#17 = ADVANCED_FACE('',(#18,#243),#33,.T.);
#18 = FACE_BOUND('',#19,.F.);
#19 = EDGE_LOOP('',(#20,#56,#82,#114,#140,#166,#192,#219));
#20 = ORIENTED_EDGE('',*,*,#21,.F.);
#21 = EDGE_CURVE('',#22,#24,#26,.T.);
#22 = VERTEX_POINT('',#23);
#23 = CARTESIAN_POINT('',(18.,10.766498966702,0.85));
#24 = VERTEX_POINT('',#25);
#25 = CARTESIAN_POINT('',(18.,-10.7664989667,0.85));
#26 = SURFACE_CURVE('',#27,(#32,#44),.PCURVE_S1.);
#27 = CIRCLE('',#28,10.8);
#28 = AXIS2_PLACEMENT_3D('',#29,#30,#31);
#29 = CARTESIAN_POINT('',(18.,0.,0.));
#30 = DIRECTION('',(1.,0.,0.));
#31 = DIRECTION('',(-0.,1.,0.));
#32 = PCURVE('',#33,#38);
#33 = PLANE('',#34);
#34 = AXIS2_PLACEMENT_3D('',#35,#36,#37);
#35 = CARTESIAN_POINT('',(18.,0.,0.));
#36 = DIRECTION('',(1.,0.,0.));
#37 = DIRECTION('',(-0.,1.,0.));
#38 = DEFINITIONAL_REPRESENTATION('',(#39),#43);
#39 = CIRCLE('',#40,10.8);
#40 = AXIS2_PLACEMENT_2D('',#41,#42);
#41 = CARTESIAN_POINT('',(0.,0.));
#42 = DIRECTION('',(1.,-0.));
#43 = ( GEOMETRIC_REPRESENTATION_CONTEXT(2) 
PARAMETRIC_REPRESENTATION_CONTEXT() REPRESENTATION_CONTEXT('2D SPACE',''
  ) );
#44 = PCURVE('',#45,#50);
#45 = CYLINDRICAL_SURFACE('',#46,10.8);
#46 = AXIS2_PLACEMENT_3D('',#47,#48,#49);
#47 = CARTESIAN_POINT('',(18.,0.,0.));
#48 = DIRECTION('',(-1.,-0.,-0.));
#49 = DIRECTION('',(0.,1.,0.));
#50 = DEFINITIONAL_REPRESENTATION('',(#51),#55);
#51 = LINE('',#52,#53);
#52 = CARTESIAN_POINT('',(-0.,0.));
#53 = VECTOR('',#54,1.);
#54 = DIRECTION('',(-1.,0.));
#55 = ( GEOMETRIC_REPRESENTATION_CONTEXT(2) 
PARAMETRIC_REPRESENTATION_CONTEXT() REPRESENTATION_CONTEXT('2D SPACE',''
  ) );
#56 = ORIENTED_EDGE('',*,*,#57,.F.);
#57 = EDGE_CURVE('',#58,#22,#60,.T.);
#58 = VERTEX_POINT('',#59);
#59 = CARTESIAN_POINT('',(18.,2.877064476163,0.85));
#60 = SURFACE_CURVE('',#61,(#65,#71),.PCURVE_S1.);
#61 = LINE('',#62,#63);
#62 = CARTESIAN_POINT('',(18.,-5.65,0.85));
#63 = VECTOR('',#64,1.);
#64 = DIRECTION('',(0.,1.,0.));
#65 = PCURVE('',#33,#66);
#66 = DEFINITIONAL_REPRESENTATION('',(#67),#70);
#67 = B_SPLINE_CURVE_WITH_KNOTS('',1,(#68,#69),.UNSPECIFIED.,.F.,.F.,(2,
    2),(-5.15,16.45),.PIECEWISE_BEZIER_KNOTS.);
#68 = CARTESIAN_POINT('',(-10.8,0.85));
#69 = CARTESIAN_POINT('',(10.8,0.85));
#70 = ( GEOMETRIC_REPRESENTATION_CONTEXT(2) 
PARAMETRIC_REPRESENTATION_CONTEXT() REPRESENTATION_CONTEXT('2D SPACE',''
  ) );
#71 = PCURVE('',#72,#77);
#72 = PLANE('',#73);
#73 = AXIS2_PLACEMENT_3D('',#74,#75,#76);
#74 = CARTESIAN_POINT('',(14.5,-11.3,0.85));
#75 = DIRECTION('',(0.,0.,1.));
#76 = DIRECTION('',(1.,0.,0.));
#77 = DEFINITIONAL_REPRESENTATION('',(#78),#81);
#78 = B_SPLINE_CURVE_WITH_KNOTS('',1,(#79,#80),.UNSPECIFIED.,.F.,.F.,(2,
    2),(-5.15,16.45),.PIECEWISE_BEZIER_KNOTS.);
#79 = CARTESIAN_POINT('',(3.5,0.5));
#80 = CARTESIAN_POINT('',(3.5,22.1));
#81 = ( GEOMETRIC_REPRESENTATION_CONTEXT(2) 
PARAMETRIC_REPRESENTATION_CONTEXT() REPRESENTATION_CONTEXT('2D SPACE',''
  ) );
#82 = ORIENTED_EDGE('',*,*,#83,.F.);
#83 = EDGE_CURVE('',#84,#58,#86,.T.);
#84 = VERTEX_POINT('',#85);
#85 = CARTESIAN_POINT('',(18.,2.8,1.077032961427));
#86 = SURFACE_CURVE('',#87,(#92,#103),.PCURVE_S1.);
#87 = CIRCLE('',#88,3.);
#88 = AXIS2_PLACEMENT_3D('',#89,#90,#91);
#89 = CARTESIAN_POINT('',(18.,0.,0.));
#90 = DIRECTION('',(-1.,0.,0.));
#91 = DIRECTION('',(0.,1.,0.));
#92 = PCURVE('',#33,#93);
#93 = DEFINITIONAL_REPRESENTATION('',(#94),#102);
#94 = ( BOUNDED_CURVE() B_SPLINE_CURVE(2,(#95,#96,#97,#98,#99,#100,#101)
,.UNSPECIFIED.,.T.,.F.) B_SPLINE_CURVE_WITH_KNOTS((1,2,2,2,2,1),(
    -2.094395102393,0.,2.094395102393,4.188790204786,6.28318530718,
8.377580409573),.UNSPECIFIED.) CURVE() GEOMETRIC_REPRESENTATION_ITEM() 
RATIONAL_B_SPLINE_CURVE((1.,0.5,1.,0.5,1.,0.5,1.)) REPRESENTATION_ITEM(
  '') );
#95 = CARTESIAN_POINT('',(3.,0.));
#96 = CARTESIAN_POINT('',(3.,-5.196152422707));
#97 = CARTESIAN_POINT('',(-1.5,-2.598076211353));
#98 = CARTESIAN_POINT('',(-6.,-7.347880794884E-16));
#99 = CARTESIAN_POINT('',(-1.5,2.598076211353));
#100 = CARTESIAN_POINT('',(3.,5.196152422707));
#101 = CARTESIAN_POINT('',(3.,0.));
#102 = ( GEOMETRIC_REPRESENTATION_CONTEXT(2) 
PARAMETRIC_REPRESENTATION_CONTEXT() REPRESENTATION_CONTEXT('2D SPACE',''
  ) );
#103 = PCURVE('',#104,#109);
#104 = CYLINDRICAL_SURFACE('',#105,3.);
#105 = AXIS2_PLACEMENT_3D('',#106,#107,#108);
#106 = CARTESIAN_POINT('',(18.1,0.,0.));
#107 = DIRECTION('',(-1.,-0.,-0.));
#108 = DIRECTION('',(0.,1.,0.));
#109 = DEFINITIONAL_REPRESENTATION('',(#110),#113);
#110 = B_SPLINE_CURVE_WITH_KNOTS('',1,(#111,#112),.UNSPECIFIED.,.F.,.F.,
  (2,2),(5.915977286622,5.995917208759),.PIECEWISE_BEZIER_KNOTS.);
#111 = CARTESIAN_POINT('',(-6.650393327737,0.1));
#112 = CARTESIAN_POINT('',(-6.5704534056,0.1));
#113 = ( GEOMETRIC_REPRESENTATION_CONTEXT(2) 
PARAMETRIC_REPRESENTATION_CONTEXT() REPRESENTATION_CONTEXT('2D SPACE',''
  ) );
#114 = ORIENTED_EDGE('',*,*,#115,.F.);
#115 = EDGE_CURVE('',#116,#84,#118,.T.);
#116 = VERTEX_POINT('',#117);
#117 = CARTESIAN_POINT('',(18.,2.8,4.05));
#118 = SURFACE_CURVE('',#119,(#123,#129),.PCURVE_S1.);
#119 = LINE('',#120,#121);
#120 = CARTESIAN_POINT('',(18.,2.8,0.425));
#121 = VECTOR('',#122,1.);
#122 = DIRECTION('',(0.,0.,-1.));
#123 = PCURVE('',#33,#124);
#124 = DEFINITIONAL_REPRESENTATION('',(#125),#128);
#125 = B_SPLINE_CURVE_WITH_KNOTS('',1,(#126,#127),.UNSPECIFIED.,.F.,.F.,
  (2,2),(-3.625,-0.425),.PIECEWISE_BEZIER_KNOTS.);
#126 = CARTESIAN_POINT('',(2.8,4.05));
#127 = CARTESIAN_POINT('',(2.8,0.85));
#128 = ( GEOMETRIC_REPRESENTATION_CONTEXT(2) 
PARAMETRIC_REPRESENTATION_CONTEXT() REPRESENTATION_CONTEXT('2D SPACE',''
  ) );
#129 = PCURVE('',#130,#135);
#130 = PLANE('',#131);
#131 = AXIS2_PLACEMENT_3D('',#132,#133,#134);
#132 = CARTESIAN_POINT('',(12.1,2.8,0.85));
#133 = DIRECTION('',(0.,1.,0.));
#134 = DIRECTION('',(0.,0.,1.));
#135 = DEFINITIONAL_REPRESENTATION('',(#136),#139);
#136 = B_SPLINE_CURVE_WITH_KNOTS('',1,(#137,#138),.UNSPECIFIED.,.F.,.F.,
  (2,2),(-3.625,-0.425),.PIECEWISE_BEZIER_KNOTS.);
#137 = CARTESIAN_POINT('',(3.2,5.9));
#138 = CARTESIAN_POINT('',(1.110223024625E-16,5.9));
#139 = ( GEOMETRIC_REPRESENTATION_CONTEXT(2) 
PARAMETRIC_REPRESENTATION_CONTEXT() REPRESENTATION_CONTEXT('2D SPACE',''
  ) );
#140 = ORIENTED_EDGE('',*,*,#141,.F.);
#141 = EDGE_CURVE('',#142,#116,#144,.T.);
#142 = VERTEX_POINT('',#143);
#143 = CARTESIAN_POINT('',(18.,-2.8,4.05));
#144 = SURFACE_CURVE('',#145,(#149,#155),.PCURVE_S1.);
#145 = LINE('',#146,#147);
#146 = CARTESIAN_POINT('',(18.,-1.4,4.05));
#147 = VECTOR('',#148,1.);
#148 = DIRECTION('',(0.,1.,0.));
#149 = PCURVE('',#33,#150);
#150 = DEFINITIONAL_REPRESENTATION('',(#151),#154);
#151 = B_SPLINE_CURVE_WITH_KNOTS('',1,(#152,#153),.UNSPECIFIED.,.F.,.F.,
  (2,2),(-1.4,4.2),.PIECEWISE_BEZIER_KNOTS.);
#152 = CARTESIAN_POINT('',(-2.8,4.05));
#153 = CARTESIAN_POINT('',(2.8,4.05));
#154 = ( GEOMETRIC_REPRESENTATION_CONTEXT(2) 
PARAMETRIC_REPRESENTATION_CONTEXT() REPRESENTATION_CONTEXT('2D SPACE',''
  ) );
#155 = PCURVE('',#156,#161);
#156 = PLANE('',#157);
#157 = AXIS2_PLACEMENT_3D('',#158,#159,#160);
#158 = CARTESIAN_POINT('',(12.1,-2.8,4.05));
#159 = DIRECTION('',(0.,0.,1.));
#160 = DIRECTION('',(1.,0.,0.));
#161 = DEFINITIONAL_REPRESENTATION('',(#162),#165);
#162 = B_SPLINE_CURVE_WITH_KNOTS('',1,(#163,#164),.UNSPECIFIED.,.F.,.F.,
  (2,2),(-1.4,4.2),.PIECEWISE_BEZIER_KNOTS.);
#163 = CARTESIAN_POINT('',(5.9,0.));
#164 = CARTESIAN_POINT('',(5.9,5.6));
#165 = ( GEOMETRIC_REPRESENTATION_CONTEXT(2) 
PARAMETRIC_REPRESENTATION_CONTEXT() REPRESENTATION_CONTEXT('2D SPACE',''
  ) );
#166 = ORIENTED_EDGE('',*,*,#167,.T.);
#167 = EDGE_CURVE('',#142,#168,#170,.T.);
#168 = VERTEX_POINT('',#169);
#169 = CARTESIAN_POINT('',(18.,-2.8,1.077032961427));
#170 = SURFACE_CURVE('',#171,(#175,#181),.PCURVE_S1.);
#171 = LINE('',#172,#173);
#172 = CARTESIAN_POINT('',(18.,-2.8,0.425));
#173 = VECTOR('',#174,1.);
#174 = DIRECTION('',(0.,0.,-1.));
#175 = PCURVE('',#33,#176);
#176 = DEFINITIONAL_REPRESENTATION('',(#177),#180);
#177 = B_SPLINE_CURVE_WITH_KNOTS('',1,(#178,#179),.UNSPECIFIED.,.F.,.F.,
  (2,2),(-3.625,-0.425),.PIECEWISE_BEZIER_KNOTS.);
#178 = CARTESIAN_POINT('',(-2.8,4.05));
#179 = CARTESIAN_POINT('',(-2.8,0.85));
#180 = ( GEOMETRIC_REPRESENTATION_CONTEXT(2) 
PARAMETRIC_REPRESENTATION_CONTEXT() REPRESENTATION_CONTEXT('2D SPACE',''
  ) );
#181 = PCURVE('',#182,#187);
#182 = PLANE('',#183);
#183 = AXIS2_PLACEMENT_3D('',#184,#185,#186);
#184 = CARTESIAN_POINT('',(12.1,-2.8,0.85));
#185 = DIRECTION('',(0.,1.,0.));
#186 = DIRECTION('',(0.,0.,1.));
#187 = DEFINITIONAL_REPRESENTATION('',(#188),#191);
#188 = B_SPLINE_CURVE_WITH_KNOTS('',1,(#189,#190),.UNSPECIFIED.,.F.,.F.,
  (2,2),(-3.625,-0.425),.PIECEWISE_BEZIER_KNOTS.);
#189 = CARTESIAN_POINT('',(3.2,5.9));
#190 = CARTESIAN_POINT('',(1.110223024625E-16,5.9));
#191 = ( GEOMETRIC_REPRESENTATION_CONTEXT(2) 
PARAMETRIC_REPRESENTATION_CONTEXT() REPRESENTATION_CONTEXT('2D SPACE',''
  ) );
#192 = ORIENTED_EDGE('',*,*,#193,.F.);
#193 = EDGE_CURVE('',#194,#168,#196,.T.);
#194 = VERTEX_POINT('',#195);
#195 = CARTESIAN_POINT('',(18.,-2.877064476163,0.85));
#196 = SURFACE_CURVE('',#197,(#202,#213),.PCURVE_S1.);
#197 = CIRCLE('',#198,3.);
#198 = AXIS2_PLACEMENT_3D('',#199,#200,#201);
#199 = CARTESIAN_POINT('',(18.,0.,0.));
#200 = DIRECTION('',(-1.,0.,0.));
#201 = DIRECTION('',(0.,1.,0.));
#202 = PCURVE('',#33,#203);
#203 = DEFINITIONAL_REPRESENTATION('',(#204),#212);
#204 = ( BOUNDED_CURVE() B_SPLINE_CURVE(2,(#205,#206,#207,#208,#209,#210
,#211),.UNSPECIFIED.,.T.,.F.) B_SPLINE_CURVE_WITH_KNOTS((1,2,2,2,2,1),(
    -2.094395102393,0.,2.094395102393,4.188790204786,6.28318530718,
8.377580409573),.UNSPECIFIED.) CURVE() GEOMETRIC_REPRESENTATION_ITEM() 
RATIONAL_B_SPLINE_CURVE((1.,0.5,1.,0.5,1.,0.5,1.)) REPRESENTATION_ITEM(
  '') );
#205 = CARTESIAN_POINT('',(3.,0.));
#206 = CARTESIAN_POINT('',(3.,-5.196152422707));
#207 = CARTESIAN_POINT('',(-1.5,-2.598076211353));
#208 = CARTESIAN_POINT('',(-6.,-7.347880794884E-16));
#209 = CARTESIAN_POINT('',(-1.5,2.598076211353));
#210 = CARTESIAN_POINT('',(3.,5.196152422707));
#211 = CARTESIAN_POINT('',(3.,0.));
#212 = ( GEOMETRIC_REPRESENTATION_CONTEXT(2) 
PARAMETRIC_REPRESENTATION_CONTEXT() REPRESENTATION_CONTEXT('2D SPACE',''
  ) );
#213 = PCURVE('',#104,#214);
#214 = DEFINITIONAL_REPRESENTATION('',(#215),#218);
#215 = B_SPLINE_CURVE_WITH_KNOTS('',1,(#216,#217),.UNSPECIFIED.,.F.,.F.,
  (2,2),(3.428860752011,3.508800674148),.PIECEWISE_BEZIER_KNOTS.);
#216 = CARTESIAN_POINT('',(-2.854324555169,0.1));
#217 = CARTESIAN_POINT('',(-2.774384633032,0.1));
#218 = ( GEOMETRIC_REPRESENTATION_CONTEXT(2) 
PARAMETRIC_REPRESENTATION_CONTEXT() REPRESENTATION_CONTEXT('2D SPACE',''
  ) );
#219 = ORIENTED_EDGE('',*,*,#220,.F.);
#220 = EDGE_CURVE('',#24,#194,#221,.T.);
#221 = SURFACE_CURVE('',#222,(#226,#232),.PCURVE_S1.);
#222 = LINE('',#223,#224);
#223 = CARTESIAN_POINT('',(18.,-5.65,0.85));
#224 = VECTOR('',#225,1.);
#225 = DIRECTION('',(0.,1.,0.));
#226 = PCURVE('',#33,#227);
#227 = DEFINITIONAL_REPRESENTATION('',(#228),#231);
#228 = B_SPLINE_CURVE_WITH_KNOTS('',1,(#229,#230),.UNSPECIFIED.,.F.,.F.,
  (2,2),(-5.15,16.45),.PIECEWISE_BEZIER_KNOTS.);
#229 = CARTESIAN_POINT('',(-10.8,0.85));
#230 = CARTESIAN_POINT('',(10.8,0.85));
#231 = ( GEOMETRIC_REPRESENTATION_CONTEXT(2) 
PARAMETRIC_REPRESENTATION_CONTEXT() REPRESENTATION_CONTEXT('2D SPACE',''
  ) );
#232 = PCURVE('',#233,#238);
#233 = PLANE('',#234);
#234 = AXIS2_PLACEMENT_3D('',#235,#236,#237);
#235 = CARTESIAN_POINT('',(14.5,-11.3,0.85));
#236 = DIRECTION('',(0.,0.,1.));
#237 = DIRECTION('',(1.,0.,0.));
#238 = DEFINITIONAL_REPRESENTATION('',(#239),#242);
#239 = B_SPLINE_CURVE_WITH_KNOTS('',1,(#240,#241),.UNSPECIFIED.,.F.,.F.,
  (2,2),(-5.15,16.45),.PIECEWISE_BEZIER_KNOTS.);
#240 = CARTESIAN_POINT('',(3.5,0.5));
#241 = CARTESIAN_POINT('',(3.5,22.1));
#242 = ( GEOMETRIC_REPRESENTATION_CONTEXT(2) 
PARAMETRIC_REPRESENTATION_CONTEXT() REPRESENTATION_CONTEXT('2D SPACE',''
  ) );
#243 = FACE_BOUND('',#244,.F.);
#244 = EDGE_LOOP('',(#245));
#245 = ORIENTED_EDGE('',*,*,#246,.F.);
#246 = EDGE_CURVE('',#247,#247,#249,.T.);
#247 = VERTEX_POINT('',#248);
#248 = CARTESIAN_POINT('',(18.,2.6,8.));
#249 = SURFACE_CURVE('',#250,(#255,#266),.PCURVE_S1.);
#250 = CIRCLE('',#251,2.6);
#251 = AXIS2_PLACEMENT_3D('',#252,#253,#254);
#252 = CARTESIAN_POINT('',(18.,0.,8.));
#253 = DIRECTION('',(-1.,0.,0.));
#254 = DIRECTION('',(0.,1.,0.));
#255 = PCURVE('',#33,#256);
#256 = DEFINITIONAL_REPRESENTATION('',(#257),#265);
#257 = ( BOUNDED_CURVE() B_SPLINE_CURVE(2,(#258,#259,#260,#261,#262,#263
,#264),.UNSPECIFIED.,.T.,.F.) B_SPLINE_CURVE_WITH_KNOTS((1,2,2,2,2,1),(
    -2.094395102393,0.,2.094395102393,4.188790204786,6.28318530718,
8.377580409573),.UNSPECIFIED.) CURVE() GEOMETRIC_REPRESENTATION_ITEM() 
RATIONAL_B_SPLINE_CURVE((1.,0.5,1.,0.5,1.,0.5,1.)) REPRESENTATION_ITEM(
  '') );
#258 = CARTESIAN_POINT('',(2.6,8.));
#259 = CARTESIAN_POINT('',(2.6,3.496667900321));
#260 = CARTESIAN_POINT('',(-1.3,5.74833395016));
#261 = CARTESIAN_POINT('',(-5.2,8.));
#262 = CARTESIAN_POINT('',(-1.3,10.25166604984));
#263 = CARTESIAN_POINT('',(2.6,12.503332099679));
#264 = CARTESIAN_POINT('',(2.6,8.));
#265 = ( GEOMETRIC_REPRESENTATION_CONTEXT(2) 
PARAMETRIC_REPRESENTATION_CONTEXT() REPRESENTATION_CONTEXT('2D SPACE',''
  ) );
#266 = PCURVE('',#267,#272);
#267 = CYLINDRICAL_SURFACE('',#268,2.6);
#268 = AXIS2_PLACEMENT_3D('',#269,#270,#271);
#269 = CARTESIAN_POINT('',(15.8,0.,8.));
#270 = DIRECTION('',(-1.,-0.,-0.));
#271 = DIRECTION('',(0.,1.,0.));
#272 = DEFINITIONAL_REPRESENTATION('',(#273),#277);
#273 = LINE('',#274,#275);
#274 = CARTESIAN_POINT('',(-6.28318530718,-2.2));
#275 = VECTOR('',#276,1.);
#276 = DIRECTION('',(1.,-0.));
#277 = ( GEOMETRIC_REPRESENTATION_CONTEXT(2) 
PARAMETRIC_REPRESENTATION_CONTEXT() REPRESENTATION_CONTEXT('2D SPACE',''
  ) );
#278 = ADVANCED_FACE('',(#279,#548,#701,#854,#1007),#45,.T.);
#279 = FACE_BOUND('',#280,.F.);
#280 = EDGE_LOOP('',(#281,#302,#303,#324,#357,#383,#412,#438,#471,#494,
    #521,#522));
#281 = ORIENTED_EDGE('',*,*,#282,.F.);
#282 = EDGE_CURVE('',#22,#283,#285,.T.);
#283 = VERTEX_POINT('',#284);
#284 = CARTESIAN_POINT('',(14.5,10.766498966702,0.85));
#285 = SURFACE_CURVE('',#286,(#290,#296),.PCURVE_S1.);
#286 = LINE('',#287,#288);
#287 = CARTESIAN_POINT('',(18.,10.766498966702,0.85));
#288 = VECTOR('',#289,1.);
#289 = DIRECTION('',(-1.,-0.,-0.));
#290 = PCURVE('',#45,#291);
#291 = DEFINITIONAL_REPRESENTATION('',(#292),#295);
#292 = B_SPLINE_CURVE_WITH_KNOTS('',1,(#293,#294),.UNSPECIFIED.,.F.,.F.,
  (2,2),(-5.999999999062E-07,3.86),.PIECEWISE_BEZIER_KNOTS.);
#293 = CARTESIAN_POINT('',(-7.878518306359E-02,-5.999999999062E-07));
#294 = CARTESIAN_POINT('',(-7.878518306359E-02,3.86));
#295 = ( GEOMETRIC_REPRESENTATION_CONTEXT(2) 
PARAMETRIC_REPRESENTATION_CONTEXT() REPRESENTATION_CONTEXT('2D SPACE',''
  ) );
#296 = PCURVE('',#72,#297);
#297 = DEFINITIONAL_REPRESENTATION('',(#298),#301);
#298 = B_SPLINE_CURVE_WITH_KNOTS('',1,(#299,#300),.UNSPECIFIED.,.F.,.F.,
  (2,2),(-5.999999999062E-07,3.86),.PIECEWISE_BEZIER_KNOTS.);
#299 = CARTESIAN_POINT('',(3.5000006,22.066498966702));
#300 = CARTESIAN_POINT('',(-0.36,22.066498966702));
#301 = ( GEOMETRIC_REPRESENTATION_CONTEXT(2) 
PARAMETRIC_REPRESENTATION_CONTEXT() REPRESENTATION_CONTEXT('2D SPACE',''
  ) );
#302 = ORIENTED_EDGE('',*,*,#21,.T.);
#303 = ORIENTED_EDGE('',*,*,#304,.T.);
#304 = EDGE_CURVE('',#24,#305,#307,.T.);
#305 = VERTEX_POINT('',#306);
#306 = CARTESIAN_POINT('',(14.5,-10.7664989667,0.85));
#307 = SURFACE_CURVE('',#308,(#312,#318),.PCURVE_S1.);
#308 = LINE('',#309,#310);
#309 = CARTESIAN_POINT('',(18.,-10.7664989667,0.85));
#310 = VECTOR('',#311,1.);
#311 = DIRECTION('',(-1.,-0.,-0.));
#312 = PCURVE('',#45,#313);
#313 = DEFINITIONAL_REPRESENTATION('',(#314),#317);
#314 = B_SPLINE_CURVE_WITH_KNOTS('',1,(#315,#316),.UNSPECIFIED.,.F.,.F.,
  (2,2),(-5.999999999062E-07,3.86),.PIECEWISE_BEZIER_KNOTS.);
#315 = CARTESIAN_POINT('',(-3.062807470526,-5.999999999062E-07));
#316 = CARTESIAN_POINT('',(-3.062807470526,3.86));
#317 = ( GEOMETRIC_REPRESENTATION_CONTEXT(2) 
PARAMETRIC_REPRESENTATION_CONTEXT() REPRESENTATION_CONTEXT('2D SPACE',''
  ) );
#318 = PCURVE('',#233,#319);
#319 = DEFINITIONAL_REPRESENTATION('',(#320),#323);
#320 = B_SPLINE_CURVE_WITH_KNOTS('',1,(#321,#322),.UNSPECIFIED.,.F.,.F.,
  (2,2),(-5.999999999062E-07,3.86),.PIECEWISE_BEZIER_KNOTS.);
#321 = CARTESIAN_POINT('',(3.5000006,0.533501033298));
#322 = CARTESIAN_POINT('',(-0.36,0.533501033298));
#323 = ( GEOMETRIC_REPRESENTATION_CONTEXT(2) 
PARAMETRIC_REPRESENTATION_CONTEXT() REPRESENTATION_CONTEXT('2D SPACE',''
  ) );
#324 = ORIENTED_EDGE('',*,*,#325,.F.);
#325 = EDGE_CURVE('',#326,#305,#328,.T.);
#326 = VERTEX_POINT('',#327);
#327 = CARTESIAN_POINT('',(14.5,-10.7664989667,-0.85));
#328 = SURFACE_CURVE('',#329,(#334,#341),.PCURVE_S1.);
#329 = CIRCLE('',#330,10.8);
#330 = AXIS2_PLACEMENT_3D('',#331,#332,#333);
#331 = CARTESIAN_POINT('',(14.5,0.,0.));
#332 = DIRECTION('',(-1.,0.,0.));
#333 = DIRECTION('',(0.,1.,0.));
#334 = PCURVE('',#45,#335);
#335 = DEFINITIONAL_REPRESENTATION('',(#336),#340);
#336 = LINE('',#337,#338);
#337 = CARTESIAN_POINT('',(-6.28318530718,3.5));
#338 = VECTOR('',#339,1.);
#339 = DIRECTION('',(1.,-0.));
#340 = ( GEOMETRIC_REPRESENTATION_CONTEXT(2) 
PARAMETRIC_REPRESENTATION_CONTEXT() REPRESENTATION_CONTEXT('2D SPACE',''
  ) );
#341 = PCURVE('',#342,#347);
#342 = PLANE('',#343);
#343 = AXIS2_PLACEMENT_3D('',#344,#345,#346);
#344 = CARTESIAN_POINT('',(14.5,-11.3,-0.85));
#345 = DIRECTION('',(1.,0.,0.));
#346 = DIRECTION('',(0.,0.,1.));
#347 = DEFINITIONAL_REPRESENTATION('',(#348),#356);
#348 = ( BOUNDED_CURVE() B_SPLINE_CURVE(2,(#349,#350,#351,#352,#353,#354
,#355),.UNSPECIFIED.,.T.,.F.) B_SPLINE_CURVE_WITH_KNOTS((1,2,2,2,2,1),(
    -2.094395102393,0.,2.094395102393,4.188790204786,6.28318530718,
8.377580409573),.UNSPECIFIED.) CURVE() GEOMETRIC_REPRESENTATION_ITEM() 
RATIONAL_B_SPLINE_CURVE((1.,0.5,1.,0.5,1.,0.5,1.)) REPRESENTATION_ITEM(
  '') );
#349 = CARTESIAN_POINT('',(0.85,-22.1));
#350 = CARTESIAN_POINT('',(-17.85614872174,-22.1));
#351 = CARTESIAN_POINT('',(-8.503074360872,-5.9));
#352 = CARTESIAN_POINT('',(0.85,10.3));
#353 = CARTESIAN_POINT('',(10.203074360872,-5.9));
#354 = CARTESIAN_POINT('',(19.556148721744,-22.1));
#355 = CARTESIAN_POINT('',(0.85,-22.1));
#356 = ( GEOMETRIC_REPRESENTATION_CONTEXT(2) 
PARAMETRIC_REPRESENTATION_CONTEXT() REPRESENTATION_CONTEXT('2D SPACE',''
  ) );
#357 = ORIENTED_EDGE('',*,*,#358,.F.);
#358 = EDGE_CURVE('',#359,#326,#361,.T.);
#359 = VERTEX_POINT('',#360);
#360 = CARTESIAN_POINT('',(18.,-10.7664989667,-0.85));
#361 = SURFACE_CURVE('',#362,(#366,#372),.PCURVE_S1.);
#362 = LINE('',#363,#364);
#363 = CARTESIAN_POINT('',(18.,-10.7664989667,-0.85));
#364 = VECTOR('',#365,1.);
#365 = DIRECTION('',(-1.,-0.,-0.));
#366 = PCURVE('',#45,#367);
#367 = DEFINITIONAL_REPRESENTATION('',(#368),#371);
#368 = B_SPLINE_CURVE_WITH_KNOTS('',1,(#369,#370),.UNSPECIFIED.,.F.,.F.,
  (2,2),(-5.999999999062E-07,3.86),.PIECEWISE_BEZIER_KNOTS.);
#369 = CARTESIAN_POINT('',(-3.220377836653,-5.999999999062E-07));
#370 = CARTESIAN_POINT('',(-3.220377836653,3.86));
#371 = ( GEOMETRIC_REPRESENTATION_CONTEXT(2) 
PARAMETRIC_REPRESENTATION_CONTEXT() REPRESENTATION_CONTEXT('2D SPACE',''
  ) );
#372 = PCURVE('',#373,#378);
#373 = PLANE('',#374);
#374 = AXIS2_PLACEMENT_3D('',#375,#376,#377);
#375 = CARTESIAN_POINT('',(14.5,-11.3,-0.85));
#376 = DIRECTION('',(0.,0.,1.));
#377 = DIRECTION('',(1.,0.,0.));
#378 = DEFINITIONAL_REPRESENTATION('',(#379),#382);
#379 = B_SPLINE_CURVE_WITH_KNOTS('',1,(#380,#381),.UNSPECIFIED.,.F.,.F.,
  (2,2),(-5.999999999062E-07,3.86),.PIECEWISE_BEZIER_KNOTS.);
#380 = CARTESIAN_POINT('',(3.5000006,0.533501033298));
#381 = CARTESIAN_POINT('',(-0.36,0.533501033298));
#382 = ( GEOMETRIC_REPRESENTATION_CONTEXT(2) 
PARAMETRIC_REPRESENTATION_CONTEXT() REPRESENTATION_CONTEXT('2D SPACE',''
  ) );
#383 = ORIENTED_EDGE('',*,*,#384,.T.);
#384 = EDGE_CURVE('',#359,#385,#387,.T.);
#385 = VERTEX_POINT('',#386);
#386 = CARTESIAN_POINT('',(18.,10.766498966702,-0.85));
#387 = SURFACE_CURVE('',#388,(#393,#400),.PCURVE_S1.);
#388 = CIRCLE('',#389,10.8);
#389 = AXIS2_PLACEMENT_3D('',#390,#391,#392);
#390 = CARTESIAN_POINT('',(18.,0.,0.));
#391 = DIRECTION('',(1.,0.,0.));
#392 = DIRECTION('',(-0.,1.,0.));
#393 = PCURVE('',#45,#394);
#394 = DEFINITIONAL_REPRESENTATION('',(#395),#399);
#395 = LINE('',#396,#397);
#396 = CARTESIAN_POINT('',(-0.,0.));
#397 = VECTOR('',#398,1.);
#398 = DIRECTION('',(-1.,0.));
#399 = ( GEOMETRIC_REPRESENTATION_CONTEXT(2) 
PARAMETRIC_REPRESENTATION_CONTEXT() REPRESENTATION_CONTEXT('2D SPACE',''
  ) );
#400 = PCURVE('',#401,#406);
#401 = PLANE('',#402);
#402 = AXIS2_PLACEMENT_3D('',#403,#404,#405);
#403 = CARTESIAN_POINT('',(18.,0.,0.));
#404 = DIRECTION('',(1.,0.,0.));
#405 = DIRECTION('',(-0.,1.,0.));
#406 = DEFINITIONAL_REPRESENTATION('',(#407),#411);
#407 = CIRCLE('',#408,10.8);
#408 = AXIS2_PLACEMENT_2D('',#409,#410);
#409 = CARTESIAN_POINT('',(0.,0.));
#410 = DIRECTION('',(1.,-0.));
#411 = ( GEOMETRIC_REPRESENTATION_CONTEXT(2) 
PARAMETRIC_REPRESENTATION_CONTEXT() REPRESENTATION_CONTEXT('2D SPACE',''
  ) );
#412 = ORIENTED_EDGE('',*,*,#413,.T.);
#413 = EDGE_CURVE('',#385,#414,#416,.T.);
#414 = VERTEX_POINT('',#415);
#415 = CARTESIAN_POINT('',(14.5,10.766498966702,-0.85));
#416 = SURFACE_CURVE('',#417,(#421,#427),.PCURVE_S1.);
#417 = LINE('',#418,#419);
#418 = CARTESIAN_POINT('',(18.,10.766498966702,-0.85));
#419 = VECTOR('',#420,1.);
#420 = DIRECTION('',(-1.,-0.,-0.));
#421 = PCURVE('',#45,#422);
#422 = DEFINITIONAL_REPRESENTATION('',(#423),#426);
#423 = B_SPLINE_CURVE_WITH_KNOTS('',1,(#424,#425),.UNSPECIFIED.,.F.,.F.,
  (2,2),(-5.999999999062E-07,3.86),.PIECEWISE_BEZIER_KNOTS.);
#424 = CARTESIAN_POINT('',(-6.204400124116,-5.999999999062E-07));
#425 = CARTESIAN_POINT('',(-6.204400124116,3.86));
#426 = ( GEOMETRIC_REPRESENTATION_CONTEXT(2) 
PARAMETRIC_REPRESENTATION_CONTEXT() REPRESENTATION_CONTEXT('2D SPACE',''
  ) );
#427 = PCURVE('',#428,#433);
#428 = PLANE('',#429);
#429 = AXIS2_PLACEMENT_3D('',#430,#431,#432);
#430 = CARTESIAN_POINT('',(14.5,-11.3,-0.85));
#431 = DIRECTION('',(0.,0.,1.));
#432 = DIRECTION('',(1.,0.,0.));
#433 = DEFINITIONAL_REPRESENTATION('',(#434),#437);
#434 = B_SPLINE_CURVE_WITH_KNOTS('',1,(#435,#436),.UNSPECIFIED.,.F.,.F.,
  (2,2),(-5.999999999062E-07,3.86),.PIECEWISE_BEZIER_KNOTS.);
#435 = CARTESIAN_POINT('',(3.5000006,22.066498966702));
#436 = CARTESIAN_POINT('',(-0.36,22.066498966702));
#437 = ( GEOMETRIC_REPRESENTATION_CONTEXT(2) 
PARAMETRIC_REPRESENTATION_CONTEXT() REPRESENTATION_CONTEXT('2D SPACE',''
  ) );
#438 = ORIENTED_EDGE('',*,*,#439,.F.);
#439 = EDGE_CURVE('',#440,#414,#442,.T.);
#440 = VERTEX_POINT('',#441);
#441 = CARTESIAN_POINT('',(14.5,10.8,0.));
#442 = SURFACE_CURVE('',#443,(#448,#455),.PCURVE_S1.);
#443 = CIRCLE('',#444,10.8);
#444 = AXIS2_PLACEMENT_3D('',#445,#446,#447);
#445 = CARTESIAN_POINT('',(14.5,0.,0.));
#446 = DIRECTION('',(-1.,0.,0.));
#447 = DIRECTION('',(0.,1.,0.));
#448 = PCURVE('',#45,#449);
#449 = DEFINITIONAL_REPRESENTATION('',(#450),#454);
#450 = LINE('',#451,#452);
#451 = CARTESIAN_POINT('',(-6.28318530718,3.5));
#452 = VECTOR('',#453,1.);
#453 = DIRECTION('',(1.,-0.));
#454 = ( GEOMETRIC_REPRESENTATION_CONTEXT(2) 
PARAMETRIC_REPRESENTATION_CONTEXT() REPRESENTATION_CONTEXT('2D SPACE',''
  ) );
#455 = PCURVE('',#456,#461);
#456 = PLANE('',#457);
#457 = AXIS2_PLACEMENT_3D('',#458,#459,#460);
#458 = CARTESIAN_POINT('',(14.5,-11.3,-0.85));
#459 = DIRECTION('',(1.,0.,0.));
#460 = DIRECTION('',(0.,0.,1.));
#461 = DEFINITIONAL_REPRESENTATION('',(#462),#470);
#462 = ( BOUNDED_CURVE() B_SPLINE_CURVE(2,(#463,#464,#465,#466,#467,#468
,#469),.UNSPECIFIED.,.T.,.F.) B_SPLINE_CURVE_WITH_KNOTS((1,2,2,2,2,1),(
    -2.094395102393,0.,2.094395102393,4.188790204786,6.28318530718,
8.377580409573),.UNSPECIFIED.) CURVE() GEOMETRIC_REPRESENTATION_ITEM() 
RATIONAL_B_SPLINE_CURVE((1.,0.5,1.,0.5,1.,0.5,1.)) REPRESENTATION_ITEM(
  '') );
#463 = CARTESIAN_POINT('',(0.85,-22.1));
#464 = CARTESIAN_POINT('',(-17.85614872174,-22.1));
#465 = CARTESIAN_POINT('',(-8.503074360872,-5.9));
#466 = CARTESIAN_POINT('',(0.85,10.3));
#467 = CARTESIAN_POINT('',(10.203074360872,-5.9));
#468 = CARTESIAN_POINT('',(19.556148721744,-22.1));
#469 = CARTESIAN_POINT('',(0.85,-22.1));
#470 = ( GEOMETRIC_REPRESENTATION_CONTEXT(2) 
PARAMETRIC_REPRESENTATION_CONTEXT() REPRESENTATION_CONTEXT('2D SPACE',''
  ) );
#471 = ORIENTED_EDGE('',*,*,#472,.T.);
#472 = EDGE_CURVE('',#440,#473,#475,.T.);
#473 = VERTEX_POINT('',#474);
#474 = CARTESIAN_POINT('',(12.2,10.8,0.));
#475 = SEAM_CURVE('',#476,(#480,#487),.PCURVE_S1.);
#476 = LINE('',#477,#478);
#477 = CARTESIAN_POINT('',(18.,10.8,0.));
#478 = VECTOR('',#479,1.);
#479 = DIRECTION('',(-1.,0.,0.));
#480 = PCURVE('',#45,#481);
#481 = DEFINITIONAL_REPRESENTATION('',(#482),#486);
#482 = LINE('',#483,#484);
#483 = CARTESIAN_POINT('',(-0.,0.));
#484 = VECTOR('',#485,1.);
#485 = DIRECTION('',(-0.,1.));
#486 = ( GEOMETRIC_REPRESENTATION_CONTEXT(2) 
PARAMETRIC_REPRESENTATION_CONTEXT() REPRESENTATION_CONTEXT('2D SPACE',''
  ) );
#487 = PCURVE('',#45,#488);
#488 = DEFINITIONAL_REPRESENTATION('',(#489),#493);
#489 = LINE('',#490,#491);
#490 = CARTESIAN_POINT('',(-6.28318530718,0.));
#491 = VECTOR('',#492,1.);
#492 = DIRECTION('',(-0.,1.));
#493 = ( GEOMETRIC_REPRESENTATION_CONTEXT(2) 
PARAMETRIC_REPRESENTATION_CONTEXT() REPRESENTATION_CONTEXT('2D SPACE',''
  ) );
#494 = ORIENTED_EDGE('',*,*,#495,.F.);
#495 = EDGE_CURVE('',#473,#473,#496,.T.);
#496 = SURFACE_CURVE('',#497,(#502,#509),.PCURVE_S1.);
#497 = CIRCLE('',#498,10.8);
#498 = AXIS2_PLACEMENT_3D('',#499,#500,#501);
#499 = CARTESIAN_POINT('',(12.2,0.,0.));
#500 = DIRECTION('',(1.,0.,0.));
#501 = DIRECTION('',(-0.,1.,0.));
#502 = PCURVE('',#45,#503);
#503 = DEFINITIONAL_REPRESENTATION('',(#504),#508);
#504 = LINE('',#505,#506);
#505 = CARTESIAN_POINT('',(-0.,5.8));
#506 = VECTOR('',#507,1.);
#507 = DIRECTION('',(-1.,0.));
#508 = ( GEOMETRIC_REPRESENTATION_CONTEXT(2) 
PARAMETRIC_REPRESENTATION_CONTEXT() REPRESENTATION_CONTEXT('2D SPACE',''
  ) );
#509 = PCURVE('',#510,#515);
#510 = PLANE('',#511);
#511 = AXIS2_PLACEMENT_3D('',#512,#513,#514);
#512 = CARTESIAN_POINT('',(12.2,0.,0.));
#513 = DIRECTION('',(1.,0.,0.));
#514 = DIRECTION('',(-0.,1.,0.));
#515 = DEFINITIONAL_REPRESENTATION('',(#516),#520);
#516 = CIRCLE('',#517,10.8);
#517 = AXIS2_PLACEMENT_2D('',#518,#519);
#518 = CARTESIAN_POINT('',(0.,0.));
#519 = DIRECTION('',(1.,0.));
#520 = ( GEOMETRIC_REPRESENTATION_CONTEXT(2) 
PARAMETRIC_REPRESENTATION_CONTEXT() REPRESENTATION_CONTEXT('2D SPACE',''
  ) );
#521 = ORIENTED_EDGE('',*,*,#472,.F.);
#522 = ORIENTED_EDGE('',*,*,#523,.F.);
#523 = EDGE_CURVE('',#283,#440,#524,.T.);
#524 = SURFACE_CURVE('',#525,(#530,#537),.PCURVE_S1.);
#525 = CIRCLE('',#526,10.8);
#526 = AXIS2_PLACEMENT_3D('',#527,#528,#529);
#527 = CARTESIAN_POINT('',(14.5,0.,0.));
#528 = DIRECTION('',(-1.,0.,0.));
#529 = DIRECTION('',(0.,1.,0.));
#530 = PCURVE('',#45,#531);
#531 = DEFINITIONAL_REPRESENTATION('',(#532),#536);
#532 = LINE('',#533,#534);
#533 = CARTESIAN_POINT('',(-6.28318530718,3.5));
#534 = VECTOR('',#535,1.);
#535 = DIRECTION('',(1.,-0.));
#536 = ( GEOMETRIC_REPRESENTATION_CONTEXT(2) 
PARAMETRIC_REPRESENTATION_CONTEXT() REPRESENTATION_CONTEXT('2D SPACE',''
  ) );
#537 = PCURVE('',#456,#538);
#538 = DEFINITIONAL_REPRESENTATION('',(#539),#547);
#539 = ( BOUNDED_CURVE() B_SPLINE_CURVE(2,(#540,#541,#542,#543,#544,#545
,#546),.UNSPECIFIED.,.T.,.F.) B_SPLINE_CURVE_WITH_KNOTS((1,2,2,2,2,1),(
    -2.094395102393,0.,2.094395102393,4.188790204786,6.28318530718,
8.377580409573),.UNSPECIFIED.) CURVE() GEOMETRIC_REPRESENTATION_ITEM() 
RATIONAL_B_SPLINE_CURVE((1.,0.5,1.,0.5,1.,0.5,1.)) REPRESENTATION_ITEM(
  '') );
#540 = CARTESIAN_POINT('',(0.85,-22.1));
#541 = CARTESIAN_POINT('',(-17.85614872174,-22.1));
#542 = CARTESIAN_POINT('',(-8.503074360872,-5.9));
#543 = CARTESIAN_POINT('',(0.85,10.3));
#544 = CARTESIAN_POINT('',(10.203074360872,-5.9));
#545 = CARTESIAN_POINT('',(19.556148721744,-22.1));
#546 = CARTESIAN_POINT('',(0.85,-22.1));
#547 = ( GEOMETRIC_REPRESENTATION_CONTEXT(2) 
PARAMETRIC_REPRESENTATION_CONTEXT() REPRESENTATION_CONTEXT('2D SPACE',''
  ) );
#548 = FACE_BOUND('',#549,.F.);
#549 = EDGE_LOOP('',(#550));
#550 = ORIENTED_EDGE('',*,*,#551,.T.);
#551 = EDGE_CURVE('',#552,#552,#554,.T.);
#552 = VERTEX_POINT('',#553);
#553 = CARTESIAN_POINT('',(17.13,5.,9.572878355019));
#554 = SURFACE_CURVE('',#555,(#600,#648),.PCURVE_S1.);
#555 = B_SPLINE_CURVE_WITH_KNOTS('',8,(#556,#557,#558,#559,#560,#561,
    #562,#563,#564,#565,#566,#567,#568,#569,#570,#571,#572,#573,#574,
    #575,#576,#577,#578,#579,#580,#581,#582,#583,#584,#585,#586,#587,
    #588,#589,#590,#591,#592,#593,#594,#595,#596,#597,#598,#599),
  .UNSPECIFIED.,.T.,.F.,(9,7,7,7,7,7,9),(0.,0.112213558131,
    0.208734831966,0.412414207729,0.676567610531,0.833131877713,1.),
  .UNSPECIFIED.);
#556 = CARTESIAN_POINT('',(17.13,5.,9.572878355019));
#557 = CARTESIAN_POINT('',(17.13,5.081564895281,9.530276280567));
#558 = CARTESIAN_POINT('',(17.121360138443,5.162506576975,9.486988916247
    ));
#559 = CARTESIAN_POINT('',(17.104310653552,5.241793536557,9.443563518994
    ));
#560 = CARTESIAN_POINT('',(17.079218304092,5.318444241711,9.400593977045
    ));
#561 = CARTESIAN_POINT('',(17.04657901295,5.391547861958,9.358704543439)
  );
#562 = CARTESIAN_POINT('',(17.007009655218,5.460284664543,9.318525093738
    ));
#563 = CARTESIAN_POINT('',(16.961238990758,5.523946080583,9.280657907951
    ));
#564 = CARTESIAN_POINT('',(16.866108239223,5.631850737267,9.215511618485
    ));
#565 = CARTESIAN_POINT('',(16.818034246327,5.677690528922,9.187416441877
    ));
#566 = CARTESIAN_POINT('',(16.766305911343,5.719142499485,9.16166435269)
  );
#567 = CARTESIAN_POINT('',(16.711370162215,5.75592631971,9.138544376515)
  );
#568 = CARTESIAN_POINT('',(16.653686189413,5.787808644508,9.11831275896)
  );
#569 = CARTESIAN_POINT('',(16.593721685659,5.814599798633,9.101186449544
    ));
#570 = CARTESIAN_POINT('',(16.531949842071,5.836151151591,9.087337969225
    ));
#571 = CARTESIAN_POINT('',(16.335687575767,5.886542736765,9.054847843219
    ));
#572 = CARTESIAN_POINT('',(16.196951899129,5.896822062667,9.048012384033
    ));
#573 = CARTESIAN_POINT('',(16.057326170574,5.882338819105,9.057439240123
    ));
#574 = CARTESIAN_POINT('',(15.921499649591,5.843185428377,9.083128831838
    ));
#575 = CARTESIAN_POINT('',(15.794113814256,5.780232168161,9.123920555696
    ));
#576 = CARTESIAN_POINT('',(15.679756366093,5.695230978991,9.17760387241)
  );
#577 = CARTESIAN_POINT('',(15.582813208407,5.591003591645,9.241205669611
    ));
#578 = CARTESIAN_POINT('',(15.40865755218,5.316578189043,9.402462224869)
  );
#579 = CARTESIAN_POINT('',(15.345378186708,5.135237397497,9.505055772603
    ));
#580 = CARTESIAN_POINT('',(15.327009241301,4.937584844539,9.611067462287
    ));
#581 = CARTESIAN_POINT('',(15.358828835263,4.737991229657,9.710898360528
    ));
#582 = CARTESIAN_POINT('',(15.439932113702,4.552330110263,9.797216353896
    ));
#583 = CARTESIAN_POINT('',(15.563380378056,4.395422440844,9.866529875205
    ));
#584 = CARTESIAN_POINT('',(15.71530340995,4.279047567258,9.916472841761)
  );
#585 = CARTESIAN_POINT('',(15.970152962908,4.159124470553,9.96714758056)
  );
#586 = CARTESIAN_POINT('',(16.070012117451,4.12790243089,9.980071132204)
  );
#587 = CARTESIAN_POINT('',(16.173037154859,4.110346193612,9.987235902489
    ));
#588 = CARTESIAN_POINT('',(16.277455830026,4.106607495087,9.988747845512
    ));
#589 = CARTESIAN_POINT('',(16.381523603466,4.116721381811,9.984635663511
    ));
#590 = CARTESIAN_POINT('',(16.483496573667,4.140608837827,9.974846922823
    ));
#591 = CARTESIAN_POINT('',(16.581597842539,4.178082813432,9.959250375013
    ));
#592 = CARTESIAN_POINT('',(16.772366086779,4.282958543193,9.914621727472
    ));
#593 = CARTESIAN_POINT('',(16.865428214058,4.352815459649,9.884497110563
    ));
#594 = CARTESIAN_POINT('',(16.948985799198,4.43782464665,9.847118941762)
  );
#595 = CARTESIAN_POINT('',(17.01951572118,4.536092033167,9.802732328321)
  );
#596 = CARTESIAN_POINT('',(17.074289335061,4.644864653853,9.751907293484
    ));
#597 = CARTESIAN_POINT('',(17.111439375118,4.760849004793,9.69561728468)
  );
#598 = CARTESIAN_POINT('',(17.13,4.880453534236,9.635318543503));
#599 = CARTESIAN_POINT('',(17.13,5.,9.572878355019));
#600 = PCURVE('',#45,#601);
#601 = DEFINITIONAL_REPRESENTATION('',(#602),#647);
#602 = B_SPLINE_CURVE_WITH_KNOTS('',8,(#603,#604,#605,#606,#607,#608,
    #609,#610,#611,#612,#613,#614,#615,#616,#617,#618,#619,#620,#621,
    #622,#623,#624,#625,#626,#627,#628,#629,#630,#631,#632,#633,#634,
    #635,#636,#637,#638,#639,#640,#641,#642,#643,#644,#645,#646),
  .UNSPECIFIED.,.T.,.F.,(9,7,7,7,7,7,9),(0.,0.112213558131,
    0.208734831966,0.412414207729,0.676567610531,0.833131877713,1.),
  .UNSPECIFIED.);
#603 = CARTESIAN_POINT('',(-1.089461257921,0.87));
#604 = CARTESIAN_POINT('',(-1.08094084303,0.87));
#605 = CARTESIAN_POINT('',(-1.07244219781,0.878639861557));
#606 = CARTESIAN_POINT('',(-1.064072508812,0.895689346448));
#607 = CARTESIAN_POINT('',(-1.055936845211,0.920781695908));
#608 = CARTESIAN_POINT('',(-1.048136086678,0.95342098705));
#609 = CARTESIAN_POINT('',(-1.040764356395,0.992990344782));
#610 = CARTESIAN_POINT('',(-1.033905959224,1.038761009242));
#611 = CARTESIAN_POINT('',(-1.022235084775,1.133891760777));
#612 = CARTESIAN_POINT('',(-1.017256999173,1.181965753673));
#613 = CARTESIAN_POINT('',(-1.012738608728,1.233694088657));
#614 = CARTESIAN_POINT('',(-1.008715890199,1.288629837785));
#615 = CARTESIAN_POINT('',(-1.005219657011,1.346313810587));
#616 = CARTESIAN_POINT('',(-1.002275461965,1.406278314341));
#617 = CARTESIAN_POINT('',(-0.999903502231,1.468050157929));
#618 = CARTESIAN_POINT('',(-0.994351867701,1.664312424233));
#619 = CARTESIAN_POINT('',(-0.993208982483,1.803048100871));
#620 = CARTESIAN_POINT('',(-0.994808894897,1.942673829426));
#621 = CARTESIAN_POINT('',(-0.999145167764,2.078500350409));
#622 = CARTESIAN_POINT('',(-1.006090657042,2.205886185744));
#623 = CARTESIAN_POINT('',(-1.015397861821,2.320243633907));
#624 = CARTESIAN_POINT('',(-1.026701885551,2.417186791593));
#625 = CARTESIAN_POINT('',(-1.056173829704,2.59134244782));
#626 = CARTESIAN_POINT('',(-1.07546286374,2.654621813292));
#627 = CARTESIAN_POINT('',(-1.096222012567,2.672990758699));
#628 = CARTESIAN_POINT('',(-1.116867466115,2.641171164737));
#629 = CARTESIAN_POINT('',(-1.135817914349,2.560067886298));
#630 = CARTESIAN_POINT('',(-1.151699683798,2.436619621944));
#631 = CARTESIAN_POINT('',(-1.16342527201,2.28469659005));
#632 = CARTESIAN_POINT('',(-1.175479916637,2.029847037092));
#633 = CARTESIAN_POINT('',(-1.178608630967,1.929987882549));
#634 = CARTESIAN_POINT('',(-1.180364373043,1.826962845141));
#635 = CARTESIAN_POINT('',(-1.180737798986,1.722544169974));
#636 = CARTESIAN_POINT('',(-1.179726858411,1.618476396534));
#637 = CARTESIAN_POINT('',(-1.177336562349,1.516503426333));
#638 = CARTESIAN_POINT('',(-1.17357834431,1.418402157461));
#639 = CARTESIAN_POINT('',(-1.163024967799,1.227633913221));
#640 = CARTESIAN_POINT('',(-1.155981033127,1.134571785942));
#641 = CARTESIAN_POINT('',(-1.147382850802,1.051014200802));
#642 = CARTESIAN_POINT('',(-1.13740000661,0.98048427882));
#643 = CARTESIAN_POINT('',(-1.126285275858,0.925710664939));
#644 = CARTESIAN_POINT('',(-1.114350314005,0.888560624882));
#645 = CARTESIAN_POINT('',(-1.101949295618,0.87));
#646 = CARTESIAN_POINT('',(-1.089461257921,0.87));
#647 = ( GEOMETRIC_REPRESENTATION_CONTEXT(2) 
PARAMETRIC_REPRESENTATION_CONTEXT() REPRESENTATION_CONTEXT('2D SPACE',''
  ) );
#648 = PCURVE('',#649,#654);
#649 = CYLINDRICAL_SURFACE('',#650,0.88);
#650 = AXIS2_PLACEMENT_3D('',#651,#652,#653);
#651 = CARTESIAN_POINT('',(16.25,5.,-15.));
#652 = DIRECTION('',(-0.,-0.,-1.));
#653 = DIRECTION('',(1.,0.,0.));
#654 = DEFINITIONAL_REPRESENTATION('',(#655),#700);
#655 = B_SPLINE_CURVE_WITH_KNOTS('',8,(#656,#657,#658,#659,#660,#661,
    #662,#663,#664,#665,#666,#667,#668,#669,#670,#671,#672,#673,#674,
    #675,#676,#677,#678,#679,#680,#681,#682,#683,#684,#685,#686,#687,
    #688,#689,#690,#691,#692,#693,#694,#695,#696,#697,#698,#699),
  .UNSPECIFIED.,.F.,.F.,(9,7,7,7,7,7,9),(0.,0.112213558131,
    0.208734831966,0.412414207729,0.676567610531,0.833131877713,1.),
  .UNSPECIFIED.);
#656 = CARTESIAN_POINT('',(0.,-24.57287835501));
#657 = CARTESIAN_POINT('',(-9.268738100082E-02,-24.53027628056));
#658 = CARTESIAN_POINT('',(-0.184666425148,-24.48698891624));
#659 = CARTESIAN_POINT('',(-0.275978906473,-24.44356351899));
#660 = CARTESIAN_POINT('',(-0.36664424069,-24.40059397704));
#661 = CARTESIAN_POINT('',(-0.456665216317,-24.35870454343));
#662 = CARTESIAN_POINT('',(-0.546026778932,-24.31852509373));
#663 = CARTESIAN_POINT('',(-0.634687868582,-24.28065790795));
#664 = CARTESIAN_POINT('',(-0.798155564254,-24.21551161848));
#665 = CARTESIAN_POINT('',(-0.873356509382,-24.18741644187));
#666 = CARTESIAN_POINT('',(-0.948221648126,-24.16166435269));
#667 = CARTESIAN_POINT('',(-1.02280577296,-24.13854437651));
#668 = CARTESIAN_POINT('',(-1.097164654821,-24.11831275896));
#669 = CARTESIAN_POINT('',(-1.171354953985,-24.10118644954));
#670 = CARTESIAN_POINT('',(-1.245435353405,-24.08733796922));
#671 = CARTESIAN_POINT('',(-1.475694676061,-24.05484784321));
#672 = CARTESIAN_POINT('',(-1.631300343124,-24.04801238403));
#673 = CARTESIAN_POINT('',(-1.786700729429,-24.05743924012));
#674 = CARTESIAN_POINT('',(-1.942366545621,-24.08312883183));
#675 = CARTESIAN_POINT('',(-2.098751908188,-24.12392055569));
#676 = CARTESIAN_POINT('',(-2.25627527569,-24.17760387241));
#677 = CARTESIAN_POINT('',(-2.41530566196,-24.24120566961));
#678 = CARTESIAN_POINT('',(-2.7846491824,-24.40246222486));
#679 = CARTESIAN_POINT('',(-2.997167243306,-24.5050557726));
#680 = CARTESIAN_POINT('',(-3.211826017697,-24.61106746228));
#681 = CARTESIAN_POINT('',(-3.427591054346,-24.71089836052));
#682 = CARTESIAN_POINT('',(-3.643870509863,-24.79721635389));
#683 = CARTESIAN_POINT('',(-3.859095859695,-24.8665298752));
#684 = CARTESIAN_POINT('',(-4.07160995948,-24.91647284176));
#685 = CARTESIAN_POINT('',(-4.391673074234,-24.96714758056));
#686 = CARTESIAN_POINT('',(-4.509455989987,-24.9800711322));
#687 = CARTESIAN_POINT('',(-4.626456671396,-24.98723590248));
#688 = CARTESIAN_POINT('',(-4.743115065465,-24.98874784551));
#689 = CARTESIAN_POINT('',(-4.859850297558,-24.98463566351));
#690 = CARTESIAN_POINT('',(-4.977088970698,-24.97484692282));
#691 = CARTESIAN_POINT('',(-5.095293555037,-24.95925037501));
#692 = CARTESIAN_POINT('',(-5.342675094701,-24.91462172747));
#693 = CARTESIAN_POINT('',(-5.473589822988,-24.88449711056));
#694 = CARTESIAN_POINT('',(-5.606502253709,-24.84711894176));
#695 = CARTESIAN_POINT('',(-5.740722039414,-24.80273232832));
#696 = CARTESIAN_POINT('',(-5.875801837919,-24.75190729348));
#697 = CARTESIAN_POINT('',(-6.011422834966,-24.69561728468));
#698 = CARTESIAN_POINT('',(-6.147337050629,-24.6353185435));
#699 = CARTESIAN_POINT('',(-6.28318530718,-24.57287835501));
#700 = ( GEOMETRIC_REPRESENTATION_CONTEXT(2) 
PARAMETRIC_REPRESENTATION_CONTEXT() REPRESENTATION_CONTEXT('2D SPACE',''
  ) );
#701 = FACE_BOUND('',#702,.F.);
#702 = EDGE_LOOP('',(#703));
#703 = ORIENTED_EDGE('',*,*,#704,.T.);
#704 = EDGE_CURVE('',#705,#705,#707,.T.);
#705 = VERTEX_POINT('',#706);
#706 = CARTESIAN_POINT('',(17.13,-5.,9.572878355019));
#707 = SURFACE_CURVE('',#708,(#753,#801),.PCURVE_S1.);
#708 = B_SPLINE_CURVE_WITH_KNOTS('',8,(#709,#710,#711,#712,#713,#714,
    #715,#716,#717,#718,#719,#720,#721,#722,#723,#724,#725,#726,#727,
    #728,#729,#730,#731,#732,#733,#734,#735,#736,#737,#738,#739,#740,
    #741,#742,#743,#744,#745,#746,#747,#748,#749,#750,#751,#752),
  .UNSPECIFIED.,.T.,.F.,(9,7,7,7,7,7,9),(0.,0.134225540962,
    0.255250698493,0.533073980505,0.752255636151,0.9084149925,1.),
  .UNSPECIFIED.);
#709 = CARTESIAN_POINT('',(17.13,-5.,9.572878355019));
#710 = CARTESIAN_POINT('',(17.13,-4.906068153245,9.621939798857));
#711 = CARTESIAN_POINT('',(17.118541231545,-4.8118103564,9.669830740844)
  );
#712 = CARTESIAN_POINT('',(17.095485021951,-4.719125285017,9.71557087652
    ));
#713 = CARTESIAN_POINT('',(17.061151588835,-4.629904617106,
    9.758333364434));
#714 = CARTESIAN_POINT('',(17.016287558426,-4.545939922867,
    9.797485484478));
#715 = CARTESIAN_POINT('',(16.96204673087,-4.468829048927,9.83258075503)
  );
#716 = CARTESIAN_POINT('',(16.89997051331,-4.399866492226,9.863339343252
    ));
#717 = CARTESIAN_POINT('',(16.770627396361,-4.285835195529,
    9.913379991992));
#718 = CARTESIAN_POINT('',(16.70430324601,-4.238935062555,9.933558436356
    ));
#719 = CARTESIAN_POINT('',(16.633874291149,-4.199498864733,
    9.950249351267));
#720 = CARTESIAN_POINT('',(16.560206610785,-4.167757565791,
    9.963515457527));
#721 = CARTESIAN_POINT('',(16.484149961903,-4.143874690588,
    9.973413140043));
#722 = CARTESIAN_POINT('',(16.406543863543,-4.127945965949,
    9.979986771147));
#723 = CARTESIAN_POINT('',(16.328219865264,-4.12,9.98326599866));
#724 = CARTESIAN_POINT('',(16.070439814915,-4.12,9.98326599866));
#725 = CARTESIAN_POINT('',(15.881472950178,-4.161871405916,
    9.965986515718));
#726 = CARTESIAN_POINT('',(15.700594417104,-4.253302659453,
    9.928250102078));
#727 = CARTESIAN_POINT('',(15.545508387413,-4.390788008595,
    9.870376755678));
#728 = CARTESIAN_POINT('',(15.429804747348,-4.564572088391,
    9.792933418515));
#729 = CARTESIAN_POINT('',(15.362431327371,-4.761495134069,
    9.698461102867));
#730 = CARTESIAN_POINT('',(15.347789489762,-4.966752919341,9.59282374986
    ));
#731 = CARTESIAN_POINT('',(15.415406782689,-5.321215182122,
    9.399805877737));
#732 = CARTESIAN_POINT('',(15.476876323903,-5.46792840281,9.316097553553
    ));
#733 = CARTESIAN_POINT('',(15.566208450424,-5.598704016695,
    9.237935570866));
#734 = CARTESIAN_POINT('',(15.678772382259,-5.708485393606,
    9.169602244287));
#735 = CARTESIAN_POINT('',(15.80923736506,-5.793472292795,9.115169019457
    ));
#736 = CARTESIAN_POINT('',(15.951921569723,-5.851123493087,
    9.077749822726));
#737 = CARTESIAN_POINT('',(16.100886666728,-5.88,9.059006568051));
#738 = CARTESIAN_POINT('',(16.356238097701,-5.88,9.059006568051));
#739 = CARTESIAN_POINT('',(16.462305759558,-5.865342116198,
    9.068520760938));
#740 = CARTESIAN_POINT('',(16.566068719598,-5.836108974131,
    9.087494981637));
#741 = CARTESIAN_POINT('',(16.665417886199,-5.792663452575,
    9.115506399866));
#742 = CARTESIAN_POINT('',(16.758263698269,-5.73564967383,9.151762351736
    ));
#743 = CARTESIAN_POINT('',(16.842555712197,-5.666028533509,9.19514997199
    ));
#744 = CARTESIAN_POINT('',(16.916335495777,-5.585121119842,
    9.244320940692));
#745 = CARTESIAN_POINT('',(17.013896996307,-5.441563731267,
    9.329157739341));
#746 = CARTESIAN_POINT('',(17.045818462902,-5.385079860665,
    9.362070378395));
#747 = CARTESIAN_POINT('',(17.073155133275,-5.325573602786,
    9.396203318815));
#748 = CARTESIAN_POINT('',(17.095526456818,-5.263495468002,9.43120410521
    ));
#749 = CARTESIAN_POINT('',(17.11261455338,-5.199345322733,9.466714322516
    ));
#750 = CARTESIAN_POINT('',(17.124167092115,-5.133662853206,
    9.502382596533));
#751 = CARTESIAN_POINT('',(17.13,-5.067017805237,9.53787435583));
#752 = CARTESIAN_POINT('',(17.13,-5.,9.572878355019));
#753 = PCURVE('',#45,#754);
#754 = DEFINITIONAL_REPRESENTATION('',(#755),#800);
#755 = B_SPLINE_CURVE_WITH_KNOTS('',8,(#756,#757,#758,#759,#760,#761,
    #762,#763,#764,#765,#766,#767,#768,#769,#770,#771,#772,#773,#774,
    #775,#776,#777,#778,#779,#780,#781,#782,#783,#784,#785,#786,#787,
    #788,#789,#790,#791,#792,#793,#794,#795,#796,#797,#798,#799),
  .UNSPECIFIED.,.T.,.F.,(9,7,7,7,7,7,9),(0.,0.134225540962,
    0.255250698493,0.533073980505,0.752255636151,0.9084149925,1.),
  .UNSPECIFIED.);
#756 = CARTESIAN_POINT('',(-2.052131395669,0.87));
#757 = CARTESIAN_POINT('',(-2.042319106901,0.87));
#758 = CARTESIAN_POINT('',(-2.032530240075,0.881458768455));
#759 = CARTESIAN_POINT('',(-2.022961221872,0.904514978049));
#760 = CARTESIAN_POINT('',(-2.013801297297,0.938848411165));
#761 = CARTESIAN_POINT('',(-2.005223914953,0.983712441574));
#762 = CARTESIAN_POINT('',(-1.997379687861,1.03795326913));
#763 = CARTESIAN_POINT('',(-1.990388048742,1.10002948669));
#764 = CARTESIAN_POINT('',(-1.97885768567,1.229372603639));
#765 = CARTESIAN_POINT('',(-1.974130333109,1.29569675399));
#766 = CARTESIAN_POINT('',(-1.97016534081,1.366125708851));
#767 = CARTESIAN_POINT('',(-1.966980002256,1.439793389215));
#768 = CARTESIAN_POINT('',(-1.964586248407,1.515850038097));
#769 = CARTESIAN_POINT('',(-1.962990703977,1.593456136457));
#770 = CARTESIAN_POINT('',(-1.962194776216,1.671780134736));
#771 = CARTESIAN_POINT('',(-1.962194776216,1.929560185085));
#772 = CARTESIAN_POINT('',(-1.966388991282,2.118527049822));
#773 = CARTESIAN_POINT('',(-1.975547120496,2.299405582895));
#774 = CARTESIAN_POINT('',(-1.989360252831,2.454491612588));
#775 = CARTESIAN_POINT('',(-2.006966284736,2.570195252651));
#776 = CARTESIAN_POINT('',(-2.027176594745,2.637568672629));
#777 = CARTESIAN_POINT('',(-2.048545479097,2.652210510238));
#778 = CARTESIAN_POINT('',(-2.085916587573,2.584593217311));
#779 = CARTESIAN_POINT('',(-2.101553676308,2.523123676097));
#780 = CARTESIAN_POINT('',(-2.115655919396,2.433791549576));
#781 = CARTESIAN_POINT('',(-2.127626635616,2.321227617741));
#782 = CARTESIAN_POINT('',(-2.136971491094,2.19076263494));
#783 = CARTESIAN_POINT('',(-2.143335356169,2.048078430277));
#784 = CARTESIAN_POINT('',(-2.146522974775,1.899113333272));
#785 = CARTESIAN_POINT('',(-2.146522974775,1.643761902299));
#786 = CARTESIAN_POINT('',(-2.144904923926,1.537694240442));
#787 = CARTESIAN_POINT('',(-2.141677977708,1.433931280402));
#788 = CARTESIAN_POINT('',(-2.136891610109,1.334582113801));
#789 = CARTESIAN_POINT('',(-2.130635860215,1.241736301731));
#790 = CARTESIAN_POINT('',(-2.123040814149,1.157444287803));
#791 = CARTESIAN_POINT('',(-2.114275064934,1.083664504223));
#792 = CARTESIAN_POINT('',(-2.098835126926,0.986103003693));
#793 = CARTESIAN_POINT('',(-2.092782156482,0.954181537099));
#794 = CARTESIAN_POINT('',(-2.086430494726,0.926844866725));
#795 = CARTESIAN_POINT('',(-2.079832223721,0.904473543182));
#796 = CARTESIAN_POINT('',(-2.073043514032,0.88738544662));
#797 = CARTESIAN_POINT('',(-2.066123312121,0.875832907885));
#798 = CARTESIAN_POINT('',(-2.059132195507,0.87));
#799 = CARTESIAN_POINT('',(-2.052131395669,0.87));
#800 = ( GEOMETRIC_REPRESENTATION_CONTEXT(2) 
PARAMETRIC_REPRESENTATION_CONTEXT() REPRESENTATION_CONTEXT('2D SPACE',''
  ) );
#801 = PCURVE('',#802,#807);
#802 = CYLINDRICAL_SURFACE('',#803,0.88);
#803 = AXIS2_PLACEMENT_3D('',#804,#805,#806);
#804 = CARTESIAN_POINT('',(16.25,-5.,-15.));
#805 = DIRECTION('',(-0.,-0.,-1.));
#806 = DIRECTION('',(1.,0.,0.));
#807 = DEFINITIONAL_REPRESENTATION('',(#808),#853);
#808 = B_SPLINE_CURVE_WITH_KNOTS('',8,(#809,#810,#811,#812,#813,#814,
    #815,#816,#817,#818,#819,#820,#821,#822,#823,#824,#825,#826,#827,
    #828,#829,#830,#831,#832,#833,#834,#835,#836,#837,#838,#839,#840,
    #841,#842,#843,#844,#845,#846,#847,#848,#849,#850,#851,#852),
  .UNSPECIFIED.,.F.,.F.,(9,7,7,7,7,7,9),(0.,0.134225540962,
    0.255250698493,0.533073980505,0.752255636151,0.9084149925,1.),
  .UNSPECIFIED.);
#809 = CARTESIAN_POINT('',(0.,-24.57287835501));
#810 = CARTESIAN_POINT('',(-0.106740734949,-24.62193979885));
#811 = CARTESIAN_POINT('',(-0.213851861827,-24.66983074084));
#812 = CARTESIAN_POINT('',(-0.321029063489,-24.71557087652));
#813 = CARTESIAN_POINT('',(-0.428029511099,-24.75833336443));
#814 = CARTESIAN_POINT('',(-0.534602322495,-24.79748548447));
#815 = CARTESIAN_POINT('',(-0.640452162244,-24.83258075503));
#816 = CARTESIAN_POINT('',(-0.745190621585,-24.86333934325));
#817 = CARTESIAN_POINT('',(-0.941136023094,-24.91337999199));
#818 = CARTESIAN_POINT('',(-1.032916052997,-24.93355843635));
#819 = CARTESIAN_POINT('',(-1.123806472857,-24.95024935126));
#820 = CARTESIAN_POINT('',(-1.21399647557,-24.96351545752));
#821 = CARTESIAN_POINT('',(-1.303647223697,-24.97341314004));
#822 = CARTESIAN_POINT('',(-1.392905250174,-24.97998677114));
#823 = CARTESIAN_POINT('',(-1.481910116267,-24.98326599866));
#824 = CARTESIAN_POINT('',(-1.774841991664,-24.98326599866));
#825 = CARTESIAN_POINT('',(-1.989575564577,-24.96598651571));
#826 = CARTESIAN_POINT('',(-2.208071778976,-24.92825010207));
#827 = CARTESIAN_POINT('',(-2.428830444795,-24.87037675567));
#828 = CARTESIAN_POINT('',(-2.651042720049,-24.79293341851));
#829 = CARTESIAN_POINT('',(-2.874868665832,-24.69846110286));
#830 = CARTESIAN_POINT('',(-3.100865968605,-24.59282374986));
#831 = CARTESIAN_POINT('',(-3.510927308185,-24.39980587773));
#832 = CARTESIAN_POINT('',(-3.687782833716,-24.31609755355));
#833 = CARTESIAN_POINT('',(-3.861791766621,-24.23793557086));
#834 = CARTESIAN_POINT('',(-4.03367473774,-24.16960224428));
#835 = CARTESIAN_POINT('',(-4.204108891259,-24.11516901945));
#836 = CARTESIAN_POINT('',(-4.373663402155,-24.07774982272));
#837 = CARTESIAN_POINT('',(-4.542942010758,-24.05900656805));
#838 = CARTESIAN_POINT('',(-4.833114091408,-24.05900656805));
#839 = CARTESIAN_POINT('',(-4.953645490784,-24.06852076093));
#840 = CARTESIAN_POINT('',(-5.07423928277,-24.08749498163));
#841 = CARTESIAN_POINT('',(-5.195142979752,-24.11550639986));
#842 = CARTESIAN_POINT('',(-5.316587528631,-24.15176235173));
#843 = CARTESIAN_POINT('',(-5.438789997035,-24.19514997199));
#844 = CARTESIAN_POINT('',(-5.561957469395,-24.24432094069));
#845 = CARTESIAN_POINT('',(-5.759197497975,-24.32915773934));
#846 = CARTESIAN_POINT('',(-5.83267387201,-24.36207037839));
#847 = CARTESIAN_POINT('',(-5.906653278231,-24.39620331881));
#848 = CARTESIAN_POINT('',(-5.981097801283,-24.43120410521));
#849 = CARTESIAN_POINT('',(-6.055983401234,-24.46671432251));
#850 = CARTESIAN_POINT('',(-6.131295757148,-24.50238259653));
#851 = CARTESIAN_POINT('',(-6.20702871032,-24.53787435583));
#852 = CARTESIAN_POINT('',(-6.28318530718,-24.57287835501));
#853 = ( GEOMETRIC_REPRESENTATION_CONTEXT(2) 
PARAMETRIC_REPRESENTATION_CONTEXT() REPRESENTATION_CONTEXT('2D SPACE',''
  ) );
#854 = FACE_BOUND('',#855,.F.);
#855 = EDGE_LOOP('',(#856));
#856 = ORIENTED_EDGE('',*,*,#857,.F.);
#857 = EDGE_CURVE('',#858,#858,#860,.T.);
#858 = VERTEX_POINT('',#859);
#859 = CARTESIAN_POINT('',(17.13,-5.,-9.572878355019));
#860 = SURFACE_CURVE('',#861,(#906,#954),.PCURVE_S1.);
#861 = B_SPLINE_CURVE_WITH_KNOTS('',8,(#862,#863,#864,#865,#866,#867,
    #868,#869,#870,#871,#872,#873,#874,#875,#876,#877,#878,#879,#880,
    #881,#882,#883,#884,#885,#886,#887,#888,#889,#890,#891,#892,#893,
    #894,#895,#896,#897,#898,#899,#900,#901,#902,#903,#904,#905),
  .UNSPECIFIED.,.T.,.F.,(9,7,7,7,7,7,9),(0.,0.134225540963,
    0.255250698495,0.533073980506,0.752255636151,0.9084149925,1.),
  .UNSPECIFIED.);
#862 = CARTESIAN_POINT('',(17.13,-5.,-9.572878355019));
#863 = CARTESIAN_POINT('',(17.13,-4.906068153245,-9.621939798857));
#864 = CARTESIAN_POINT('',(17.118541231545,-4.8118103564,-9.669830740844
    ));
#865 = CARTESIAN_POINT('',(17.095485021951,-4.719125285017,
    -9.71557087652));
#866 = CARTESIAN_POINT('',(17.061151588835,-4.629904617106,
    -9.758333364434));
#867 = CARTESIAN_POINT('',(17.016287558426,-4.545939922867,
    -9.797485484478));
#868 = CARTESIAN_POINT('',(16.96204673087,-4.468829048927,-9.83258075503
    ));
#869 = CARTESIAN_POINT('',(16.89997051331,-4.399866492226,
    -9.863339343252));
#870 = CARTESIAN_POINT('',(16.770627396361,-4.28583519553,
    -9.913379991992));
#871 = CARTESIAN_POINT('',(16.704303246011,-4.238935062555,
    -9.933558436356));
#872 = CARTESIAN_POINT('',(16.633874291149,-4.199498864733,
    -9.950249351267));
#873 = CARTESIAN_POINT('',(16.560206610784,-4.167757565791,
    -9.963515457527));
#874 = CARTESIAN_POINT('',(16.484149961902,-4.143874690588,
    -9.973413140043));
#875 = CARTESIAN_POINT('',(16.406543863543,-4.127945965949,
    -9.979986771147));
#876 = CARTESIAN_POINT('',(16.328219865265,-4.12,-9.98326599866));
#877 = CARTESIAN_POINT('',(16.070439814915,-4.12,-9.98326599866));
#878 = CARTESIAN_POINT('',(15.881472950178,-4.161871405916,
    -9.965986515718));
#879 = CARTESIAN_POINT('',(15.700594417105,-4.253302659451,
    -9.928250102079));
#880 = CARTESIAN_POINT('',(15.545508387412,-4.390788008598,
    -9.870376755676));
#881 = CARTESIAN_POINT('',(15.429804747349,-4.564572088388,
    -9.792933418516));
#882 = CARTESIAN_POINT('',(15.362431327371,-4.76149513407,
    -9.698461102867));
#883 = CARTESIAN_POINT('',(15.347789489762,-4.966752919341,
    -9.592823749861));
#884 = CARTESIAN_POINT('',(15.415406782689,-5.321215182122,
    -9.399805877737));
#885 = CARTESIAN_POINT('',(15.476876323902,-5.467928402808,
    -9.316097553553));
#886 = CARTESIAN_POINT('',(15.566208450425,-5.598704016697,
    -9.237935570865));
#887 = CARTESIAN_POINT('',(15.678772382258,-5.708485393605,
    -9.169602244288));
#888 = CARTESIAN_POINT('',(15.809237365061,-5.793472292796,
    -9.115169019457));
#889 = CARTESIAN_POINT('',(15.951921569722,-5.851123493087,
    -9.077749822726));
#890 = CARTESIAN_POINT('',(16.100886666729,-5.88,-9.059006568051));
#891 = CARTESIAN_POINT('',(16.356238097701,-5.88,-9.059006568051));
#892 = CARTESIAN_POINT('',(16.462305759557,-5.865342116198,
    -9.068520760938));
#893 = CARTESIAN_POINT('',(16.566068719599,-5.836108974131,
    -9.087494981637));
#894 = CARTESIAN_POINT('',(16.665417886199,-5.792663452575,
    -9.115506399866));
#895 = CARTESIAN_POINT('',(16.758263698269,-5.73564967383,
    -9.151762351736));
#896 = CARTESIAN_POINT('',(16.842555712197,-5.666028533509,
    -9.195149971991));
#897 = CARTESIAN_POINT('',(16.916335495777,-5.585121119842,
    -9.244320940692));
#898 = CARTESIAN_POINT('',(17.013896996307,-5.441563731267,
    -9.329157739341));
#899 = CARTESIAN_POINT('',(17.045818462902,-5.385079860665,
    -9.362070378396));
#900 = CARTESIAN_POINT('',(17.073155133275,-5.325573602786,
    -9.396203318815));
#901 = CARTESIAN_POINT('',(17.095526456818,-5.263495468002,
    -9.43120410521));
#902 = CARTESIAN_POINT('',(17.11261455338,-5.199345322733,
    -9.466714322516));
#903 = CARTESIAN_POINT('',(17.124167092115,-5.133662853206,
    -9.502382596533));
#904 = CARTESIAN_POINT('',(17.13,-5.067017805237,-9.53787435583));
#905 = CARTESIAN_POINT('',(17.13,-5.,-9.572878355019));
#906 = PCURVE('',#45,#907);
#907 = DEFINITIONAL_REPRESENTATION('',(#908),#953);
#908 = B_SPLINE_CURVE_WITH_KNOTS('',8,(#909,#910,#911,#912,#913,#914,
    #915,#916,#917,#918,#919,#920,#921,#922,#923,#924,#925,#926,#927,
    #928,#929,#930,#931,#932,#933,#934,#935,#936,#937,#938,#939,#940,
    #941,#942,#943,#944,#945,#946,#947,#948,#949,#950,#951,#952),
  .UNSPECIFIED.,.T.,.F.,(9,7,7,7,7,7,9),(0.,0.134225540963,
    0.255250698495,0.533073980506,0.752255636151,0.9084149925,1.),
  .UNSPECIFIED.);
#909 = CARTESIAN_POINT('',(-4.231053911511,0.87));
#910 = CARTESIAN_POINT('',(-4.240866200278,0.87));
#911 = CARTESIAN_POINT('',(-4.250655067104,0.881458768455));
#912 = CARTESIAN_POINT('',(-4.260224085308,0.904514978049));
#913 = CARTESIAN_POINT('',(-4.269384009883,0.938848411165));
#914 = CARTESIAN_POINT('',(-4.277961392226,0.983712441574));
#915 = CARTESIAN_POINT('',(-4.285805619319,1.03795326913));
#916 = CARTESIAN_POINT('',(-4.292797258438,1.10002948669));
#917 = CARTESIAN_POINT('',(-4.30432762151,1.229372603639));
#918 = CARTESIAN_POINT('',(-4.30905497407,1.295696753989));
#919 = CARTESIAN_POINT('',(-4.313019966369,1.366125708851));
#920 = CARTESIAN_POINT('',(-4.316205304924,1.439793389216));
#921 = CARTESIAN_POINT('',(-4.318599058773,1.515850038098));
#922 = CARTESIAN_POINT('',(-4.320194603203,1.593456136457));
#923 = CARTESIAN_POINT('',(-4.320990530963,1.671780134735));
#924 = CARTESIAN_POINT('',(-4.320990530963,1.929560185085));
#925 = CARTESIAN_POINT('',(-4.316796315898,2.118527049822));
#926 = CARTESIAN_POINT('',(-4.307638186684,2.299405582895));
#927 = CARTESIAN_POINT('',(-4.293825054349,2.454491612587));
#928 = CARTESIAN_POINT('',(-4.276219022444,2.570195252652));
#929 = CARTESIAN_POINT('',(-4.256008712435,2.637568672629));
#930 = CARTESIAN_POINT('',(-4.234639828083,2.652210510238));
#931 = CARTESIAN_POINT('',(-4.197268719607,2.584593217311));
#932 = CARTESIAN_POINT('',(-4.181631630871,2.523123676098));
#933 = CARTESIAN_POINT('',(-4.167529387783,2.433791549575));
#934 = CARTESIAN_POINT('',(-4.155558671563,2.321227617742));
#935 = CARTESIAN_POINT('',(-4.146213816085,2.190762634939));
#936 = CARTESIAN_POINT('',(-4.13984995101,2.048078430278));
#937 = CARTESIAN_POINT('',(-4.136662332404,1.899113333271));
#938 = CARTESIAN_POINT('',(-4.136662332404,1.643761902299));
#939 = CARTESIAN_POINT('',(-4.138280383254,1.537694240443));
#940 = CARTESIAN_POINT('',(-4.141507329472,1.433931280402));
#941 = CARTESIAN_POINT('',(-4.146293697071,1.334582113801));
#942 = CARTESIAN_POINT('',(-4.152549446965,1.241736301731));
#943 = CARTESIAN_POINT('',(-4.16014449303,1.157444287803));
#944 = CARTESIAN_POINT('',(-4.168910242245,1.083664504223));
#945 = CARTESIAN_POINT('',(-4.184350180253,0.986103003693));
#946 = CARTESIAN_POINT('',(-4.190403150698,0.954181537098));
#947 = CARTESIAN_POINT('',(-4.196754812454,0.926844866725));
#948 = CARTESIAN_POINT('',(-4.203353083458,0.904473543182));
#949 = CARTESIAN_POINT('',(-4.210141793148,0.88738544662));
#950 = CARTESIAN_POINT('',(-4.217061995059,0.875832907885));
#951 = CARTESIAN_POINT('',(-4.224053111673,0.87));
#952 = CARTESIAN_POINT('',(-4.231053911511,0.87));
#953 = ( GEOMETRIC_REPRESENTATION_CONTEXT(2) 
PARAMETRIC_REPRESENTATION_CONTEXT() REPRESENTATION_CONTEXT('2D SPACE',''
  ) );
#954 = PCURVE('',#955,#960);
#955 = CYLINDRICAL_SURFACE('',#956,0.88);
#956 = AXIS2_PLACEMENT_3D('',#957,#958,#959);
#957 = CARTESIAN_POINT('',(16.25,-5.,-15.));
#958 = DIRECTION('',(-0.,-0.,-1.));
#959 = DIRECTION('',(1.,0.,0.));
#960 = DEFINITIONAL_REPRESENTATION('',(#961),#1006);
#961 = B_SPLINE_CURVE_WITH_KNOTS('',8,(#962,#963,#964,#965,#966,#967,
    #968,#969,#970,#971,#972,#973,#974,#975,#976,#977,#978,#979,#980,
    #981,#982,#983,#984,#985,#986,#987,#988,#989,#990,#991,#992,#993,
    #994,#995,#996,#997,#998,#999,#1000,#1001,#1002,#1003,#1004,#1005),
  .UNSPECIFIED.,.F.,.F.,(9,7,7,7,7,7,9),(0.,0.134225540963,
    0.255250698495,0.533073980506,0.752255636151,0.9084149925,1.),
  .UNSPECIFIED.);
#962 = CARTESIAN_POINT('',(0.,-5.427121644981));
#963 = CARTESIAN_POINT('',(-0.106740734949,-5.378060201143));
#964 = CARTESIAN_POINT('',(-0.213851861827,-5.330169259156));
#965 = CARTESIAN_POINT('',(-0.321029063489,-5.28442912348));
#966 = CARTESIAN_POINT('',(-0.428029511099,-5.241666635566));
#967 = CARTESIAN_POINT('',(-0.534602322495,-5.202514515522));
#968 = CARTESIAN_POINT('',(-0.640452162244,-5.16741924497));
#969 = CARTESIAN_POINT('',(-0.745190621585,-5.136660656748));
#970 = CARTESIAN_POINT('',(-0.941136023094,-5.086620008008));
#971 = CARTESIAN_POINT('',(-1.032916052996,-5.066441563644));
#972 = CARTESIAN_POINT('',(-1.123806472857,-5.049750648733));
#973 = CARTESIAN_POINT('',(-1.21399647557,-5.036484542473));
#974 = CARTESIAN_POINT('',(-1.303647223698,-5.026586859957));
#975 = CARTESIAN_POINT('',(-1.392905250174,-5.020013228853));
#976 = CARTESIAN_POINT('',(-1.481910116267,-5.01673400134));
#977 = CARTESIAN_POINT('',(-1.774841991664,-5.01673400134));
#978 = CARTESIAN_POINT('',(-1.989575564577,-5.034013484282));
#979 = CARTESIAN_POINT('',(-2.208071778973,-5.071749897921));
#980 = CARTESIAN_POINT('',(-2.428830444799,-5.129623244324));
#981 = CARTESIAN_POINT('',(-2.651042720046,-5.207066581483));
#982 = CARTESIAN_POINT('',(-2.874868665834,-5.301538897133));
#983 = CARTESIAN_POINT('',(-3.100865968605,-5.407176250139));
#984 = CARTESIAN_POINT('',(-3.510927308186,-5.600194122263));
#985 = CARTESIAN_POINT('',(-3.687782833714,-5.683902446447));
#986 = CARTESIAN_POINT('',(-3.861791766625,-5.762064429135));
#987 = CARTESIAN_POINT('',(-4.033674737736,-5.830397755712));
#988 = CARTESIAN_POINT('',(-4.204108891262,-5.884830980543));
#989 = CARTESIAN_POINT('',(-4.373663402153,-5.922250177274));
#990 = CARTESIAN_POINT('',(-4.542942010758,-5.940993431949));
#991 = CARTESIAN_POINT('',(-4.833114091409,-5.940993431949));
#992 = CARTESIAN_POINT('',(-4.953645490784,-5.931479239062));
#993 = CARTESIAN_POINT('',(-5.074239282771,-5.912505018363));
#994 = CARTESIAN_POINT('',(-5.195142979752,-5.884493600134));
#995 = CARTESIAN_POINT('',(-5.316587528631,-5.848237648264));
#996 = CARTESIAN_POINT('',(-5.438789997035,-5.804850028009));
#997 = CARTESIAN_POINT('',(-5.561957469395,-5.755679059308));
#998 = CARTESIAN_POINT('',(-5.759197497975,-5.670842260659));
#999 = CARTESIAN_POINT('',(-5.832673872011,-5.637929621604));
#1000 = CARTESIAN_POINT('',(-5.906653278231,-5.603796681185));
#1001 = CARTESIAN_POINT('',(-5.981097801282,-5.56879589479));
#1002 = CARTESIAN_POINT('',(-6.055983401234,-5.533285677484));
#1003 = CARTESIAN_POINT('',(-6.131295757149,-5.497617403467));
#1004 = CARTESIAN_POINT('',(-6.20702871032,-5.46212564417));
#1005 = CARTESIAN_POINT('',(-6.28318530718,-5.427121644981));
#1006 = ( GEOMETRIC_REPRESENTATION_CONTEXT(2) 
PARAMETRIC_REPRESENTATION_CONTEXT() REPRESENTATION_CONTEXT('2D SPACE',''
  ) );
#1007 = FACE_BOUND('',#1008,.F.);
#1008 = EDGE_LOOP('',(#1009));
#1009 = ORIENTED_EDGE('',*,*,#1010,.F.);
#1010 = EDGE_CURVE('',#1011,#1011,#1013,.T.);
#1011 = VERTEX_POINT('',#1012);
#1012 = CARTESIAN_POINT('',(17.13,5.,-9.572878355019));
#1013 = SURFACE_CURVE('',#1014,(#1059,#1107),.PCURVE_S1.);
#1014 = B_SPLINE_CURVE_WITH_KNOTS('',8,(#1015,#1016,#1017,#1018,#1019,
    #1020,#1021,#1022,#1023,#1024,#1025,#1026,#1027,#1028,#1029,#1030,
    #1031,#1032,#1033,#1034,#1035,#1036,#1037,#1038,#1039,#1040,#1041,
    #1042,#1043,#1044,#1045,#1046,#1047,#1048,#1049,#1050,#1051,#1052,
    #1053,#1054,#1055,#1056,#1057,#1058),.UNSPECIFIED.,.T.,.F.,(9,7,7,7,
    7,7,9),(0.,0.112213558814,0.208734833237,0.412414210239,
    0.676567613051,0.833131879014,1.),.UNSPECIFIED.);
#1015 = CARTESIAN_POINT('',(17.13,5.,-9.572878355019));
#1016 = CARTESIAN_POINT('',(17.13,5.081564895281,-9.530276280567));
#1017 = CARTESIAN_POINT('',(17.121360138443,5.162506576975,
    -9.486988916247));
#1018 = CARTESIAN_POINT('',(17.104310653552,5.241793536557,
    -9.443563518994));
#1019 = CARTESIAN_POINT('',(17.079218304092,5.318444241711,
    -9.400593977045));
#1020 = CARTESIAN_POINT('',(17.04657901295,5.391547861958,
    -9.358704543439));
#1021 = CARTESIAN_POINT('',(17.007009655218,5.460284664543,
    -9.318525093738));
#1022 = CARTESIAN_POINT('',(16.961238990758,5.523946080583,
    -9.280657907951));
#1023 = CARTESIAN_POINT('',(16.866108239223,5.631850737267,
    -9.215511618485));
#1024 = CARTESIAN_POINT('',(16.818034246327,5.677690528922,
    -9.187416441877));
#1025 = CARTESIAN_POINT('',(16.766305911343,5.719142499485,
    -9.16166435269));
#1026 = CARTESIAN_POINT('',(16.711370162215,5.75592631971,
    -9.138544376515));
#1027 = CARTESIAN_POINT('',(16.653686189413,5.787808644508,
    -9.11831275896));
#1028 = CARTESIAN_POINT('',(16.593721685659,5.814599798633,
    -9.101186449544));
#1029 = CARTESIAN_POINT('',(16.531949842071,5.836151151591,
    -9.087337969225));
#1030 = CARTESIAN_POINT('',(16.335687575767,5.886542736765,
    -9.054847843219));
#1031 = CARTESIAN_POINT('',(16.196951899129,5.896822062667,
    -9.048012384033));
#1032 = CARTESIAN_POINT('',(16.057326170574,5.882338819105,
    -9.057439240123));
#1033 = CARTESIAN_POINT('',(15.921499649591,5.843185428377,
    -9.083128831838));
#1034 = CARTESIAN_POINT('',(15.794113814256,5.780232168161,
    -9.123920555696));
#1035 = CARTESIAN_POINT('',(15.679756366093,5.69523097899,-9.17760387241
    ));
#1036 = CARTESIAN_POINT('',(15.582813208407,5.591003591645,
    -9.241205669611));
#1037 = CARTESIAN_POINT('',(15.408657552775,5.316578189981,
    -9.402462224318));
#1038 = CARTESIAN_POINT('',(15.345378185694,5.13523739281,
    -9.505055775201));
#1039 = CARTESIAN_POINT('',(15.327009240425,4.937584855108,
    -9.611067456678));
#1040 = CARTESIAN_POINT('',(15.358828840025,4.737991216373,
    -9.710898367314));
#1041 = CARTESIAN_POINT('',(15.43993210721,4.552330119908,
    -9.797216349157));
#1042 = CARTESIAN_POINT('',(15.563380382325,4.395422437071,
    -9.866529876968));
#1043 = CARTESIAN_POINT('',(15.715303408697,4.279047567847,
    -9.916472841512));
#1044 = CARTESIAN_POINT('',(15.970152962909,4.159124470553,
    -9.96714758056));
#1045 = CARTESIAN_POINT('',(16.070012117451,4.12790243089,
    -9.980071132204));
#1046 = CARTESIAN_POINT('',(16.173037154858,4.110346193612,
    -9.987235902489));
#1047 = CARTESIAN_POINT('',(16.277455830026,4.106607495087,
    -9.988747845512));
#1048 = CARTESIAN_POINT('',(16.381523603466,4.116721381811,
    -9.984635663511));
#1049 = CARTESIAN_POINT('',(16.483496573668,4.140608837827,
    -9.974846922822));
#1050 = CARTESIAN_POINT('',(16.581597842538,4.178082813431,
    -9.959250375014));
#1051 = CARTESIAN_POINT('',(16.772366086779,4.282958543193,
    -9.914621727472));
#1052 = CARTESIAN_POINT('',(16.865428214058,4.352815459649,
    -9.884497110563));
#1053 = CARTESIAN_POINT('',(16.948985799198,4.43782464665,
    -9.847118941762));
#1054 = CARTESIAN_POINT('',(17.01951572118,4.536092033167,
    -9.802732328321));
#1055 = CARTESIAN_POINT('',(17.074289335061,4.644864653853,
    -9.751907293484));
#1056 = CARTESIAN_POINT('',(17.111439375118,4.760849004793,
    -9.69561728468));
#1057 = CARTESIAN_POINT('',(17.13,4.880453534236,-9.635318543503));
#1058 = CARTESIAN_POINT('',(17.13,5.,-9.572878355019));
#1059 = PCURVE('',#45,#1060);
#1060 = DEFINITIONAL_REPRESENTATION('',(#1061),#1106);
#1061 = B_SPLINE_CURVE_WITH_KNOTS('',8,(#1062,#1063,#1064,#1065,#1066,
    #1067,#1068,#1069,#1070,#1071,#1072,#1073,#1074,#1075,#1076,#1077,
    #1078,#1079,#1080,#1081,#1082,#1083,#1084,#1085,#1086,#1087,#1088,
    #1089,#1090,#1091,#1092,#1093,#1094,#1095,#1096,#1097,#1098,#1099,
    #1100,#1101,#1102,#1103,#1104,#1105),.UNSPECIFIED.,.T.,.F.,(9,7,7,7,
    7,7,9),(0.,0.112213558814,0.208734833237,0.412414210239,
    0.676567613051,0.833131879014,1.),.UNSPECIFIED.);
#1062 = CARTESIAN_POINT('',(-5.193724049259,0.87));
#1063 = CARTESIAN_POINT('',(-5.202244464149,0.87));
#1064 = CARTESIAN_POINT('',(-5.210743109369,0.878639861557));
#1065 = CARTESIAN_POINT('',(-5.219112798367,0.895689346448));
#1066 = CARTESIAN_POINT('',(-5.227248461968,0.920781695908));
#1067 = CARTESIAN_POINT('',(-5.235049220502,0.95342098705));
#1068 = CARTESIAN_POINT('',(-5.242420950785,0.992990344782));
#1069 = CARTESIAN_POINT('',(-5.249279347956,1.038761009242));
#1070 = CARTESIAN_POINT('',(-5.260950222405,1.133891760777));
#1071 = CARTESIAN_POINT('',(-5.265928308006,1.181965753673));
#1072 = CARTESIAN_POINT('',(-5.270446698451,1.233694088657));
#1073 = CARTESIAN_POINT('',(-5.274469416981,1.288629837785));
#1074 = CARTESIAN_POINT('',(-5.277965650169,1.346313810587));
#1075 = CARTESIAN_POINT('',(-5.280909845214,1.406278314341));
#1076 = CARTESIAN_POINT('',(-5.283281804949,1.468050157929));
#1077 = CARTESIAN_POINT('',(-5.288833439479,1.664312424233));
#1078 = CARTESIAN_POINT('',(-5.289976324697,1.803048100871));
#1079 = CARTESIAN_POINT('',(-5.288376412282,1.942673829426));
#1080 = CARTESIAN_POINT('',(-5.284040139416,2.078500350409));
#1081 = CARTESIAN_POINT('',(-5.277094650137,2.205886185744));
#1082 = CARTESIAN_POINT('',(-5.267787445359,2.320243633907));
#1083 = CARTESIAN_POINT('',(-5.256483421629,2.417186791593));
#1084 = CARTESIAN_POINT('',(-5.227011477576,2.591342447225));
#1085 = CARTESIAN_POINT('',(-5.207722442943,2.654621814306));
#1086 = CARTESIAN_POINT('',(-5.186963295721,2.672990759575));
#1087 = CARTESIAN_POINT('',(-5.166317839682,2.641171159975));
#1088 = CARTESIAN_POINT('',(-5.147367393827,2.56006789279));
#1089 = CARTESIAN_POINT('',(-5.131485622995,2.436619617675));
#1090 = CARTESIAN_POINT('',(-5.119760035229,2.284696591303));
#1091 = CARTESIAN_POINT('',(-5.107705390542,2.029847037091));
#1092 = CARTESIAN_POINT('',(-5.104576676213,1.929987882549));
#1093 = CARTESIAN_POINT('',(-5.102820934136,1.826962845142));
#1094 = CARTESIAN_POINT('',(-5.102447508193,1.722544169974));
#1095 = CARTESIAN_POINT('',(-5.103458448769,1.618476396534));
#1096 = CARTESIAN_POINT('',(-5.105848744831,1.516503426332));
#1097 = CARTESIAN_POINT('',(-5.10960696287,1.418402157462));
#1098 = CARTESIAN_POINT('',(-5.120160339381,1.227633913221));
#1099 = CARTESIAN_POINT('',(-5.127204274052,1.134571785942));
#1100 = CARTESIAN_POINT('',(-5.135802456378,1.051014200802));
#1101 = CARTESIAN_POINT('',(-5.145785300569,0.98048427882));
#1102 = CARTESIAN_POINT('',(-5.156900031322,0.925710664939));
#1103 = CARTESIAN_POINT('',(-5.168834993174,0.888560624882));
#1104 = CARTESIAN_POINT('',(-5.181236011562,0.87));
#1105 = CARTESIAN_POINT('',(-5.193724049259,0.87));
#1106 = ( GEOMETRIC_REPRESENTATION_CONTEXT(2) 
PARAMETRIC_REPRESENTATION_CONTEXT() REPRESENTATION_CONTEXT('2D SPACE',''
  ) );
#1107 = PCURVE('',#1108,#1113);
#1108 = CYLINDRICAL_SURFACE('',#1109,0.88);
#1109 = AXIS2_PLACEMENT_3D('',#1110,#1111,#1112);
#1110 = CARTESIAN_POINT('',(16.25,5.,-15.));
#1111 = DIRECTION('',(-0.,-0.,-1.));
#1112 = DIRECTION('',(1.,0.,0.));
#1113 = DEFINITIONAL_REPRESENTATION('',(#1114),#1159);
#1114 = B_SPLINE_CURVE_WITH_KNOTS('',8,(#1115,#1116,#1117,#1118,#1119,
    #1120,#1121,#1122,#1123,#1124,#1125,#1126,#1127,#1128,#1129,#1130,
    #1131,#1132,#1133,#1134,#1135,#1136,#1137,#1138,#1139,#1140,#1141,
    #1142,#1143,#1144,#1145,#1146,#1147,#1148,#1149,#1150,#1151,#1152,
    #1153,#1154,#1155,#1156,#1157,#1158),.UNSPECIFIED.,.F.,.F.,(9,7,7,7,
    7,7,9),(0.,0.112213558814,0.208734833237,0.412414210239,
    0.676567613051,0.833131879014,1.),.UNSPECIFIED.);
#1115 = CARTESIAN_POINT('',(0.,-5.427121644981));
#1116 = CARTESIAN_POINT('',(-9.268738100083E-02,-5.469723719433));
#1117 = CARTESIAN_POINT('',(-0.184666425148,-5.513011083753));
#1118 = CARTESIAN_POINT('',(-0.275978906473,-5.556436481006));
#1119 = CARTESIAN_POINT('',(-0.36664424069,-5.599406022955));
#1120 = CARTESIAN_POINT('',(-0.456665216317,-5.641295456561));
#1121 = CARTESIAN_POINT('',(-0.546026778932,-5.681474906262));
#1122 = CARTESIAN_POINT('',(-0.634687868582,-5.719342092049));
#1123 = CARTESIAN_POINT('',(-0.798155564254,-5.784488381515));
#1124 = CARTESIAN_POINT('',(-0.873356509382,-5.812583558123));
#1125 = CARTESIAN_POINT('',(-0.948221648126,-5.83833564731));
#1126 = CARTESIAN_POINT('',(-1.02280577296,-5.861455623485));
#1127 = CARTESIAN_POINT('',(-1.097164654821,-5.88168724104));
#1128 = CARTESIAN_POINT('',(-1.171354953985,-5.898813550456));
#1129 = CARTESIAN_POINT('',(-1.245435353405,-5.912662030775));
#1130 = CARTESIAN_POINT('',(-1.475694676061,-5.945152156781));
#1131 = CARTESIAN_POINT('',(-1.631300343124,-5.951987615967));
#1132 = CARTESIAN_POINT('',(-1.786700729429,-5.942560759877));
#1133 = CARTESIAN_POINT('',(-1.942366545621,-5.916871168162));
#1134 = CARTESIAN_POINT('',(-2.098751908188,-5.876079444304));
#1135 = CARTESIAN_POINT('',(-2.25627527569,-5.82239612759));
#1136 = CARTESIAN_POINT('',(-2.415305661959,-5.758794330389));
#1137 = CARTESIAN_POINT('',(-2.784649181138,-5.597537775682));
#1138 = CARTESIAN_POINT('',(-2.997167249883,-5.494944224799));
#1139 = CARTESIAN_POINT('',(-3.21182600217,-5.388932543322));
#1140 = CARTESIAN_POINT('',(-3.427591075135,-5.289101632686));
#1141 = CARTESIAN_POINT('',(-3.643870493287,-5.202783650843));
#1142 = CARTESIAN_POINT('',(-3.859095867226,-5.133470123032));
#1143 = CARTESIAN_POINT('',(-4.071609957907,-5.083527158488));
#1144 = CARTESIAN_POINT('',(-4.391673074234,-5.03285241944));
#1145 = CARTESIAN_POINT('',(-4.509455989987,-5.019928867796));
#1146 = CARTESIAN_POINT('',(-4.626456671395,-5.012764097512));
#1147 = CARTESIAN_POINT('',(-4.743115065464,-5.011252154488));
#1148 = CARTESIAN_POINT('',(-4.859850297558,-5.015364336489));
#1149 = CARTESIAN_POINT('',(-4.977088970699,-5.025153077178));
#1150 = CARTESIAN_POINT('',(-5.095293555036,-5.040749624986));
#1151 = CARTESIAN_POINT('',(-5.342675094701,-5.085378272528));
#1152 = CARTESIAN_POINT('',(-5.473589822989,-5.115502889437));
#1153 = CARTESIAN_POINT('',(-5.606502253709,-5.152881058238));
#1154 = CARTESIAN_POINT('',(-5.740722039413,-5.197267671679));
#1155 = CARTESIAN_POINT('',(-5.875801837919,-5.248092706516));
#1156 = CARTESIAN_POINT('',(-6.011422834966,-5.30438271532));
#1157 = CARTESIAN_POINT('',(-6.147337050629,-5.364681456497));
#1158 = CARTESIAN_POINT('',(-6.28318530718,-5.427121644981));
#1159 = ( GEOMETRIC_REPRESENTATION_CONTEXT(2) 
PARAMETRIC_REPRESENTATION_CONTEXT() REPRESENTATION_CONTEXT('2D SPACE',''
  ) );
#1160 = ADVANCED_FACE('',(#1161,#1207),#233,.F.);
#1161 = FACE_BOUND('',#1162,.F.);
#1162 = EDGE_LOOP('',(#1163,#1186,#1187,#1188));
#1163 = ORIENTED_EDGE('',*,*,#1164,.F.);
#1164 = EDGE_CURVE('',#305,#1165,#1167,.T.);
#1165 = VERTEX_POINT('',#1166);
#1166 = CARTESIAN_POINT('',(14.5,-2.877064476163,0.85));
#1167 = SURFACE_CURVE('',#1168,(#1172,#1179),.PCURVE_S1.);
#1168 = LINE('',#1169,#1170);
#1169 = CARTESIAN_POINT('',(14.5,-11.3,0.85));
#1170 = VECTOR('',#1171,1.);
#1171 = DIRECTION('',(0.,1.,0.));
#1172 = PCURVE('',#233,#1173);
#1173 = DEFINITIONAL_REPRESENTATION('',(#1174),#1178);
#1174 = LINE('',#1175,#1176);
#1175 = CARTESIAN_POINT('',(0.,0.));
#1176 = VECTOR('',#1177,1.);
#1177 = DIRECTION('',(0.,1.));
#1178 = ( GEOMETRIC_REPRESENTATION_CONTEXT(2) 
PARAMETRIC_REPRESENTATION_CONTEXT() REPRESENTATION_CONTEXT('2D SPACE',''
  ) );
#1179 = PCURVE('',#342,#1180);
#1180 = DEFINITIONAL_REPRESENTATION('',(#1181),#1185);
#1181 = LINE('',#1182,#1183);
#1182 = CARTESIAN_POINT('',(1.7,0.));
#1183 = VECTOR('',#1184,1.);
#1184 = DIRECTION('',(0.,-1.));
#1185 = ( GEOMETRIC_REPRESENTATION_CONTEXT(2) 
PARAMETRIC_REPRESENTATION_CONTEXT() REPRESENTATION_CONTEXT('2D SPACE',''
  ) );
#1186 = ORIENTED_EDGE('',*,*,#304,.F.);
#1187 = ORIENTED_EDGE('',*,*,#220,.T.);
#1188 = ORIENTED_EDGE('',*,*,#1189,.T.);
#1189 = EDGE_CURVE('',#194,#1165,#1190,.T.);
#1190 = SURFACE_CURVE('',#1191,(#1195,#1201),.PCURVE_S1.);
#1191 = LINE('',#1192,#1193);
#1192 = CARTESIAN_POINT('',(18.1,-2.877064476163,0.85));
#1193 = VECTOR('',#1194,1.);
#1194 = DIRECTION('',(-1.,-0.,-0.));
#1195 = PCURVE('',#233,#1196);
#1196 = DEFINITIONAL_REPRESENTATION('',(#1197),#1200);
#1197 = B_SPLINE_CURVE_WITH_KNOTS('',1,(#1198,#1199),.UNSPECIFIED.,.F.,
  .F.,(2,2),(9.99994E-02,3.96),.PIECEWISE_BEZIER_KNOTS.);
#1198 = CARTESIAN_POINT('',(3.5000006,8.422935523837));
#1199 = CARTESIAN_POINT('',(-0.36,8.422935523837));
#1200 = ( GEOMETRIC_REPRESENTATION_CONTEXT(2) 
PARAMETRIC_REPRESENTATION_CONTEXT() REPRESENTATION_CONTEXT('2D SPACE',''
  ) );
#1201 = PCURVE('',#104,#1202);
#1202 = DEFINITIONAL_REPRESENTATION('',(#1203),#1206);
#1203 = B_SPLINE_CURVE_WITH_KNOTS('',1,(#1204,#1205),.UNSPECIFIED.,.F.,
  .F.,(2,2),(0.1,3.6),.PIECEWISE_BEZIER_KNOTS.);
#1204 = CARTESIAN_POINT('',(-2.854324555169,0.1));
#1205 = CARTESIAN_POINT('',(-2.854324555169,3.6));
#1206 = ( GEOMETRIC_REPRESENTATION_CONTEXT(2) 
PARAMETRIC_REPRESENTATION_CONTEXT() REPRESENTATION_CONTEXT('2D SPACE',''
  ) );
#1207 = FACE_BOUND('',#1208,.F.);
#1208 = EDGE_LOOP('',(#1209));
#1209 = ORIENTED_EDGE('',*,*,#1210,.T.);
#1210 = EDGE_CURVE('',#1211,#1211,#1213,.T.);
#1211 = VERTEX_POINT('',#1212);
#1212 = CARTESIAN_POINT('',(17.13,-5.,0.85));
#1213 = SURFACE_CURVE('',#1214,(#1219,#1230),.PCURVE_S1.);
#1214 = CIRCLE('',#1215,0.88);
#1215 = AXIS2_PLACEMENT_3D('',#1216,#1217,#1218);
#1216 = CARTESIAN_POINT('',(16.25,-5.,0.85));
#1217 = DIRECTION('',(0.,0.,-1.));
#1218 = DIRECTION('',(1.,0.,0.));
#1219 = PCURVE('',#233,#1220);
#1220 = DEFINITIONAL_REPRESENTATION('',(#1221),#1229);
#1221 = ( BOUNDED_CURVE() B_SPLINE_CURVE(2,(#1222,#1223,#1224,#1225,
#1226,#1227,#1228),.UNSPECIFIED.,.T.,.F.) B_SPLINE_CURVE_WITH_KNOTS((1,2
    ,2,2,2,1),(-2.094395102393,0.,2.094395102393,4.188790204786,
6.28318530718,8.377580409573),.UNSPECIFIED.) CURVE() 
GEOMETRIC_REPRESENTATION_ITEM() RATIONAL_B_SPLINE_CURVE((1.,0.5,1.,0.5,
1.,0.5,1.)) REPRESENTATION_ITEM('') );
#1222 = CARTESIAN_POINT('',(2.63,6.3));
#1223 = CARTESIAN_POINT('',(2.63,4.775795289339));
#1224 = CARTESIAN_POINT('',(1.31,5.53789764467));
#1225 = CARTESIAN_POINT('',(-1.E-02,6.3));
#1226 = CARTESIAN_POINT('',(1.31,7.06210235533));
#1227 = CARTESIAN_POINT('',(2.63,7.824204710661));
#1228 = CARTESIAN_POINT('',(2.63,6.3));
#1229 = ( GEOMETRIC_REPRESENTATION_CONTEXT(2) 
PARAMETRIC_REPRESENTATION_CONTEXT() REPRESENTATION_CONTEXT('2D SPACE',''
  ) );
#1230 = PCURVE('',#802,#1231);
#1231 = DEFINITIONAL_REPRESENTATION('',(#1232),#1236);
#1232 = LINE('',#1233,#1234);
#1233 = CARTESIAN_POINT('',(-6.28318530718,-15.85));
#1234 = VECTOR('',#1235,1.);
#1235 = DIRECTION('',(1.,-0.));
#1236 = ( GEOMETRIC_REPRESENTATION_CONTEXT(2) 
PARAMETRIC_REPRESENTATION_CONTEXT() REPRESENTATION_CONTEXT('2D SPACE',''
  ) );
#1237 = ADVANCED_FACE('',(#1238),#104,.F.);
#1238 = FACE_BOUND('',#1239,.T.);
#1239 = EDGE_LOOP('',(#1240,#1269,#1290,#1314,#1333,#1334,#1355,#1383,
    #1402,#1403,#1404,#1431));
#1240 = ORIENTED_EDGE('',*,*,#1241,.F.);
#1241 = EDGE_CURVE('',#1242,#1244,#1246,.T.);
#1242 = VERTEX_POINT('',#1243);
#1243 = CARTESIAN_POINT('',(18.,2.877064476163,-0.85));
#1244 = VERTEX_POINT('',#1245);
#1245 = CARTESIAN_POINT('',(18.,-2.877064476163,-0.85));
#1246 = SURFACE_CURVE('',#1247,(#1252,#1258),.PCURVE_S1.);
#1247 = CIRCLE('',#1248,3.);
#1248 = AXIS2_PLACEMENT_3D('',#1249,#1250,#1251);
#1249 = CARTESIAN_POINT('',(18.,0.,0.));
#1250 = DIRECTION('',(-1.,0.,0.));
#1251 = DIRECTION('',(0.,1.,0.));
#1252 = PCURVE('',#104,#1253);
#1253 = DEFINITIONAL_REPRESENTATION('',(#1254),#1257);
#1254 = B_SPLINE_CURVE_WITH_KNOTS('',1,(#1255,#1256),.UNSPECIFIED.,.F.,
  .F.,(2,2),(0.287268098421,2.854324555169),.PIECEWISE_BEZIER_KNOTS.);
#1255 = CARTESIAN_POINT('',(-5.995917208759,0.1));
#1256 = CARTESIAN_POINT('',(-3.428860752011,0.1));
#1257 = ( GEOMETRIC_REPRESENTATION_CONTEXT(2) 
PARAMETRIC_REPRESENTATION_CONTEXT() REPRESENTATION_CONTEXT('2D SPACE',''
  ) );
#1258 = PCURVE('',#401,#1259);
#1259 = DEFINITIONAL_REPRESENTATION('',(#1260),#1268);
#1260 = ( BOUNDED_CURVE() B_SPLINE_CURVE(2,(#1261,#1262,#1263,#1264,
#1265,#1266,#1267),.UNSPECIFIED.,.T.,.F.) B_SPLINE_CURVE_WITH_KNOTS((1,2
    ,2,2,2,1),(-2.094395102393,0.,2.094395102393,4.188790204786,
6.28318530718,8.377580409573),.UNSPECIFIED.) CURVE() 
GEOMETRIC_REPRESENTATION_ITEM() RATIONAL_B_SPLINE_CURVE((1.,0.5,1.,0.5,
1.,0.5,1.)) REPRESENTATION_ITEM('') );
#1261 = CARTESIAN_POINT('',(3.,0.));
#1262 = CARTESIAN_POINT('',(3.,-5.196152422707));
#1263 = CARTESIAN_POINT('',(-1.5,-2.598076211353));
#1264 = CARTESIAN_POINT('',(-6.,-7.347880794884E-16));
#1265 = CARTESIAN_POINT('',(-1.5,2.598076211353));
#1266 = CARTESIAN_POINT('',(3.,5.196152422707));
#1267 = CARTESIAN_POINT('',(3.,0.));
#1268 = ( GEOMETRIC_REPRESENTATION_CONTEXT(2) 
PARAMETRIC_REPRESENTATION_CONTEXT() REPRESENTATION_CONTEXT('2D SPACE',''
  ) );
#1269 = ORIENTED_EDGE('',*,*,#1270,.T.);
#1270 = EDGE_CURVE('',#1242,#1271,#1273,.T.);
#1271 = VERTEX_POINT('',#1272);
#1272 = CARTESIAN_POINT('',(14.5,2.877064476163,-0.85));
#1273 = SURFACE_CURVE('',#1274,(#1278,#1284),.PCURVE_S1.);
#1274 = LINE('',#1275,#1276);
#1275 = CARTESIAN_POINT('',(18.1,2.877064476163,-0.85));
#1276 = VECTOR('',#1277,1.);
#1277 = DIRECTION('',(-1.,-0.,-0.));
#1278 = PCURVE('',#104,#1279);
#1279 = DEFINITIONAL_REPRESENTATION('',(#1280),#1283);
#1280 = B_SPLINE_CURVE_WITH_KNOTS('',1,(#1281,#1282),.UNSPECIFIED.,.F.,
  .F.,(2,2),(0.1,3.6),.PIECEWISE_BEZIER_KNOTS.);
#1281 = CARTESIAN_POINT('',(-5.995917208759,0.1));
#1282 = CARTESIAN_POINT('',(-5.995917208759,3.6));
#1283 = ( GEOMETRIC_REPRESENTATION_CONTEXT(2) 
PARAMETRIC_REPRESENTATION_CONTEXT() REPRESENTATION_CONTEXT('2D SPACE',''
  ) );
#1284 = PCURVE('',#428,#1285);
#1285 = DEFINITIONAL_REPRESENTATION('',(#1286),#1289);
#1286 = B_SPLINE_CURVE_WITH_KNOTS('',1,(#1287,#1288),.UNSPECIFIED.,.F.,
  .F.,(2,2),(9.99994E-02,3.96),.PIECEWISE_BEZIER_KNOTS.);
#1287 = CARTESIAN_POINT('',(3.5000006,14.177064476163));
#1288 = CARTESIAN_POINT('',(-0.36,14.177064476163));
#1289 = ( GEOMETRIC_REPRESENTATION_CONTEXT(2) 
PARAMETRIC_REPRESENTATION_CONTEXT() REPRESENTATION_CONTEXT('2D SPACE',''
  ) );
#1290 = ORIENTED_EDGE('',*,*,#1291,.T.);
#1291 = EDGE_CURVE('',#1271,#1292,#1294,.T.);
#1292 = VERTEX_POINT('',#1293);
#1293 = CARTESIAN_POINT('',(14.5,2.877064476163,0.85));
#1294 = SURFACE_CURVE('',#1295,(#1300,#1307),.PCURVE_S1.);
#1295 = CIRCLE('',#1296,3.);
#1296 = AXIS2_PLACEMENT_3D('',#1297,#1298,#1299);
#1297 = CARTESIAN_POINT('',(14.5,0.,0.));
#1298 = DIRECTION('',(1.,-0.,0.));
#1299 = DIRECTION('',(0.,0.959021492054,-0.283333333333));
#1300 = PCURVE('',#104,#1301);
#1301 = DEFINITIONAL_REPRESENTATION('',(#1302),#1306);
#1302 = LINE('',#1303,#1304);
#1303 = CARTESIAN_POINT('',(-5.995917208759,3.6));
#1304 = VECTOR('',#1305,1.);
#1305 = DIRECTION('',(-1.,-0.));
#1306 = ( GEOMETRIC_REPRESENTATION_CONTEXT(2) 
PARAMETRIC_REPRESENTATION_CONTEXT() REPRESENTATION_CONTEXT('2D SPACE',''
  ) );
#1307 = PCURVE('',#456,#1308);
#1308 = DEFINITIONAL_REPRESENTATION('',(#1309),#1313);
#1309 = CIRCLE('',#1310,3.);
#1310 = AXIS2_PLACEMENT_2D('',#1311,#1312);
#1311 = CARTESIAN_POINT('',(0.85,-11.3));
#1312 = DIRECTION('',(-0.283333333333,-0.959021492054));
#1313 = ( GEOMETRIC_REPRESENTATION_CONTEXT(2) 
PARAMETRIC_REPRESENTATION_CONTEXT() REPRESENTATION_CONTEXT('2D SPACE',''
  ) );
#1314 = ORIENTED_EDGE('',*,*,#1315,.F.);
#1315 = EDGE_CURVE('',#58,#1292,#1316,.T.);
#1316 = SURFACE_CURVE('',#1317,(#1321,#1327),.PCURVE_S1.);
#1317 = LINE('',#1318,#1319);
#1318 = CARTESIAN_POINT('',(18.1,2.877064476163,0.85));
#1319 = VECTOR('',#1320,1.);
#1320 = DIRECTION('',(-1.,-0.,-0.));
#1321 = PCURVE('',#104,#1322);
#1322 = DEFINITIONAL_REPRESENTATION('',(#1323),#1326);
#1323 = B_SPLINE_CURVE_WITH_KNOTS('',1,(#1324,#1325),.UNSPECIFIED.,.F.,
  .F.,(2,2),(0.1,3.6),.PIECEWISE_BEZIER_KNOTS.);
#1324 = CARTESIAN_POINT('',(-6.5704534056,0.1));
#1325 = CARTESIAN_POINT('',(-6.5704534056,3.6));
#1326 = ( GEOMETRIC_REPRESENTATION_CONTEXT(2) 
PARAMETRIC_REPRESENTATION_CONTEXT() REPRESENTATION_CONTEXT('2D SPACE',''
  ) );
#1327 = PCURVE('',#72,#1328);
#1328 = DEFINITIONAL_REPRESENTATION('',(#1329),#1332);
#1329 = B_SPLINE_CURVE_WITH_KNOTS('',1,(#1330,#1331),.UNSPECIFIED.,.F.,
  .F.,(2,2),(9.99994E-02,3.96),.PIECEWISE_BEZIER_KNOTS.);
#1330 = CARTESIAN_POINT('',(3.5000006,14.177064476163));
#1331 = CARTESIAN_POINT('',(-0.36,14.177064476163));
#1332 = ( GEOMETRIC_REPRESENTATION_CONTEXT(2) 
PARAMETRIC_REPRESENTATION_CONTEXT() REPRESENTATION_CONTEXT('2D SPACE',''
  ) );
#1333 = ORIENTED_EDGE('',*,*,#83,.F.);
#1334 = ORIENTED_EDGE('',*,*,#1335,.T.);
#1335 = EDGE_CURVE('',#84,#1336,#1338,.T.);
#1336 = VERTEX_POINT('',#1337);
#1337 = CARTESIAN_POINT('',(12.2,2.8,1.077032961427));
#1338 = SURFACE_CURVE('',#1339,(#1343,#1349),.PCURVE_S1.);
#1339 = LINE('',#1340,#1341);
#1340 = CARTESIAN_POINT('',(18.1,2.8,1.077032961427));
#1341 = VECTOR('',#1342,1.);
#1342 = DIRECTION('',(-1.,-0.,-0.));
#1343 = PCURVE('',#104,#1344);
#1344 = DEFINITIONAL_REPRESENTATION('',(#1345),#1348);
#1345 = B_SPLINE_CURVE_WITH_KNOTS('',1,(#1346,#1347),.UNSPECIFIED.,.F.,
  .F.,(2,2),(0.1,5.9),.PIECEWISE_BEZIER_KNOTS.);
#1346 = CARTESIAN_POINT('',(-6.650393327737,0.1));
#1347 = CARTESIAN_POINT('',(-6.650393327737,5.9));
#1348 = ( GEOMETRIC_REPRESENTATION_CONTEXT(2) 
PARAMETRIC_REPRESENTATION_CONTEXT() REPRESENTATION_CONTEXT('2D SPACE',''
  ) );
#1349 = PCURVE('',#130,#1350);
#1350 = DEFINITIONAL_REPRESENTATION('',(#1351),#1354);
#1351 = B_SPLINE_CURVE_WITH_KNOTS('',1,(#1352,#1353),.UNSPECIFIED.,.F.,
  .F.,(2,2),(9.99994E-02,5.9000006),.PIECEWISE_BEZIER_KNOTS.);
#1352 = CARTESIAN_POINT('',(0.227032961427,5.9000006));
#1353 = CARTESIAN_POINT('',(0.227032961427,9.99994E-02));
#1354 = ( GEOMETRIC_REPRESENTATION_CONTEXT(2) 
PARAMETRIC_REPRESENTATION_CONTEXT() REPRESENTATION_CONTEXT('2D SPACE',''
  ) );
#1355 = ORIENTED_EDGE('',*,*,#1356,.T.);
#1356 = EDGE_CURVE('',#1336,#1357,#1359,.T.);
#1357 = VERTEX_POINT('',#1358);
#1358 = CARTESIAN_POINT('',(12.2,-2.8,1.077032961427));
#1359 = SURFACE_CURVE('',#1360,(#1365,#1372),.PCURVE_S1.);
#1360 = CIRCLE('',#1361,3.);
#1361 = AXIS2_PLACEMENT_3D('',#1362,#1363,#1364);
#1362 = CARTESIAN_POINT('',(12.2,0.,0.));
#1363 = DIRECTION('',(-1.,0.,0.));
#1364 = DIRECTION('',(0.,0.933333333333,0.359010987142));
#1365 = PCURVE('',#104,#1366);
#1366 = DEFINITIONAL_REPRESENTATION('',(#1367),#1371);
#1367 = LINE('',#1368,#1369);
#1368 = CARTESIAN_POINT('',(-6.650393327737,5.9));
#1369 = VECTOR('',#1370,1.);
#1370 = DIRECTION('',(1.,-0.));
#1371 = ( GEOMETRIC_REPRESENTATION_CONTEXT(2) 
PARAMETRIC_REPRESENTATION_CONTEXT() REPRESENTATION_CONTEXT('2D SPACE',''
  ) );
#1372 = PCURVE('',#510,#1373);
#1373 = DEFINITIONAL_REPRESENTATION('',(#1374),#1382);
#1374 = ( BOUNDED_CURVE() B_SPLINE_CURVE(2,(#1375,#1376,#1377,#1378,
#1379,#1380,#1381),.UNSPECIFIED.,.T.,.F.) B_SPLINE_CURVE_WITH_KNOTS((1,2
    ,2,2,2,1),(-2.094395102393,0.,2.094395102393,4.188790204786,
6.28318530718,8.377580409573),.UNSPECIFIED.) CURVE() 
GEOMETRIC_REPRESENTATION_ITEM() RATIONAL_B_SPLINE_CURVE((1.,0.5,1.,0.5,
1.,0.5,1.)) REPRESENTATION_ITEM('') );
#1375 = CARTESIAN_POINT('',(2.8,1.077032961427));
#1376 = CARTESIAN_POINT('',(4.665475810618,-3.772709299766));
#1377 = CARTESIAN_POINT('',(-0.467262094691,-2.96338761131));
#1378 = CARTESIAN_POINT('',(-5.6,-2.154065922854));
#1379 = CARTESIAN_POINT('',(-2.332737905309,1.886354649883));
#1380 = CARTESIAN_POINT('',(0.934524189382,5.92677522262));
#1381 = CARTESIAN_POINT('',(2.8,1.077032961427));
#1382 = ( GEOMETRIC_REPRESENTATION_CONTEXT(2) 
PARAMETRIC_REPRESENTATION_CONTEXT() REPRESENTATION_CONTEXT('2D SPACE',''
  ) );
#1383 = ORIENTED_EDGE('',*,*,#1384,.F.);
#1384 = EDGE_CURVE('',#168,#1357,#1385,.T.);
#1385 = SURFACE_CURVE('',#1386,(#1390,#1396),.PCURVE_S1.);
#1386 = LINE('',#1387,#1388);
#1387 = CARTESIAN_POINT('',(18.1,-2.8,1.077032961427));
#1388 = VECTOR('',#1389,1.);
#1389 = DIRECTION('',(-1.,-0.,-0.));
#1390 = PCURVE('',#104,#1391);
#1391 = DEFINITIONAL_REPRESENTATION('',(#1392),#1395);
#1392 = B_SPLINE_CURVE_WITH_KNOTS('',1,(#1393,#1394),.UNSPECIFIED.,.F.,
  .F.,(2,2),(0.1,5.9),.PIECEWISE_BEZIER_KNOTS.);
#1393 = CARTESIAN_POINT('',(-2.774384633032,0.1));
#1394 = CARTESIAN_POINT('',(-2.774384633032,5.9));
#1395 = ( GEOMETRIC_REPRESENTATION_CONTEXT(2) 
PARAMETRIC_REPRESENTATION_CONTEXT() REPRESENTATION_CONTEXT('2D SPACE',''
  ) );
#1396 = PCURVE('',#182,#1397);
#1397 = DEFINITIONAL_REPRESENTATION('',(#1398),#1401);
#1398 = B_SPLINE_CURVE_WITH_KNOTS('',1,(#1399,#1400),.UNSPECIFIED.,.F.,
  .F.,(2,2),(9.99994E-02,5.9000006),.PIECEWISE_BEZIER_KNOTS.);
#1399 = CARTESIAN_POINT('',(0.227032961427,5.9000006));
#1400 = CARTESIAN_POINT('',(0.227032961427,9.99994E-02));
#1401 = ( GEOMETRIC_REPRESENTATION_CONTEXT(2) 
PARAMETRIC_REPRESENTATION_CONTEXT() REPRESENTATION_CONTEXT('2D SPACE',''
  ) );
#1402 = ORIENTED_EDGE('',*,*,#193,.F.);
#1403 = ORIENTED_EDGE('',*,*,#1189,.T.);
#1404 = ORIENTED_EDGE('',*,*,#1405,.F.);
#1405 = EDGE_CURVE('',#1406,#1165,#1408,.T.);
#1406 = VERTEX_POINT('',#1407);
#1407 = CARTESIAN_POINT('',(14.5,-2.877064476163,-0.85));
#1408 = SURFACE_CURVE('',#1409,(#1414,#1420),.PCURVE_S1.);
#1409 = CIRCLE('',#1410,3.);
#1410 = AXIS2_PLACEMENT_3D('',#1411,#1412,#1413);
#1411 = CARTESIAN_POINT('',(14.5,0.,0.));
#1412 = DIRECTION('',(-1.,0.,0.));
#1413 = DIRECTION('',(0.,1.,0.));
#1414 = PCURVE('',#104,#1415);
#1415 = DEFINITIONAL_REPRESENTATION('',(#1416),#1419);
#1416 = B_SPLINE_CURVE_WITH_KNOTS('',1,(#1417,#1418),.UNSPECIFIED.,.F.,
  .F.,(2,2),(2.854324555169,3.428860752011),.PIECEWISE_BEZIER_KNOTS.);
#1417 = CARTESIAN_POINT('',(-3.428860752011,3.6));
#1418 = CARTESIAN_POINT('',(-2.854324555169,3.6));
#1419 = ( GEOMETRIC_REPRESENTATION_CONTEXT(2) 
PARAMETRIC_REPRESENTATION_CONTEXT() REPRESENTATION_CONTEXT('2D SPACE',''
  ) );
#1420 = PCURVE('',#342,#1421);
#1421 = DEFINITIONAL_REPRESENTATION('',(#1422),#1430);
#1422 = ( BOUNDED_CURVE() B_SPLINE_CURVE(2,(#1423,#1424,#1425,#1426,
#1427,#1428,#1429),.UNSPECIFIED.,.T.,.F.) B_SPLINE_CURVE_WITH_KNOTS((1,2
    ,2,2,2,1),(-2.094395102393,0.,2.094395102393,4.188790204786,
6.28318530718,8.377580409573),.UNSPECIFIED.) CURVE() 
GEOMETRIC_REPRESENTATION_ITEM() RATIONAL_B_SPLINE_CURVE((1.,0.5,1.,0.5,
1.,0.5,1.)) REPRESENTATION_ITEM('') );
#1423 = CARTESIAN_POINT('',(0.85,-14.3));
#1424 = CARTESIAN_POINT('',(-4.346152422707,-14.3));
#1425 = CARTESIAN_POINT('',(-1.748076211353,-9.8));
#1426 = CARTESIAN_POINT('',(0.85,-5.3));
#1427 = CARTESIAN_POINT('',(3.448076211353,-9.8));
#1428 = CARTESIAN_POINT('',(6.046152422707,-14.3));
#1429 = CARTESIAN_POINT('',(0.85,-14.3));
#1430 = ( GEOMETRIC_REPRESENTATION_CONTEXT(2) 
PARAMETRIC_REPRESENTATION_CONTEXT() REPRESENTATION_CONTEXT('2D SPACE',''
  ) );
#1431 = ORIENTED_EDGE('',*,*,#1432,.F.);
#1432 = EDGE_CURVE('',#1244,#1406,#1433,.T.);
#1433 = SURFACE_CURVE('',#1434,(#1438,#1444),.PCURVE_S1.);
#1434 = LINE('',#1435,#1436);
#1435 = CARTESIAN_POINT('',(18.1,-2.877064476163,-0.85));
#1436 = VECTOR('',#1437,1.);
#1437 = DIRECTION('',(-1.,-0.,-0.));
#1438 = PCURVE('',#104,#1439);
#1439 = DEFINITIONAL_REPRESENTATION('',(#1440),#1443);
#1440 = B_SPLINE_CURVE_WITH_KNOTS('',1,(#1441,#1442),.UNSPECIFIED.,.F.,
  .F.,(2,2),(0.1,3.6),.PIECEWISE_BEZIER_KNOTS.);
#1441 = CARTESIAN_POINT('',(-3.428860752011,0.1));
#1442 = CARTESIAN_POINT('',(-3.428860752011,3.6));
#1443 = ( GEOMETRIC_REPRESENTATION_CONTEXT(2) 
PARAMETRIC_REPRESENTATION_CONTEXT() REPRESENTATION_CONTEXT('2D SPACE',''
  ) );
#1444 = PCURVE('',#373,#1445);
#1445 = DEFINITIONAL_REPRESENTATION('',(#1446),#1449);
#1446 = B_SPLINE_CURVE_WITH_KNOTS('',1,(#1447,#1448),.UNSPECIFIED.,.F.,
  .F.,(2,2),(9.99994E-02,3.96),.PIECEWISE_BEZIER_KNOTS.);
#1447 = CARTESIAN_POINT('',(3.5000006,8.422935523837));
#1448 = CARTESIAN_POINT('',(-0.36,8.422935523837));
#1449 = ( GEOMETRIC_REPRESENTATION_CONTEXT(2) 
PARAMETRIC_REPRESENTATION_CONTEXT() REPRESENTATION_CONTEXT('2D SPACE',''
  ) );
#1450 = ADVANCED_FACE('',(#1451),#182,.T.);
#1451 = FACE_BOUND('',#1452,.T.);
#1452 = EDGE_LOOP('',(#1453,#1476,#1477,#1478));
#1453 = ORIENTED_EDGE('',*,*,#1454,.T.);
#1454 = EDGE_CURVE('',#1455,#142,#1457,.T.);
#1455 = VERTEX_POINT('',#1456);
#1456 = CARTESIAN_POINT('',(12.2,-2.8,4.05));
#1457 = SURFACE_CURVE('',#1458,(#1462,#1469),.PCURVE_S1.);
#1458 = LINE('',#1459,#1460);
#1459 = CARTESIAN_POINT('',(12.1,-2.8,4.05));
#1460 = VECTOR('',#1461,1.);
#1461 = DIRECTION('',(1.,0.,0.));
#1462 = PCURVE('',#182,#1463);
#1463 = DEFINITIONAL_REPRESENTATION('',(#1464),#1468);
#1464 = LINE('',#1465,#1466);
#1465 = CARTESIAN_POINT('',(3.2,0.));
#1466 = VECTOR('',#1467,1.);
#1467 = DIRECTION('',(0.,1.));
#1468 = ( GEOMETRIC_REPRESENTATION_CONTEXT(2) 
PARAMETRIC_REPRESENTATION_CONTEXT() REPRESENTATION_CONTEXT('2D SPACE',''
  ) );
#1469 = PCURVE('',#156,#1470);
#1470 = DEFINITIONAL_REPRESENTATION('',(#1471),#1475);
#1471 = LINE('',#1472,#1473);
#1472 = CARTESIAN_POINT('',(0.,0.));
#1473 = VECTOR('',#1474,1.);
#1474 = DIRECTION('',(1.,0.));
#1475 = ( GEOMETRIC_REPRESENTATION_CONTEXT(2) 
PARAMETRIC_REPRESENTATION_CONTEXT() REPRESENTATION_CONTEXT('2D SPACE',''
  ) );
#1476 = ORIENTED_EDGE('',*,*,#167,.T.);
#1477 = ORIENTED_EDGE('',*,*,#1384,.T.);
#1478 = ORIENTED_EDGE('',*,*,#1479,.T.);
#1479 = EDGE_CURVE('',#1357,#1455,#1480,.T.);
#1480 = SURFACE_CURVE('',#1481,(#1485,#1491),.PCURVE_S1.);
#1481 = LINE('',#1482,#1483);
#1482 = CARTESIAN_POINT('',(12.2,-2.8,0.425));
#1483 = VECTOR('',#1484,1.);
#1484 = DIRECTION('',(0.,0.,1.));
#1485 = PCURVE('',#182,#1486);
#1486 = DEFINITIONAL_REPRESENTATION('',(#1487),#1490);
#1487 = B_SPLINE_CURVE_WITH_KNOTS('',1,(#1488,#1489),.UNSPECIFIED.,.F.,
  .F.,(2,2),(0.425,3.625),.PIECEWISE_BEZIER_KNOTS.);
#1488 = CARTESIAN_POINT('',(0.,1.E-01));
#1489 = CARTESIAN_POINT('',(3.2,1.E-01));
#1490 = ( GEOMETRIC_REPRESENTATION_CONTEXT(2) 
PARAMETRIC_REPRESENTATION_CONTEXT() REPRESENTATION_CONTEXT('2D SPACE',''
  ) );
#1491 = PCURVE('',#510,#1492);
#1492 = DEFINITIONAL_REPRESENTATION('',(#1493),#1496);
#1493 = B_SPLINE_CURVE_WITH_KNOTS('',1,(#1494,#1495),.UNSPECIFIED.,.F.,
  .F.,(2,2),(0.425,3.625),.PIECEWISE_BEZIER_KNOTS.);
#1494 = CARTESIAN_POINT('',(-2.8,0.85));
#1495 = CARTESIAN_POINT('',(-2.8,4.05));
#1496 = ( GEOMETRIC_REPRESENTATION_CONTEXT(2) 
PARAMETRIC_REPRESENTATION_CONTEXT() REPRESENTATION_CONTEXT('2D SPACE',''
  ) );
#1497 = ADVANCED_FACE('',(#1498),#156,.F.);
#1498 = FACE_BOUND('',#1499,.F.);
#1499 = EDGE_LOOP('',(#1500,#1523,#1542,#1543));
#1500 = ORIENTED_EDGE('',*,*,#1501,.F.);
#1501 = EDGE_CURVE('',#1502,#116,#1504,.T.);
#1502 = VERTEX_POINT('',#1503);
#1503 = CARTESIAN_POINT('',(12.2,2.8,4.05));
#1504 = SURFACE_CURVE('',#1505,(#1509,#1516),.PCURVE_S1.);
#1505 = LINE('',#1506,#1507);
#1506 = CARTESIAN_POINT('',(12.1,2.8,4.05));
#1507 = VECTOR('',#1508,1.);
#1508 = DIRECTION('',(1.,0.,0.));
#1509 = PCURVE('',#156,#1510);
#1510 = DEFINITIONAL_REPRESENTATION('',(#1511),#1515);
#1511 = LINE('',#1512,#1513);
#1512 = CARTESIAN_POINT('',(0.,5.6));
#1513 = VECTOR('',#1514,1.);
#1514 = DIRECTION('',(1.,0.));
#1515 = ( GEOMETRIC_REPRESENTATION_CONTEXT(2) 
PARAMETRIC_REPRESENTATION_CONTEXT() REPRESENTATION_CONTEXT('2D SPACE',''
  ) );
#1516 = PCURVE('',#130,#1517);
#1517 = DEFINITIONAL_REPRESENTATION('',(#1518),#1522);
#1518 = LINE('',#1519,#1520);
#1519 = CARTESIAN_POINT('',(3.2,0.));
#1520 = VECTOR('',#1521,1.);
#1521 = DIRECTION('',(0.,1.));
#1522 = ( GEOMETRIC_REPRESENTATION_CONTEXT(2) 
PARAMETRIC_REPRESENTATION_CONTEXT() REPRESENTATION_CONTEXT('2D SPACE',''
  ) );
#1523 = ORIENTED_EDGE('',*,*,#1524,.T.);
#1524 = EDGE_CURVE('',#1502,#1455,#1525,.T.);
#1525 = SURFACE_CURVE('',#1526,(#1530,#1536),.PCURVE_S1.);
#1526 = LINE('',#1527,#1528);
#1527 = CARTESIAN_POINT('',(12.2,-1.4,4.05));
#1528 = VECTOR('',#1529,1.);
#1529 = DIRECTION('',(0.,-1.,0.));
#1530 = PCURVE('',#156,#1531);
#1531 = DEFINITIONAL_REPRESENTATION('',(#1532),#1535);
#1532 = B_SPLINE_CURVE_WITH_KNOTS('',1,(#1533,#1534),.UNSPECIFIED.,.F.,
  .F.,(2,2),(-4.2,1.4),.PIECEWISE_BEZIER_KNOTS.);
#1533 = CARTESIAN_POINT('',(1.E-01,5.6));
#1534 = CARTESIAN_POINT('',(1.E-01,0.));
#1535 = ( GEOMETRIC_REPRESENTATION_CONTEXT(2) 
PARAMETRIC_REPRESENTATION_CONTEXT() REPRESENTATION_CONTEXT('2D SPACE',''
  ) );
#1536 = PCURVE('',#510,#1537);
#1537 = DEFINITIONAL_REPRESENTATION('',(#1538),#1541);
#1538 = B_SPLINE_CURVE_WITH_KNOTS('',1,(#1539,#1540),.UNSPECIFIED.,.F.,
  .F.,(2,2),(-4.2,1.4),.PIECEWISE_BEZIER_KNOTS.);
#1539 = CARTESIAN_POINT('',(2.8,4.05));
#1540 = CARTESIAN_POINT('',(-2.8,4.05));
#1541 = ( GEOMETRIC_REPRESENTATION_CONTEXT(2) 
PARAMETRIC_REPRESENTATION_CONTEXT() REPRESENTATION_CONTEXT('2D SPACE',''
  ) );
#1542 = ORIENTED_EDGE('',*,*,#1454,.T.);
#1543 = ORIENTED_EDGE('',*,*,#141,.T.);
#1544 = ADVANCED_FACE('',(#1545),#130,.F.);
#1545 = FACE_BOUND('',#1546,.F.);
#1546 = EDGE_LOOP('',(#1547,#1548,#1549,#1550));
#1547 = ORIENTED_EDGE('',*,*,#1501,.T.);
#1548 = ORIENTED_EDGE('',*,*,#115,.T.);
#1549 = ORIENTED_EDGE('',*,*,#1335,.T.);
#1550 = ORIENTED_EDGE('',*,*,#1551,.T.);
#1551 = EDGE_CURVE('',#1336,#1502,#1552,.T.);
#1552 = SURFACE_CURVE('',#1553,(#1557,#1563),.PCURVE_S1.);
#1553 = LINE('',#1554,#1555);
#1554 = CARTESIAN_POINT('',(12.2,2.8,0.425));
#1555 = VECTOR('',#1556,1.);
#1556 = DIRECTION('',(0.,0.,1.));
#1557 = PCURVE('',#130,#1558);
#1558 = DEFINITIONAL_REPRESENTATION('',(#1559),#1562);
#1559 = B_SPLINE_CURVE_WITH_KNOTS('',1,(#1560,#1561),.UNSPECIFIED.,.F.,
  .F.,(2,2),(0.425,3.625),.PIECEWISE_BEZIER_KNOTS.);
#1560 = CARTESIAN_POINT('',(0.,1.E-01));
#1561 = CARTESIAN_POINT('',(3.2,1.E-01));
#1562 = ( GEOMETRIC_REPRESENTATION_CONTEXT(2) 
PARAMETRIC_REPRESENTATION_CONTEXT() REPRESENTATION_CONTEXT('2D SPACE',''
  ) );
#1563 = PCURVE('',#510,#1564);
#1564 = DEFINITIONAL_REPRESENTATION('',(#1565),#1568);
#1565 = B_SPLINE_CURVE_WITH_KNOTS('',1,(#1566,#1567),.UNSPECIFIED.,.F.,
  .F.,(2,2),(0.425,3.625),.PIECEWISE_BEZIER_KNOTS.);
#1566 = CARTESIAN_POINT('',(2.8,0.85));
#1567 = CARTESIAN_POINT('',(2.8,4.05));
#1568 = ( GEOMETRIC_REPRESENTATION_CONTEXT(2) 
PARAMETRIC_REPRESENTATION_CONTEXT() REPRESENTATION_CONTEXT('2D SPACE',''
  ) );
#1569 = ADVANCED_FACE('',(#1570,#1596),#72,.F.);
#1570 = FACE_BOUND('',#1571,.F.);
#1571 = EDGE_LOOP('',(#1572,#1593,#1594,#1595));
#1572 = ORIENTED_EDGE('',*,*,#1573,.F.);
#1573 = EDGE_CURVE('',#1292,#283,#1574,.T.);
#1574 = SURFACE_CURVE('',#1575,(#1579,#1586),.PCURVE_S1.);
#1575 = LINE('',#1576,#1577);
#1576 = CARTESIAN_POINT('',(14.5,-11.3,0.85));
#1577 = VECTOR('',#1578,1.);
#1578 = DIRECTION('',(0.,1.,0.));
#1579 = PCURVE('',#72,#1580);
#1580 = DEFINITIONAL_REPRESENTATION('',(#1581),#1585);
#1581 = LINE('',#1582,#1583);
#1582 = CARTESIAN_POINT('',(0.,0.));
#1583 = VECTOR('',#1584,1.);
#1584 = DIRECTION('',(0.,1.));
#1585 = ( GEOMETRIC_REPRESENTATION_CONTEXT(2) 
PARAMETRIC_REPRESENTATION_CONTEXT() REPRESENTATION_CONTEXT('2D SPACE',''
  ) );
#1586 = PCURVE('',#456,#1587);
#1587 = DEFINITIONAL_REPRESENTATION('',(#1588),#1592);
#1588 = LINE('',#1589,#1590);
#1589 = CARTESIAN_POINT('',(1.7,0.));
#1590 = VECTOR('',#1591,1.);
#1591 = DIRECTION('',(0.,-1.));
#1592 = ( GEOMETRIC_REPRESENTATION_CONTEXT(2) 
PARAMETRIC_REPRESENTATION_CONTEXT() REPRESENTATION_CONTEXT('2D SPACE',''
  ) );
#1593 = ORIENTED_EDGE('',*,*,#1315,.F.);
#1594 = ORIENTED_EDGE('',*,*,#57,.T.);
#1595 = ORIENTED_EDGE('',*,*,#282,.T.);
#1596 = FACE_BOUND('',#1597,.F.);
#1597 = EDGE_LOOP('',(#1598));
#1598 = ORIENTED_EDGE('',*,*,#1599,.T.);
#1599 = EDGE_CURVE('',#1600,#1600,#1602,.T.);
#1600 = VERTEX_POINT('',#1601);
#1601 = CARTESIAN_POINT('',(17.13,5.,0.85));
#1602 = SURFACE_CURVE('',#1603,(#1608,#1619),.PCURVE_S1.);
#1603 = CIRCLE('',#1604,0.88);
#1604 = AXIS2_PLACEMENT_3D('',#1605,#1606,#1607);
#1605 = CARTESIAN_POINT('',(16.25,5.,0.85));
#1606 = DIRECTION('',(0.,0.,-1.));
#1607 = DIRECTION('',(1.,0.,0.));
#1608 = PCURVE('',#72,#1609);
#1609 = DEFINITIONAL_REPRESENTATION('',(#1610),#1618);
#1610 = ( BOUNDED_CURVE() B_SPLINE_CURVE(2,(#1611,#1612,#1613,#1614,
#1615,#1616,#1617),.UNSPECIFIED.,.T.,.F.) B_SPLINE_CURVE_WITH_KNOTS((1,2
    ,2,2,2,1),(-2.094395102393,0.,2.094395102393,4.188790204786,
6.28318530718,8.377580409573),.UNSPECIFIED.) CURVE() 
GEOMETRIC_REPRESENTATION_ITEM() RATIONAL_B_SPLINE_CURVE((1.,0.5,1.,0.5,
1.,0.5,1.)) REPRESENTATION_ITEM('') );
#1611 = CARTESIAN_POINT('',(2.63,16.3));
#1612 = CARTESIAN_POINT('',(2.63,14.775795289339));
#1613 = CARTESIAN_POINT('',(1.31,15.53789764467));
#1614 = CARTESIAN_POINT('',(-1.E-02,16.3));
#1615 = CARTESIAN_POINT('',(1.31,17.06210235533));
#1616 = CARTESIAN_POINT('',(2.63,17.824204710661));
#1617 = CARTESIAN_POINT('',(2.63,16.3));
#1618 = ( GEOMETRIC_REPRESENTATION_CONTEXT(2) 
PARAMETRIC_REPRESENTATION_CONTEXT() REPRESENTATION_CONTEXT('2D SPACE',''
  ) );
#1619 = PCURVE('',#649,#1620);
#1620 = DEFINITIONAL_REPRESENTATION('',(#1621),#1625);
#1621 = LINE('',#1622,#1623);
#1622 = CARTESIAN_POINT('',(-6.28318530718,-15.85));
#1623 = VECTOR('',#1624,1.);
#1624 = DIRECTION('',(1.,-0.));
#1625 = ( GEOMETRIC_REPRESENTATION_CONTEXT(2) 
PARAMETRIC_REPRESENTATION_CONTEXT() REPRESENTATION_CONTEXT('2D SPACE',''
  ) );
#1626 = ADVANCED_FACE('',(#1627),#267,.F.);
#1627 = FACE_BOUND('',#1628,.T.);
#1628 = EDGE_LOOP('',(#1629,#1658,#1679,#1680));
#1629 = ORIENTED_EDGE('',*,*,#1630,.F.);
#1630 = EDGE_CURVE('',#1631,#1631,#1633,.T.);
#1631 = VERTEX_POINT('',#1632);
#1632 = CARTESIAN_POINT('',(15.8,2.6,8.));
#1633 = SURFACE_CURVE('',#1634,(#1639,#1646),.PCURVE_S1.);
#1634 = CIRCLE('',#1635,2.6);
#1635 = AXIS2_PLACEMENT_3D('',#1636,#1637,#1638);
#1636 = CARTESIAN_POINT('',(15.8,0.,8.));
#1637 = DIRECTION('',(1.,0.,0.));
#1638 = DIRECTION('',(0.,1.,0.));
#1639 = PCURVE('',#267,#1640);
#1640 = DEFINITIONAL_REPRESENTATION('',(#1641),#1645);
#1641 = LINE('',#1642,#1643);
#1642 = CARTESIAN_POINT('',(-0.,0.));
#1643 = VECTOR('',#1644,1.);
#1644 = DIRECTION('',(-1.,0.));
#1645 = ( GEOMETRIC_REPRESENTATION_CONTEXT(2) 
PARAMETRIC_REPRESENTATION_CONTEXT() REPRESENTATION_CONTEXT('2D SPACE',''
  ) );
#1646 = PCURVE('',#1647,#1652);
#1647 = PLANE('',#1648);
#1648 = AXIS2_PLACEMENT_3D('',#1649,#1650,#1651);
#1649 = CARTESIAN_POINT('',(15.8,-1.314846281288E-16,8.));
#1650 = DIRECTION('',(1.,0.,0.));
#1651 = DIRECTION('',(-0.,0.,1.));
#1652 = DEFINITIONAL_REPRESENTATION('',(#1653),#1657);
#1653 = CIRCLE('',#1654,2.6);
#1654 = AXIS2_PLACEMENT_2D('',#1655,#1656);
#1655 = CARTESIAN_POINT('',(0.,-1.314846281288E-16));
#1656 = DIRECTION('',(0.,-1.));
#1657 = ( GEOMETRIC_REPRESENTATION_CONTEXT(2) 
PARAMETRIC_REPRESENTATION_CONTEXT() REPRESENTATION_CONTEXT('2D SPACE',''
  ) );
#1658 = ORIENTED_EDGE('',*,*,#1659,.T.);
#1659 = EDGE_CURVE('',#1631,#247,#1660,.T.);
#1660 = SEAM_CURVE('',#1661,(#1665,#1672),.PCURVE_S1.);
#1661 = LINE('',#1662,#1663);
#1662 = CARTESIAN_POINT('',(15.8,2.6,8.));
#1663 = VECTOR('',#1664,1.);
#1664 = DIRECTION('',(1.,0.,0.));
#1665 = PCURVE('',#267,#1666);
#1666 = DEFINITIONAL_REPRESENTATION('',(#1667),#1671);
#1667 = LINE('',#1668,#1669);
#1668 = CARTESIAN_POINT('',(-6.28318530718,0.));
#1669 = VECTOR('',#1670,1.);
#1670 = DIRECTION('',(-0.,-1.));
#1671 = ( GEOMETRIC_REPRESENTATION_CONTEXT(2) 
PARAMETRIC_REPRESENTATION_CONTEXT() REPRESENTATION_CONTEXT('2D SPACE',''
  ) );
#1672 = PCURVE('',#267,#1673);
#1673 = DEFINITIONAL_REPRESENTATION('',(#1674),#1678);
#1674 = LINE('',#1675,#1676);
#1675 = CARTESIAN_POINT('',(-0.,0.));
#1676 = VECTOR('',#1677,1.);
#1677 = DIRECTION('',(-0.,-1.));
#1678 = ( GEOMETRIC_REPRESENTATION_CONTEXT(2) 
PARAMETRIC_REPRESENTATION_CONTEXT() REPRESENTATION_CONTEXT('2D SPACE',''
  ) );
#1679 = ORIENTED_EDGE('',*,*,#246,.F.);
#1680 = ORIENTED_EDGE('',*,*,#1659,.F.);
#1681 = ADVANCED_FACE('',(#1682),#456,.T.);
#1682 = FACE_BOUND('',#1683,.T.);
#1683 = EDGE_LOOP('',(#1684,#1685,#1686,#1707,#1708));
#1684 = ORIENTED_EDGE('',*,*,#1573,.F.);
#1685 = ORIENTED_EDGE('',*,*,#1291,.F.);
#1686 = ORIENTED_EDGE('',*,*,#1687,.T.);
#1687 = EDGE_CURVE('',#1271,#414,#1688,.T.);
#1688 = SURFACE_CURVE('',#1689,(#1693,#1700),.PCURVE_S1.);
#1689 = LINE('',#1690,#1691);
#1690 = CARTESIAN_POINT('',(14.5,-11.3,-0.85));
#1691 = VECTOR('',#1692,1.);
#1692 = DIRECTION('',(0.,1.,0.));
#1693 = PCURVE('',#456,#1694);
#1694 = DEFINITIONAL_REPRESENTATION('',(#1695),#1699);
#1695 = LINE('',#1696,#1697);
#1696 = CARTESIAN_POINT('',(0.,0.));
#1697 = VECTOR('',#1698,1.);
#1698 = DIRECTION('',(0.,-1.));
#1699 = ( GEOMETRIC_REPRESENTATION_CONTEXT(2) 
PARAMETRIC_REPRESENTATION_CONTEXT() REPRESENTATION_CONTEXT('2D SPACE',''
  ) );
#1700 = PCURVE('',#428,#1701);
#1701 = DEFINITIONAL_REPRESENTATION('',(#1702),#1706);
#1702 = LINE('',#1703,#1704);
#1703 = CARTESIAN_POINT('',(0.,0.));
#1704 = VECTOR('',#1705,1.);
#1705 = DIRECTION('',(0.,1.));
#1706 = ( GEOMETRIC_REPRESENTATION_CONTEXT(2) 
PARAMETRIC_REPRESENTATION_CONTEXT() REPRESENTATION_CONTEXT('2D SPACE',''
  ) );
#1707 = ORIENTED_EDGE('',*,*,#439,.F.);
#1708 = ORIENTED_EDGE('',*,*,#523,.F.);
#1709 = ADVANCED_FACE('',(#1710,#1713,#1748,#1754),#510,.F.);
#1710 = FACE_BOUND('',#1711,.F.);
#1711 = EDGE_LOOP('',(#1712));
#1712 = ORIENTED_EDGE('',*,*,#495,.T.);
#1713 = FACE_BOUND('',#1714,.F.);
#1714 = EDGE_LOOP('',(#1715));
#1715 = ORIENTED_EDGE('',*,*,#1716,.T.);
#1716 = EDGE_CURVE('',#1717,#1717,#1719,.T.);
#1717 = VERTEX_POINT('',#1718);
#1718 = CARTESIAN_POINT('',(12.2,1.1,-8.));
#1719 = SURFACE_CURVE('',#1720,(#1725,#1736),.PCURVE_S1.);
#1720 = CIRCLE('',#1721,1.1);
#1721 = AXIS2_PLACEMENT_3D('',#1722,#1723,#1724);
#1722 = CARTESIAN_POINT('',(12.2,0.,-8.));
#1723 = DIRECTION('',(-1.,0.,0.));
#1724 = DIRECTION('',(0.,1.,0.));
#1725 = PCURVE('',#510,#1726);
#1726 = DEFINITIONAL_REPRESENTATION('',(#1727),#1735);
#1727 = ( BOUNDED_CURVE() B_SPLINE_CURVE(2,(#1728,#1729,#1730,#1731,
#1732,#1733,#1734),.UNSPECIFIED.,.T.,.F.) B_SPLINE_CURVE_WITH_KNOTS((1,2
    ,2,2,2,1),(-2.094395102393,0.,2.094395102393,4.188790204786,
6.28318530718,8.377580409573),.UNSPECIFIED.) CURVE() 
GEOMETRIC_REPRESENTATION_ITEM() RATIONAL_B_SPLINE_CURVE((1.,0.5,1.,0.5,
1.,0.5,1.)) REPRESENTATION_ITEM('') );
#1728 = CARTESIAN_POINT('',(1.1,-8.));
#1729 = CARTESIAN_POINT('',(1.1,-9.905255888326));
#1730 = CARTESIAN_POINT('',(-0.55,-8.952627944163));
#1731 = CARTESIAN_POINT('',(-2.2,-8.));
#1732 = CARTESIAN_POINT('',(-0.55,-7.047372055837));
#1733 = CARTESIAN_POINT('',(1.1,-6.094744111674));
#1734 = CARTESIAN_POINT('',(1.1,-8.));
#1735 = ( GEOMETRIC_REPRESENTATION_CONTEXT(2) 
PARAMETRIC_REPRESENTATION_CONTEXT() REPRESENTATION_CONTEXT('2D SPACE',''
  ) );
#1736 = PCURVE('',#1737,#1742);
#1737 = CYLINDRICAL_SURFACE('',#1738,1.1);
#1738 = AXIS2_PLACEMENT_3D('',#1739,#1740,#1741);
#1739 = CARTESIAN_POINT('',(12.1,0.,-8.));
#1740 = DIRECTION('',(-1.,-0.,-0.));
#1741 = DIRECTION('',(0.,1.,0.));
#1742 = DEFINITIONAL_REPRESENTATION('',(#1743),#1747);
#1743 = LINE('',#1744,#1745);
#1744 = CARTESIAN_POINT('',(-6.28318530718,-1.E-01));
#1745 = VECTOR('',#1746,1.);
#1746 = DIRECTION('',(1.,-0.));
#1747 = ( GEOMETRIC_REPRESENTATION_CONTEXT(2) 
PARAMETRIC_REPRESENTATION_CONTEXT() REPRESENTATION_CONTEXT('2D SPACE',''
  ) );
#1748 = FACE_BOUND('',#1749,.F.);
#1749 = EDGE_LOOP('',(#1750,#1751,#1752,#1753));
#1750 = ORIENTED_EDGE('',*,*,#1356,.T.);
#1751 = ORIENTED_EDGE('',*,*,#1479,.T.);
#1752 = ORIENTED_EDGE('',*,*,#1524,.F.);
#1753 = ORIENTED_EDGE('',*,*,#1551,.F.);
#1754 = FACE_BOUND('',#1755,.F.);
#1755 = EDGE_LOOP('',(#1756));
#1756 = ORIENTED_EDGE('',*,*,#1757,.T.);
#1757 = EDGE_CURVE('',#1758,#1758,#1760,.T.);
#1758 = VERTEX_POINT('',#1759);
#1759 = CARTESIAN_POINT('',(12.2,1.1,8.));
#1760 = SURFACE_CURVE('',#1761,(#1766,#1777),.PCURVE_S1.);
#1761 = CIRCLE('',#1762,1.1);
#1762 = AXIS2_PLACEMENT_3D('',#1763,#1764,#1765);
#1763 = CARTESIAN_POINT('',(12.2,0.,8.));
#1764 = DIRECTION('',(-1.,0.,0.));
#1765 = DIRECTION('',(0.,1.,0.));
#1766 = PCURVE('',#510,#1767);
#1767 = DEFINITIONAL_REPRESENTATION('',(#1768),#1776);
#1768 = ( BOUNDED_CURVE() B_SPLINE_CURVE(2,(#1769,#1770,#1771,#1772,
#1773,#1774,#1775),.UNSPECIFIED.,.T.,.F.) B_SPLINE_CURVE_WITH_KNOTS((1,2
    ,2,2,2,1),(-2.094395102393,0.,2.094395102393,4.188790204786,
6.28318530718,8.377580409573),.UNSPECIFIED.) CURVE() 
GEOMETRIC_REPRESENTATION_ITEM() RATIONAL_B_SPLINE_CURVE((1.,0.5,1.,0.5,
1.,0.5,1.)) REPRESENTATION_ITEM('') );
#1769 = CARTESIAN_POINT('',(1.1,8.));
#1770 = CARTESIAN_POINT('',(1.1,6.094744111674));
#1771 = CARTESIAN_POINT('',(-0.55,7.047372055837));
#1772 = CARTESIAN_POINT('',(-2.2,8.));
#1773 = CARTESIAN_POINT('',(-0.55,8.952627944163));
#1774 = CARTESIAN_POINT('',(1.1,9.905255888326));
#1775 = CARTESIAN_POINT('',(1.1,8.));
#1776 = ( GEOMETRIC_REPRESENTATION_CONTEXT(2) 
PARAMETRIC_REPRESENTATION_CONTEXT() REPRESENTATION_CONTEXT('2D SPACE',''
  ) );
#1777 = PCURVE('',#1778,#1783);
#1778 = CYLINDRICAL_SURFACE('',#1779,1.1);
#1779 = AXIS2_PLACEMENT_3D('',#1780,#1781,#1782);
#1780 = CARTESIAN_POINT('',(12.1,0.,8.));
#1781 = DIRECTION('',(-1.,-0.,-0.));
#1782 = DIRECTION('',(0.,1.,0.));
#1783 = DEFINITIONAL_REPRESENTATION('',(#1784),#1788);
#1784 = LINE('',#1785,#1786);
#1785 = CARTESIAN_POINT('',(-6.28318530718,-1.E-01));
#1786 = VECTOR('',#1787,1.);
#1787 = DIRECTION('',(1.,-0.));
#1788 = ( GEOMETRIC_REPRESENTATION_CONTEXT(2) 
PARAMETRIC_REPRESENTATION_CONTEXT() REPRESENTATION_CONTEXT('2D SPACE',''
  ) );
#1789 = ADVANCED_FACE('',(#1790,#1814),#428,.T.);
#1790 = FACE_BOUND('',#1791,.T.);
#1791 = EDGE_LOOP('',(#1792,#1793,#1794,#1813));
#1792 = ORIENTED_EDGE('',*,*,#1687,.F.);
#1793 = ORIENTED_EDGE('',*,*,#1270,.F.);
#1794 = ORIENTED_EDGE('',*,*,#1795,.T.);
#1795 = EDGE_CURVE('',#1242,#385,#1796,.T.);
#1796 = SURFACE_CURVE('',#1797,(#1801,#1807),.PCURVE_S1.);
#1797 = LINE('',#1798,#1799);
#1798 = CARTESIAN_POINT('',(18.,-5.65,-0.85));
#1799 = VECTOR('',#1800,1.);
#1800 = DIRECTION('',(0.,1.,0.));
#1801 = PCURVE('',#428,#1802);
#1802 = DEFINITIONAL_REPRESENTATION('',(#1803),#1806);
#1803 = B_SPLINE_CURVE_WITH_KNOTS('',1,(#1804,#1805),.UNSPECIFIED.,.F.,
  .F.,(2,2),(-5.15,16.45),.PIECEWISE_BEZIER_KNOTS.);
#1804 = CARTESIAN_POINT('',(3.5,0.5));
#1805 = CARTESIAN_POINT('',(3.5,22.1));
#1806 = ( GEOMETRIC_REPRESENTATION_CONTEXT(2) 
PARAMETRIC_REPRESENTATION_CONTEXT() REPRESENTATION_CONTEXT('2D SPACE',''
  ) );
#1807 = PCURVE('',#401,#1808);
#1808 = DEFINITIONAL_REPRESENTATION('',(#1809),#1812);
#1809 = B_SPLINE_CURVE_WITH_KNOTS('',1,(#1810,#1811),.UNSPECIFIED.,.F.,
  .F.,(2,2),(-5.15,16.45),.PIECEWISE_BEZIER_KNOTS.);
#1810 = CARTESIAN_POINT('',(-10.8,-0.85));
#1811 = CARTESIAN_POINT('',(10.8,-0.85));
#1812 = ( GEOMETRIC_REPRESENTATION_CONTEXT(2) 
PARAMETRIC_REPRESENTATION_CONTEXT() REPRESENTATION_CONTEXT('2D SPACE',''
  ) );
#1813 = ORIENTED_EDGE('',*,*,#413,.T.);
#1814 = FACE_BOUND('',#1815,.T.);
#1815 = EDGE_LOOP('',(#1816));
#1816 = ORIENTED_EDGE('',*,*,#1817,.T.);
#1817 = EDGE_CURVE('',#1818,#1818,#1820,.T.);
#1818 = VERTEX_POINT('',#1819);
#1819 = CARTESIAN_POINT('',(17.13,5.,-0.85));
#1820 = SURFACE_CURVE('',#1821,(#1826,#1837),.PCURVE_S1.);
#1821 = CIRCLE('',#1822,0.88);
#1822 = AXIS2_PLACEMENT_3D('',#1823,#1824,#1825);
#1823 = CARTESIAN_POINT('',(16.25,5.,-0.85));
#1824 = DIRECTION('',(0.,0.,-1.));
#1825 = DIRECTION('',(1.,0.,0.));
#1826 = PCURVE('',#428,#1827);
#1827 = DEFINITIONAL_REPRESENTATION('',(#1828),#1836);
#1828 = ( BOUNDED_CURVE() B_SPLINE_CURVE(2,(#1829,#1830,#1831,#1832,
#1833,#1834,#1835),.UNSPECIFIED.,.T.,.F.) B_SPLINE_CURVE_WITH_KNOTS((1,2
    ,2,2,2,1),(-2.094395102393,0.,2.094395102393,4.188790204786,
6.28318530718,8.377580409573),.UNSPECIFIED.) CURVE() 
GEOMETRIC_REPRESENTATION_ITEM() RATIONAL_B_SPLINE_CURVE((1.,0.5,1.,0.5,
1.,0.5,1.)) REPRESENTATION_ITEM('') );
#1829 = CARTESIAN_POINT('',(2.63,16.3));
#1830 = CARTESIAN_POINT('',(2.63,14.775795289339));
#1831 = CARTESIAN_POINT('',(1.31,15.53789764467));
#1832 = CARTESIAN_POINT('',(-1.E-02,16.3));
#1833 = CARTESIAN_POINT('',(1.31,17.06210235533));
#1834 = CARTESIAN_POINT('',(2.63,17.824204710661));
#1835 = CARTESIAN_POINT('',(2.63,16.3));
#1836 = ( GEOMETRIC_REPRESENTATION_CONTEXT(2) 
PARAMETRIC_REPRESENTATION_CONTEXT() REPRESENTATION_CONTEXT('2D SPACE',''
  ) );
#1837 = PCURVE('',#1108,#1838);
#1838 = DEFINITIONAL_REPRESENTATION('',(#1839),#1843);
#1839 = LINE('',#1840,#1841);
#1840 = CARTESIAN_POINT('',(-6.28318530718,-14.15));
#1841 = VECTOR('',#1842,1.);
#1842 = DIRECTION('',(1.,-0.));
#1843 = ( GEOMETRIC_REPRESENTATION_CONTEXT(2) 
PARAMETRIC_REPRESENTATION_CONTEXT() REPRESENTATION_CONTEXT('2D SPACE',''
  ) );
#1844 = ADVANCED_FACE('',(#1845,#1869),#401,.T.);
#1845 = FACE_BOUND('',#1846,.F.);
#1846 = EDGE_LOOP('',(#1847,#1848,#1849,#1868));
#1847 = ORIENTED_EDGE('',*,*,#1795,.T.);
#1848 = ORIENTED_EDGE('',*,*,#384,.F.);
#1849 = ORIENTED_EDGE('',*,*,#1850,.T.);
#1850 = EDGE_CURVE('',#359,#1244,#1851,.T.);
#1851 = SURFACE_CURVE('',#1852,(#1856,#1862),.PCURVE_S1.);
#1852 = LINE('',#1853,#1854);
#1853 = CARTESIAN_POINT('',(18.,-5.65,-0.85));
#1854 = VECTOR('',#1855,1.);
#1855 = DIRECTION('',(0.,1.,0.));
#1856 = PCURVE('',#401,#1857);
#1857 = DEFINITIONAL_REPRESENTATION('',(#1858),#1861);
#1858 = B_SPLINE_CURVE_WITH_KNOTS('',1,(#1859,#1860),.UNSPECIFIED.,.F.,
  .F.,(2,2),(-5.15,16.45),.PIECEWISE_BEZIER_KNOTS.);
#1859 = CARTESIAN_POINT('',(-10.8,-0.85));
#1860 = CARTESIAN_POINT('',(10.8,-0.85));
#1861 = ( GEOMETRIC_REPRESENTATION_CONTEXT(2) 
PARAMETRIC_REPRESENTATION_CONTEXT() REPRESENTATION_CONTEXT('2D SPACE',''
  ) );
#1862 = PCURVE('',#373,#1863);
#1863 = DEFINITIONAL_REPRESENTATION('',(#1864),#1867);
#1864 = B_SPLINE_CURVE_WITH_KNOTS('',1,(#1865,#1866),.UNSPECIFIED.,.F.,
  .F.,(2,2),(-5.15,16.45),.PIECEWISE_BEZIER_KNOTS.);
#1865 = CARTESIAN_POINT('',(3.5,0.5));
#1866 = CARTESIAN_POINT('',(3.5,22.1));
#1867 = ( GEOMETRIC_REPRESENTATION_CONTEXT(2) 
PARAMETRIC_REPRESENTATION_CONTEXT() REPRESENTATION_CONTEXT('2D SPACE',''
  ) );
#1868 = ORIENTED_EDGE('',*,*,#1241,.F.);
#1869 = FACE_BOUND('',#1870,.F.);
#1870 = EDGE_LOOP('',(#1871));
#1871 = ORIENTED_EDGE('',*,*,#1872,.F.);
#1872 = EDGE_CURVE('',#1873,#1873,#1875,.T.);
#1873 = VERTEX_POINT('',#1874);
#1874 = CARTESIAN_POINT('',(18.,2.6,-8.));
#1875 = SURFACE_CURVE('',#1876,(#1881,#1892),.PCURVE_S1.);
#1876 = CIRCLE('',#1877,2.6);
#1877 = AXIS2_PLACEMENT_3D('',#1878,#1879,#1880);
#1878 = CARTESIAN_POINT('',(18.,0.,-8.));
#1879 = DIRECTION('',(-1.,0.,0.));
#1880 = DIRECTION('',(0.,1.,0.));
#1881 = PCURVE('',#401,#1882);
#1882 = DEFINITIONAL_REPRESENTATION('',(#1883),#1891);
#1883 = ( BOUNDED_CURVE() B_SPLINE_CURVE(2,(#1884,#1885,#1886,#1887,
#1888,#1889,#1890),.UNSPECIFIED.,.T.,.F.) B_SPLINE_CURVE_WITH_KNOTS((1,2
    ,2,2,2,1),(-2.094395102393,0.,2.094395102393,4.188790204786,
6.28318530718,8.377580409573),.UNSPECIFIED.) CURVE() 
GEOMETRIC_REPRESENTATION_ITEM() RATIONAL_B_SPLINE_CURVE((1.,0.5,1.,0.5,
1.,0.5,1.)) REPRESENTATION_ITEM('') );
#1884 = CARTESIAN_POINT('',(2.6,-8.));
#1885 = CARTESIAN_POINT('',(2.6,-12.50333209967));
#1886 = CARTESIAN_POINT('',(-1.3,-10.25166604984));
#1887 = CARTESIAN_POINT('',(-5.2,-8.));
#1888 = CARTESIAN_POINT('',(-1.3,-5.74833395016));
#1889 = CARTESIAN_POINT('',(2.6,-3.496667900321));
#1890 = CARTESIAN_POINT('',(2.6,-8.));
#1891 = ( GEOMETRIC_REPRESENTATION_CONTEXT(2) 
PARAMETRIC_REPRESENTATION_CONTEXT() REPRESENTATION_CONTEXT('2D SPACE',''
  ) );
#1892 = PCURVE('',#1893,#1898);
#1893 = CYLINDRICAL_SURFACE('',#1894,2.6);
#1894 = AXIS2_PLACEMENT_3D('',#1895,#1896,#1897);
#1895 = CARTESIAN_POINT('',(15.8,0.,-8.));
#1896 = DIRECTION('',(-1.,-0.,-0.));
#1897 = DIRECTION('',(0.,1.,0.));
#1898 = DEFINITIONAL_REPRESENTATION('',(#1899),#1903);
#1899 = LINE('',#1900,#1901);
#1900 = CARTESIAN_POINT('',(-6.28318530718,-2.2));
#1901 = VECTOR('',#1902,1.);
#1902 = DIRECTION('',(1.,-0.));
#1903 = ( GEOMETRIC_REPRESENTATION_CONTEXT(2) 
PARAMETRIC_REPRESENTATION_CONTEXT() REPRESENTATION_CONTEXT('2D SPACE',''
  ) );
#1904 = ADVANCED_FACE('',(#1905,#1931),#373,.T.);
#1905 = FACE_BOUND('',#1906,.T.);
#1906 = EDGE_LOOP('',(#1907,#1928,#1929,#1930));
#1907 = ORIENTED_EDGE('',*,*,#1908,.F.);
#1908 = EDGE_CURVE('',#326,#1406,#1909,.T.);
#1909 = SURFACE_CURVE('',#1910,(#1914,#1921),.PCURVE_S1.);
#1910 = LINE('',#1911,#1912);
#1911 = CARTESIAN_POINT('',(14.5,-11.3,-0.85));
#1912 = VECTOR('',#1913,1.);
#1913 = DIRECTION('',(0.,1.,0.));
#1914 = PCURVE('',#373,#1915);
#1915 = DEFINITIONAL_REPRESENTATION('',(#1916),#1920);
#1916 = LINE('',#1917,#1918);
#1917 = CARTESIAN_POINT('',(0.,0.));
#1918 = VECTOR('',#1919,1.);
#1919 = DIRECTION('',(0.,1.));
#1920 = ( GEOMETRIC_REPRESENTATION_CONTEXT(2) 
PARAMETRIC_REPRESENTATION_CONTEXT() REPRESENTATION_CONTEXT('2D SPACE',''
  ) );
#1921 = PCURVE('',#342,#1922);
#1922 = DEFINITIONAL_REPRESENTATION('',(#1923),#1927);
#1923 = LINE('',#1924,#1925);
#1924 = CARTESIAN_POINT('',(0.,0.));
#1925 = VECTOR('',#1926,1.);
#1926 = DIRECTION('',(0.,-1.));
#1927 = ( GEOMETRIC_REPRESENTATION_CONTEXT(2) 
PARAMETRIC_REPRESENTATION_CONTEXT() REPRESENTATION_CONTEXT('2D SPACE',''
  ) );
#1928 = ORIENTED_EDGE('',*,*,#358,.F.);
#1929 = ORIENTED_EDGE('',*,*,#1850,.T.);
#1930 = ORIENTED_EDGE('',*,*,#1432,.T.);
#1931 = FACE_BOUND('',#1932,.T.);
#1932 = EDGE_LOOP('',(#1933));
#1933 = ORIENTED_EDGE('',*,*,#1934,.T.);
#1934 = EDGE_CURVE('',#1935,#1935,#1937,.T.);
#1935 = VERTEX_POINT('',#1936);
#1936 = CARTESIAN_POINT('',(17.13,-5.,-0.85));
#1937 = SURFACE_CURVE('',#1938,(#1943,#1954),.PCURVE_S1.);
#1938 = CIRCLE('',#1939,0.88);
#1939 = AXIS2_PLACEMENT_3D('',#1940,#1941,#1942);
#1940 = CARTESIAN_POINT('',(16.25,-5.,-0.85));
#1941 = DIRECTION('',(0.,0.,-1.));
#1942 = DIRECTION('',(1.,0.,0.));
#1943 = PCURVE('',#373,#1944);
#1944 = DEFINITIONAL_REPRESENTATION('',(#1945),#1953);
#1945 = ( BOUNDED_CURVE() B_SPLINE_CURVE(2,(#1946,#1947,#1948,#1949,
#1950,#1951,#1952),.UNSPECIFIED.,.T.,.F.) B_SPLINE_CURVE_WITH_KNOTS((1,2
    ,2,2,2,1),(-2.094395102393,0.,2.094395102393,4.188790204786,
6.28318530718,8.377580409573),.UNSPECIFIED.) CURVE() 
GEOMETRIC_REPRESENTATION_ITEM() RATIONAL_B_SPLINE_CURVE((1.,0.5,1.,0.5,
1.,0.5,1.)) REPRESENTATION_ITEM('') );
#1946 = CARTESIAN_POINT('',(2.63,6.3));
#1947 = CARTESIAN_POINT('',(2.63,4.775795289339));
#1948 = CARTESIAN_POINT('',(1.31,5.53789764467));
#1949 = CARTESIAN_POINT('',(-1.E-02,6.3));
#1950 = CARTESIAN_POINT('',(1.31,7.06210235533));
#1951 = CARTESIAN_POINT('',(2.63,7.824204710661));
#1952 = CARTESIAN_POINT('',(2.63,6.3));
#1953 = ( GEOMETRIC_REPRESENTATION_CONTEXT(2) 
PARAMETRIC_REPRESENTATION_CONTEXT() REPRESENTATION_CONTEXT('2D SPACE',''
  ) );
#1954 = PCURVE('',#955,#1955);
#1955 = DEFINITIONAL_REPRESENTATION('',(#1956),#1960);
#1956 = LINE('',#1957,#1958);
#1957 = CARTESIAN_POINT('',(-6.28318530718,-14.15));
#1958 = VECTOR('',#1959,1.);
#1959 = DIRECTION('',(1.,-0.));
#1960 = ( GEOMETRIC_REPRESENTATION_CONTEXT(2) 
PARAMETRIC_REPRESENTATION_CONTEXT() REPRESENTATION_CONTEXT('2D SPACE',''
  ) );
#1961 = ADVANCED_FACE('',(#1962),#342,.T.);
#1962 = FACE_BOUND('',#1963,.T.);
#1963 = EDGE_LOOP('',(#1964,#1965,#1966,#1967));
#1964 = ORIENTED_EDGE('',*,*,#1164,.F.);
#1965 = ORIENTED_EDGE('',*,*,#325,.F.);
#1966 = ORIENTED_EDGE('',*,*,#1908,.T.);
#1967 = ORIENTED_EDGE('',*,*,#1405,.T.);
#1968 = ADVANCED_FACE('',(#1969),#649,.F.);
#1969 = FACE_BOUND('',#1970,.T.);
#1970 = EDGE_LOOP('',(#1971,#1972,#1993,#1994));
#1971 = ORIENTED_EDGE('',*,*,#1599,.T.);
#1972 = ORIENTED_EDGE('',*,*,#1973,.T.);
#1973 = EDGE_CURVE('',#1600,#552,#1974,.T.);
#1974 = SEAM_CURVE('',#1975,(#1979,#1986),.PCURVE_S1.);
#1975 = LINE('',#1976,#1977);
#1976 = CARTESIAN_POINT('',(17.13,5.,-15.));
#1977 = VECTOR('',#1978,1.);
#1978 = DIRECTION('',(0.,0.,1.));
#1979 = PCURVE('',#649,#1980);
#1980 = DEFINITIONAL_REPRESENTATION('',(#1981),#1985);
#1981 = LINE('',#1982,#1983);
#1982 = CARTESIAN_POINT('',(-6.28318530718,0.));
#1983 = VECTOR('',#1984,1.);
#1984 = DIRECTION('',(-0.,-1.));
#1985 = ( GEOMETRIC_REPRESENTATION_CONTEXT(2) 
PARAMETRIC_REPRESENTATION_CONTEXT() REPRESENTATION_CONTEXT('2D SPACE',''
  ) );
#1986 = PCURVE('',#649,#1987);
#1987 = DEFINITIONAL_REPRESENTATION('',(#1988),#1992);
#1988 = LINE('',#1989,#1990);
#1989 = CARTESIAN_POINT('',(-0.,0.));
#1990 = VECTOR('',#1991,1.);
#1991 = DIRECTION('',(-0.,-1.));
#1992 = ( GEOMETRIC_REPRESENTATION_CONTEXT(2) 
PARAMETRIC_REPRESENTATION_CONTEXT() REPRESENTATION_CONTEXT('2D SPACE',''
  ) );
#1993 = ORIENTED_EDGE('',*,*,#551,.T.);
#1994 = ORIENTED_EDGE('',*,*,#1973,.F.);
#1995 = ADVANCED_FACE('',(#1996),#802,.F.);
#1996 = FACE_BOUND('',#1997,.T.);
#1997 = EDGE_LOOP('',(#1998,#1999,#2020,#2021));
#1998 = ORIENTED_EDGE('',*,*,#1210,.T.);
#1999 = ORIENTED_EDGE('',*,*,#2000,.T.);
#2000 = EDGE_CURVE('',#1211,#705,#2001,.T.);
#2001 = SEAM_CURVE('',#2002,(#2006,#2013),.PCURVE_S1.);
#2002 = LINE('',#2003,#2004);
#2003 = CARTESIAN_POINT('',(17.13,-5.,-15.));
#2004 = VECTOR('',#2005,1.);
#2005 = DIRECTION('',(0.,0.,1.));
#2006 = PCURVE('',#802,#2007);
#2007 = DEFINITIONAL_REPRESENTATION('',(#2008),#2012);
#2008 = LINE('',#2009,#2010);
#2009 = CARTESIAN_POINT('',(-6.28318530718,0.));
#2010 = VECTOR('',#2011,1.);
#2011 = DIRECTION('',(-0.,-1.));
#2012 = ( GEOMETRIC_REPRESENTATION_CONTEXT(2) 
PARAMETRIC_REPRESENTATION_CONTEXT() REPRESENTATION_CONTEXT('2D SPACE',''
  ) );
#2013 = PCURVE('',#802,#2014);
#2014 = DEFINITIONAL_REPRESENTATION('',(#2015),#2019);
#2015 = LINE('',#2016,#2017);
#2016 = CARTESIAN_POINT('',(-0.,0.));
#2017 = VECTOR('',#2018,1.);
#2018 = DIRECTION('',(-0.,-1.));
#2019 = ( GEOMETRIC_REPRESENTATION_CONTEXT(2) 
PARAMETRIC_REPRESENTATION_CONTEXT() REPRESENTATION_CONTEXT('2D SPACE',''
  ) );
#2020 = ORIENTED_EDGE('',*,*,#704,.T.);
#2021 = ORIENTED_EDGE('',*,*,#2000,.F.);
#2022 = ADVANCED_FACE('',(#2023),#955,.F.);
#2023 = FACE_BOUND('',#2024,.T.);
#2024 = EDGE_LOOP('',(#2025,#2026,#2047,#2048));
#2025 = ORIENTED_EDGE('',*,*,#857,.F.);
#2026 = ORIENTED_EDGE('',*,*,#2027,.T.);
#2027 = EDGE_CURVE('',#858,#1935,#2028,.T.);
#2028 = SEAM_CURVE('',#2029,(#2033,#2040),.PCURVE_S1.);
#2029 = LINE('',#2030,#2031);
#2030 = CARTESIAN_POINT('',(17.13,-5.,-15.));
#2031 = VECTOR('',#2032,1.);
#2032 = DIRECTION('',(0.,0.,1.));
#2033 = PCURVE('',#955,#2034);
#2034 = DEFINITIONAL_REPRESENTATION('',(#2035),#2039);
#2035 = LINE('',#2036,#2037);
#2036 = CARTESIAN_POINT('',(-6.28318530718,0.));
#2037 = VECTOR('',#2038,1.);
#2038 = DIRECTION('',(-0.,-1.));
#2039 = ( GEOMETRIC_REPRESENTATION_CONTEXT(2) 
PARAMETRIC_REPRESENTATION_CONTEXT() REPRESENTATION_CONTEXT('2D SPACE',''
  ) );
#2040 = PCURVE('',#955,#2041);
#2041 = DEFINITIONAL_REPRESENTATION('',(#2042),#2046);
#2042 = LINE('',#2043,#2044);
#2043 = CARTESIAN_POINT('',(-0.,0.));
#2044 = VECTOR('',#2045,1.);
#2045 = DIRECTION('',(-0.,-1.));
#2046 = ( GEOMETRIC_REPRESENTATION_CONTEXT(2) 
PARAMETRIC_REPRESENTATION_CONTEXT() REPRESENTATION_CONTEXT('2D SPACE',''
  ) );
#2047 = ORIENTED_EDGE('',*,*,#1934,.F.);
#2048 = ORIENTED_EDGE('',*,*,#2027,.F.);
#2049 = ADVANCED_FACE('',(#2050),#1108,.F.);
#2050 = FACE_BOUND('',#2051,.T.);
#2051 = EDGE_LOOP('',(#2052,#2053,#2074,#2075));
#2052 = ORIENTED_EDGE('',*,*,#1010,.F.);
#2053 = ORIENTED_EDGE('',*,*,#2054,.T.);
#2054 = EDGE_CURVE('',#1011,#1818,#2055,.T.);
#2055 = SEAM_CURVE('',#2056,(#2060,#2067),.PCURVE_S1.);
#2056 = LINE('',#2057,#2058);
#2057 = CARTESIAN_POINT('',(17.13,5.,-15.));
#2058 = VECTOR('',#2059,1.);
#2059 = DIRECTION('',(0.,0.,1.));
#2060 = PCURVE('',#1108,#2061);
#2061 = DEFINITIONAL_REPRESENTATION('',(#2062),#2066);
#2062 = LINE('',#2063,#2064);
#2063 = CARTESIAN_POINT('',(-6.28318530718,0.));
#2064 = VECTOR('',#2065,1.);
#2065 = DIRECTION('',(-0.,-1.));
#2066 = ( GEOMETRIC_REPRESENTATION_CONTEXT(2) 
PARAMETRIC_REPRESENTATION_CONTEXT() REPRESENTATION_CONTEXT('2D SPACE',''
  ) );
#2067 = PCURVE('',#1108,#2068);
#2068 = DEFINITIONAL_REPRESENTATION('',(#2069),#2073);
#2069 = LINE('',#2070,#2071);
#2070 = CARTESIAN_POINT('',(-0.,0.));
#2071 = VECTOR('',#2072,1.);
#2072 = DIRECTION('',(-0.,-1.));
#2073 = ( GEOMETRIC_REPRESENTATION_CONTEXT(2) 
PARAMETRIC_REPRESENTATION_CONTEXT() REPRESENTATION_CONTEXT('2D SPACE',''
  ) );
#2074 = ORIENTED_EDGE('',*,*,#1817,.F.);
#2075 = ORIENTED_EDGE('',*,*,#2054,.F.);
#2076 = ADVANCED_FACE('',(#2077,#2080),#1647,.T.);
#2077 = FACE_BOUND('',#2078,.T.);
#2078 = EDGE_LOOP('',(#2079));
#2079 = ORIENTED_EDGE('',*,*,#1630,.T.);
#2080 = FACE_BOUND('',#2081,.T.);
#2081 = EDGE_LOOP('',(#2082));
#2082 = ORIENTED_EDGE('',*,*,#2083,.T.);
#2083 = EDGE_CURVE('',#2084,#2084,#2086,.T.);
#2084 = VERTEX_POINT('',#2085);
#2085 = CARTESIAN_POINT('',(15.8,1.1,8.));
#2086 = SURFACE_CURVE('',#2087,(#2092,#2103),.PCURVE_S1.);
#2087 = CIRCLE('',#2088,1.1);
#2088 = AXIS2_PLACEMENT_3D('',#2089,#2090,#2091);
#2089 = CARTESIAN_POINT('',(15.8,0.,8.));
#2090 = DIRECTION('',(-1.,0.,0.));
#2091 = DIRECTION('',(0.,1.,0.));
#2092 = PCURVE('',#1647,#2093);
#2093 = DEFINITIONAL_REPRESENTATION('',(#2094),#2102);
#2094 = ( BOUNDED_CURVE() B_SPLINE_CURVE(2,(#2095,#2096,#2097,#2098,
#2099,#2100,#2101),.UNSPECIFIED.,.T.,.F.) B_SPLINE_CURVE_WITH_KNOTS((1,2
    ,2,2,2,1),(-2.094395102393,0.,2.094395102393,4.188790204786,
6.28318530718,8.377580409573),.UNSPECIFIED.) CURVE() 
GEOMETRIC_REPRESENTATION_ITEM() RATIONAL_B_SPLINE_CURVE((1.,0.5,1.,0.5,
1.,0.5,1.)) REPRESENTATION_ITEM('') );
#2095 = CARTESIAN_POINT('',(0.,-1.1));
#2096 = CARTESIAN_POINT('',(-1.905255888326,-1.1));
#2097 = CARTESIAN_POINT('',(-0.952627944163,0.55));
#2098 = CARTESIAN_POINT('',(-2.694222958124E-16,2.2));
#2099 = CARTESIAN_POINT('',(0.952627944163,0.55));
#2100 = CARTESIAN_POINT('',(1.905255888326,-1.1));
#2101 = CARTESIAN_POINT('',(0.,-1.1));
#2102 = ( GEOMETRIC_REPRESENTATION_CONTEXT(2) 
PARAMETRIC_REPRESENTATION_CONTEXT() REPRESENTATION_CONTEXT('2D SPACE',''
  ) );
#2103 = PCURVE('',#1778,#2104);
#2104 = DEFINITIONAL_REPRESENTATION('',(#2105),#2109);
#2105 = LINE('',#2106,#2107);
#2106 = CARTESIAN_POINT('',(-6.28318530718,-3.7));
#2107 = VECTOR('',#2108,1.);
#2108 = DIRECTION('',(1.,-0.));
#2109 = ( GEOMETRIC_REPRESENTATION_CONTEXT(2) 
PARAMETRIC_REPRESENTATION_CONTEXT() REPRESENTATION_CONTEXT('2D SPACE',''
  ) );
#2110 = ADVANCED_FACE('',(#2111),#1737,.F.);
#2111 = FACE_BOUND('',#2112,.T.);
#2112 = EDGE_LOOP('',(#2113,#2136,#2137,#2138));
#2113 = ORIENTED_EDGE('',*,*,#2114,.F.);
#2114 = EDGE_CURVE('',#1717,#2115,#2117,.T.);
#2115 = VERTEX_POINT('',#2116);
#2116 = CARTESIAN_POINT('',(15.8,1.1,-8.));
#2117 = SEAM_CURVE('',#2118,(#2122,#2129),.PCURVE_S1.);
#2118 = LINE('',#2119,#2120);
#2119 = CARTESIAN_POINT('',(12.1,1.1,-8.));
#2120 = VECTOR('',#2121,1.);
#2121 = DIRECTION('',(1.,0.,0.));
#2122 = PCURVE('',#1737,#2123);
#2123 = DEFINITIONAL_REPRESENTATION('',(#2124),#2128);
#2124 = LINE('',#2125,#2126);
#2125 = CARTESIAN_POINT('',(-6.28318530718,0.));
#2126 = VECTOR('',#2127,1.);
#2127 = DIRECTION('',(-0.,-1.));
#2128 = ( GEOMETRIC_REPRESENTATION_CONTEXT(2) 
PARAMETRIC_REPRESENTATION_CONTEXT() REPRESENTATION_CONTEXT('2D SPACE',''
  ) );
#2129 = PCURVE('',#1737,#2130);
#2130 = DEFINITIONAL_REPRESENTATION('',(#2131),#2135);
#2131 = LINE('',#2132,#2133);
#2132 = CARTESIAN_POINT('',(-0.,0.));
#2133 = VECTOR('',#2134,1.);
#2134 = DIRECTION('',(-0.,-1.));
#2135 = ( GEOMETRIC_REPRESENTATION_CONTEXT(2) 
PARAMETRIC_REPRESENTATION_CONTEXT() REPRESENTATION_CONTEXT('2D SPACE',''
  ) );
#2136 = ORIENTED_EDGE('',*,*,#1716,.T.);
#2137 = ORIENTED_EDGE('',*,*,#2114,.T.);
#2138 = ORIENTED_EDGE('',*,*,#2139,.F.);
#2139 = EDGE_CURVE('',#2115,#2115,#2140,.T.);
#2140 = SURFACE_CURVE('',#2141,(#2146,#2153),.PCURVE_S1.);
#2141 = CIRCLE('',#2142,1.1);
#2142 = AXIS2_PLACEMENT_3D('',#2143,#2144,#2145);
#2143 = CARTESIAN_POINT('',(15.8,0.,-8.));
#2144 = DIRECTION('',(-1.,0.,0.));
#2145 = DIRECTION('',(0.,1.,0.));
#2146 = PCURVE('',#1737,#2147);
#2147 = DEFINITIONAL_REPRESENTATION('',(#2148),#2152);
#2148 = LINE('',#2149,#2150);
#2149 = CARTESIAN_POINT('',(-6.28318530718,-3.7));
#2150 = VECTOR('',#2151,1.);
#2151 = DIRECTION('',(1.,-0.));
#2152 = ( GEOMETRIC_REPRESENTATION_CONTEXT(2) 
PARAMETRIC_REPRESENTATION_CONTEXT() REPRESENTATION_CONTEXT('2D SPACE',''
  ) );
#2153 = PCURVE('',#2154,#2159);
#2154 = PLANE('',#2155);
#2155 = AXIS2_PLACEMENT_3D('',#2156,#2157,#2158);
#2156 = CARTESIAN_POINT('',(15.8,6.57423140644E-17,-8.));
#2157 = DIRECTION('',(1.,0.,0.));
#2158 = DIRECTION('',(-0.,0.,1.));
#2159 = DEFINITIONAL_REPRESENTATION('',(#2160),#2168);
#2160 = ( BOUNDED_CURVE() B_SPLINE_CURVE(2,(#2161,#2162,#2163,#2164,
#2165,#2166,#2167),.UNSPECIFIED.,.T.,.F.) B_SPLINE_CURVE_WITH_KNOTS((1,2
    ,2,2,2,1),(-2.094395102393,0.,2.094395102393,4.188790204786,
6.28318530718,8.377580409573),.UNSPECIFIED.) CURVE() 
GEOMETRIC_REPRESENTATION_ITEM() RATIONAL_B_SPLINE_CURVE((1.,0.5,1.,0.5,
1.,0.5,1.)) REPRESENTATION_ITEM('') );
#2161 = CARTESIAN_POINT('',(-8.881784197001E-16,-1.1));
#2162 = CARTESIAN_POINT('',(-1.905255888326,-1.1));
#2163 = CARTESIAN_POINT('',(-0.952627944163,0.55));
#2164 = CARTESIAN_POINT('',(-1.157600715513E-15,2.2));
#2165 = CARTESIAN_POINT('',(0.952627944163,0.55));
#2166 = CARTESIAN_POINT('',(1.905255888326,-1.1));
#2167 = CARTESIAN_POINT('',(-8.881784197001E-16,-1.1));
#2168 = ( GEOMETRIC_REPRESENTATION_CONTEXT(2) 
PARAMETRIC_REPRESENTATION_CONTEXT() REPRESENTATION_CONTEXT('2D SPACE',''
  ) );
#2169 = ADVANCED_FACE('',(#2170),#1778,.F.);
#2170 = FACE_BOUND('',#2171,.T.);
#2171 = EDGE_LOOP('',(#2172,#2193,#2194,#2195));
#2172 = ORIENTED_EDGE('',*,*,#2173,.F.);
#2173 = EDGE_CURVE('',#1758,#2084,#2174,.T.);
#2174 = SEAM_CURVE('',#2175,(#2179,#2186),.PCURVE_S1.);
#2175 = LINE('',#2176,#2177);
#2176 = CARTESIAN_POINT('',(12.1,1.1,8.));
#2177 = VECTOR('',#2178,1.);
#2178 = DIRECTION('',(1.,0.,0.));
#2179 = PCURVE('',#1778,#2180);
#2180 = DEFINITIONAL_REPRESENTATION('',(#2181),#2185);
#2181 = LINE('',#2182,#2183);
#2182 = CARTESIAN_POINT('',(-6.28318530718,0.));
#2183 = VECTOR('',#2184,1.);
#2184 = DIRECTION('',(-0.,-1.));
#2185 = ( GEOMETRIC_REPRESENTATION_CONTEXT(2) 
PARAMETRIC_REPRESENTATION_CONTEXT() REPRESENTATION_CONTEXT('2D SPACE',''
  ) );
#2186 = PCURVE('',#1778,#2187);
#2187 = DEFINITIONAL_REPRESENTATION('',(#2188),#2192);
#2188 = LINE('',#2189,#2190);
#2189 = CARTESIAN_POINT('',(-0.,0.));
#2190 = VECTOR('',#2191,1.);
#2191 = DIRECTION('',(-0.,-1.));
#2192 = ( GEOMETRIC_REPRESENTATION_CONTEXT(2) 
PARAMETRIC_REPRESENTATION_CONTEXT() REPRESENTATION_CONTEXT('2D SPACE',''
  ) );
#2193 = ORIENTED_EDGE('',*,*,#1757,.T.);
#2194 = ORIENTED_EDGE('',*,*,#2173,.T.);
#2195 = ORIENTED_EDGE('',*,*,#2083,.F.);
#2196 = ADVANCED_FACE('',(#2197),#1893,.F.);
#2197 = FACE_BOUND('',#2198,.T.);
#2198 = EDGE_LOOP('',(#2199,#2223,#2244,#2245));
#2199 = ORIENTED_EDGE('',*,*,#2200,.F.);
#2200 = EDGE_CURVE('',#2201,#2201,#2203,.T.);
#2201 = VERTEX_POINT('',#2202);
#2202 = CARTESIAN_POINT('',(15.8,2.6,-8.));
#2203 = SURFACE_CURVE('',#2204,(#2209,#2216),.PCURVE_S1.);
#2204 = CIRCLE('',#2205,2.6);
#2205 = AXIS2_PLACEMENT_3D('',#2206,#2207,#2208);
#2206 = CARTESIAN_POINT('',(15.8,0.,-8.));
#2207 = DIRECTION('',(1.,0.,0.));
#2208 = DIRECTION('',(0.,1.,0.));
#2209 = PCURVE('',#1893,#2210);
#2210 = DEFINITIONAL_REPRESENTATION('',(#2211),#2215);
#2211 = LINE('',#2212,#2213);
#2212 = CARTESIAN_POINT('',(-0.,0.));
#2213 = VECTOR('',#2214,1.);
#2214 = DIRECTION('',(-1.,0.));
#2215 = ( GEOMETRIC_REPRESENTATION_CONTEXT(2) 
PARAMETRIC_REPRESENTATION_CONTEXT() REPRESENTATION_CONTEXT('2D SPACE',''
  ) );
#2216 = PCURVE('',#2154,#2217);
#2217 = DEFINITIONAL_REPRESENTATION('',(#2218),#2222);
#2218 = CIRCLE('',#2219,2.6);
#2219 = AXIS2_PLACEMENT_2D('',#2220,#2221);
#2220 = CARTESIAN_POINT('',(-8.881784197001E-16,6.57423140644E-17));
#2221 = DIRECTION('',(0.,-1.));
#2222 = ( GEOMETRIC_REPRESENTATION_CONTEXT(2) 
PARAMETRIC_REPRESENTATION_CONTEXT() REPRESENTATION_CONTEXT('2D SPACE',''
  ) );
#2223 = ORIENTED_EDGE('',*,*,#2224,.T.);
#2224 = EDGE_CURVE('',#2201,#1873,#2225,.T.);
#2225 = SEAM_CURVE('',#2226,(#2230,#2237),.PCURVE_S1.);
#2226 = LINE('',#2227,#2228);
#2227 = CARTESIAN_POINT('',(15.8,2.6,-8.));
#2228 = VECTOR('',#2229,1.);
#2229 = DIRECTION('',(1.,0.,0.));
#2230 = PCURVE('',#1893,#2231);
#2231 = DEFINITIONAL_REPRESENTATION('',(#2232),#2236);
#2232 = LINE('',#2233,#2234);
#2233 = CARTESIAN_POINT('',(-6.28318530718,0.));
#2234 = VECTOR('',#2235,1.);
#2235 = DIRECTION('',(-0.,-1.));
#2236 = ( GEOMETRIC_REPRESENTATION_CONTEXT(2) 
PARAMETRIC_REPRESENTATION_CONTEXT() REPRESENTATION_CONTEXT('2D SPACE',''
  ) );
#2237 = PCURVE('',#1893,#2238);
#2238 = DEFINITIONAL_REPRESENTATION('',(#2239),#2243);
#2239 = LINE('',#2240,#2241);
#2240 = CARTESIAN_POINT('',(-0.,0.));
#2241 = VECTOR('',#2242,1.);
#2242 = DIRECTION('',(-0.,-1.));
#2243 = ( GEOMETRIC_REPRESENTATION_CONTEXT(2) 
PARAMETRIC_REPRESENTATION_CONTEXT() REPRESENTATION_CONTEXT('2D SPACE',''
  ) );
#2244 = ORIENTED_EDGE('',*,*,#1872,.F.);
#2245 = ORIENTED_EDGE('',*,*,#2224,.F.);
#2246 = ADVANCED_FACE('',(#2247,#2250),#2154,.T.);
#2247 = FACE_BOUND('',#2248,.T.);
#2248 = EDGE_LOOP('',(#2249));
#2249 = ORIENTED_EDGE('',*,*,#2200,.T.);
#2250 = FACE_BOUND('',#2251,.T.);
#2251 = EDGE_LOOP('',(#2252));
#2252 = ORIENTED_EDGE('',*,*,#2139,.T.);
#2253 = ( GEOMETRIC_REPRESENTATION_CONTEXT(3) 
GLOBAL_UNCERTAINTY_ASSIGNED_CONTEXT((#2257)) 
GLOBAL_UNIT_ASSIGNED_CONTEXT((#2254,#2255,#2256)) REPRESENTATION_CONTEXT
('Context #1','3D Context with UNIT and UNCERTAINTY') );
#2254 = ( LENGTH_UNIT() NAMED_UNIT(*) SI_UNIT(.MILLI.,.METRE.) );
#2255 = ( NAMED_UNIT(*) PLANE_ANGLE_UNIT() SI_UNIT($,.RADIAN.) );
#2256 = ( NAMED_UNIT(*) SI_UNIT($,.STERADIAN.) SOLID_ANGLE_UNIT() );
#2257 = UNCERTAINTY_MEASURE_WITH_UNIT(LENGTH_MEASURE(1.E-07),#2254,
  'distance_accuracy_value','confusion accuracy');
#2258 = PRODUCT_RELATED_PRODUCT_CATEGORY('part',$,(#7));
ENDSEC;
END-ISO-10303-21;
