ISO-10303-21;
HEADER;
FILE_DESCRIPTION (( 'STEP AP203' ),
    '1' );
FILE_NAME ('(HTX99R) Sensor Probe_Sensor Connector.STEP',
    '2026-09-29T04:15:13',
    ( '' ),
    ( '' ),
    'SwSTEP 2.0',
    'SolidWorks 2017',
    '' );
FILE_SCHEMA (( 'CONFIG_CONTROL_DESIGN' ));
ENDSEC;

DATA;
#1 = ORIENTED_EDGE ( 'NONE', *, *, #714, .T. ) ;
#2 = DIRECTION ( 'NONE',  ( 0.0000000000000000000, 0.0000000000000000000, 1.000000000000000000 ) ) ;
#3 = EDGE_LOOP ( 'NONE', ( #1441 ) ) ;
#4 = ORIENTED_EDGE ( 'NONE', *, *, #153, .F. ) ;
#5 = CARTESIAN_POINT ( 'NONE',  ( 0.9450000000000000600, -3.000000000000000000, -0.9450000000000002800 ) ) ;
#6 = CARTESIAN_POINT ( 'NONE',  ( 0.0000000000000000000, 8.000000000000000000, 0.0000000000000000000 ) ) ;
#7 = ADVANCED_FACE ( 'NONE', ( #1325 ), #1472, .T. ) ;
#8 = EDGE_LOOP ( 'NONE', ( #588 ) ) ;
#9 = EDGE_CURVE ( 'NONE', #1725, #1543, #726, .T. ) ;
#10 = PLANE ( 'NONE',  #1253 ) ;
#11 = VECTOR ( 'NONE', #443, 1000.000000000000000 ) ;
#12 = AXIS2_PLACEMENT_3D ( 'NONE', #1187, #376, #118 ) ;
#13 = DIRECTION ( 'NONE',  ( 0.0000000000000000000, 0.0000000000000000000, 1.000000000000000000 ) ) ;
#14 = ADVANCED_FACE ( 'NONE', ( #1428, #1186 ), #1592, .T. ) ;
#15 = ORIENTED_EDGE ( 'NONE', *, *, #1312, .T. ) ;
#16 = CARTESIAN_POINT ( 'NONE',  ( 1.269999999999999800, 14.79999999999999500, -1.270000000000000000 ) ) ;
#17 = ORIENTED_EDGE ( 'NONE', *, *, #661, .F. ) ;
#18 = CARTESIAN_POINT ( 'NONE',  ( -3.819727653833532400E-016, -3.000000000000000000, 1.144999999999995800 ) ) ;
#19 = EDGE_CURVE ( 'NONE', #459, #459, #1144, .T. ) ;
#20 = DIRECTION ( 'NONE',  ( -0.0000000000000000000, 1.000000000000000000, -0.0000000000000000000 ) ) ;
#21 = ORIENTED_EDGE ( 'NONE', *, *, #956, .T. ) ;
#22 = AXIS2_PLACEMENT_3D ( 'NONE', #6, #1090, #1495 ) ;
#23 = CARTESIAN_POINT ( 'NONE',  ( 1.595000000000000000, -3.000000000000000000, 1.594999999999999800 ) ) ;
#24 = DIRECTION ( 'NONE',  ( 0.0000000000000000000, 0.0000000000000000000, -1.000000000000000000 ) ) ;
#25 = LINE ( 'NONE', #480, #1026 ) ;
#26 = DIRECTION ( 'NONE',  ( 0.0000000000000000000, 1.000000000000000000, 0.0000000000000000000 ) ) ;
#27 = ORIENTED_EDGE ( 'NONE', *, *, #1737, .F. ) ;
#28 = FACE_OUTER_BOUND ( 'NONE', #1594, .T. ) ;
#29 = FACE_OUTER_BOUND ( 'NONE', #1357, .T. ) ;
#30 = CIRCLE ( 'NONE', #1485, 4.999999999999999100 ) ;
#31 = AXIS2_PLACEMENT_3D ( 'NONE', #402, #1224, #584 ) ;
#32 = ADVANCED_FACE ( 'NONE', ( #1352 ), #664, .F. ) ;
#33 = DIRECTION ( 'NONE',  ( 0.0000000000000000000, 0.0000000000000000000, -1.000000000000000000 ) ) ;
#34 = AXIS2_PLACEMENT_3D ( 'NONE', #872, #211, #1303 ) ;
#35 = DIRECTION ( 'NONE',  ( -0.0000000000000000000, 1.000000000000000000, -0.0000000000000000000 ) ) ;
#36 = CARTESIAN_POINT ( 'NONE',  ( 1.144999999999995400, -3.000000000000000000, 0.9449999999999998400 ) ) ;
#37 = ADVANCED_FACE ( 'NONE', ( #1079 ), #94, .T. ) ;
#38 = EDGE_CURVE ( 'NONE', #914, #1334, #831, .T. ) ;
#39 = ORIENTED_EDGE ( 'NONE', *, *, #1312, .F. ) ;
#40 = CARTESIAN_POINT ( 'NONE',  ( -3.570714214271423400, 0.0000000000000000000, 3.500000000000000000 ) ) ;
#41 = FACE_OUTER_BOUND ( 'NONE', #1267, .T. ) ;
#42 = DIRECTION ( 'NONE',  ( -0.0000000000000000000, 1.000000000000000000, -0.0000000000000000000 ) ) ;
#43 = LINE ( 'NONE', #1200, #1033 ) ;
#44 = PLANE ( 'NONE',  #1448 ) ;
#45 = ORIENTED_EDGE ( 'NONE', *, *, #868, .T. ) ;
#46 = AXIS2_PLACEMENT_3D ( 'NONE', #861, #1410, #1556 ) ;
#47 = EDGE_LOOP ( 'NONE', ( #452 ) ) ;
#48 = EDGE_LOOP ( 'NONE', ( #1630, #84, #1577, #1152 ) ) ;
#49 = CARTESIAN_POINT ( 'NONE',  ( 1.609999999999991700, -3.465000000000004300, 0.9300000000000082600 ) ) ;
#50 = ADVANCED_FACE ( 'NONE', ( #257 ), #362, .T. ) ;
#51 = ORIENTED_EDGE ( 'NONE', *, *, #500, .F. ) ;
#52 = DIRECTION ( 'NONE',  ( 1.000000000000000000, 0.0000000000000000000, 0.0000000000000000000 ) ) ;
#53 = VERTEX_POINT ( 'NONE', #1735 ) ;
#54 = PLANE ( 'NONE',  #490 ) ;
#55 = CARTESIAN_POINT ( 'NONE',  ( 5.643832608496762900, 9.500000000000000000, 0.0000000000000000000 ) ) ;
#56 = ORIENTED_EDGE ( 'NONE', *, *, #1289, .T. ) ;
#57 = EDGE_CURVE ( 'NONE', #1321, #387, #1519, .T. ) ;
#58 = DIRECTION ( 'NONE',  ( 0.0000000000000000000, 0.0000000000000000000, -1.000000000000000000 ) ) ;
#59 = VERTEX_POINT ( 'NONE', #102 ) ;
#60 = VECTOR ( 'NONE', #1696, 1000.000000000000000 ) ;
#61 = DIRECTION ( 'NONE',  ( 1.668003342285392000E-016, 0.0000000000000000000, -1.000000000000000000 ) ) ;
#62 = VECTOR ( 'NONE', #899, 1000.000000000000100 ) ;
#63 = CARTESIAN_POINT ( 'NONE',  ( -1.144999999999995400, -3.000000000000000000, 1.395000000000004500 ) ) ;
#64 = CARTESIAN_POINT ( 'NONE',  ( 0.9450000000000000600, 7.000000000000000000, 1.594999999999999800 ) ) ;
#65 = EDGE_CURVE ( 'NONE', #333, #794, #107, .T. ) ;
#66 = CARTESIAN_POINT ( 'NONE',  ( 0.9450000000000000600, -3.000000000000000000, 0.9449999999999998400 ) ) ;
#67 = VECTOR ( 'NONE', #385, 1000.000000000000100 ) ;
#68 = DIRECTION ( 'NONE',  ( 0.0000000000000000000, 0.0000000000000000000, -1.000000000000000000 ) ) ;
#69 = AXIS2_PLACEMENT_3D ( 'NONE', #1743, #405, #1362 ) ;
#70 = DIRECTION ( 'NONE',  ( -0.0000000000000000000, 1.000000000000000000, -0.0000000000000000000 ) ) ;
#71 = VERTEX_POINT ( 'NONE', #141 ) ;
#72 = ORIENTED_EDGE ( 'NONE', *, *, #86, .F. ) ;
#73 = DIRECTION ( 'NONE',  ( 1.000000000000000000, 0.0000000000000000000, 3.336006684570782600E-016 ) ) ;
#74 = DIRECTION ( 'NONE',  ( 0.0000000000000000000, 0.0000000000000000000, 1.000000000000000000 ) ) ;
#75 = EDGE_CURVE ( 'NONE', #472, #916, #1304, .T. ) ;
#76 = CARTESIAN_POINT ( 'NONE',  ( -0.9450000000000000600, -2.800000000000001200, -0.9450000000000002800 ) ) ;
#77 = VERTEX_POINT ( 'NONE', #801 ) ;
#78 = FACE_OUTER_BOUND ( 'NONE', #1515, .T. ) ;
#79 = CIRCLE ( 'NONE', #708, 0.7500000000000000000 ) ;
#80 = FACE_OUTER_BOUND ( 'NONE', #177, .T. ) ;
#81 = LINE ( 'NONE', #557, #1639 ) ;
#82 = CARTESIAN_POINT ( 'NONE',  ( -1.270000000000000200, 7.099999999999998800, -1.270000000000000000 ) ) ;
#83 = PERSON_AND_ORGANIZATION_ROLE ( 'creator' ) ;
#84 = ORIENTED_EDGE ( 'NONE', *, *, #1581, .F. ) ;
#85 = CARTESIAN_POINT ( 'NONE',  ( 1.269999999999999800, 7.099999999999998800, 1.270000000000000000 ) ) ;
#86 = EDGE_CURVE ( 'NONE', #1022, #1321, #1062, .T. ) ;
#87 = DIRECTION ( 'NONE',  ( 0.0000000000000000000, 0.0000000000000000000, -1.000000000000000000 ) ) ;
#88 = ORIENTED_EDGE ( 'NONE', *, *, #1409, .T. ) ;
#89 = APPLICATION_PROTOCOL_DEFINITION ( 'international standard', 'config_control_design', 1994, #1314 ) ;
#90 = AXIS2_PLACEMENT_3D ( 'NONE', #823, #698, #1638 ) ;
#91 = DIRECTION ( 'NONE',  ( 1.000000000000000000, 0.0000000000000000000, 3.336006684570782600E-016 ) ) ;
#92 = EDGE_LOOP ( 'NONE', ( #1244 ) ) ;
#93 = EDGE_LOOP ( 'NONE', ( #583, #96, #814, #326 ) ) ;
#94 = PLANE ( 'NONE',  #473 ) ;
#95 = DIRECTION ( 'NONE',  ( -0.0000000000000000000, 1.000000000000000000, -0.0000000000000000000 ) ) ;
#96 = ORIENTED_EDGE ( 'NONE', *, *, #1369, .F. ) ;
#97 = EDGE_CURVE ( 'NONE', #674, #674, #537, .T. ) ;
#98 = DIRECTION ( 'NONE',  ( 0.0000000000000000000, 1.000000000000000000, 0.0000000000000000000 ) ) ;
#99 = LINE ( 'NONE', #1508, #373 ) ;
#100 = AXIS2_PLACEMENT_3D ( 'NONE', #66, #610, #73 ) ;
#101 = DIRECTION ( 'NONE',  ( 1.000000000000000000, 0.0000000000000000000, 0.0000000000000000000 ) ) ;
#102 = CARTESIAN_POINT ( 'NONE',  ( 0.0000000000000000000, 5.500000000000000000, -4.099999999999999600 ) ) ;
#103 = VERTEX_POINT ( 'NONE', #134 ) ;
#104 = LINE ( 'NONE', #1676, #1209 ) ;
#105 = DIRECTION ( 'NONE',  ( 0.0000000000000000000, 0.0000000000000000000, 1.000000000000000000 ) ) ;
#106 = LINE ( 'NONE', #954, #381 ) ;
#107 = LINE ( 'NONE', #1197, #742 ) ;
#108 =( NAMED_UNIT ( * ) SI_UNIT ( $, .STERADIAN. ) SOLID_ANGLE_UNIT ( ) );
#109 = AXIS2_PLACEMENT_3D ( 'NONE', #769, #888, #1440 ) ;
#110 = CARTESIAN_POINT ( 'NONE',  ( 0.0000000000000000000, 15.00000000000000000, 0.0000000000000000000 ) ) ;
#111 = ORIENTED_EDGE ( 'NONE', *, *, #868, .F. ) ;
#112 = EDGE_LOOP ( 'NONE', ( #917, #688, #1002, #1 ) ) ;
#113 = CARTESIAN_POINT ( 'NONE',  ( 1.595000000000000000, -3.000000000000000000, -0.9450000000000002800 ) ) ;
#114 = PRODUCT_DEFINITION ( 'UNKNOWN', '', #893, #1219 ) ;
#115 = ORIENTED_EDGE ( 'NONE', *, *, #9, .T. ) ;
#116 = DIRECTION ( 'NONE',  ( 0.0000000000000000000, 0.0000000000000000000, 1.000000000000000000 ) ) ;
#117 = COORDINATED_UNIVERSAL_TIME_OFFSET ( 9, 0, .AHEAD. ) ;
#118 = DIRECTION ( 'NONE',  ( 0.0000000000000000000, 0.0000000000000000000, 1.000000000000000000 ) ) ;
#119 = VERTEX_POINT ( 'NONE', #668 ) ;
#120 = VECTOR ( 'NONE', #1579, 1000.000000000000000 ) ;
#121 = ORIENTED_EDGE ( 'NONE', *, *, #1069, .T. ) ;
#122 = EDGE_CURVE ( 'NONE', #1712, #1712, #1387, .T. ) ;
#123 = CARTESIAN_POINT ( 'NONE',  ( -0.7633333333333347500, -2.618333333333332700, 0.7633333333333349700 ) ) ;
#124 = ORIENTED_EDGE ( 'NONE', *, *, #487, .F. ) ;
#125 = AXIS2_PLACEMENT_3D ( 'NONE', #498, #1040, #105 ) ;
#126 = CARTESIAN_POINT ( 'NONE',  ( 0.9450000000000000600, -2.800000000000001200, -0.9450000000000002800 ) ) ;
#127 = LINE ( 'NONE', #316, #538 ) ;
#128 = CARTESIAN_POINT ( 'NONE',  ( -1.595000000000000000, 7.000000000000000000, -0.9450000000000002800 ) ) ;
#129 = DIRECTION ( 'NONE',  ( 0.0000000000000000000, 1.000000000000000000, 0.0000000000000000000 ) ) ;
#130 = VERTEX_POINT ( 'NONE', #1501 ) ;
#131 = ORIENTED_EDGE ( 'NONE', *, *, #539, .F. ) ;
#132 = CARTESIAN_POINT ( 'NONE',  ( -1.595000000000000000, -3.000000000000000000, -1.595000000000000200 ) ) ;
#133 = DIRECTION ( 'NONE',  ( 0.0000000000000000000, 1.000000000000000000, 0.0000000000000000000 ) ) ;
#134 = CARTESIAN_POINT ( 'NONE',  ( 3.570714214271423400, 14.50000000000000000, 3.500000000000000000 ) ) ;
#135 = ORIENTED_EDGE ( 'NONE', *, *, #1461, .T. ) ;
#136 = DATE_AND_TIME ( #1317, #437 ) ;
#137 = EDGE_LOOP ( 'NONE', ( #4, #419, #1270, #1146 ) ) ;
#138 = DIRECTION ( 'NONE',  ( 0.0000000000000000000, 0.0000000000000000000, 1.000000000000000000 ) ) ;
#139 = ORIENTED_EDGE ( 'NONE', *, *, #269, .T. ) ;
#140 = VECTOR ( 'NONE', #328, 1000.000000000000000 ) ;
#141 = CARTESIAN_POINT ( 'NONE',  ( -1.144999999999995400, -3.000000000000000000, 1.144999999999995600 ) ) ;
#142 = FACE_OUTER_BOUND ( 'NONE', #655, .T. ) ;
#143 = CARTESIAN_POINT ( 'NONE',  ( 0.9450000000000000600, -3.000000000000000000, 1.594999999999999800 ) ) ;
#144 = EDGE_CURVE ( 'NONE', #240, #324, #1013, .T. ) ;
#145 = LINE ( 'NONE', #1610, #1739 ) ;
#146 = PLANE ( 'NONE',  #432 ) ;
#147 = CARTESIAN_POINT ( 'NONE',  ( -0.9450000000000000600, -2.800000000000001200, -0.9450000000000002800 ) ) ;
#148 = VECTOR ( 'NONE', #672, 1000.000000000000000 ) ;
#149 = DIRECTION ( 'NONE',  ( 1.668003342285392000E-016, 0.0000000000000000000, -1.000000000000000000 ) ) ;
#150 = ORIENTED_EDGE ( 'NONE', *, *, #487, .T. ) ;
#151 = DIRECTION ( 'NONE',  ( -1.668003342285392000E-016, -0.0000000000000000000, 1.000000000000000000 ) ) ;
#152 = ADVANCED_FACE ( 'NONE', ( #867 ), #1370, .T. ) ;
#153 = EDGE_CURVE ( 'NONE', #1580, #1418, #1234, .T. ) ;
#154 = ORIENTED_EDGE ( 'NONE', *, *, #1619, .T. ) ;
#155 = AXIS2_PLACEMENT_3D ( 'NONE', #919, #536, #400 ) ;
#156 = DIRECTION ( 'NONE',  ( 0.0000000000000000000, 0.0000000000000000000, 1.000000000000000000 ) ) ;
#157 = ORIENTED_EDGE ( 'NONE', *, *, #985, .F. ) ;
#158 = FACE_OUTER_BOUND ( 'NONE', #447, .T. ) ;
#159 = CARTESIAN_POINT ( 'NONE',  ( 2.540000000000000000, -3.000000000000000000, 0.0000000000000000000 ) ) ;
#160 = VECTOR ( 'NONE', #906, 1000.000000000000000 ) ;
#161 = EDGE_LOOP ( 'NONE', ( #528 ) ) ;
#162 = VECTOR ( 'NONE', #20, 1000.000000000000000 ) ;
#163 = DIRECTION ( 'NONE',  ( 0.0000000000000000000, 0.0000000000000000000, -1.000000000000000000 ) ) ;
#164 = VECTOR ( 'NONE', #1732, 1000.000000000000000 ) ;
#165 = FACE_BOUND ( 'NONE', #470, .T. ) ;
#166 = VECTOR ( 'NONE', #720, 1000.000000000000000 ) ;
#167 = CYLINDRICAL_SURFACE ( 'NONE', #718, 0.7500000000000000000 ) ;
#168 = CARTESIAN_POINT ( 'NONE',  ( -1.269999999999999600, 7.099999999999998800, 1.270000000000000000 ) ) ;
#169 = ORIENTED_EDGE ( 'NONE', *, *, #697, .T. ) ;
#170 = VERTEX_POINT ( 'NONE', #1354 ) ;
#171 = CARTESIAN_POINT ( 'NONE',  ( 0.9300000000000084900, -3.465000000000004300, 0.9300000000000084900 ) ) ;
#172 = EDGE_LOOP ( 'NONE', ( #517 ) ) ;
#173 = EDGE_LOOP ( 'NONE', ( #611, #820, #200, #1490 ) ) ;
#174 = EDGE_CURVE ( 'NONE', #765, #880, #1517, .T. ) ;
#175 = ORIENTED_EDGE ( 'NONE', *, *, #985, .T. ) ;
#176 = CALENDAR_DATE ( 2026, 29, 9 ) ;
#177 = EDGE_LOOP ( 'NONE', ( #737 ) ) ;
#178 = AXIS2_PLACEMENT_3D ( 'NONE', #16, #133, #676 ) ;
#179 = DIRECTION ( 'NONE',  ( 0.5773502691896225100, 0.5773502691896322800, -0.5773502691896222900 ) ) ;
#180 = ORIENTED_EDGE ( 'NONE', *, *, #1727, .F. ) ;
#181 = VERTEX_POINT ( 'NONE', #1477 ) ;
#182 = DIRECTION ( 'NONE',  ( 1.000000000000000000, 0.0000000000000000000, 0.0000000000000000000 ) ) ;
#183 = EDGE_LOOP ( 'NONE', ( #524, #331, #585, #139, #640, #1106, #219, #836 ) ) ;
#184 = DIRECTION ( 'NONE',  ( 0.0000000000000000000, -0.0000000000000000000, 1.000000000000000000 ) ) ;
#185 = VECTOR ( 'NONE', #460, 1000.000000000000000 ) ;
#186 = ORIENTED_EDGE ( 'NONE', *, *, #358, .T. ) ;
#187 = CIRCLE ( 'NONE', #1651, 4.049999999999999800 ) ;
#188 = ADVANCED_FACE ( 'NONE', ( #535 ), #283, .T. ) ;
#189 = AXIS2_PLACEMENT_3D ( 'NONE', #1568, #1547, #463 ) ;
#190 = DIRECTION ( 'NONE',  ( -0.0000000000000000000, 1.000000000000000000, -0.0000000000000000000 ) ) ;
#191 = ORIENTED_EDGE ( 'NONE', *, *, #697, .F. ) ;
#192 = PLANE ( 'NONE',  #100 ) ;
#193 = EDGE_LOOP ( 'NONE', ( #406 ) ) ;
#194 = ORIENTED_EDGE ( 'NONE', *, *, #75, .T. ) ;
#195 = PLANE ( 'NONE',  #1055 ) ;
#196 = CARTESIAN_POINT ( 'NONE',  ( -0.9450000000000000600, -3.000000000000000000, -0.9450000000000002800 ) ) ;
#197 = PLANE ( 'NONE',  #1014 ) ;
#198 = EDGE_CURVE ( 'NONE', #1315, #658, #106, .T. ) ;
#199 = AXIS2_PLACEMENT_3D ( 'NONE', #1008, #631, #606 ) ;
#200 = ORIENTED_EDGE ( 'NONE', *, *, #366, .T. ) ;
#201 = LINE ( 'NONE', #232, #160 ) ;
#202 = EDGE_LOOP ( 'NONE', ( #1459 ) ) ;
#203 = VECTOR ( 'NONE', #1355, 1000.000000000000000 ) ;
#204 = ADVANCED_BREP_SHAPE_REPRESENTATION ( '(HTX99R) Sensor Probe_Sensor Connector', ( #1042, #869 ), #782 ) ;
#205 = ORIENTED_EDGE ( 'NONE', *, *, #1461, .F. ) ;
#206 = DIRECTION ( 'NONE',  ( 1.000000000000000000, 0.0000000000000000000, 3.336006684570782600E-016 ) ) ;
#207 = VECTOR ( 'NONE', #24, 1000.000000000000000 ) ;
#208 = EDGE_CURVE ( 'NONE', #1633, #130, #1060, .T. ) ;
#209 = VECTOR ( 'NONE', #939, 1000.000000000000000 ) ;
#210 = EDGE_LOOP ( 'NONE', ( #27, #825, #1076, #150 ) ) ;
#211 = DIRECTION ( 'NONE',  ( -0.0000000000000000000, -1.000000000000000000, -0.0000000000000000000 ) ) ;
#212 = B_SPLINE_CURVE_WITH_KNOTS ( 'NONE', 3,
 ( #415, #815, #1512, #1652 ),
 .UNSPECIFIED., .F., .F.,
 ( 4, 4 ),
 ( 0.01602345071023569800, 0.01690413627052463400 ),
 .UNSPECIFIED. ) ;
#213 = CARTESIAN_POINT ( 'NONE',  ( -3.081222378851656600, 14.84110823250688500, 3.500000000000000000 ) ) ;
#214 = CARTESIAN_POINT ( 'NONE',  ( 0.9450000000000000600, 7.000000000000000000, 1.594999999999999800 ) ) ;
#215 = ORIENTED_EDGE ( 'NONE', *, *, #1649, .T. ) ;
#216 = DIRECTION ( 'NONE',  ( 0.5773502691896222900, -0.5773502691896322800, 0.5773502691896227300 ) ) ;
#217 = EDGE_LOOP ( 'NONE', ( #1734 ) ) ;
#218 = DIRECTION ( 'NONE',  ( 0.0000000000000000000, 0.0000000000000000000, 1.000000000000000000 ) ) ;
#219 = ORIENTED_EDGE ( 'NONE', *, *, #627, .T. ) ;
#220 = ORIENTED_EDGE ( 'NONE', *, *, #1527, .F. ) ;
#221 = PERSON_AND_ORGANIZATION_ROLE ( 'design_supplier' ) ;
#222 = CIRCLE ( 'NONE', #1109, 4.499999999999999100 ) ;
#223 = DIRECTION ( 'NONE',  ( -3.336006684570782600E-016, 0.0000000000000000000, 1.000000000000000000 ) ) ;
#224 = FACE_OUTER_BOUND ( 'NONE', #647, .T. ) ;
#225 = LINE ( 'NONE', #551, #1363 ) ;
#226 = DIRECTION ( 'NONE',  ( 0.0000000000000000000, 0.0000000000000000000, 1.000000000000000000 ) ) ;
#227 = VECTOR ( 'NONE', #777, 1000.000000000000100 ) ;
#228 = FACE_OUTER_BOUND ( 'NONE', #112, .T. ) ;
#229 = DIRECTION ( 'NONE',  ( -1.000000000000000000, 0.0000000000000000000, -1.668003342285392000E-016 ) ) ;
#230 = DIRECTION ( 'NONE',  ( 0.0000000000000000000, 1.000000000000000000, 0.0000000000000000000 ) ) ;
#231 = VECTOR ( 'NONE', #876, 1000.000000000000000 ) ;
#232 = CARTESIAN_POINT ( 'NONE',  ( 3.570714214271423400, 0.0000000000000000000, -3.500000000000000000 ) ) ;
#233 = EDGE_CURVE ( 'NONE', #1194, #1407, #280, .T. ) ;
#234 = CARTESIAN_POINT ( 'NONE',  ( -0.9450000000000000600, 7.000000000000000000, 1.594999999999999800 ) ) ;
#235 = CARTESIAN_POINT ( 'NONE',  ( 0.0000000000000000000, -3.000000000000000000, -1.144999999999995600 ) ) ;
#236 = CARTESIAN_POINT ( 'NONE',  ( -1.595000000000000000, -2.800000000000001200, 1.594999999999999800 ) ) ;
#237 = AXIS2_PLACEMENT_3D ( 'NONE', #458, #1540, #52 ) ;
#238 = EDGE_LOOP ( 'NONE', ( #1029 ) ) ;
#239 = DIRECTION ( 'NONE',  ( -0.0000000000000000000, 1.000000000000000000, -0.0000000000000000000 ) ) ;
#240 = VERTEX_POINT ( 'NONE', #147 ) ;
#241 = ORIENTED_EDGE ( 'NONE', *, *, #1085, .T. ) ;
#242 = CARTESIAN_POINT ( 'NONE',  ( 1.595000000000000000, 7.000000000000000000, 0.9450000000000000600 ) ) ;
#243 = EDGE_CURVE ( 'NONE', #1321, #1243, #1385, .T. ) ;
#244 = ORIENTED_EDGE ( 'NONE', *, *, #327, .T. ) ;
#245 = DIRECTION ( 'NONE',  ( -0.0000000000000000000, 1.000000000000000000, -0.0000000000000000000 ) ) ;
#246 = VECTOR ( 'NONE', #1161, 1000.000000000000000 ) ;
#247 = AXIS2_PLACEMENT_3D ( 'NONE', #409, #427, #281 ) ;
#248 = CIRCLE ( 'NONE', #396, 4.999999999999999100 ) ;
#249 = ORIENTED_EDGE ( 'NONE', *, *, #776, .F. ) ;
#250 = EDGE_LOOP ( 'NONE', ( #849, #1664, #1482, #505 ) ) ;
#251 = DIRECTION ( 'NONE',  ( 1.668003342285392000E-016, 0.0000000000000000000, -1.000000000000000000 ) ) ;
#252 = FACE_OUTER_BOUND ( 'NONE', #137, .T. ) ;
#253 = FACE_BOUND ( 'NONE', #607, .T. ) ;
#254 = DIRECTION ( 'NONE',  ( 0.0000000000000000000, -0.0000000000000000000, 1.000000000000000000 ) ) ;
#255 = FACE_OUTER_BOUND ( 'NONE', #495, .T. ) ;
#256 = CARTESIAN_POINT ( 'NONE',  ( -1.595000000000000000, -3.000000000000000000, -0.9450000000000002800 ) ) ;
#257 = FACE_OUTER_BOUND ( 'NONE', #1691, .T. ) ;
#258 = ORIENTED_EDGE ( 'NONE', *, *, #1277, .F. ) ;
#259 = ORIENTED_EDGE ( 'NONE', *, *, #65, .F. ) ;
#260 = ADVANCED_FACE ( 'NONE', ( #339 ), #816, .T. ) ;
#261 = CARTESIAN_POINT ( 'NONE',  ( -0.9300000000000084900, -3.465000000000004300, 0.9300000000000082600 ) ) ;
#262 = CARTESIAN_POINT ( 'NONE',  ( 1.595000000000000000, -2.800000000000001200, -0.9450000000000002800 ) ) ;
#263 = ORGANIZATION ( 'UNSPECIFIED', 'UNSPECIFIED', '' ) ;
#264 = DIRECTION ( 'NONE',  ( -1.000000000000000000, 0.0000000000000000000, 0.0000000000000000000 ) ) ;
#265 = EDGE_LOOP ( 'NONE', ( #630 ) ) ;
#266 = VERTEX_POINT ( 'NONE', #1465 ) ;
#267 = CARTESIAN_POINT ( 'NONE',  ( -6.396512550210522000, 12.00000000000000000, 3.500000000000000000 ) ) ;
#268 = ORIENTED_EDGE ( 'NONE', *, *, #233, .T. ) ;
#269 = EDGE_CURVE ( 'NONE', #119, #1694, #663, .T. ) ;
#270 = ADVANCED_FACE ( 'NONE', ( #1011, #1036 ), #963, .T. ) ;
#271 = DIRECTION ( 'NONE',  ( -0.0000000000000000000, -1.000000000000000000, -0.0000000000000000000 ) ) ;
#272 = VECTOR ( 'NONE', #1156, 1000.000000000000000 ) ;
#273 = ORIENTED_EDGE ( 'NONE', *, *, #512, .F. ) ;
#274 = AXIS2_PLACEMENT_3D ( 'NONE', #703, #129, #1074 ) ;
#275 = CARTESIAN_POINT ( 'NONE',  ( 0.9450000000000000600, 7.000000000000000000, 1.594999999999999800 ) ) ;
#276 = LINE ( 'NONE', #368, #464 ) ;
#277 = LINE ( 'NONE', #704, #11 ) ;
#278 = PLANE ( 'NONE',  #386 ) ;
#279 = VECTOR ( 'NONE', #1720, 1000.000000000000000 ) ;
#280 = LINE ( 'NONE', #275, #207 ) ;
#281 = DIRECTION ( 'NONE',  ( 0.0000000000000000000, 0.0000000000000000000, 1.000000000000000000 ) ) ;
#282 = ORIENTED_EDGE ( 'NONE', *, *, #430, .F. ) ;
#283 = PLANE ( 'NONE',  #569 ) ;
#284 = ADVANCED_FACE ( 'NONE', ( #1622 ), #44, .T. ) ;
#285 = ORIENTED_EDGE ( 'NONE', *, *, #1168, .T. ) ;
#286 = DIRECTION ( 'NONE',  ( 0.0000000000000000000, 0.0000000000000000000, -1.000000000000000000 ) ) ;
#287 = AXIS2_PLACEMENT_3D ( 'NONE', #1693, #1006, #1294 ) ;
#288 = PLANE ( 'NONE',  #1098 ) ;
#289 = CARTESIAN_POINT ( 'NONE',  ( -1.144999999999995100, -3.000000000000000000, -2.540000000000000000 ) ) ;
#290 = VERTEX_POINT ( 'NONE', #967 ) ;
#291 = APPROVAL_PERSON_ORGANIZATION ( #1265, #1425, #891 ) ;
#292 = ADVANCED_FACE ( 'NONE', ( #1740, #304, #1702, #622, #255 ), #579, .T. ) ;
#293 = DIRECTION ( 'NONE',  ( 0.0000000000000000000, 1.000000000000000000, 0.0000000000000000000 ) ) ;
#294 = ORIENTED_EDGE ( 'NONE', *, *, #1168, .F. ) ;
#295 = VECTOR ( 'NONE', #994, 1000.000000000000000 ) ;
#296 = DIRECTION ( 'NONE',  ( 0.0000000000000000000, 0.0000000000000000000, -1.000000000000000000 ) ) ;
#297 = VECTOR ( 'NONE', #1134, 1000.000000000000000 ) ;
#298 = EDGE_LOOP ( 'NONE', ( #1245, #1392, #1017, #1701 ) ) ;
#299 = LINE ( 'NONE', #625, #297 ) ;
#300 = FACE_OUTER_BOUND ( 'NONE', #1104, .T. ) ;
#301 = CARTESIAN_POINT ( 'NONE',  ( -1.595000000000000000, -3.000000000000000000, 0.9449999999999998400 ) ) ;
#302 = VECTOR ( 'NONE', #479, 1000.000000000000000 ) ;
#303 = DIRECTION ( 'NONE',  ( -0.0000000000000000000, 1.000000000000000000, -0.0000000000000000000 ) ) ;
#304 = FACE_BOUND ( 'NONE', #863, .T. ) ;
#305 = ADVANCED_FACE ( 'NONE', ( #1302 ), #1648, .T. ) ;
#306 = CARTESIAN_POINT ( 'NONE',  ( 1.776666666666665500, -2.618333333333332700, 0.7633333333333349700 ) ) ;
#307 = ORIENTED_EDGE ( 'NONE', *, *, #1129, .F. ) ;
#308 = CARTESIAN_POINT ( 'NONE',  ( 5.643832608496762900, 5.500000000000000000, 0.0000000000000000000 ) ) ;
#309 = EDGE_CURVE ( 'NONE', #856, #1022, #683, .T. ) ;
#310 = EDGE_LOOP ( 'NONE', ( #775, #1108, #1172, #1095 ) ) ;
#311 = ORIENTED_EDGE ( 'NONE', *, *, #859, .T. ) ;
#312 = LOCAL_TIME ( 13, 15, 13.00000000000000000, #1544 ) ;
#313 = ORIENTED_EDGE ( 'NONE', *, *, #945, .T. ) ;
#314 = CYLINDRICAL_SURFACE ( 'NONE', #1528, 0.7500000000000000000 ) ;
#315 = EDGE_CURVE ( 'NONE', #529, #77, #1575, .T. ) ;
#316 = CARTESIAN_POINT ( 'NONE',  ( -6.396512550210523800, 12.00000000000000000, -3.500000000000000000 ) ) ;
#317 = LINE ( 'NONE', #1627, #488 ) ;
#318 = CARTESIAN_POINT ( 'NONE',  ( 0.9450000000000000600, -3.000000000000000000, -0.9450000000000002800 ) ) ;
#319 = PLANE ( 'NONE',  #1189 ) ;
#320 = CARTESIAN_POINT ( 'NONE',  ( 1.595000000000000000, -2.800000000000001200, 0.9450000000000000600 ) ) ;
#321 = EDGE_LOOP ( 'NONE', ( #1498, #1196, #1286, #1045 ) ) ;
#322 = DIRECTION ( 'NONE',  ( 0.0000000000000000000, 0.0000000000000000000, -1.000000000000000000 ) ) ;
#323 = ORIENTED_EDGE ( 'NONE', *, *, #854, .T. ) ;
#324 = VERTEX_POINT ( 'NONE', #1110 ) ;
#325 = DIRECTION ( 'NONE',  ( 1.000000000000000000, 0.0000000000000000000, 3.336006684570782600E-016 ) ) ;
#326 = ORIENTED_EDGE ( 'NONE', *, *, #751, .F. ) ;
#327 = EDGE_CURVE ( 'NONE', #658, #77, #277, .T. ) ;
#328 = DIRECTION ( 'NONE',  ( -1.668003342285392000E-016, 0.0000000000000000000, 1.000000000000000000 ) ) ;
#329 = AXIS2_PLACEMENT_3D ( 'NONE', #850, #592, #286 ) ;
#330 = DIRECTION ( 'NONE',  ( 0.0000000000000000000, 0.0000000000000000000, -1.000000000000000000 ) ) ;
#331 = ORIENTED_EDGE ( 'NONE', *, *, #1023, .T. ) ;
#332 = DIRECTION ( 'NONE',  ( -1.000000000000000000, -0.0000000000000000000, -0.0000000000000000000 ) ) ;
#333 = VERTEX_POINT ( 'NONE', #438 ) ;
#334 = LINE ( 'NONE', #624, #295 ) ;
#335 = FACE_BOUND ( 'NONE', #753, .T. ) ;
#336 = ORIENTED_EDGE ( 'NONE', *, *, #198, .F. ) ;
#337 = EDGE_CURVE ( 'NONE', #103, #794, #1404, .T. ) ;
#338 = DIRECTION ( 'NONE',  ( 1.668003342285392000E-016, 0.0000000000000000000, -1.000000000000000000 ) ) ;
#339 = FACE_OUTER_BOUND ( 'NONE', #692, .T. ) ;
#340 = DIRECTION ( 'NONE',  ( 1.000000000000000000, 0.0000000000000000000, 0.0000000000000000000 ) ) ;
#341 = AXIS2_PLACEMENT_3D ( 'NONE', #1483, #931, #116 ) ;
#342 = ADVANCED_FACE ( 'NONE', ( #1211, #1326 ), #977, .F. ) ;
#343 = EDGE_LOOP ( 'NONE', ( #311 ) ) ;
#344 = CARTESIAN_POINT ( 'NONE',  ( -3.570714214271424300, 12.00000000000000000, -3.500000000000000000 ) ) ;
#345 = PLANE ( 'NONE',  #1065 ) ;
#346 = PERSON_AND_ORGANIZATION ( #1318, #263 ) ;
#347 = AXIS2_PLACEMENT_3D ( 'NONE', #903, #1464, #371 ) ;
#348 = CARTESIAN_POINT ( 'NONE',  ( 2.540000000000000000, -3.000000000000000000, -1.144999999999995600 ) ) ;
#349 = CC_DESIGN_SECURITY_CLASSIFICATION ( #1522, ( #893 ) ) ;
#350 = CARTESIAN_POINT ( 'NONE',  ( -2.828427124746189000, 15.00000000000000000, 3.500000000000000000 ) ) ;
#351 = ORIENTED_EDGE ( 'NONE', *, *, #1434, .T. ) ;
#352 = VECTOR ( 'NONE', #70, 1000.000000000000000 ) ;
#353 = ORIENTED_EDGE ( 'NONE', *, *, #1536, .F. ) ;
#354 = FACE_OUTER_BOUND ( 'NONE', #265, .T. ) ;
#355 = FACE_OUTER_BOUND ( 'NONE', #1356, .T. ) ;
#356 = CARTESIAN_POINT ( 'NONE',  ( 1.269999999999999800, 7.099999999999998800, -0.5199999999999996800 ) ) ;
#357 = CARTESIAN_POINT ( 'NONE',  ( -0.9450000000000000600, -3.000000000000000000, 1.144999999999995600 ) ) ;
#358 = EDGE_CURVE ( 'NONE', #658, #778, #360, .T. ) ;
#359 = DIRECTION ( 'NONE',  ( 0.0000000000000000000, -1.000000000000000000, -0.0000000000000000000 ) ) ;
#360 = LINE ( 'NONE', #1256, #600 ) ;
#361 = DATE_TIME_ROLE ( 'classification_date' ) ;
#362 = PLANE ( 'NONE',  #629 ) ;
#363 = CARTESIAN_POINT ( 'NONE',  ( 0.0000000000000000000, 7.000000000000000000, -5.500000000000000000 ) ) ;
#364 = ORIENTED_EDGE ( 'NONE', *, *, #1713, .F. ) ;
#365 = PLANE ( 'NONE',  #1400 ) ;
#366 = EDGE_CURVE ( 'NONE', #880, #1433, #812, .T. ) ;
#367 = EDGE_LOOP ( 'NONE', ( #244, #543, #273, #991 ) ) ;
#368 = CARTESIAN_POINT ( 'NONE',  ( -1.144999999999995400, -3.000000000000000000, 1.594999999999999800 ) ) ;
#369 = AXIS2_PLACEMENT_3D ( 'NONE', #896, #1032, #908 ) ;
#370 = VECTOR ( 'NONE', #216, 1000.000000000000000 ) ;
#371 = DIRECTION ( 'NONE',  ( 0.0000000000000000000, 0.0000000000000000000, -1.000000000000000000 ) ) ;
#372 = DIRECTION ( 'NONE',  ( 0.0000000000000000000, 0.0000000000000000000, 1.000000000000000000 ) ) ;
#373 = VECTOR ( 'NONE', #695, 1000.000000000000000 ) ;
#374 = CARTESIAN_POINT ( 'NONE',  ( 1.595000000000000000, -2.800000000000001200, 1.594999999999999800 ) ) ;
#375 = VECTOR ( 'NONE', #42, 1000.000000000000000 ) ;
#376 = DIRECTION ( 'NONE',  ( 0.0000000000000000000, 1.000000000000000000, 0.0000000000000000000 ) ) ;
#377 = LINE ( 'NONE', #649, #1555 ) ;
#378 = CARTESIAN_POINT ( 'NONE',  ( -1.595000000000000000, -2.800000000000001200, 0.9449999999999998400 ) ) ;
#379 = CARTESIAN_POINT ( 'NONE',  ( 1.269999999999999800, 15.00000000000000000, 2.220000000000002900 ) ) ;
#380 = FACE_BOUND ( 'NONE', #1133, .T. ) ;
#381 = VECTOR ( 'NONE', #693, 1000.000000000000000 ) ;
#382 = CARTESIAN_POINT ( 'NONE',  ( 1.144999999999995400, -3.000000000000000000, -1.395000000000004700 ) ) ;
#383 = DIRECTION ( 'NONE',  ( 1.000000000000000000, 0.0000000000000000000, 3.336006684570782600E-016 ) ) ;
#384 = VERTEX_POINT ( 'NONE', #835 ) ;
#385 = DIRECTION ( 'NONE',  ( 0.5773502691896225100, 0.5773502691896322800, -0.5773502691896222900 ) ) ;
#386 = AXIS2_PLACEMENT_3D ( 'NONE', #1097, #555, #149 ) ;
#387 = VERTEX_POINT ( 'NONE', #1395 ) ;
#388 = PLANE ( 'NONE',  #813 ) ;
#389 = DIRECTION ( 'NONE',  ( -0.0000000000000000000, 1.000000000000000000, -0.0000000000000000000 ) ) ;
#390 = CARTESIAN_POINT ( 'NONE',  ( 0.0000000000000000000, 5.500000000000000000, 0.0000000000000000000 ) ) ;
#391 = EDGE_LOOP ( 'NONE', ( #51 ) ) ;
#392 = EDGE_CURVE ( 'NONE', #53, #324, #1213, .T. ) ;
#393 = ADVANCED_FACE ( 'NONE', ( #1125, #810 ), #167, .F. ) ;
#394 = ORIENTED_EDGE ( 'NONE', *, *, #1629, .F. ) ;
#395 = CARTESIAN_POINT ( 'NONE',  ( 3.570714214271419900, 12.00000000000000000, 3.500000000000000000 ) ) ;
#396 = AXIS2_PLACEMENT_3D ( 'NONE', #1297, #483, #608 ) ;
#397 = CIRCLE ( 'NONE', #793, 0.7500000000000004400 ) ;
#398 = CARTESIAN_POINT ( 'NONE',  ( 0.9450000000000000600, -2.800000000000001200, -1.595000000000000200 ) ) ;
#399 = ORIENTED_EDGE ( 'NONE', *, *, #1335, .F. ) ;
#400 = DIRECTION ( 'NONE',  ( 0.0000000000000000000, -0.0000000000000000000, 1.000000000000000000 ) ) ;
#401 = CARTESIAN_POINT ( 'NONE',  ( 1.144999999999995400, -3.000000000000000000, -1.144999999999995600 ) ) ;
#402 = CARTESIAN_POINT ( 'NONE',  ( 0.0000000000000000000, 0.0000000000000000000, 0.0000000000000000000 ) ) ;
#403 = ADVANCED_FACE ( 'NONE', ( #1451 ), #1165, .T. ) ;
#404 = EDGE_CURVE ( 'NONE', #1243, #1176, #680, .T. ) ;
#405 = DIRECTION ( 'NONE',  ( -3.336006684570782600E-016, 0.0000000000000000000, 1.000000000000000000 ) ) ;
#406 = ORIENTED_EDGE ( 'NONE', *, *, #500, .T. ) ;
#407 = ORIENTED_EDGE ( 'NONE', *, *, #1727, .T. ) ;
#408 = AXIS2_PLACEMENT_3D ( 'NONE', #18, #933, #1233 ) ;
#409 = CARTESIAN_POINT ( 'NONE',  ( -1.270000000000000200, 15.00000000000000000, -1.270000000000000000 ) ) ;
#410 = EDGE_LOOP ( 'NONE', ( #1192, #653, #121, #1173 ) ) ;
#411 = DIRECTION ( 'NONE',  ( -1.000000000000000000, 0.0000000000000000000, -3.336006684570782600E-016 ) ) ;
#412 = EDGE_LOOP ( 'NONE', ( #710, #1150, #1709, #1587 ) ) ;
#413 = DIRECTION ( 'NONE',  ( 1.000000000000000000, 0.0000000000000000000, 0.0000000000000000000 ) ) ;
#414 = ADVANCED_FACE ( 'NONE', ( #491 ), #848, .T. ) ;
#415 = CARTESIAN_POINT ( 'NONE',  ( 2.828427124746185900, 15.00000000000000000, 3.500000000000000000 ) ) ;
#416 = DIRECTION ( 'NONE',  ( 0.0000000000000000000, 0.0000000000000000000, -1.000000000000000000 ) ) ;
#417 = VECTOR ( 'NONE', #95, 1000.000000000000000 ) ;
#418 = CARTESIAN_POINT ( 'NONE',  ( 1.595000000000000000, -3.000000000000000000, -0.9450000000000002800 ) ) ;
#419 = ORIENTED_EDGE ( 'NONE', *, *, #1682, .T. ) ;
#420 = EDGE_CURVE ( 'NONE', #240, #1543, #1449, .T. ) ;
#421 = LINE ( 'NONE', #1004, #272 ) ;
#422 = ORIENTED_EDGE ( 'NONE', *, *, #1376, .F. ) ;
#423 = CIRCLE ( 'NONE', #821, 4.099999999999999600 ) ;
#424 = AXIS2_PLACEMENT_3D ( 'NONE', #601, #724, #184 ) ;
#425 = VECTOR ( 'NONE', #245, 1000.000000000000000 ) ;
#426 = DIRECTION ( 'NONE',  ( 0.0000000000000000000, 0.0000000000000000000, -1.000000000000000000 ) ) ;
#427 = DIRECTION ( 'NONE',  ( -0.0000000000000000000, -1.000000000000000000, -0.0000000000000000000 ) ) ;
#428 = CARTESIAN_POINT ( 'NONE',  ( 0.0000000000000000000, 14.50000000000000000, 0.0000000000000000000 ) ) ;
#429 = ORIENTED_EDGE ( 'NONE', *, *, #404, .F. ) ;
#430 = EDGE_CURVE ( 'NONE', #1725, #638, #1122, .T. ) ;
#431 = EDGE_LOOP ( 'NONE', ( #1458, #336, #873, #294 ) ) ;
#432 = AXIS2_PLACEMENT_3D ( 'NONE', #1094, #1246, #33 ) ;
#433 = CARTESIAN_POINT ( 'NONE',  ( -1.776666666666665500, -2.618333333333332700, -1.776666666666666000 ) ) ;
#434 = ORIENTED_EDGE ( 'NONE', *, *, #1052, .F. ) ;
#435 = DIRECTION ( 'NONE',  ( -1.668003342285392000E-016, 0.0000000000000000000, 1.000000000000000000 ) ) ;
#436 = ORIENTED_EDGE ( 'NONE', *, *, #19, .T. ) ;
#437 = LOCAL_TIME ( 13, 15, 13.00000000000000000, #1669 ) ;
#438 = CARTESIAN_POINT ( 'NONE',  ( -3.570714214271424300, 12.00000000000000000, 3.500000000000000000 ) ) ;
#439 = ADVANCED_FACE ( 'NONE', ( #228 ), #599, .F. ) ;
#440 = LINE ( 'NONE', #1566, #352 ) ;
#441 = AXIS2_PLACEMENT_3D ( 'NONE', #811, #1635, #1514 ) ;
#442 = PRODUCT_RELATED_PRODUCT_CATEGORY ( 'detail', '', ( #1492 ) ) ;
#443 = DIRECTION ( 'NONE',  ( 0.5773502691896222900, -0.5773502691896322800, 0.5773502691896227300 ) ) ;
#444 = LINE ( 'NONE', #1284, #684 ) ;
#445 = VECTOR ( 'NONE', #736, 1000.000000000000000 ) ;
#446 = ADVANCED_FACE ( 'NONE', ( #907 ), #192, .F. ) ;
#447 = EDGE_LOOP ( 'NONE', ( #39 ) ) ;
#448 = DIRECTION ( 'NONE',  ( 0.5773502691896222900, -0.5773502691896322800, 0.5773502691896227300 ) ) ;
#449 = PRODUCT_DEFINITION_SHAPE ( 'NONE', 'NONE',  #114 ) ;
#450 = DIRECTION ( 'NONE',  ( -1.000000000000000000, 0.0000000000000000000, -1.668003342285392000E-016 ) ) ;
#451 = EDGE_CURVE ( 'NONE', #1415, #1694, #127, .T. ) ;
#452 = ORIENTED_EDGE ( 'NONE', *, *, #1120, .T. ) ;
#453 = CARTESIAN_POINT ( 'NONE',  ( 0.9450000000000000600, 7.000000000000000000, -1.595000000000000200 ) ) ;
#454 = AXIS2_PLACEMENT_3D ( 'NONE', #1432, #330, #748 ) ;
#455 = PLANE ( 'NONE',  #552 ) ;
#456 = DIRECTION ( 'NONE',  ( -1.668003342285392000E-016, -0.0000000000000000000, 1.000000000000000000 ) ) ;
#457 = EDGE_LOOP ( 'NONE', ( #1221 ) ) ;
#458 = CARTESIAN_POINT ( 'NONE',  ( 0.0000000000000000000, -3.000000000000000000, 1.395000000000004500 ) ) ;
#459 = VERTEX_POINT ( 'NONE', #1593 ) ;
#460 = DIRECTION ( 'NONE',  ( -1.000000000000000000, -0.0000000000000000000, -0.0000000000000000000 ) ) ;
#461 = LINE ( 'NONE', #418, #1068 ) ;
#462 = EDGE_CURVE ( 'NONE', #1320, #1315, #1167, .T. ) ;
#463 = DIRECTION ( 'NONE',  ( 0.0000000000000000000, 0.0000000000000000000, -1.000000000000000000 ) ) ;
#464 = VECTOR ( 'NONE', #1210, 1000.000000000000000 ) ;
#465 = AXIS2_PLACEMENT_3D ( 'NONE', #196, #1703, #864 ) ;
#466 = CARTESIAN_POINT ( 'NONE',  ( -0.9450000000000000600, 7.000000000000000000, 1.594999999999999800 ) ) ;
#467 = CARTESIAN_POINT ( 'NONE',  ( 3.570714214271400300, 14.50000000000002000, -3.500000000000000000 ) ) ;
#468 = VECTOR ( 'NONE', #909, 1000.000000000000000 ) ;
#469 = PLANE ( 'NONE',  #454 ) ;
#470 = EDGE_LOOP ( 'NONE', ( #1563, #1609, #510, #1231 ) ) ;
#471 = DIRECTION ( 'NONE',  ( 1.668003342285392000E-016, 0.0000000000000000000, -1.000000000000000000 ) ) ;
#472 = VERTEX_POINT ( 'NONE', #1126 ) ;
#473 = AXIS2_PLACEMENT_3D ( 'NONE', #1190, #1061, #788 ) ;
#474 = DIRECTION ( 'NONE',  ( 0.0000000000000000000, -1.000000000000000000, -0.0000000000000000000 ) ) ;
#475 = ORIENTED_EDGE ( 'NONE', *, *, #1248, .T. ) ;
#476 = CC_DESIGN_PERSON_AND_ORGANIZATION_ASSIGNMENT ( #633, #760, ( #1522 ) ) ;
#477 = CARTESIAN_POINT ( 'NONE',  ( 0.0000000000000000000, 12.00000000000000000, 0.0000000000000000000 ) ) ;
#478 = ORIENTED_EDGE ( 'NONE', *, *, #859, .F. ) ;
#479 = DIRECTION ( 'NONE',  ( 1.000000000000000000, 0.0000000000000000000, 3.336006684570782600E-016 ) ) ;
#480 = CARTESIAN_POINT ( 'NONE',  ( -1.395000000000004700, -3.000000000000000000, 0.9449999999999998400 ) ) ;
#481 = FACE_OUTER_BOUND ( 'NONE', #343, .T. ) ;
#482 = LINE ( 'NONE', #1671, #1443 ) ;
#483 = DIRECTION ( 'NONE',  ( 0.0000000000000000000, -1.000000000000000000, -0.0000000000000000000 ) ) ;
#484 = ORIENTED_EDGE ( 'NONE', *, *, #974, .F. ) ;
#485 = VECTOR ( 'NONE', #1626, 1000.000000000000000 ) ;
#486 = VECTOR ( 'NONE', #1534, 1000.000000000000000 ) ;
#487 = EDGE_CURVE ( 'NONE', #1453, #1542, #444, .T. ) ;
#488 = VECTOR ( 'NONE', #1059, 1000.000000000000000 ) ;
#489 = PLANE ( 'NONE',  #514 ) ;
#490 = AXIS2_PLACEMENT_3D ( 'NONE', #477, #874, #1560 ) ;
#491 = FACE_OUTER_BOUND ( 'NONE', #1607, .T. ) ;
#492 = CARTESIAN_POINT ( 'NONE',  ( 0.0000000000000000000, 7.000000000000000000, 0.0000000000000000000 ) ) ;
#493 = ORIENTED_EDGE ( 'NONE', *, *, #19, .F. ) ;
#494 = PERSON_AND_ORGANIZATION_ROLE ( 'creator' ) ;
#495 = EDGE_LOOP ( 'NONE', ( #1455, #502, #169, #690 ) ) ;
#496 = EDGE_CURVE ( 'NONE', #1311, #53, #1349, .T. ) ;
#497 = ORIENTED_EDGE ( 'NONE', *, *, #451, .F. ) ;
#498 = CARTESIAN_POINT ( 'NONE',  ( 1.269999999999999800, 14.79999999999999500, 1.270000000000000000 ) ) ;
#499 = ORIENTED_EDGE ( 'NONE', *, *, #550, .T. ) ;
#500 = EDGE_CURVE ( 'NONE', #1271, #1271, #886, .T. ) ;
#501 = DIRECTION ( 'NONE',  ( 1.000000000000000000, 0.0000000000000000000, 0.0000000000000000000 ) ) ;
#502 = ORIENTED_EDGE ( 'NONE', *, *, #560, .T. ) ;
#503 = DATE_AND_TIME ( #898, #1634 ) ;
#504 = CARTESIAN_POINT ( 'NONE',  ( 0.9450000000000000600, -2.800000000000001200, -0.9450000000000002800 ) ) ;
#505 = ORIENTED_EDGE ( 'NONE', *, *, #1423, .T. ) ;
#506 = EDGE_LOOP ( 'NONE', ( #803 ) ) ;
#507 = DIRECTION ( 'NONE',  ( 0.0000000000000000000, 0.0000000000000000000, 1.000000000000000000 ) ) ;
#508 = VECTOR ( 'NONE', #1736, 1000.000000000000100 ) ;
#509 = CARTESIAN_POINT ( 'NONE',  ( 1.595000000000000000, -3.000000000000000000, 1.594999999999999800 ) ) ;
#510 = ORIENTED_EDGE ( 'NONE', *, *, #1550, .F. ) ;
#511 = CARTESIAN_POINT ( 'NONE',  ( -1.595000000000000000, -3.000000000000000000, 0.9449999999999998400 ) ) ;
#512 = EDGE_CURVE ( 'NONE', #778, #529, #1535, .T. ) ;
#513 = CARTESIAN_POINT ( 'NONE',  ( 0.0000000000000000000, 0.0000000000000000000, 0.0000000000000000000 ) ) ;
#514 = AXIS2_PLACEMENT_3D ( 'NONE', #879, #1436, #1143 ) ;
#515 = DIRECTION ( 'NONE',  ( 0.5773502691896224000, -0.5773502691896322800, -0.5773502691896224000 ) ) ;
#516 = VERTEX_POINT ( 'NONE', #467 ) ;
#517 = ORIENTED_EDGE ( 'NONE', *, *, #1216, .F. ) ;
#518 = PLANE ( 'NONE',  #1623 ) ;
#519 = APPROVAL_ROLE ( '' ) ;
#520 = ORIENTED_EDGE ( 'NONE', *, *, #1142, .F. ) ;
#521 = EDGE_CURVE ( 'NONE', #1051, #1051, #1257, .T. ) ;
#522 = ORIENTED_EDGE ( 'NONE', *, *, #1335, .T. ) ;
#523 = CARTESIAN_POINT ( 'NONE',  ( 3.570714214271400300, 14.50000000000002000, -3.500000000000000000 ) ) ;
#524 = ORIENTED_EDGE ( 'NONE', *, *, #661, .T. ) ;
#525 = AXIS2_PLACEMENT_3D ( 'NONE', #597, #1386, #571 ) ;
#526 = LINE ( 'NONE', #1308, #370 ) ;
#527 = DIRECTION ( 'NONE',  ( 1.000000000000000000, 0.0000000000000000000, 0.0000000000000000000 ) ) ;
#528 = ORIENTED_EDGE ( 'NONE', *, *, #1216, .T. ) ;
#529 = VERTEX_POINT ( 'NONE', #1266 ) ;
#530 = FACE_OUTER_BOUND ( 'NONE', #431, .T. ) ;
#531 = FACE_OUTER_BOUND ( 'NONE', #217, .T. ) ;
#532 = FACE_BOUND ( 'NONE', #972, .T. ) ;
#533 = ORIENTED_EDGE ( 'NONE', *, *, #65, .T. ) ;
#534 = VECTOR ( 'NONE', #1327, 1000.000000000000000 ) ;
#535 = FACE_OUTER_BOUND ( 'NONE', #1615, .T. ) ;
#536 = DIRECTION ( 'NONE',  ( -0.0000000000000000000, 1.000000000000000000, 0.0000000000000000000 ) ) ;
#537 = CIRCLE ( 'NONE', #22, 5.500000000000000000 ) ;
#538 = VECTOR ( 'NONE', #332, 1000.000000000000000 ) ;
#539 = EDGE_CURVE ( 'NONE', #1212, #384, #1140, .T. ) ;
#540 = DIRECTION ( 'NONE',  ( 0.0000000000000000000, 1.000000000000000000, 0.0000000000000000000 ) ) ;
#541 = CARTESIAN_POINT ( 'NONE',  ( 2.539999999999999600, -3.000000000000000000, -1.395000000000004200 ) ) ;
#542 = AXIS2_PLACEMENT_3D ( 'NONE', #1631, #1057, #1741 ) ;
#543 = ORIENTED_EDGE ( 'NONE', *, *, #315, .F. ) ;
#544 = DIRECTION ( 'NONE',  ( -1.000000000000000000, 0.0000000000000000000, 0.0000000000000000000 ) ) ;
#545 = VERTEX_POINT ( 'NONE', #984 ) ;
#546 = DIRECTION ( 'NONE',  ( -1.000000000000000000, 0.0000000000000000000, -3.336006684570782600E-016 ) ) ;
#547 = ORIENTED_EDGE ( 'NONE', *, *, #309, .T. ) ;
#548 = DIRECTION ( 'NONE',  ( -0.0000000000000000000, 1.000000000000000000, -0.0000000000000000000 ) ) ;
#549 = EDGE_LOOP ( 'NONE', ( #749 ) ) ;
#550 = EDGE_CURVE ( 'NONE', #1591, #1591, #1475, .T. ) ;
#551 = CARTESIAN_POINT ( 'NONE',  ( 1.776666666666665500, -2.618333333333332700, -1.776666666666665100 ) ) ;
#552 = AXIS2_PLACEMENT_3D ( 'NONE', #852, #1262, #1660 ) ;
#553 = ADVANCED_FACE ( 'NONE', ( #1557 ), #197, .T. ) ;
#554 = LINE ( 'NONE', #1414, #185 ) ;
#555 = DIRECTION ( 'NONE',  ( 0.7071067811865535700, -0.7071067811865414700, 1.179456474371836700E-016 ) ) ;
#556 = ORIENTED_EDGE ( 'NONE', *, *, #550, .F. ) ;
#557 = CARTESIAN_POINT ( 'NONE',  ( 1.595000000000000000, 7.000000000000000000, -0.9450000000000002800 ) ) ;
#558 = VECTOR ( 'NONE', #1299, 1000.000000000000000 ) ;
#559 = DIRECTION ( 'NONE',  ( 0.0000000000000000000, 1.000000000000000000, 0.0000000000000000000 ) ) ;
#560 = EDGE_CURVE ( 'NONE', #832, #858, #104, .T. ) ;
#561 = PLANE ( 'NONE',  #1264 ) ;
#562 = AXIS2_PLACEMENT_3D ( 'NONE', #1177, #1310, #1330 ) ;
#563 = DIRECTION ( 'NONE',  ( -0.0000000000000000000, 0.0000000000000000000, 1.000000000000000000 ) ) ;
#564 = ORIENTED_EDGE ( 'NONE', *, *, #174, .F. ) ;
#565 = ORIENTED_EDGE ( 'NONE', *, *, #75, .F. ) ;
#566 = DIRECTION ( 'NONE',  ( 0.0000000000000000000, 0.0000000000000000000, -1.000000000000000000 ) ) ;
#567 = ADVANCED_FACE ( 'NONE', ( #1384, #741 ), #855, .F. ) ;
#568 = VERTEX_POINT ( 'NONE', #897 ) ;
#569 = AXIS2_PLACEMENT_3D ( 'NONE', #541, #1506, #687 ) ;
#570 = FACE_BOUND ( 'NONE', #1562, .T. ) ;
#571 = DIRECTION ( 'NONE',  ( 0.0000000000000000000, 0.0000000000000000000, -1.000000000000000000 ) ) ;
#572 = FACE_OUTER_BOUND ( 'NONE', #834, .T. ) ;
#573 = ORIENTED_EDGE ( 'NONE', *, *, #243, .F. ) ;
#574 = CC_DESIGN_DATE_AND_TIME_ASSIGNMENT ( #747, #361, ( #1522 ) ) ;
#575 = CARTESIAN_POINT ( 'NONE',  ( 1.395000000000004900, -3.000000000000000000, -2.540000000000000000 ) ) ;
#576 = VECTOR ( 'NONE', #826, 1000.000000000000000 ) ;
#577 = ADVANCED_FACE ( 'NONE', ( #1255 ), #644, .T. ) ;
#578 = PLANE ( 'NONE',  #1353 ) ;
#579 = PLANE ( 'NONE',  #1073 ) ;
#580 = EDGE_CURVE ( 'NONE', #1711, #529, #1282, .T. ) ;
#581 = AXIS2_PLACEMENT_3D ( 'NONE', #492, #1724, #1333 ) ;
#582 = CARTESIAN_POINT ( 'NONE',  ( -1.395000000000004700, -3.000000000000000000, 1.395000000000004500 ) ) ;
#583 = ORIENTED_EDGE ( 'NONE', *, *, #762, .T. ) ;
#584 = DIRECTION ( 'NONE',  ( 0.0000000000000000000, 0.0000000000000000000, -1.000000000000000000 ) ) ;
#585 = ORIENTED_EDGE ( 'NONE', *, *, #1598, .T. ) ;
#586 = PERSON_AND_ORGANIZATION ( #1318, #263 ) ;
#587 = DIRECTION ( 'NONE',  ( 0.0000000000000000000, 0.0000000000000000000, 1.000000000000000000 ) ) ;
#588 = ORIENTED_EDGE ( 'NONE', *, *, #974, .T. ) ;
#589 = DIRECTION ( 'NONE',  ( 0.0000000000000000000, 0.0000000000000000000, -1.000000000000000000 ) ) ;
#590 = EDGE_CURVE ( 'NONE', #290, #953, #1141, .T. ) ;
#591 = DIRECTION ( 'NONE',  ( -1.668003342285392000E-016, 0.0000000000000000000, 1.000000000000000000 ) ) ;
#592 = DIRECTION ( 'NONE',  ( -0.0000000000000000000, -1.000000000000000000, -0.0000000000000000000 ) ) ;
#593 = AXIS2_PLACEMENT_3D ( 'NONE', #1043, #657, #1721 ) ;
#594 = LINE ( 'NONE', #40, #1230 ) ;
#595 = VECTOR ( 'NONE', #251, 1000.000000000000000 ) ;
#596 = ADVANCED_FACE ( 'NONE', ( #1620 ), #1462, .F. ) ;
#597 = CARTESIAN_POINT ( 'NONE',  ( 0.0000000000000000000, -2.324674360896320000E-016, 0.0000000000000000000 ) ) ;
#598 = ORIENTED_EDGE ( 'NONE', *, *, #945, .F. ) ;
#599 = PLANE ( 'NONE',  #1511 ) ;
#600 = VECTOR ( 'NONE', #1096, 1000.000000000000000 ) ;
#601 = CARTESIAN_POINT ( 'NONE',  ( 1.269999999999999800, 7.099999999999998800, 1.270000000000000000 ) ) ;
#602 = EDGE_LOOP ( 'NONE', ( #787 ) ) ;
#603 = ORIENTED_EDGE ( 'NONE', *, *, #309, .F. ) ;
#604 = EDGE_CURVE ( 'NONE', #1433, #966, #1348, .T. ) ;
#605 = ORIENTED_EDGE ( 'NONE', *, *, #1038, .F. ) ;
#606 = DIRECTION ( 'NONE',  ( 0.0000000000000000000, 0.0000000000000000000, 1.000000000000000000 ) ) ;
#607 = EDGE_LOOP ( 'NONE', ( #307, #1288, #667, #258 ) ) ;
#608 = DIRECTION ( 'NONE',  ( 1.776356839400250500E-015, 0.0000000000000000000, 1.000000000000000000 ) ) ;
#609 = ORIENTED_EDGE ( 'NONE', *, *, #1358, .T. ) ;
#610 = DIRECTION ( 'NONE',  ( -3.336006684570782600E-016, 0.0000000000000000000, 1.000000000000000000 ) ) ;
#611 = ORIENTED_EDGE ( 'NONE', *, *, #1629, .T. ) ;
#612 = CARTESIAN_POINT ( 'NONE',  ( 1.395000000000004700, -3.000000000000000000, 1.395000000000004500 ) ) ;
#613 = CARTESIAN_POINT ( 'NONE',  ( 0.0000000000000000000, 0.0000000000000000000, 0.0000000000000000000 ) ) ;
#614 = CARTESIAN_POINT ( 'NONE',  ( -0.9449999999999999500, -2.800000000000001200, -1.595000000000000000 ) ) ;
#615 = LINE ( 'NONE', #132, #203 ) ;
#616 = ORIENTED_EDGE ( 'NONE', *, *, #38, .F. ) ;
#617 = LINE ( 'NONE', #912, #120 ) ;
#618 = FACE_OUTER_BOUND ( 'NONE', #789, .T. ) ;
#619 = DIRECTION ( 'NONE',  ( 0.0000000000000000000, -0.7071067811865414700, 0.7071067811865536800 ) ) ;
#620 = CARTESIAN_POINT ( 'NONE',  ( 2.828427124746185400, 15.00000000000000000, -3.500000000000000000 ) ) ;
#621 = LINE ( 'NONE', #763, #279 ) ;
#622 = FACE_BOUND ( 'NONE', #602, .T. ) ;
#623 = DIRECTION ( 'NONE',  ( 0.0000000000000000000, -0.0000000000000000000, 1.000000000000000000 ) ) ;
#624 = CARTESIAN_POINT ( 'NONE',  ( 0.9300000000000087100, -3.465000000000004300, -1.609999999999991700 ) ) ;
#625 = CARTESIAN_POINT ( 'NONE',  ( -1.595000000000000000, -3.000000000000000000, 1.395000000000004500 ) ) ;
#626 = ORIENTED_EDGE ( 'NONE', *, *, #496, .T. ) ;
#627 = EDGE_CURVE ( 'NONE', #516, #103, #682, .T. ) ;
#628 = CARTESIAN_POINT ( 'NONE',  ( 0.0000000000000000000, -3.000000000000000000, -2.540000000000000000 ) ) ;
#629 = AXIS2_PLACEMENT_3D ( 'NONE', #1047, #1184, #651 ) ;
#630 = ORIENTED_EDGE ( 'NONE', *, *, #776, .T. ) ;
#631 = DIRECTION ( 'NONE',  ( -0.0000000000000000000, -1.000000000000000000, -0.0000000000000000000 ) ) ;
#632 = ORIENTED_EDGE ( 'NONE', *, *, #1520, .T. ) ;
#633 = PERSON_AND_ORGANIZATION ( #1318, #263 ) ;
#634 = ORIENTED_EDGE ( 'NONE', *, *, #1670, .F. ) ;
#635 = APPROVAL_PERSON_ORGANIZATION ( #1223, #1241, #519 ) ;
#636 = EDGE_LOOP ( 'NONE', ( #353, #940, #1655, #1688 ) ) ;
#637 = SECURITY_CLASSIFICATION_LEVEL ( 'unclassified' ) ;
#638 = VERTEX_POINT ( 'NONE', #752 ) ;
#639 = CYLINDRICAL_SURFACE ( 'NONE', #829, 5.000000000000000900 ) ;
#640 = ORIENTED_EDGE ( 'NONE', *, *, #1179, .T. ) ;
#641 = CYLINDRICAL_SURFACE ( 'NONE', #562, 4.999999999999999100 ) ;
#642 = EDGE_CURVE ( 'NONE', #568, #568, #1010, .T. ) ;
#643 = APPROVAL_ROLE ( '' ) ;
#644 = PLANE ( 'NONE',  #1107 ) ;
#645 = CARTESIAN_POINT ( 'NONE',  ( 0.0000000000000000000, 8.000000000000000000, -4.049999999999999800 ) ) ;
#646 = ORIENTED_EDGE ( 'NONE', *, *, #642, .F. ) ;
#647 = EDGE_LOOP ( 'NONE', ( #1479, #1728, #351, #626 ) ) ;
#648 = EDGE_CURVE ( 'NONE', #1542, #1194, #884, .T. ) ;
#649 = CARTESIAN_POINT ( 'NONE',  ( 1.595000000000000000, -3.000000000000000000, 0.9450000000000000600 ) ) ;
#650 = AXIS2_PLACEMENT_3D ( 'NONE', #761, #1078, #675 ) ;
#651 = DIRECTION ( 'NONE',  ( -0.0000000000000000000, 0.0000000000000000000, 1.000000000000000000 ) ) ;
#652 = CARTESIAN_POINT ( 'NONE',  ( 0.0000000000000000000, -2.324674360896320000E-016, -4.500000000000007100 ) ) ;
#653 = ORIENTED_EDGE ( 'NONE', *, *, #837, .T. ) ;
#654 = VERTEX_POINT ( 'NONE', #1602 ) ;
#655 = EDGE_LOOP ( 'NONE', ( #1685, #936, #995, #1178 ) ) ;
#656 = CYLINDRICAL_SURFACE ( 'NONE', #1341, 4.099999999999999600 ) ;
#657 = DIRECTION ( 'NONE',  ( 0.0000000000000000000, 1.000000000000000000, 0.0000000000000000000 ) ) ;
#658 = VERTEX_POINT ( 'NONE', #1024 ) ;
#659 = CARTESIAN_POINT ( 'NONE',  ( -1.269999999999999600, 7.099999999999998800, 1.270000000000000000 ) ) ;
#660 = VECTOR ( 'NONE', #1600, 1000.000000000000000 ) ;
#661 = EDGE_CURVE ( 'NONE', #794, #333, #30, .T. ) ;
#662 = CARTESIAN_POINT ( 'NONE',  ( -0.9449999999999999500, -3.000000000000000000, 0.9450000000000000600 ) ) ;
#663 = LINE ( 'NONE', #1082, #576 ) ;
#664 = PLANE ( 'NONE',  #949 ) ;
#665 = ORIENTED_EDGE ( 'NONE', *, *, #679, .F. ) ;
#666 = DIRECTION ( 'NONE',  ( -1.668003342285392000E-016, -0.0000000000000000000, 1.000000000000000000 ) ) ;
#667 = ORIENTED_EDGE ( 'NONE', *, *, #590, .F. ) ;
#668 = CARTESIAN_POINT ( 'NONE',  ( -3.570714214271423400, 14.50000000000000000, -3.500000000000000000 ) ) ;
#669 = EDGE_CURVE ( 'NONE', #1232, #1176, #1719, .T. ) ;
#670 = ORIENTED_EDGE ( 'NONE', *, *, #1179, .F. ) ;
#671 = SHAPE_DEFINITION_REPRESENTATION ( #449, #204 ) ;
#672 = DIRECTION ( 'NONE',  ( 0.0000000000000000000, 0.0000000000000000000, 1.000000000000000000 ) ) ;
#673 = ADVANCED_FACE ( 'NONE', ( #1100, #380 ), #345, .T. ) ;
#674 = VERTEX_POINT ( 'NONE', #1027 ) ;
#675 = DIRECTION ( 'NONE',  ( 0.0000000000000000000, -0.0000000000000000000, 1.000000000000000000 ) ) ;
#676 = DIRECTION ( 'NONE',  ( 0.0000000000000000000, 0.0000000000000000000, 1.000000000000000000 ) ) ;
#677 = LINE ( 'NONE', #975, #839 ) ;
#678 = CIRCLE ( 'NONE', #1476, 4.099999999999999600 ) ;
#679 = EDGE_CURVE ( 'NONE', #1022, #1445, #621, .T. ) ;
#680 = LINE ( 'NONE', #1105, #1280 ) ;
#681 = DIRECTION ( 'NONE',  ( 1.000000000000000000, 0.0000000000000000000, 0.0000000000000000000 ) ) ;
#682 = CIRCLE ( 'NONE', #1199, 4.999999999999999100 ) ;
#683 = LINE ( 'NONE', #700, #166 ) ;
#684 = VECTOR ( 'NONE', #456, 1000.000000000000000 ) ;
#685 = PLANE ( 'NONE',  #90 ) ;
#686 = ORIENTED_EDGE ( 'NONE', *, *, #648, .F. ) ;
#687 = DIRECTION ( 'NONE',  ( -1.000000000000000000, 0.0000000000000000000, -3.336006684570782600E-016 ) ) ;
#688 = ORIENTED_EDGE ( 'NONE', *, *, #1369, .T. ) ;
#689 = CARTESIAN_POINT ( 'NONE',  ( 0.7633333333333346400, -2.618333333333332700, -1.776666666666666000 ) ) ;
#690 = ORIENTED_EDGE ( 'NONE', *, *, #539, .T. ) ;
#691 = CARTESIAN_POINT ( 'NONE',  ( -1.395000000000004700, -3.000000000000000000, -2.540000000000000000 ) ) ;
#692 = EDGE_LOOP ( 'NONE', ( #925, #707, #157, #131, #910, #1159 ) ) ;
#693 = DIRECTION ( 'NONE',  ( -1.000000000000000000, 0.0000000000000000000, -3.336006684570782600E-016 ) ) ;
#694 = ADVANCED_FACE ( 'NONE', ( #1427, #253, #1366, #1300, #165 ), #1582, .T. ) ;
#695 = DIRECTION ( 'NONE',  ( 1.000000000000000000, 0.0000000000000000000, 0.0000000000000000000 ) ) ;
#696 = VERTEX_POINT ( 'NONE', #918 ) ;
#697 = EDGE_CURVE ( 'NONE', #858, #1212, #1473, .T. ) ;
#698 = DIRECTION ( 'NONE',  ( 0.0000000000000000000, 0.0000000000000000000, -1.000000000000000000 ) ) ;
#699 = AXIS2_PLACEMENT_3D ( 'NONE', #348, #619, #1295 ) ;
#700 = CARTESIAN_POINT ( 'NONE',  ( 1.595000000000000000, -2.800000000000001200, -1.595000000000000000 ) ) ;
#701 = ORIENTED_EDGE ( 'NONE', *, *, #1561, .T. ) ;
#702 = ADVANCED_FACE ( 'NONE', ( #1681, #948 ), #1365, .F. ) ;
#703 = CARTESIAN_POINT ( 'NONE',  ( 1.269999999999999800, 14.79999999999999500, -1.270000000000000000 ) ) ;
#704 = CARTESIAN_POINT ( 'NONE',  ( 0.7633333333333346400, -2.618333333333332700, 0.7633333333333343100 ) ) ;
#705 = EDGE_CURVE ( 'NONE', #1315, #1453, #377, .T. ) ;
#706 = VECTOR ( 'NONE', #1628, 1000.000000000000000 ) ;
#707 = ORIENTED_EDGE ( 'NONE', *, *, #269, .F. ) ;
#708 = AXIS2_PLACEMENT_3D ( 'NONE', #1426, #1574, #1292 ) ;
#709 = CARTESIAN_POINT ( 'NONE',  ( -1.595000000000000000, -3.000000000000000000, 1.594999999999999800 ) ) ;
#710 = ORIENTED_EDGE ( 'NONE', *, *, #144, .F. ) ;
#711 = ADVANCED_FACE ( 'NONE', ( #1601 ), #1053, .F. ) ;
#712 = ORIENTED_EDGE ( 'NONE', *, *, #1258, .F. ) ;
#713 = DIRECTION ( 'NONE',  ( 0.0000000000000000000, 1.000000000000000000, 0.0000000000000000000 ) ) ;
#714 = EDGE_CURVE ( 'NONE', #953, #1148, #1163, .T. ) ;
#715 = DIRECTION ( 'NONE',  ( 1.668003342285392000E-016, 0.0000000000000000000, -1.000000000000000000 ) ) ;
#716 = EDGE_LOOP ( 'NONE', ( #241, #938, #1180, #205 ) ) ;
#717 = ORIENTED_EDGE ( 'NONE', *, *, #1358, .F. ) ;
#718 = AXIS2_PLACEMENT_3D ( 'NONE', #168, #35, #1117 ) ;
#719 = DIRECTION ( 'NONE',  ( 0.0000000000000000000, -1.000000000000000000, 0.0000000000000000000 ) ) ;
#720 = DIRECTION ( 'NONE',  ( 1.668003342285392000E-016, 0.0000000000000000000, -1.000000000000000000 ) ) ;
#721 = VECTOR ( 'NONE', #544, 1000.000000000000000 ) ;
#722 = CIRCLE ( 'NONE', #274, 0.7500000000000003300 ) ;
#723 = CIRCLE ( 'NONE', #12, 0.7500000000000004400 ) ;
#724 = DIRECTION ( 'NONE',  ( 0.0000000000000000000, 1.000000000000000000, 0.0000000000000000000 ) ) ;
#725 = DIRECTION ( 'NONE',  ( -0.0000000000000000000, 1.000000000000000000, -0.0000000000000000000 ) ) ;
#726 = LINE ( 'NONE', #1456, #67 ) ;
#727 = ORIENTED_EDGE ( 'NONE', *, *, #1561, .F. ) ;
#728 = EDGE_CURVE ( 'NONE', #516, #1212, #1731, .T. ) ;
#729 = CARTESIAN_POINT ( 'NONE',  ( -0.9449999999999999500, -2.800000000000001200, -1.595000000000000000 ) ) ;
#730 = AXIS2_PLACEMENT_3D ( 'NONE', #1480, #1745, #927 ) ;
#731 = CARTESIAN_POINT ( 'NONE',  ( 1.395000000000004700, -3.000000000000000000, -1.395000000000004500 ) ) ;
#732 = CARTESIAN_POINT ( 'NONE',  ( 0.0000000000000000000, 0.0000000000000000000, 0.0000000000000000000 ) ) ;
#733 = ADVANCED_FACE ( 'NONE', ( #1139 ), #786, .F. ) ;
#734 = ORIENTED_EDGE ( 'NONE', *, *, #97, .F. ) ;
#735 = CIRCLE ( 'NONE', #1145, 0.7500000000000003300 ) ;
#736 = DIRECTION ( 'NONE',  ( 1.668003342285392000E-016, 0.0000000000000000000, -1.000000000000000000 ) ) ;
#737 = ORIENTED_EDGE ( 'NONE', *, *, #642, .T. ) ;
#738 = CARTESIAN_POINT ( 'NONE',  ( 2.540000000000000000, -3.000000000000000000, 1.395000000000004500 ) ) ;
#739 = CARTESIAN_POINT ( 'NONE',  ( -1.270000000000000200, 7.099999999999998800, -1.270000000000000000 ) ) ;
#740 = EDGE_LOOP ( 'NONE', ( #1378 ) ) ;
#741 = FACE_BOUND ( 'NONE', #1408, .T. ) ;
#742 = VECTOR ( 'NONE', #101, 1000.000000000000000 ) ;
#743 = DIRECTION ( 'NONE',  ( 0.0000000000000000000, -0.0000000000000000000, 1.000000000000000000 ) ) ;
#744 = CARTESIAN_POINT ( 'NONE',  ( -1.595000000000000000, -2.800000000000001200, -1.595000000000000200 ) ) ;
#745 = DIRECTION ( 'NONE',  ( 0.0000000000000000000, 1.000000000000000000, 0.0000000000000000000 ) ) ;
#746 = EDGE_LOOP ( 'NONE', ( #734 ) ) ;
#747 = DATE_AND_TIME ( #176, #1484 ) ;
#748 = DIRECTION ( 'NONE',  ( -1.000000000000000000, 0.0000000000000000000, -0.0000000000000000000 ) ) ;
#749 = ORIENTED_EDGE ( 'NONE', *, *, #1258, .T. ) ;
#750 = CIRCLE ( 'NONE', #34, 0.9500000000000027300 ) ;
#751 = EDGE_CURVE ( 'NONE', #71, #1633, #276, .T. ) ;
#752 = CARTESIAN_POINT ( 'NONE',  ( -1.144999999999995400, -3.000000000000000000, -1.144999999999995600 ) ) ;
#753 = EDGE_LOOP ( 'NONE', ( #478 ) ) ;
#754 = LINE ( 'NONE', #1359, #721 ) ;
#755 = DATE_TIME_ROLE ( 'creation_date' ) ;
#756 = AXIS2_PLACEMENT_3D ( 'NONE', #846, #1254, #156 ) ;
#757 = CARTESIAN_POINT ( 'NONE',  ( 0.0000000000000000000, -2.324674360896320000E-016, 0.0000000000000000000 ) ) ;
#758 = VECTOR ( 'NONE', #163, 1000.000000000000000 ) ;
#759 = CARTESIAN_POINT ( 'NONE',  ( -1.595000000000000000, 7.000000000000000000, 0.9449999999999998400 ) ) ;
#760 = PERSON_AND_ORGANIZATION_ROLE ( 'classification_officer' ) ;
#761 = CARTESIAN_POINT ( 'NONE',  ( -1.270000000000000200, 7.099999999999998800, -1.270000000000000000 ) ) ;
#762 = EDGE_CURVE ( 'NONE', #71, #914, #779, .T. ) ;
#763 = CARTESIAN_POINT ( 'NONE',  ( 1.595000000000000000, -3.000000000000000000, -1.595000000000000000 ) ) ;
#764 = AXIS2_PLACEMENT_3D ( 'NONE', #55, #1454, #623 ) ;
#765 = VERTEX_POINT ( 'NONE', #1621 ) ;
#766 = CARTESIAN_POINT ( 'NONE',  ( 1.269999999999999800, 15.00000000000000000, -0.3199999999999969500 ) ) ;
#767 = DIRECTION ( 'NONE',  ( -0.0000000000000000000, 1.000000000000000000, -0.0000000000000000000 ) ) ;
#768 = ORIENTED_EDGE ( 'NONE', *, *, #1704, .F. ) ;
#769 = CARTESIAN_POINT ( 'NONE',  ( 0.9450000000000000600, -3.000000000000000000, 1.594999999999999800 ) ) ;
#770 = EDGE_LOOP ( 'NONE', ( #717 ) ) ;
#771 = VERTEX_POINT ( 'NONE', #1035 ) ;
#772 = DIRECTION ( 'NONE',  ( -1.668003342285392000E-016, 0.0000000000000000000, 1.000000000000000000 ) ) ;
#773 =( LENGTH_UNIT ( ) NAMED_UNIT ( * ) SI_UNIT ( .MILLI., .METRE. ) );
#774 = CARTESIAN_POINT ( 'NONE',  ( 1.595000000000000000, -2.800000000000001200, 0.9450000000000000600 ) ) ;
#775 = ORIENTED_EDGE ( 'NONE', *, *, #827, .F. ) ;
#776 = EDGE_CURVE ( 'NONE', #1672, #1672, #723, .T. ) ;
#777 = DIRECTION ( 'NONE',  ( 0.5773502691896225100, 0.5773502691896322800, -0.5773502691896222900 ) ) ;
#778 = VERTEX_POINT ( 'NONE', #915 ) ;
#779 = LINE ( 'NONE', #123, #227 ) ;
#780 = CARTESIAN_POINT ( 'NONE',  ( 0.9450000000000000600, -3.000000000000000000, -1.595000000000000200 ) ) ;
#781 = CARTESIAN_POINT ( 'NONE',  ( 0.0000000000000000000, 7.000000000000000000, -4.099999999999999600 ) ) ;
#782 =( GEOMETRIC_REPRESENTATION_CONTEXT ( 3 ) GLOBAL_UNCERTAINTY_ASSIGNED_CONTEXT ( ( #1531 ) ) GLOBAL_UNIT_ASSIGNED_CONTEXT ( ( #773, #911, #108 ) ) REPRESENTATION_CONTEXT ( 'NONE', 'WORKASPACE' ) );
#783 = VECTOR ( 'NONE', #1589, 1000.000000000000000 ) ;
#784 = CARTESIAN_POINT ( 'NONE',  ( 0.9450000000000000600, 7.000000000000000000, 0.9449999999999998400 ) ) ;
#785 = VECTOR ( 'NONE', #921, 1000.000000000000000 ) ;
#786 = PLANE ( 'NONE',  #730 ) ;
#787 = ORIENTED_EDGE ( 'NONE', *, *, #935, .T. ) ;
#788 = DIRECTION ( 'NONE',  ( -1.000000000000000000, 0.0000000000000000000, -3.336006684570782600E-016 ) ) ;
#789 = EDGE_LOOP ( 'NONE', ( #135, #1738, #1025, #285 ) ) ;
#790 = EDGE_CURVE ( 'NONE', #914, #953, #808, .T. ) ;
#791 = EDGE_LOOP ( 'NONE', ( #249 ) ) ;
#792 = DIRECTION ( 'NONE',  ( 0.0000000000000000000, 0.0000000000000000000, 1.000000000000000000 ) ) ;
#793 = AXIS2_PLACEMENT_3D ( 'NONE', #1306, #1149, #1437 ) ;
#794 = VERTEX_POINT ( 'NONE', #395 ) ;
#795 = PERSON_AND_ORGANIZATION ( #1318, #263 ) ;
#796 = PLANE ( 'NONE',  #155 ) ;
#797 = ORIENTED_EDGE ( 'NONE', *, *, #1023, .F. ) ;
#798 = DIRECTION ( 'NONE',  ( -0.0000000000000000000, 1.000000000000000000, -0.0000000000000000000 ) ) ;
#799 = LINE ( 'NONE', #1162, #164 ) ;
#800 = VECTOR ( 'NONE', #587, 1000.000000000000000 ) ;
#801 = CARTESIAN_POINT ( 'NONE',  ( 1.144999999999995400, -3.000000000000000000, 1.144999999999995400 ) ) ;
#802 = FACE_OUTER_BOUND ( 'NONE', #1393, .T. ) ;
#803 = ORIENTED_EDGE ( 'NONE', *, *, #1649, .F. ) ;
#804 = EDGE_CURVE ( 'NONE', #658, #1407, #1496, .T. ) ;
#805 = CARTESIAN_POINT ( 'NONE',  ( 0.9450000000000000600, 7.000000000000000000, 0.9449999999999998400 ) ) ;
#806 = CONICAL_SURFACE ( 'NONE', #178, 0.7500000000000003300, 0.7853981633974452800 ) ;
#807 = ADVANCED_FACE ( 'NONE', ( #1121, #29 ), #1007, .F. ) ;
#808 = LINE ( 'NONE', #662, #425 ) ;
#809 = CARTESIAN_POINT ( 'NONE',  ( 2.828427124746185400, 15.00000000000000000, -3.500000000000000000 ) ) ;
#810 = FACE_OUTER_BOUND ( 'NONE', #770, .T. ) ;
#811 = CARTESIAN_POINT ( 'NONE',  ( -6.396512550210523800, 12.00000000000000000, -3.500000000000000000 ) ) ;
#812 = LINE ( 'NONE', #1523, #951 ) ;
#813 = AXIS2_PLACEMENT_3D ( 'NONE', #267, #1350, #681 ) ;
#814 = ORIENTED_EDGE ( 'NONE', *, *, #208, .F. ) ;
#815 = CARTESIAN_POINT ( 'NONE',  ( 3.080451563448634500, 14.84159272032779200, 3.500000000000000000 ) ) ;
#816 = PLANE ( 'NONE',  #441 ) ;
#817 = EDGE_LOOP ( 'NONE', ( #727, #547, #1372, #21 ) ) ;
#818 = EDGE_CURVE ( 'NONE', #916, #1725, #145, .T. ) ;
#819 = ORIENTED_EDGE ( 'NONE', *, *, #913, .F. ) ;
#820 = ORIENTED_EDGE ( 'NONE', *, *, #174, .T. ) ;
#821 = AXIS2_PLACEMENT_3D ( 'NONE', #1608, #1707, #894 ) ;
#822 = ADVANCED_FACE ( 'NONE', ( #1058 ), #518, .T. ) ;
#823 = CARTESIAN_POINT ( 'NONE',  ( -1.595000000000000000, -3.000000000000000000, -0.9450000000000002800 ) ) ;
#824 = FACE_OUTER_BOUND ( 'NONE', #895, .T. ) ;
#825 = ORIENTED_EDGE ( 'NONE', *, *, #462, .T. ) ;
#826 = DIRECTION ( 'NONE',  ( -0.0000000000000000000, -1.000000000000000000, -0.0000000000000000000 ) ) ;
#827 = EDGE_CURVE ( 'NONE', #324, #1418, #317, .T. ) ;
#828 = VECTOR ( 'NONE', #264, 1000.000000000000000 ) ;
#829 = AXIS2_PLACEMENT_3D ( 'NONE', #613, #881, #1699 ) ;
#830 = DIRECTION ( 'NONE',  ( 0.5773502691896225100, 0.5773502691896322800, -0.5773502691896222900 ) ) ;
#831 = LINE ( 'NONE', #378, #468 ) ;
#832 = VERTEX_POINT ( 'NONE', #1195 ) ;
#833 = DIRECTION ( 'NONE',  ( 0.0000000000000000000, 0.0000000000000000000, -1.000000000000000000 ) ) ;
#834 = EDGE_LOOP ( 'NONE', ( #971 ) ) ;
#835 = CARTESIAN_POINT ( 'NONE',  ( -2.828427124746189400, 15.00000000000000000, -3.500000000000000000 ) ) ;
#836 = ORIENTED_EDGE ( 'NONE', *, *, #337, .T. ) ;
#837 = EDGE_CURVE ( 'NONE', #1334, #1726, #43, .T. ) ;
#838 = DIRECTION ( 'NONE',  ( 0.7071067811865535700, -0.7071067811865414700, 1.179456474371836700E-016 ) ) ;
#839 = VECTOR ( 'NONE', #1541, 1000.000000000000000 ) ;
#840 = FACE_BOUND ( 'NONE', #1088, .T. ) ;
#841 = CARTESIAN_POINT ( 'NONE',  ( -1.395000000000004700, -3.000000000000000000, 1.144999999999995400 ) ) ;
#842 = CARTESIAN_POINT ( 'NONE',  ( -0.9450000000000000600, 7.000000000000000000, -0.9450000000000002800 ) ) ;
#843 = EDGE_CURVE ( 'NONE', #1176, #387, #983, .T. ) ;
#844 = VECTOR ( 'NONE', #435, 1000.000000000000000 ) ;
#845 = AXIS2_PLACEMENT_3D ( 'NONE', #1505, #293, #138 ) ;
#846 = CARTESIAN_POINT ( 'NONE',  ( 0.0000000000000000000, 9.500000000000000000, 0.0000000000000000000 ) ) ;
#847 = ORIENTED_EDGE ( 'NONE', *, *, #1376, .T. ) ;
#848 = PLANE ( 'NONE',  #1328 ) ;
#849 = ORIENTED_EDGE ( 'NONE', *, *, #705, .F. ) ;
#850 = CARTESIAN_POINT ( 'NONE',  ( 0.0000000000000000000, 7.000000000000000000, 0.0000000000000000000 ) ) ;
#851 = ADVANCED_FACE ( 'NONE', ( #1383 ), #10, .T. ) ;
#852 = CARTESIAN_POINT ( 'NONE',  ( 1.144999999999995400, -3.000000000000000000, -2.540000000000000000 ) ) ;
#853 = ORIENTED_EDGE ( 'NONE', *, *, #1038, .T. ) ;
#854 = EDGE_CURVE ( 'NONE', #966, #1022, #225, .T. ) ;
#855 = PLANE ( 'NONE',  #764 ) ;
#856 = VERTEX_POINT ( 'NONE', #262 ) ;
#857 = CARTESIAN_POINT ( 'NONE',  ( -1.270000000000000200, 14.79999999999999500, -1.270000000000000000 ) ) ;
#858 = VERTEX_POINT ( 'NONE', #1218 ) ;
#859 = EDGE_CURVE ( 'NONE', #181, #181, #1533, .T. ) ;
#860 = VECTOR ( 'NONE', #179, 1000.000000000000100 ) ;
#861 = CARTESIAN_POINT ( 'NONE',  ( 0.0000000000000000000, 0.4999999999999976100, 0.0000000000000000000 ) ) ;
#862 = LINE ( 'NONE', #261, #508 ) ;
#863 = EDGE_LOOP ( 'NONE', ( #499 ) ) ;
#864 = DIRECTION ( 'NONE',  ( -1.668003342285392000E-016, 0.0000000000000000000, 1.000000000000000000 ) ) ;
#865 = VECTOR ( 'NONE', #1274, 1000.000000000000100 ) ;
#866 = CARTESIAN_POINT ( 'NONE',  ( 1.395000000000004900, -3.000000000000000000, -1.909863826916765900E-016 ) ) ;
#867 = FACE_OUTER_BOUND ( 'NONE', #889, .T. ) ;
#868 = EDGE_CURVE ( 'NONE', #858, #103, #212, .T. ) ;
#869 = AXIS2_PLACEMENT_3D ( 'NONE', #513, #1450, #501 ) ;
#870 = DIRECTION ( 'NONE',  ( 0.0000000000000000000, -1.000000000000000000, 0.0000000000000000000 ) ) ;
#871 = ORIENTED_EDGE ( 'NONE', *, *, #1598, .F. ) ;
#872 = CARTESIAN_POINT ( 'NONE',  ( 1.269999999999999800, 15.00000000000000000, 1.270000000000000000 ) ) ;
#873 = ORIENTED_EDGE ( 'NONE', *, *, #1085, .F. ) ;
#874 = DIRECTION ( 'NONE',  ( -0.0000000000000000000, 1.000000000000000000, 0.0000000000000000000 ) ) ;
#875 = EDGE_LOOP ( 'NONE', ( #853, #565, #1131, #220 ) ) ;
#876 = DIRECTION ( 'NONE',  ( -1.000000000000000000, -0.0000000000000000000, -0.0000000000000000000 ) ) ;
#877 = ADVANCED_FACE ( 'NONE', ( #252 ), #685, .F. ) ;
#878 = FACE_OUTER_BOUND ( 'NONE', #238, .T. ) ;
#879 = CARTESIAN_POINT ( 'NONE',  ( 0.9450000000000000600, -3.000000000000000000, -1.595000000000000200 ) ) ;
#880 = VERTEX_POINT ( 'NONE', #401 ) ;
#881 = DIRECTION ( 'NONE',  ( -0.0000000000000000000, -1.000000000000000000, -0.0000000000000000000 ) ) ;
#882 = LINE ( 'NONE', #784, #485 ) ;
#883 = ORIENTED_EDGE ( 'NONE', *, *, #1064, .T. ) ;
#884 = LINE ( 'NONE', #214, #534 ) ;
#885 = DIRECTION ( 'NONE',  ( -0.0000000000000000000, -1.000000000000000000, -0.0000000000000000000 ) ) ;
#886 = CIRCLE ( 'NONE', #189, 4.049999999999999800 ) ;
#887 = CARTESIAN_POINT ( 'NONE',  ( 0.9450000000000000600, -2.800000000000001200, -1.595000000000000200 ) ) ;
#888 = DIRECTION ( 'NONE',  ( 0.0000000000000000000, 0.0000000000000000000, -1.000000000000000000 ) ) ;
#889 = EDGE_LOOP ( 'NONE', ( #364, #616, #1663, #399 ) ) ;
#890 = AXIS2_PLACEMENT_3D ( 'NONE', #428, #1382, #566 ) ;
#891 = APPROVAL_ROLE ( '' ) ;
#892 = ORIENTED_EDGE ( 'NONE', *, *, #728, .T. ) ;
#893 = PRODUCT_DEFINITION_FORMATION_WITH_SPECIFIED_SOURCE ( 'ANY', '', #1492, .NOT_KNOWN. ) ;
#894 = DIRECTION ( 'NONE',  ( 0.0000000000000000000, 0.0000000000000000000, -1.000000000000000000 ) ) ;
#895 = EDGE_LOOP ( 'NONE', ( #497, #670 ) ) ;
#896 = CARTESIAN_POINT ( 'NONE',  ( 0.0000000000000000000, 7.000000000000000000, 0.0000000000000000000 ) ) ;
#897 = CARTESIAN_POINT ( 'NONE',  ( -1.270000000000000200, 7.099999999999998800, -0.5200000000000000200 ) ) ;
#898 = CALENDAR_DATE ( 2026, 29, 9 ) ;
#899 = DIRECTION ( 'NONE',  ( 0.5773502691896224000, -0.5773502691896322800, -0.5773502691896224000 ) ) ;
#900 = EDGE_LOOP ( 'NONE', ( #665, #1470, #960, #1127 ) ) ;
#901 = EDGE_CURVE ( 'NONE', #1543, #1115, #947, .T. ) ;
#902 = CARTESIAN_POINT ( 'NONE',  ( 0.0000000000000000000, 12.00000000000000000, 0.0000000000000000000 ) ) ;
#903 = CARTESIAN_POINT ( 'NONE',  ( 0.0000000000000000000, 0.0000000000000000000, 0.0000000000000000000 ) ) ;
#904 = APPROVAL_STATUS ( 'not_yet_approved' ) ;
#905 = AXIS2_PLACEMENT_3D ( 'NONE', #946, #1237, #1269 ) ;
#906 = DIRECTION ( 'NONE',  ( 0.0000000000000000000, 1.000000000000000000, 0.0000000000000000000 ) ) ;
#907 = FACE_OUTER_BOUND ( 'NONE', #250, .T. ) ;
#908 = DIRECTION ( 'NONE',  ( 0.0000000000000000000, -0.0000000000000000000, -1.000000000000000000 ) ) ;
#909 = DIRECTION ( 'NONE',  ( -1.000000000000000000, 0.0000000000000000000, -3.336006684570782600E-016 ) ) ;
#910 = ORIENTED_EDGE ( 'NONE', *, *, #728, .F. ) ;
#911 =( NAMED_UNIT ( * ) PLANE_ANGLE_UNIT ( ) SI_UNIT ( $, .RADIAN. ) );
#912 = CARTESIAN_POINT ( 'NONE',  ( 1.595000000000000000, -2.800000000000001200, -0.9450000000000002800 ) ) ;
#913 = EDGE_CURVE ( 'NONE', #1692, #1692, #678, .T. ) ;
#914 = VERTEX_POINT ( 'NONE', #1087 ) ;
#915 = CARTESIAN_POINT ( 'NONE',  ( 0.9450000000000000600, -2.800000000000001200, 1.594999999999999800 ) ) ;
#916 = VERTEX_POINT ( 'NONE', #1099 ) ;
#917 = ORIENTED_EDGE ( 'NONE', *, *, #1497, .F. ) ;
#918 = CARTESIAN_POINT ( 'NONE',  ( -1.269999999999999600, 7.099999999999998800, 2.020000000000000000 ) ) ;
#919 = CARTESIAN_POINT ( 'NONE',  ( 0.0000000000000000000, 12.00000000000000000, 0.0000000000000000000 ) ) ;
#920 = ORIENTED_EDGE ( 'NONE', *, *, #1151, .F. ) ;
#921 = DIRECTION ( 'NONE',  ( -0.0000000000000000000, 1.000000000000000000, -0.0000000000000000000 ) ) ;
#922 = ORIENTED_EDGE ( 'NONE', *, *, #1474, .F. ) ;
#923 = FACE_OUTER_BOUND ( 'NONE', #1666, .T. ) ;
#924 = DIRECTION ( 'NONE',  ( 0.0000000000000000000, 0.0000000000000000000, -1.000000000000000000 ) ) ;
#925 = ORIENTED_EDGE ( 'NONE', *, *, #451, .T. ) ;
#926 = AXIS2_PLACEMENT_3D ( 'NONE', #308, #1662, #1101 ) ;
#927 = DIRECTION ( 'NONE',  ( 0.0000000000000000000, 0.0000000000000000000, -1.000000000000000000 ) ) ;
#928 = CYLINDRICAL_SURFACE ( 'NONE', #1291, 0.7500000000000004400 ) ;
#929 = LINE ( 'NONE', #171, #486 ) ;
#930 = CC_DESIGN_PERSON_AND_ORGANIZATION_ASSIGNMENT ( #1000, #494, ( #114 ) ) ;
#931 = DIRECTION ( 'NONE',  ( 0.0000000000000000000, 1.000000000000000000, 0.0000000000000000000 ) ) ;
#932 = CARTESIAN_POINT ( 'NONE',  ( 0.9450000000000000600, -3.000000000000000000, 0.9449999999999998400 ) ) ;
#933 = DIRECTION ( 'NONE',  ( 2.358912948743672300E-016, -0.7071067811865415800, -0.7071067811865535700 ) ) ;
#934 = ADVANCED_FACE ( 'NONE', ( #1208, #532 ), #806, .F. ) ;
#935 = EDGE_CURVE ( 'NONE', #1338, #1338, #1618, .T. ) ;
#936 = ORIENTED_EDGE ( 'NONE', *, *, #1142, .T. ) ;
#937 = DIRECTION ( 'NONE',  ( 0.0000000000000000000, 0.0000000000000000000, -1.000000000000000000 ) ) ;
#938 = ORIENTED_EDGE ( 'NONE', *, *, #462, .F. ) ;
#939 = DIRECTION ( 'NONE',  ( 0.0000000000000000000, 0.0000000000000000000, -1.000000000000000000 ) ) ;
#940 = ORIENTED_EDGE ( 'NONE', *, *, #1581, .T. ) ;
#941 = VERTEX_POINT ( 'NONE', #356 ) ;
#942 = ADVANCED_FACE ( 'NONE', ( #1678 ), #288, .F. ) ;
#943 = VERTEX_POINT ( 'NONE', #1332 ) ;
#944 = DIRECTION ( 'NONE',  ( 0.5773502691896225100, 0.5773502691896323900, 0.5773502691896224000 ) ) ;
#945 = EDGE_CURVE ( 'NONE', #1135, #1135, #722, .T. ) ;
#946 = CARTESIAN_POINT ( 'NONE',  ( 2.539999999999999600, -3.000000000000000000, 1.144999999999995800 ) ) ;
#947 = LINE ( 'NONE', #1643, #1347 ) ;
#948 = FACE_BOUND ( 'NONE', #172, .T. ) ;
#949 = AXIS2_PLACEMENT_3D ( 'NONE', #113, #229, #772 ) ;
#950 = DIRECTION ( 'NONE',  ( -1.000000000000000000, 0.0000000000000000000, -1.668003342285392000E-016 ) ) ;
#951 = VECTOR ( 'NONE', #296, 1000.000000000000000 ) ;
#952 = ADVANCED_FACE ( 'NONE', ( #300 ), #146, .F. ) ;
#953 = VERTEX_POINT ( 'NONE', #1240 ) ;
#954 = CARTESIAN_POINT ( 'NONE',  ( 0.9450000000000000600, -2.800000000000001200, 0.9449999999999998400 ) ) ;
#955 = DIRECTION ( 'NONE',  ( -0.0000000000000000000, 1.000000000000000000, -0.0000000000000000000 ) ) ;
#956 = EDGE_CURVE ( 'NONE', #1445, #1232, #81, .T. ) ;
#957 = ADVANCED_FACE ( 'NONE', ( #1276 ), #578, .T. ) ;
#958 = CARTESIAN_POINT ( 'NONE',  ( 0.9450000000000000600, 7.000000000000000000, -0.9450000000000002800 ) ) ;
#959 = APPROVAL_DATE_TIME ( #1613, #1205 ) ;
#960 = ORIENTED_EDGE ( 'NONE', *, *, #57, .T. ) ;
#961 = DIRECTION ( 'NONE',  ( -1.668003342285392000E-016, -0.0000000000000000000, 1.000000000000000000 ) ) ;
#962 = EDGE_CURVE ( 'NONE', #1711, #1320, #929, .T. ) ;
#963 = CYLINDRICAL_SURFACE ( 'NONE', #31, 5.500000000000000000 ) ;
#964 = AXIS2_PLACEMENT_3D ( 'NONE', #110, #98, #1486 ) ;
#965 = CARTESIAN_POINT ( 'NONE',  ( -3.327280080492193400, 14.67384674434486900, -3.500000000000000000 ) ) ;
#966 = VERTEX_POINT ( 'NONE', #731 ) ;
#967 = CARTESIAN_POINT ( 'NONE',  ( -1.595000000000000000, 7.000000000000000000, 0.9449999999999998400 ) ) ;
#968 = ORIENTED_EDGE ( 'NONE', *, *, #901, .F. ) ;
#969 = DIRECTION ( 'NONE',  ( 0.0000000000000000000, -1.000000000000000000, 0.0000000000000000000 ) ) ;
#970 = DIRECTION ( 'NONE',  ( -0.7071067811865536800, -0.7071067811865414700, 0.0000000000000000000 ) ) ;
#971 = ORIENTED_EDGE ( 'NONE', *, *, #521, .F. ) ;
#972 = EDGE_LOOP ( 'NONE', ( #598 ) ) ;
#973 = APPROVAL_DATE_TIME ( #1569, #1425 ) ;
#974 = EDGE_CURVE ( 'NONE', #771, #771, #1119, .T. ) ;
#975 = CARTESIAN_POINT ( 'NONE',  ( -1.609999999999991400, -3.465000000000004300, -1.609999999999991700 ) ) ;
#976 = CC_DESIGN_APPROVAL ( #1241, ( #114 ) ) ;
#977 = PLANE ( 'NONE',  #926 ) ;
#978 = ADVANCED_FACE ( 'NONE', ( #618 ), #319, .T. ) ;
#979 = ORIENTED_EDGE ( 'NONE', *, *, #57, .F. ) ;
#980 = VECTOR ( 'NONE', #548, 1000.000000000000000 ) ;
#981 = PLANE ( 'NONE',  #1644 ) ;
#982 = VECTOR ( 'NONE', #725, 1000.000000000000000 ) ;
#983 = LINE ( 'NONE', #958, #1403 ) ;
#984 = CARTESIAN_POINT ( 'NONE',  ( 1.395000000000004700, -3.000000000000000000, 1.144999999999995600 ) ) ;
#985 = EDGE_CURVE ( 'NONE', #384, #119, #1584, .T. ) ;
#986 = PLANE ( 'NONE',  #424 ) ;
#987 = ADVANCED_FACE ( 'NONE', ( #355 ), #455, .T. ) ;
#988 = EDGE_LOOP ( 'NONE', ( #1039 ) ) ;
#989 = CC_DESIGN_PERSON_AND_ORGANIZATION_ASSIGNMENT ( #795, #83, ( #893 ) ) ;
#990 = CARTESIAN_POINT ( 'NONE',  ( 1.595000000000000000, -3.000000000000000000, 1.144999999999995600 ) ) ;
#991 = ORIENTED_EDGE ( 'NONE', *, *, #358, .F. ) ;
#992 = CARTESIAN_POINT ( 'NONE',  ( -6.396512550210523800, 15.00000000000000000, -3.500000000000000000 ) ) ;
#993 = ORIENTED_EDGE ( 'NONE', *, *, #560, .F. ) ;
#994 = DIRECTION ( 'NONE',  ( 0.5773502691896225100, 0.5773502691896323900, 0.5773502691896224000 ) ) ;
#995 = ORIENTED_EDGE ( 'NONE', *, *, #1497, .T. ) ;
#996 = CARTESIAN_POINT ( 'NONE',  ( 1.595000000000000000, 7.000000000000000000, -0.9450000000000002800 ) ) ;
#997 = EDGE_CURVE ( 'NONE', #1334, #290, #1322, .T. ) ;
#998 = CARTESIAN_POINT ( 'NONE',  ( -0.9450000000000000600, -3.000000000000000000, 1.594999999999999800 ) ) ;
#999 = ADVANCED_FACE ( 'NONE', ( #802 ), #1031, .T. ) ;
#1000 = PERSON_AND_ORGANIZATION ( #1318, #263 ) ;
#1001 = PLANE ( 'NONE',  #699 ) ;
#1002 = ORIENTED_EDGE ( 'NONE', *, *, #790, .T. ) ;
#1003 = AXIS2_PLACEMENT_3D ( 'NONE', #659, #1193, #2 ) ;
#1004 = CARTESIAN_POINT ( 'NONE',  ( -0.9450000000000000600, -2.800000000000001200, 1.594999999999999800 ) ) ;
#1005 = EDGE_LOOP ( 'NONE', ( #1674, #88, #194, #1169 ) ) ;
#1006 = DIRECTION ( 'NONE',  ( -0.0000000000000000000, -1.000000000000000000, -0.0000000000000000000 ) ) ;
#1007 = CYLINDRICAL_SURFACE ( 'NONE', #1316, 0.7500000000000003300 ) ;
#1008 = CARTESIAN_POINT ( 'NONE',  ( 0.0000000000000000000, 14.50000000000000000, 0.0000000000000000000 ) ) ;
#1009 = DIRECTION ( 'NONE',  ( 0.0000000000000000000, 0.0000000000000000000, 1.000000000000000000 ) ) ;
#1010 = CIRCLE ( 'NONE', #1390, 0.7500000000000000000 ) ;
#1011 = FACE_OUTER_BOUND ( 'NONE', #92, .T. ) ;
#1012 = DIRECTION ( 'NONE',  ( 0.0000000000000000000, -0.0000000000000000000, -1.000000000000000000 ) ) ;
#1013 = LINE ( 'NONE', #1640, #706 ) ;
#1014 = AXIS2_PLACEMENT_3D ( 'NONE', #866, #1421, #471 ) ;
#1015 = DIRECTION ( 'NONE',  ( -0.0000000000000000000, -1.000000000000000000, -0.0000000000000000000 ) ) ;
#1016 = CC_DESIGN_DATE_AND_TIME_ASSIGNMENT ( #136, #755, ( #114 ) ) ;
#1017 = ORIENTED_EDGE ( 'NONE', *, *, #997, .T. ) ;
#1018 = CARTESIAN_POINT ( 'NONE',  ( 0.9450000000000000600, 7.000000000000000000, -0.9450000000000002800 ) ) ;
#1019 = CARTESIAN_POINT ( 'NONE',  ( 5.500000000000000000, 7.000000000000000000, 0.0000000000000000000 ) ) ;
#1020 = EDGE_LOOP ( 'NONE', ( #215 ) ) ;
#1021 = LOCAL_TIME ( 13, 15, 13.00000000000000000, #117 ) ;
#1022 = VERTEX_POINT ( 'NONE', #1114 ) ;
#1023 = EDGE_CURVE ( 'NONE', #333, #170, #594, .T. ) ;
#1024 = CARTESIAN_POINT ( 'NONE',  ( 0.9450000000000000600, -2.800000000000001200, 0.9449999999999998400 ) ) ;
#1025 = ORIENTED_EDGE ( 'NONE', *, *, #315, .T. ) ;
#1026 = VECTOR ( 'NONE', #1182, 1000.000000000000000 ) ;
#1027 = CARTESIAN_POINT ( 'NONE',  ( 0.0000000000000000000, 8.000000000000000000, -5.500000000000000000 ) ) ;
#1028 = VECTOR ( 'NONE', #206, 1000.000000000000000 ) ;
#1029 = ORIENTED_EDGE ( 'NONE', *, *, #1507, .T. ) ;
#1030 = CARTESIAN_POINT ( 'NONE',  ( -0.9300000000000084900, -3.465000000000004300, -1.609999999999991900 ) ) ;
#1031 = CONICAL_SURFACE ( 'NONE', #1706, 4.999999999999999100, 0.7853981633974500600 ) ;
#1032 = DIRECTION ( 'NONE',  ( 0.0000000000000000000, -1.000000000000000000, 0.0000000000000000000 ) ) ;
#1033 = VECTOR ( 'NONE', #1080, 1000.000000000000000 ) ;
#1034 = VECTOR ( 'NONE', #1374, 1000.000000000000000 ) ;
#1035 = CARTESIAN_POINT ( 'NONE',  ( 0.0000000000000000000, 9.500000000000000000, 4.999999999999999100 ) ) ;
#1036 = FACE_OUTER_BOUND ( 'NONE', #1549, .T. ) ;
#1037 = CARTESIAN_POINT ( 'NONE',  ( -1.595000000000000000, 7.000000000000000000, 1.594999999999999800 ) ) ;
#1038 = EDGE_CURVE ( 'NONE', #1115, #916, #1617, .T. ) ;
#1039 = ORIENTED_EDGE ( 'NONE', *, *, #1397, .T. ) ;
#1040 = DIRECTION ( 'NONE',  ( 0.0000000000000000000, 1.000000000000000000, 0.0000000000000000000 ) ) ;
#1041 = AXIS2_PLACEMENT_3D ( 'NONE', #390, #559, #416 ) ;
#1042 = MANIFOLD_SOLID_BREP ( 'ÄÆ-µ¹Ãâ3', #1402 ) ;
#1043 = CARTESIAN_POINT ( 'NONE',  ( 5.000000000000000000, 8.000000000000000000, 0.0000000000000000000 ) ) ;
#1044 = CARTESIAN_POINT ( 'NONE',  ( 0.0000000000000000000, 5.500000000000000000, -5.000000000000000900 ) ) ;
#1045 = ORIENTED_EDGE ( 'NONE', *, *, #1409, .F. ) ;
#1046 = EDGE_LOOP ( 'NONE', ( #436 ) ) ;
#1047 = CARTESIAN_POINT ( 'NONE',  ( -1.395000000000004700, -3.000000000000000000, 0.0000000000000000000 ) ) ;
#1048 = CARTESIAN_POINT ( 'NONE',  ( 0.0000000000000000000, 0.4999999999999976100, -5.000000000000000900 ) ) ;
#1049 = CARTESIAN_POINT ( 'NONE',  ( 1.609999999999991700, -3.465000000000004300, -1.609999999999991900 ) ) ;
#1050 = VERTEX_POINT ( 'NONE', #841 ) ;
#1051 = VERTEX_POINT ( 'NONE', #1048 ) ;
#1052 = EDGE_CURVE ( 'NONE', #638, #240, #677, .T. ) ;
#1053 = PLANE ( 'NONE',  #1673 ) ;
#1054 = CIRCLE ( 'NONE', #329, 5.500000000000000000 ) ;
#1055 = AXIS2_PLACEMENT_3D ( 'NONE', #1019, #474, #58 ) ;
#1056 = VERTEX_POINT ( 'NONE', #582 ) ;
#1057 = DIRECTION ( 'NONE',  ( -0.0000000000000000000, -1.000000000000000000, -0.0000000000000000000 ) ) ;
#1058 = FACE_OUTER_BOUND ( 'NONE', #1487, .T. ) ;
#1059 = DIRECTION ( 'NONE',  ( -1.000000000000000000, -0.0000000000000000000, -0.0000000000000000000 ) ) ;
#1060 = LINE ( 'NONE', #1367, #1658 ) ;
#1061 = DIRECTION ( 'NONE',  ( 2.358912948743672300E-016, -0.7071067811865415800, -0.7071067811865535700 ) ) ;
#1062 = LINE ( 'NONE', #398, #1624 ) ;
#1063 = DIRECTION ( 'NONE',  ( -1.668003342285392000E-016, 0.0000000000000000000, 1.000000000000000000 ) ) ;
#1064 = EDGE_CURVE ( 'NONE', #1181, #1181, #1469, .T. ) ;
#1065 = AXIS2_PLACEMENT_3D ( 'NONE', #1447, #359, #87 ) ;
#1066 = DIRECTION ( 'NONE',  ( -0.0000000000000000000, -1.000000000000000000, -0.0000000000000000000 ) ) ;
#1067 = CARTESIAN_POINT ( 'NONE',  ( 3.327923648729878400, 14.67338714469404000, -3.500000000000000000 ) ) ;
#1068 = VECTOR ( 'NONE', #955, 1000.000000000000000 ) ;
#1069 = EDGE_CURVE ( 'NONE', #1726, #1337, #1075, .T. ) ;
#1070 = CARTESIAN_POINT ( 'NONE',  ( -0.9449999999999999500, -2.800000000000001200, 0.9450000000000000600 ) ) ;
#1071 = FACE_OUTER_BOUND ( 'NONE', #161, .T. ) ;
#1072 = ORIENTED_EDGE ( 'NONE', *, *, #1423, .F. ) ;
#1073 = AXIS2_PLACEMENT_3D ( 'NONE', #1653, #1667, #1537 ) ;
#1074 = DIRECTION ( 'NONE',  ( 0.0000000000000000000, 0.0000000000000000000, 1.000000000000000000 ) ) ;
#1075 = LINE ( 'NONE', #709, #982 ) ;
#1076 = ORIENTED_EDGE ( 'NONE', *, *, #705, .T. ) ;
#1077 = LINE ( 'NONE', #357, #1251 ) ;
#1078 = DIRECTION ( 'NONE',  ( 0.0000000000000000000, 1.000000000000000000, 0.0000000000000000000 ) ) ;
#1079 = FACE_OUTER_BOUND ( 'NONE', #1331, .T. ) ;
#1080 = DIRECTION ( 'NONE',  ( 0.0000000000000000000, 0.0000000000000000000, 1.000000000000000000 ) ) ;
#1081 = EDGE_LOOP ( 'NONE', ( #979, #1298, #1525, #1112 ) ) ;
#1082 = CARTESIAN_POINT ( 'NONE',  ( -3.570714214271423400, 0.0000000000000000000, -3.500000000000000000 ) ) ;
#1083 = DIRECTION ( 'NONE',  ( 1.000000000000000000, 0.0000000000000000000, 3.336006684570782600E-016 ) ) ;
#1084 = EDGE_LOOP ( 'NONE', ( #533, #1154, #111, #993, #1250, #797 ) ) ;
#1085 = EDGE_CURVE ( 'NONE', #545, #1315, #1714, .T. ) ;
#1086 = ADVANCED_FACE ( 'NONE', ( #1206 ), #1571, .T. ) ;
#1087 = CARTESIAN_POINT ( 'NONE',  ( -0.9449999999999999500, -2.800000000000001200, 0.9450000000000000600 ) ) ;
#1088 = EDGE_LOOP ( 'NONE', ( #1435 ) ) ;
#1089 = CC_DESIGN_PERSON_AND_ORGANIZATION_ASSIGNMENT ( #586, #221, ( #893 ) ) ;
#1090 = DIRECTION ( 'NONE',  ( -0.0000000000000000000, -1.000000000000000000, -0.0000000000000000000 ) ) ;
#1091 = ORIENTED_EDGE ( 'NONE', *, *, #804, .F. ) ;
#1092 = CARTESIAN_POINT ( 'NONE',  ( -1.595000000000000000, -2.800000000000001200, -0.9450000000000002800 ) ) ;
#1093 = EDGE_LOOP ( 'NONE', ( #259, #17 ) ) ;
#1094 = CARTESIAN_POINT ( 'NONE',  ( 0.9450000000000000600, -3.000000000000000000, 1.594999999999999800 ) ) ;
#1095 = ORIENTED_EDGE ( 'NONE', *, *, #1520, .F. ) ;
#1096 = DIRECTION ( 'NONE',  ( 0.0000000000000000000, 0.0000000000000000000, 1.000000000000000000 ) ) ;
#1097 = CARTESIAN_POINT ( 'NONE',  ( -1.144999999999995100, -3.000000000000000000, -1.909863826916765900E-016 ) ) ;
#1098 = AXIS2_PLACEMENT_3D ( 'NONE', #23, #950, #1229 ) ;
#1099 = CARTESIAN_POINT ( 'NONE',  ( -1.395000000000004700, -3.000000000000000000, -1.395000000000004700 ) ) ;
#1100 = FACE_OUTER_BOUND ( 'NONE', #1722, .T. ) ;
#1101 = DIRECTION ( 'NONE',  ( 0.0000000000000000000, 0.0000000000000000000, -1.000000000000000000 ) ) ;
#1102 = EDGE_LOOP ( 'NONE', ( #1460, #1188, #1538, #632 ) ) ;
#1103 = CARTESIAN_POINT ( 'NONE',  ( -3.570714214271423400, 14.50000000000000000, -3.500000000000000000 ) ) ;
#1104 = EDGE_LOOP ( 'NONE', ( #1091, #186, #1399, #268 ) ) ;
#1105 = CARTESIAN_POINT ( 'NONE',  ( 0.9450000000000000600, -3.000000000000000000, -0.9450000000000002800 ) ) ;
#1106 = ORIENTED_EDGE ( 'NONE', *, *, #1238, .T. ) ;
#1107 = AXIS2_PLACEMENT_3D ( 'NONE', #628, #1313, #1012 ) ;
#1108 = ORIENTED_EDGE ( 'NONE', *, *, #392, .F. ) ;
#1109 = AXIS2_PLACEMENT_3D ( 'NONE', #1344, #1207, #13 ) ;
#1110 = CARTESIAN_POINT ( 'NONE',  ( -0.9450000000000000600, 7.000000000000000000, -0.9450000000000002800 ) ) ;
#1111 = ADVANCED_FACE ( 'NONE', ( #531, #1552 ), #639, .T. ) ;
#1112 = ORIENTED_EDGE ( 'NONE', *, *, #843, .T. ) ;
#1113 = LINE ( 'NONE', #1430, #140 ) ;
#1114 = CARTESIAN_POINT ( 'NONE',  ( 1.595000000000000000, -2.800000000000001200, -1.595000000000000000 ) ) ;
#1115 = VERTEX_POINT ( 'NONE', #744 ) ;
#1116 = LINE ( 'NONE', #453, #1398 ) ;
#1117 = DIRECTION ( 'NONE',  ( 0.0000000000000000000, 0.0000000000000000000, 1.000000000000000000 ) ) ;
#1118 = VECTOR ( 'NONE', #515, 1000.000000000000100 ) ;
#1119 = CIRCLE ( 'NONE', #756, 4.999999999999999100 ) ;
#1120 = EDGE_CURVE ( 'NONE', #654, #654, #79, .T. ) ;
#1121 = FACE_OUTER_BOUND ( 'NONE', #1715, .T. ) ;
#1122 = LINE ( 'NONE', #1247, #844 ) ;
#1123 = DIRECTION ( 'NONE',  ( -0.0000000000000000000, -1.000000000000000000, -0.0000000000000000000 ) ) ;
#1124 = ORIENTED_EDGE ( 'NONE', *, *, #604, .F. ) ;
#1125 = FACE_OUTER_BOUND ( 'NONE', #47, .T. ) ;
#1126 = CARTESIAN_POINT ( 'NONE',  ( -1.395000000000004700, -3.000000000000000000, -1.144999999999995600 ) ) ;
#1127 = ORIENTED_EDGE ( 'NONE', *, *, #1550, .T. ) ;
#1128 = CARTESIAN_POINT ( 'NONE',  ( 0.0000000000000000000, -3.000000000000000000, 0.0000000000000000000 ) ) ;
#1129 = EDGE_CURVE ( 'NONE', #1148, #1337, #554, .T. ) ;
#1130 = ADVANCED_FACE ( 'NONE', ( #142 ), #469, .F. ) ;
#1131 = ORIENTED_EDGE ( 'NONE', *, *, #1351, .F. ) ;
#1132 = DIRECTION ( 'NONE',  ( 0.0000000000000000000, 0.0000000000000000000, 1.000000000000000000 ) ) ;
#1133 = EDGE_LOOP ( 'NONE', ( #493 ) ) ;
#1134 = DIRECTION ( 'NONE',  ( -1.000000000000000000, 0.0000000000000000000, 0.0000000000000000000 ) ) ;
#1135 = VERTEX_POINT ( 'NONE', #1175 ) ;
#1136 = DIRECTION ( 'NONE',  ( 0.0000000000000000000, -0.7071067811865414700, 0.7071067811865536800 ) ) ;
#1137 = LINE ( 'NONE', #1070, #595 ) ;
#1138 = ADVANCED_FACE ( 'NONE', ( #824 ), #54, .T. ) ;
#1139 = FACE_OUTER_BOUND ( 'NONE', #410, .T. ) ;
#1140 = LINE ( 'NONE', #992, #231 ) ;
#1141 = LINE ( 'NONE', #759, #660 ) ;
#1142 = EDGE_CURVE ( 'NONE', #1726, #130, #421, .T. ) ;
#1143 = DIRECTION ( 'NONE',  ( 1.000000000000000000, 0.0000000000000000000, 3.336006684570782600E-016 ) ) ;
#1144 = CIRCLE ( 'NONE', #347, 3.500000000000000000 ) ;
#1145 = AXIS2_PLACEMENT_3D ( 'NONE', #1185, #230, #372 ) ;
#1146 = ORIENTED_EDGE ( 'NONE', *, *, #827, .T. ) ;
#1147 = DIRECTION ( 'NONE',  ( 0.0000000000000000000, 1.000000000000000000, 0.0000000000000000000 ) ) ;
#1148 = VERTEX_POINT ( 'NONE', #466 ) ;
#1149 = DIRECTION ( 'NONE',  ( 0.0000000000000000000, 1.000000000000000000, 0.0000000000000000000 ) ) ;
#1150 = ORIENTED_EDGE ( 'NONE', *, *, #420, .T. ) ;
#1151 = EDGE_CURVE ( 'NONE', #1633, #1056, #299, .T. ) ;
#1152 = ORIENTED_EDGE ( 'NONE', *, *, #580, .F. ) ;
#1153 = DIRECTION ( 'NONE',  ( 0.0000000000000000000, 0.0000000000000000000, -1.000000000000000000 ) ) ;
#1154 = ORIENTED_EDGE ( 'NONE', *, *, #337, .F. ) ;
#1155 = COORDINATED_UNIVERSAL_TIME_OFFSET ( 9, 0, .AHEAD. ) ;
#1156 = DIRECTION ( 'NONE',  ( 1.000000000000000000, 0.0000000000000000000, 0.0000000000000000000 ) ) ;
#1157 = FACE_OUTER_BOUND ( 'NONE', #740, .T. ) ;
#1158 = LINE ( 'NONE', #1377, #800 ) ;
#1159 = ORIENTED_EDGE ( 'NONE', *, *, #1238, .F. ) ;
#1160 = LINE ( 'NONE', #1030, #62 ) ;
#1161 = DIRECTION ( 'NONE',  ( 1.000000000000000000, 0.0000000000000000000, 0.0000000000000000000 ) ) ;
#1162 = CARTESIAN_POINT ( 'NONE',  ( -1.595000000000000000, 7.000000000000000000, 1.594999999999999800 ) ) ;
#1163 = LINE ( 'NONE', #234, #1718 ) ;
#1164 = EDGE_CURVE ( 'NONE', #1543, #53, #440, .T. ) ;
#1165 = CONICAL_SURFACE ( 'NONE', #890, 4.999999999999999100, 0.7853981633974500600 ) ;
#1166 = DIRECTION ( 'NONE',  ( -0.0000000000000000000, -1.000000000000000000, -0.0000000000000000000 ) ) ;
#1167 = LINE ( 'NONE', #320, #445 ) ;
#1168 = EDGE_CURVE ( 'NONE', #77, #545, #1202, .T. ) ;
#1169 = ORIENTED_EDGE ( 'NONE', *, *, #818, .T. ) ;
#1170 = CARTESIAN_POINT ( 'NONE',  ( -1.144999999999995400, -3.000000000000000000, -1.395000000000004500 ) ) ;
#1171 = CC_DESIGN_APPROVAL ( #1425, ( #893 ) ) ;
#1172 = ORIENTED_EDGE ( 'NONE', *, *, #496, .F. ) ;
#1173 = ORIENTED_EDGE ( 'NONE', *, *, #1277, .T. ) ;
#1174 = EDGE_LOOP ( 'NONE', ( #646 ) ) ;
#1175 = CARTESIAN_POINT ( 'NONE',  ( 1.269999999999999800, 14.79999999999999500, -0.5199999999999996800 ) ) ;
#1176 = VERTEX_POINT ( 'NONE', #1684 ) ;
#1177 = CARTESIAN_POINT ( 'NONE',  ( 0.0000000000000000000, 0.0000000000000000000, 0.0000000000000000000 ) ) ;
#1178 = ORIENTED_EDGE ( 'NONE', *, *, #1129, .T. ) ;
#1179 = EDGE_CURVE ( 'NONE', #1694, #1415, #248, .T. ) ;
#1180 = ORIENTED_EDGE ( 'NONE', *, *, #962, .F. ) ;
#1181 = VERTEX_POINT ( 'NONE', #652 ) ;
#1182 = DIRECTION ( 'NONE',  ( 0.0000000000000000000, 0.0000000000000000000, -1.000000000000000000 ) ) ;
#1183 = ORIENTED_EDGE ( 'NONE', *, *, #913, .T. ) ;
#1184 = DIRECTION ( 'NONE',  ( -0.7071067811865536800, -0.7071067811865414700, 0.0000000000000000000 ) ) ;
#1185 = CARTESIAN_POINT ( 'NONE',  ( 1.269999999999999800, 7.099999999999998800, -1.270000000000000000 ) ) ;
#1186 = FACE_BOUND ( 'NONE', #193, .T. ) ;
#1187 = CARTESIAN_POINT ( 'NONE',  ( 1.269999999999999800, 7.099999999999998800, 1.270000000000000000 ) ) ;
#1188 = ORIENTED_EDGE ( 'NONE', *, *, #1527, .T. ) ;
#1189 = AXIS2_PLACEMENT_3D ( 'NONE', #159, #719, #1529 ) ;
#1190 = CARTESIAN_POINT ( 'NONE',  ( -3.819727653833532400E-016, -3.000000000000000000, -1.395000000000004200 ) ) ;
#1191 = APPLICATION_PROTOCOL_DEFINITION ( 'international standard', 'config_control_design', 1994, #1723 ) ;
#1192 = ORIENTED_EDGE ( 'NONE', *, *, #997, .F. ) ;
#1193 = DIRECTION ( 'NONE',  ( 0.0000000000000000000, 1.000000000000000000, 0.0000000000000000000 ) ) ;
#1194 = VERTEX_POINT ( 'NONE', #64 ) ;
#1195 = CARTESIAN_POINT ( 'NONE',  ( -2.828427124746189000, 15.00000000000000000, 3.500000000000000000 ) ) ;
#1196 = ORIENTED_EDGE ( 'NONE', *, *, #1682, .F. ) ;
#1197 = CARTESIAN_POINT ( 'NONE',  ( -6.396512550210522000, 12.00000000000000000, 3.500000000000000000 ) ) ;
#1198 = LINE ( 'NONE', #509, #417 ) ;
#1199 = AXIS2_PLACEMENT_3D ( 'NONE', #1576, #1166, #507 ) ;
#1200 = CARTESIAN_POINT ( 'NONE',  ( -1.595000000000000000, -2.800000000000001200, 1.594999999999999800 ) ) ;
#1201 = LINE ( 'NONE', #76, #246 ) ;
#1202 = LINE ( 'NONE', #990, #1028 ) ;
#1203 = CONICAL_SURFACE ( 'NONE', #1573, 0.7500000000000000000, 0.7853981633974450600 ) ;
#1204 = DIRECTION ( 'NONE',  ( -0.0000000000000000000, 1.000000000000000000, -0.0000000000000000000 ) ) ;
#1205 = APPROVAL ( #1457, 'UNSPECIFIED' ) ;
#1206 = FACE_OUTER_BOUND ( 'NONE', #173, .T. ) ;
#1207 = DIRECTION ( 'NONE',  ( 0.0000000000000000000, 1.000000000000000000, 0.0000000000000000000 ) ) ;
#1208 = FACE_OUTER_BOUND ( 'NONE', #457, .T. ) ;
#1209 = VECTOR ( 'NONE', #182, 1000.000000000000000 ) ;
#1210 = DIRECTION ( 'NONE',  ( -1.668003342285392000E-016, 0.0000000000000000000, 1.000000000000000000 ) ) ;
#1211 = FACE_OUTER_BOUND ( 'NONE', #202, .T. ) ;
#1212 = VERTEX_POINT ( 'NONE', #620 ) ;
#1213 = LINE ( 'NONE', #842, #1641 ) ;
#1214 = CARTESIAN_POINT ( 'NONE',  ( 0.0000000000000000000, 9.500000000000000000, 0.0000000000000000000 ) ) ;
#1215 = ORIENTED_EDGE ( 'NONE', *, *, #627, .F. ) ;
#1216 = EDGE_CURVE ( 'NONE', #943, #943, #397, .T. ) ;
#1217 = ADVANCED_FACE ( 'NONE', ( #1530 ), #1689, .F. ) ;
#1218 = CARTESIAN_POINT ( 'NONE',  ( 2.828427124746185900, 15.00000000000000000, 3.500000000000000000 ) ) ;
#1219 = DESIGN_CONTEXT ( 'detailed design', #1314, 'design' ) ;
#1220 = CARTESIAN_POINT ( 'NONE',  ( -0.9450000000000000600, -3.000000000000000000, 1.594999999999999800 ) ) ;
#1221 = ORIENTED_EDGE ( 'NONE', *, *, #1642, .F. ) ;
#1222 = ORIENTED_EDGE ( 'NONE', *, *, #837, .F. ) ;
#1223 = PERSON_AND_ORGANIZATION ( #1318, #263 ) ;
#1224 = DIRECTION ( 'NONE',  ( -0.0000000000000000000, -1.000000000000000000, -0.0000000000000000000 ) ) ;
#1225 = ADVANCED_FACE ( 'NONE', ( #481, #1654 ), #314, .F. ) ;
#1226 = CARTESIAN_POINT ( 'NONE',  ( -1.595000000000000000, -3.000000000000000000, -0.9450000000000002800 ) ) ;
#1227 = CIRCLE ( 'NONE', #199, 4.999999999999999100 ) ;
#1228 = EDGE_CURVE ( 'NONE', #170, #832, #1343, .T. ) ;
#1229 = DIRECTION ( 'NONE',  ( -1.668003342285392000E-016, 0.0000000000000000000, 1.000000000000000000 ) ) ;
#1230 = VECTOR ( 'NONE', #713, 1000.000000000000000 ) ;
#1231 = ORIENTED_EDGE ( 'NONE', *, *, #843, .F. ) ;
#1232 = VERTEX_POINT ( 'NONE', #996 ) ;
#1233 = DIRECTION ( 'NONE',  ( -1.000000000000000000, 0.0000000000000000000, -3.336006684570782600E-016 ) ) ;
#1234 = LINE ( 'NONE', #256, #1368 ) ;
#1235 = ADVANCED_FACE ( 'NONE', ( #572, #1700 ), #1346, .T. ) ;
#1236 = DIRECTION ( 'NONE',  ( -0.7071067811865536800, -0.7071067811865414700, 0.0000000000000000000 ) ) ;
#1237 = DIRECTION ( 'NONE',  ( 2.358912948743672300E-016, -0.7071067811865415800, -0.7071067811865535700 ) ) ;
#1238 = EDGE_CURVE ( 'NONE', #1415, #516, #201, .T. ) ;
#1239 = ORIENTED_EDGE ( 'NONE', *, *, #1064, .F. ) ;
#1240 = CARTESIAN_POINT ( 'NONE',  ( -0.9449999999999999500, 7.000000000000000000, 0.9450000000000000600 ) ) ;
#1241 = APPROVAL ( #904, 'UNSPECIFIED' ) ;
#1242 = DIRECTION ( 'NONE',  ( 0.7071067811865535700, -0.7071067811865414700, 1.179456474371836700E-016 ) ) ;
#1243 = VERTEX_POINT ( 'NONE', #504 ) ;
#1244 = ORIENTED_EDGE ( 'NONE', *, *, #97, .T. ) ;
#1245 = ORIENTED_EDGE ( 'NONE', *, *, #790, .F. ) ;
#1246 = DIRECTION ( 'NONE',  ( 1.000000000000000000, 0.0000000000000000000, 0.0000000000000000000 ) ) ;
#1247 = CARTESIAN_POINT ( 'NONE',  ( -1.144999999999995400, -3.000000000000000000, -0.9450000000000002800 ) ) ;
#1248 = EDGE_CURVE ( 'NONE', #1243, #856, #617, .T. ) ;
#1249 = LINE ( 'NONE', #143, #162 ) ;
#1250 = ORIENTED_EDGE ( 'NONE', *, *, #1228, .F. ) ;
#1251 = VECTOR ( 'NONE', #91, 1000.000000000000000 ) ;
#1252 = ADVANCED_FACE ( 'NONE', ( #1071, #1656 ), #928, .F. ) ;
#1253 = AXIS2_PLACEMENT_3D ( 'NONE', #691, #1236, #1647 ) ;
#1254 = DIRECTION ( 'NONE',  ( -0.0000000000000000000, -1.000000000000000000, -0.0000000000000000000 ) ) ;
#1255 = FACE_OUTER_BOUND ( 'NONE', #1005, .T. ) ;
#1256 = CARTESIAN_POINT ( 'NONE',  ( 0.9450000000000000600, -2.800000000000001200, 1.594999999999999800 ) ) ;
#1257 = CIRCLE ( 'NONE', #46, 5.000000000000000900 ) ;
#1258 = EDGE_CURVE ( 'NONE', #266, #266, #1420, .T. ) ;
#1259 = ADVANCED_FACE ( 'NONE', ( #1381, #1323 ), #641, .T. ) ;
#1260 = AXIS2_PLACEMENT_3D ( 'NONE', #235, #1616, #527 ) ;
#1261 = ORIENTED_EDGE ( 'NONE', *, *, #935, .F. ) ;
#1262 = DIRECTION ( 'NONE',  ( -0.7071067811865536800, -0.7071067811865414700, 0.0000000000000000000 ) ) ;
#1263 = ORIENTED_EDGE ( 'NONE', *, *, #420, .F. ) ;
#1264 = AXIS2_PLACEMENT_3D ( 'NONE', #318, #322, #1279 ) ;
#1265 = PERSON_AND_ORGANIZATION ( #1318, #263 ) ;
#1266 = CARTESIAN_POINT ( 'NONE',  ( 1.144999999999995400, -3.000000000000000000, 1.395000000000004500 ) ) ;
#1267 = EDGE_LOOP ( 'NONE', ( #1411, #520, #847, #920 ) ) ;
#1268 = VERTEX_POINT ( 'NONE', #1324 ) ;
#1269 = DIRECTION ( 'NONE',  ( -1.000000000000000000, 0.0000000000000000000, -3.336006684570782600E-016 ) ) ;
#1270 = ORIENTED_EDGE ( 'NONE', *, *, #144, .T. ) ;
#1271 = VERTEX_POINT ( 'NONE', #645 ) ;
#1272 = FACE_OUTER_BOUND ( 'NONE', #1510, .T. ) ;
#1273 = VECTOR ( 'NONE', #448, 1000.000000000000000 ) ;
#1274 = DIRECTION ( 'NONE',  ( 0.5773502691896224000, -0.5773502691896322800, -0.5773502691896224000 ) ) ;
#1275 = LINE ( 'NONE', #1049, #1118 ) ;
#1276 = FACE_OUTER_BOUND ( 'NONE', #1590, .T. ) ;
#1277 = EDGE_CURVE ( 'NONE', #1337, #290, #799, .T. ) ;
#1278 = VECTOR ( 'NONE', #798, 1000.000000000000000 ) ;
#1279 = DIRECTION ( 'NONE',  ( -1.000000000000000000, 0.0000000000000000000, -0.0000000000000000000 ) ) ;
#1280 = VECTOR ( 'NONE', #303, 1000.000000000000000 ) ;
#1281 = CARTESIAN_POINT ( 'NONE',  ( 2.540000000000000000, -3.000000000000000000, -2.540000000000000000 ) ) ;
#1282 = LINE ( 'NONE', #1705, #558 ) ;
#1283 = VECTOR ( 'NONE', #325, 1000.000000000000000 ) ;
#1284 = CARTESIAN_POINT ( 'NONE',  ( 1.595000000000000000, 7.000000000000000000, 1.594999999999999800 ) ) ;
#1285 = ADVANCED_FACE ( 'NONE', ( #1516 ), #365, .F. ) ;
#1286 = ORIENTED_EDGE ( 'NONE', *, *, #1351, .T. ) ;
#1287 = CARTESIAN_POINT ( 'NONE',  ( 0.0000000000000000000, 0.0000000000000000000, 0.0000000000000000000 ) ) ;
#1288 = ORIENTED_EDGE ( 'NONE', *, *, #714, .F. ) ;
#1289 = EDGE_CURVE ( 'NONE', #1243, #880, #1275, .T. ) ;
#1290 = ORIENTED_EDGE ( 'NONE', *, *, #1619, .F. ) ;
#1291 = AXIS2_PLACEMENT_3D ( 'NONE', #85, #767, #1452 ) ;
#1292 = DIRECTION ( 'NONE',  ( 0.0000000000000000000, 0.0000000000000000000, 1.000000000000000000 ) ) ;
#1293 = CALENDAR_DATE ( 2026, 29, 9 ) ;
#1294 = DIRECTION ( 'NONE',  ( 0.0000000000000000000, 0.0000000000000000000, 1.000000000000000000 ) ) ;
#1295 = DIRECTION ( 'NONE',  ( 1.000000000000000000, 0.0000000000000000000, 0.0000000000000000000 ) ) ;
#1296 = VECTOR ( 'NONE', #1063, 1000.000000000000000 ) ;
#1297 = CARTESIAN_POINT ( 'NONE',  ( 0.0000000000000000000, 12.00000000000000000, 0.0000000000000000000 ) ) ;
#1298 = ORIENTED_EDGE ( 'NONE', *, *, #243, .T. ) ;
#1299 = DIRECTION ( 'NONE',  ( -1.000000000000000000, 0.0000000000000000000, 0.0000000000000000000 ) ) ;
#1300 = FACE_BOUND ( 'NONE', #1513, .T. ) ;
#1301 = AXIS2_PLACEMENT_3D ( 'NONE', #1657, #970, #563 ) ;
#1302 = FACE_OUTER_BOUND ( 'NONE', #367, .T. ) ;
#1303 = DIRECTION ( 'NONE',  ( 0.0000000000000000000, 0.0000000000000000000, 1.000000000000000000 ) ) ;
#1304 = LINE ( 'NONE', #1339, #209 ) ;
#1305 = CC_DESIGN_APPROVAL ( #1205, ( #1522 ) ) ;
#1306 = CARTESIAN_POINT ( 'NONE',  ( 1.269999999999999800, 14.79999999999999500, 1.270000000000000000 ) ) ;
#1307 = DIRECTION ( 'NONE',  ( 0.0000000000000000000, -1.000000000000000000, -0.0000000000000000000 ) ) ;
#1308 = CARTESIAN_POINT ( 'NONE',  ( -1.776666666666665500, -2.618333333333332700, 0.7633333333333343100 ) ) ;
#1309 = ORIENTED_EDGE ( 'NONE', *, *, #1248, .F. ) ;
#1310 = DIRECTION ( 'NONE',  ( -0.0000000000000000000, -1.000000000000000000, -0.0000000000000000000 ) ) ;
#1311 = VERTEX_POINT ( 'NONE', #1603 ) ;
#1312 = EDGE_CURVE ( 'NONE', #59, #59, #423, .T. ) ;
#1313 = DIRECTION ( 'NONE',  ( 0.0000000000000000000, -1.000000000000000000, 0.0000000000000000000 ) ) ;
#1314 = APPLICATION_CONTEXT ( 'configuration controlled 3d designs of mechanical parts and assemblies' ) ;
#1315 = VERTEX_POINT ( 'NONE', #774 ) ;
#1316 = AXIS2_PLACEMENT_3D ( 'NONE', #1336, #239, #792 ) ;
#1317 = CALENDAR_DATE ( 2026, 29, 9 ) ;
#1318 = PERSON ( 'UNSPECIFIED', 'UNSPECIFIED', 'UNSPECIFIED', ('UNSPECIFIED'), ('UNSPECIFIED'), ('UNSPECIFIED') ) ;
#1319 = CARTESIAN_POINT ( 'NONE',  ( -3.570714214271400300, 14.50000000000002000, 3.500000000000000000 ) ) ;
#1320 = VERTEX_POINT ( 'NONE', #374 ) ;
#1321 = VERTEX_POINT ( 'NONE', #887 ) ;
#1322 = LINE ( 'NONE', #301, #375 ) ;
#1323 = FACE_OUTER_BOUND ( 'NONE', #183, .T. ) ;
#1324 = CARTESIAN_POINT ( 'NONE',  ( 0.0000000000000000000, 9.500000000000000000, -4.049999999999999800 ) ) ;
#1325 = FACE_OUTER_BOUND ( 'NONE', #321, .T. ) ;
#1326 = FACE_BOUND ( 'NONE', #1597, .T. ) ;
#1327 = DIRECTION ( 'NONE',  ( -1.000000000000000000, -0.0000000000000000000, -0.0000000000000000000 ) ) ;
#1328 = AXIS2_PLACEMENT_3D ( 'NONE', #575, #1242, #338 ) ;
#1329 = EDGE_LOOP ( 'NONE', ( #1239 ) ) ;
#1330 = DIRECTION ( 'NONE',  ( 0.0000000000000000000, 0.0000000000000000000, -1.000000000000000000 ) ) ;
#1331 = EDGE_LOOP ( 'NONE', ( #605, #968, #1389, #1650 ) ) ;
#1332 = CARTESIAN_POINT ( 'NONE',  ( 1.269999999999999800, 14.79999999999999500, 2.020000000000000500 ) ) ;
#1333 = DIRECTION ( 'NONE',  ( 0.0000000000000000000, 0.0000000000000000000, -1.000000000000000000 ) ) ;
#1334 = VERTEX_POINT ( 'NONE', #1717 ) ;
#1335 = EDGE_CURVE ( 'NONE', #1050, #71, #1077, .T. ) ;
#1336 = CARTESIAN_POINT ( 'NONE',  ( 1.269999999999999800, 7.099999999999998800, -1.270000000000000000 ) ) ;
#1337 = VERTEX_POINT ( 'NONE', #1037 ) ;
#1338 = VERTEX_POINT ( 'NONE', #1606 ) ;
#1339 = CARTESIAN_POINT ( 'NONE',  ( -1.395000000000004700, -3.000000000000000000, -1.595000000000000200 ) ) ;
#1340 = PERSON_AND_ORGANIZATION_ROLE ( 'design_owner' ) ;
#1341 = AXIS2_PLACEMENT_3D ( 'NONE', #732, #1558, #68 ) ;
#1342 = FACE_OUTER_BOUND ( 'NONE', #988, .T. ) ;
#1343 = B_SPLINE_CURVE_WITH_KNOTS ( 'NONE', 3,
 ( #1319, #1596, #213, #350 ),
 .UNSPECIFIED., .F., .F.,
 ( 4, 4 ),
 ( 0.009137828834251467100, 0.01003799104136551500 ),
 .UNSPECIFIED. ) ;
#1344 = CARTESIAN_POINT ( 'NONE',  ( 0.0000000000000000000, 15.00000000000000000, 0.0000000000000000000 ) ) ;
#1345 = CARTESIAN_POINT ( 'NONE',  ( -1.269999999999999600, 7.099999999999998800, 1.270000000000000000 ) ) ;
#1346 = CONICAL_SURFACE ( 'NONE', #1583, 4.500000000000007100, 0.7853981633974439500 ) ;
#1347 = VECTOR ( 'NONE', #546, 1000.000000000000000 ) ;
#1348 = LINE ( 'NONE', #1708, #302 ) ;
#1349 = LINE ( 'NONE', #1683, #1283 ) ;
#1350 = DIRECTION ( 'NONE',  ( -0.0000000000000000000, 0.0000000000000000000, 1.000000000000000000 ) ) ;
#1351 = EDGE_CURVE ( 'NONE', #1580, #472, #1160, .T. ) ;
#1352 = FACE_OUTER_BOUND ( 'NONE', #817, .T. ) ;
#1353 = AXIS2_PLACEMENT_3D ( 'NONE', #1128, #969, #1545 ) ;
#1354 = CARTESIAN_POINT ( 'NONE',  ( -3.570714214271400300, 14.50000000000002000, 3.500000000000000000 ) ) ;
#1355 = DIRECTION ( 'NONE',  ( -0.0000000000000000000, 1.000000000000000000, -0.0000000000000000000 ) ) ;
#1356 = EDGE_LOOP ( 'NONE', ( #154, #1645, #1744, #573 ) ) ;
#1357 = EDGE_LOOP ( 'NONE', ( #768 ) ) ;
#1358 = EDGE_CURVE ( 'NONE', #696, #696, #1677, .T. ) ;
#1359 = CARTESIAN_POINT ( 'NONE',  ( -1.595000000000000000, -3.000000000000000000, -1.144999999999995600 ) ) ;
#1360 = CYLINDRICAL_SURFACE ( 'NONE', #1612, 4.049999999999999800 ) ;
#1361 = FACE_OUTER_BOUND ( 'NONE', #1733, .T. ) ;
#1362 = DIRECTION ( 'NONE',  ( 1.000000000000000000, 0.0000000000000000000, 3.336006684570782600E-016 ) ) ;
#1363 = VECTOR ( 'NONE', #830, 1000.000000000000100 ) ;
#1364 = ADVANCED_FACE ( 'NONE', ( #80 ), #1585, .T. ) ;
#1365 = CONICAL_SURFACE ( 'NONE', #125, 0.7500000000000004400, 0.7853981633974447300 ) ;
#1366 = FACE_BOUND ( 'NONE', #310, .T. ) ;
#1367 = CARTESIAN_POINT ( 'NONE',  ( -1.609999999999991700, -3.465000000000004300, 0.9300000000000084900 ) ) ;
#1368 = VECTOR ( 'NONE', #1204, 1000.000000000000000 ) ;
#1369 = EDGE_CURVE ( 'NONE', #130, #914, #1137, .T. ) ;
#1370 = PLANE ( 'NONE',  #408 ) ;
#1371 = ADVANCED_FACE ( 'NONE', ( #224 ), #1614, .F. ) ;
#1372 = ORIENTED_EDGE ( 'NONE', *, *, #679, .T. ) ;
#1373 = VERTEX_POINT ( 'NONE', #363 ) ;
#1374 = DIRECTION ( 'NONE',  ( -0.0000000000000000000, -1.000000000000000000, -0.0000000000000000000 ) ) ;
#1375 = EDGE_LOOP ( 'NONE', ( #1467 ) ) ;
#1376 = EDGE_CURVE ( 'NONE', #1726, #1056, #862, .T. ) ;
#1377 = CARTESIAN_POINT ( 'NONE',  ( -1.595000000000000000, -2.800000000000001200, -0.9450000000000002800 ) ) ;
#1378 = ORIENTED_EDGE ( 'NONE', *, *, #1704, .T. ) ;
#1379 = CIRCLE ( 'NONE', #1730, 0.9500000000000031800 ) ;
#1380 = ADVANCED_FACE ( 'NONE', ( #1471 ), #796, .T. ) ;
#1381 = FACE_OUTER_BOUND ( 'NONE', #1429, .T. ) ;
#1382 = DIRECTION ( 'NONE',  ( -0.0000000000000000000, -1.000000000000000000, -0.0000000000000000000 ) ) ;
#1383 = FACE_OUTER_BOUND ( 'NONE', #875, .T. ) ;
#1384 = FACE_OUTER_BOUND ( 'NONE', #8, .T. ) ;
#1385 = LINE ( 'NONE', #126, #148 ) ;
#1386 = DIRECTION ( 'NONE',  ( -0.0000000000000000000, -1.000000000000000000, -0.0000000000000000000 ) ) ;
#1387 = CIRCLE ( 'NONE', #1041, 5.000000000000000900 ) ;
#1388 = CARTESIAN_POINT ( 'NONE',  ( 3.570714214271423400, 0.0000000000000000000, 3.500000000000000000 ) ) ;
#1389 = ORIENTED_EDGE ( 'NONE', *, *, #9, .F. ) ;
#1390 = AXIS2_PLACEMENT_3D ( 'NONE', #82, #745, #74 ) ;
#1391 = ORIENTED_EDGE ( 'NONE', *, *, #1713, .T. ) ;
#1392 = ORIENTED_EDGE ( 'NONE', *, *, #38, .T. ) ;
#1393 = EDGE_LOOP ( 'NONE', ( #871, #1481, #922, #175 ) ) ;
#1394 = FACE_OUTER_BOUND ( 'NONE', #900, .T. ) ;
#1395 = CARTESIAN_POINT ( 'NONE',  ( 0.9450000000000000600, 7.000000000000000000, -1.595000000000000200 ) ) ;
#1396 = ORIENTED_EDGE ( 'NONE', *, *, #669, .T. ) ;
#1397 = EDGE_CURVE ( 'NONE', #1268, #1268, #187, .T. ) ;
#1398 = VECTOR ( 'NONE', #1083, 1000.000000000000000 ) ;
#1399 = ORIENTED_EDGE ( 'NONE', *, *, #1536, .T. ) ;
#1400 = AXIS2_PLACEMENT_3D ( 'NONE', #511, #223, #1466 ) ;
#1401 = CARTESIAN_POINT ( 'NONE',  ( -3.080451563448637100, 14.84159272032779200, -3.500000000000000000 ) ) ;
#1402 = CLOSED_SHELL ( 'NONE', ( #292, #1259, #999, #403, #694, #14, #270, #1659, #567, #1686, #1364, #1668, #1532, #822, #1225, #807, #1252, #393, #342, #1632, #1413, #673, #1111, #1235, #702, #1422, #934, #1509, #439, #1130, #733, #1285, #957, #152, #1559, #50, #1502, #1217, #877, #1518, #1371, #577, #942, #596, #952, #446, #978, #32, #1548, #711, #1625, #1086, #37, #284, #851, #7, #1524, #553, #305, #1646, #188, #414, #987, #1698, #260, #1138, #1380, #1431 ) ) ;
#1403 = VECTOR ( 'NONE', #937, 1000.000000000000000 ) ;
#1404 = LINE ( 'NONE', #1388, #1034 ) ;
#1405 = VECTOR ( 'NONE', #61, 1000.000000000000000 ) ;
#1406 = CARTESIAN_POINT ( 'NONE',  ( 1.595000000000000000, 7.000000000000000000, 1.594999999999999800 ) ) ;
#1407 = VERTEX_POINT ( 'NONE', #805 ) ;
#1408 = EDGE_LOOP ( 'NONE', ( #1539 ) ) ;
#1409 = EDGE_CURVE ( 'NONE', #638, #472, #754, .T. ) ;
#1410 = DIRECTION ( 'NONE',  ( 0.0000000000000000000, 1.000000000000000000, 0.0000000000000000000 ) ) ;
#1411 = ORIENTED_EDGE ( 'NONE', *, *, #208, .T. ) ;
#1412 = DIRECTION ( 'NONE',  ( 0.0000000000000000000, 0.0000000000000000000, -1.000000000000000000 ) ) ;
#1413 = ADVANCED_FACE ( 'NONE', ( #1599, #1553 ), #1446, .F. ) ;
#1414 = CARTESIAN_POINT ( 'NONE',  ( -1.595000000000000000, 7.000000000000000000, 1.594999999999999800 ) ) ;
#1415 = VERTEX_POINT ( 'NONE', #1493 ) ;
#1416 = APPROVAL_DATE_TIME ( #503, #1241 ) ;
#1417 = PLANE ( 'NONE',  #1489 ) ;
#1418 = VERTEX_POINT ( 'NONE', #128 ) ;
#1419 = DIRECTION ( 'NONE',  ( 0.0000000000000000000, -0.0000000000000000000, -1.000000000000000000 ) ) ;
#1420 = CIRCLE ( 'NONE', #581, 3.500000000000000000 ) ;
#1421 = DIRECTION ( 'NONE',  ( 0.7071067811865535700, -0.7071067811865414700, 1.179456474371836700E-016 ) ) ;
#1422 = ADVANCED_FACE ( 'NONE', ( #1272, #840 ), #1572, .F. ) ;
#1423 = EDGE_CURVE ( 'NONE', #1407, #1453, #882, .T. ) ;
#1424 = DIRECTION ( 'NONE',  ( 0.0000000000000000000, 0.0000000000000000000, 1.000000000000000000 ) ) ;
#1425 = APPROVAL ( #1710, 'UNSPECIFIED' ) ;
#1426 = CARTESIAN_POINT ( 'NONE',  ( -1.269999999999999600, 14.79999999999999500, 1.270000000000000000 ) ) ;
#1427 = FACE_OUTER_BOUND ( 'NONE', #549, .T. ) ;
#1428 = FACE_OUTER_BOUND ( 'NONE', #746, .T. ) ;
#1429 = EDGE_LOOP ( 'NONE', ( #484 ) ) ;
#1430 = CARTESIAN_POINT ( 'NONE',  ( 1.395000000000004700, -3.000000000000000000, -0.9450000000000002800 ) ) ;
#1431 = ADVANCED_FACE ( 'NONE', ( #1595 ), #388, .T. ) ;
#1432 = CARTESIAN_POINT ( 'NONE',  ( -1.595000000000000000, -3.000000000000000000, 1.594999999999999800 ) ) ;
#1433 = VERTEX_POINT ( 'NONE', #382 ) ;
#1434 = EDGE_CURVE ( 'NONE', #1115, #1311, #615, .T. ) ;
#1435 = ORIENTED_EDGE ( 'NONE', *, *, #1120, .F. ) ;
#1436 = DIRECTION ( 'NONE',  ( -3.336006684570782600E-016, 0.0000000000000000000, 1.000000000000000000 ) ) ;
#1437 = DIRECTION ( 'NONE',  ( 0.0000000000000000000, 0.0000000000000000000, 1.000000000000000000 ) ) ;
#1438 = COORDINATED_UNIVERSAL_TIME_OFFSET ( 9, 0, .AHEAD. ) ;
#1439 = ORIENTED_EDGE ( 'NONE', *, *, #751, .T. ) ;
#1440 = DIRECTION ( 'NONE',  ( -1.000000000000000000, 0.0000000000000000000, -0.0000000000000000000 ) ) ;
#1441 = ORIENTED_EDGE ( 'NONE', *, *, #122, .F. ) ;
#1442 = FACE_OUTER_BOUND ( 'NONE', #93, .T. ) ;
#1443 = VECTOR ( 'NONE', #1412, 1000.000000000000000 ) ;
#1444 = DIRECTION ( 'NONE',  ( 0.0000000000000000000, 1.000000000000000000, 0.0000000000000000000 ) ) ;
#1445 = VERTEX_POINT ( 'NONE', #1503 ) ;
#1446 = CYLINDRICAL_SURFACE ( 'NONE', #542, 3.500000000000000000 ) ;
#1447 = CARTESIAN_POINT ( 'NONE',  ( 5.000000000000001800, -2.324674360896320000E-016, 0.0000000000000000000 ) ) ;
#1448 = AXIS2_PLACEMENT_3D ( 'NONE', #289, #838, #715 ) ;
#1449 = LINE ( 'NONE', #614, #1405 ) ;
#1450 = DIRECTION ( 'NONE',  ( 0.0000000000000000000, 0.0000000000000000000, 1.000000000000000000 ) ) ;
#1451 = FACE_OUTER_BOUND ( 'NONE', #1697, .T. ) ;
#1452 = DIRECTION ( 'NONE',  ( 0.0000000000000000000, 0.0000000000000000000, 1.000000000000000000 ) ) ;
#1453 = VERTEX_POINT ( 'NONE', #242 ) ;
#1454 = DIRECTION ( 'NONE',  ( 0.0000000000000000000, 1.000000000000000000, 0.0000000000000000000 ) ) ;
#1455 = ORIENTED_EDGE ( 'NONE', *, *, #1474, .T. ) ;
#1456 = CARTESIAN_POINT ( 'NONE',  ( -0.7633333333333347500, -2.618333333333332700, -1.776666666666665100 ) ) ;
#1457 = APPROVAL_STATUS ( 'not_yet_approved' ) ;
#1458 = ORIENTED_EDGE ( 'NONE', *, *, #327, .F. ) ;
#1459 = ORIENTED_EDGE ( 'NONE', *, *, #122, .T. ) ;
#1460 = ORIENTED_EDGE ( 'NONE', *, *, #1434, .F. ) ;
#1461 = EDGE_CURVE ( 'NONE', #545, #1711, #1637, .T. ) ;
#1462 = PLANE ( 'NONE',  #109 ) ;
#1463 = ORIENTED_EDGE ( 'NONE', *, *, #1507, .F. ) ;
#1464 = DIRECTION ( 'NONE',  ( 0.0000000000000000000, -1.000000000000000000, 0.0000000000000000000 ) ) ;
#1465 = CARTESIAN_POINT ( 'NONE',  ( 0.0000000000000000000, 7.000000000000000000, -3.500000000000000000 ) ) ;
#1466 = DIRECTION ( 'NONE',  ( 1.000000000000000000, 0.0000000000000000000, 3.336006684570782600E-016 ) ) ;
#1467 = ORIENTED_EDGE ( 'NONE', *, *, #1642, .T. ) ;
#1468 = CARTESIAN_POINT ( 'NONE',  ( 3.081222378851654400, 14.84110823250688700, -3.500000000000000000 ) ) ;
#1469 = CIRCLE ( 'NONE', #525, 4.500000000000007100 ) ;
#1470 = ORIENTED_EDGE ( 'NONE', *, *, #86, .T. ) ;
#1471 = FACE_OUTER_BOUND ( 'NONE', #1093, .T. ) ;
#1472 = PLANE ( 'NONE',  #1260 ) ;
#1473 = CIRCLE ( 'NONE', #964, 4.499999999999999100 ) ;
#1474 = EDGE_CURVE ( 'NONE', #384, #832, #222, .T. ) ;
#1475 = CIRCLE ( 'NONE', #287, 0.9500000000000027300 ) ;
#1476 = AXIS2_PLACEMENT_3D ( 'NONE', #1499, #271, #833 ) ;
#1477 = CARTESIAN_POINT ( 'NONE',  ( -1.270000000000000200, 14.79999999999999500, -0.5200000000000000200 ) ) ;
#1478 = CARTESIAN_POINT ( 'NONE',  ( 1.395000000000004700, -3.000000000000000000, 1.594999999999999800 ) ) ;
#1479 = ORIENTED_EDGE ( 'NONE', *, *, #1164, .F. ) ;
#1480 = CARTESIAN_POINT ( 'NONE',  ( -1.595000000000000000, -3.000000000000000000, 1.594999999999999800 ) ) ;
#1481 = ORIENTED_EDGE ( 'NONE', *, *, #1228, .T. ) ;
#1482 = ORIENTED_EDGE ( 'NONE', *, *, #804, .T. ) ;
#1483 = CARTESIAN_POINT ( 'NONE',  ( -1.269999999999999600, 14.79999999999999500, 1.270000000000000000 ) ) ;
#1484 = LOCAL_TIME ( 13, 15, 13.00000000000000000, #1438 ) ;
#1485 = AXIS2_PLACEMENT_3D ( 'NONE', #902, #1307, #226 ) ;
#1486 = DIRECTION ( 'NONE',  ( 0.0000000000000000000, 0.0000000000000000000, 1.000000000000000000 ) ) ;
#1487 = EDGE_LOOP ( 'NONE', ( #609 ) ) ;
#1488 = CARTESIAN_POINT ( 'NONE',  ( 0.9450000000000000600, -3.000000000000000000, -1.144999999999995600 ) ) ;
#1489 = AXIS2_PLACEMENT_3D ( 'NONE', #1687, #1147, #743 ) ;
#1490 = ORIENTED_EDGE ( 'NONE', *, *, #604, .T. ) ;
#1491 = FACE_OUTER_BOUND ( 'NONE', #391, .T. ) ;
#1492 = PRODUCT ( '(HTX99R) Sensor Probe_Sensor Connector', '(HTX99R) Sensor Probe_Sensor Connector', '', ( #1716 ) ) ;
#1493 = CARTESIAN_POINT ( 'NONE',  ( 3.570714214271419900, 12.00000000000000000, -3.500000000000000000 ) ) ;
#1494 = LINE ( 'NONE', #1220, #980 ) ;
#1495 = DIRECTION ( 'NONE',  ( 0.0000000000000000000, 0.0000000000000000000, -1.000000000000000000 ) ) ;
#1496 = LINE ( 'NONE', #932, #1278 ) ;
#1497 = EDGE_CURVE ( 'NONE', #130, #1148, #1494, .T. ) ;
#1498 = ORIENTED_EDGE ( 'NONE', *, *, #1052, .T. ) ;
#1499 = CARTESIAN_POINT ( 'NONE',  ( 0.0000000000000000000, 7.000000000000000000, 0.0000000000000000000 ) ) ;
#1500 = ORIENTED_EDGE ( 'NONE', *, *, #1151, .T. ) ;
#1501 = CARTESIAN_POINT ( 'NONE',  ( -0.9450000000000000600, -2.800000000000001200, 1.594999999999999800 ) ) ;
#1502 = ADVANCED_FACE ( 'NONE', ( #41 ), #1679, .T. ) ;
#1503 = CARTESIAN_POINT ( 'NONE',  ( 1.595000000000000000, 7.000000000000000000, -1.595000000000000000 ) ) ;
#1504 = EDGE_LOOP ( 'NONE', ( #712 ) ) ;
#1505 = CARTESIAN_POINT ( 'NONE',  ( -1.270000000000000200, 14.79999999999999500, -1.270000000000000000 ) ) ;
#1506 = DIRECTION ( 'NONE',  ( 2.358912948743672300E-016, -0.7071067811865415800, -0.7071067811865535700 ) ) ;
#1507 = EDGE_CURVE ( 'NONE', #1373, #1373, #1054, .T. ) ;
#1508 = CARTESIAN_POINT ( 'NONE',  ( 1.595000000000000000, -2.800000000000001200, 1.594999999999999800 ) ) ;
#1509 = ADVANCED_FACE ( 'NONE', ( #78, #335 ), #1203, .F. ) ;
#1510 = EDGE_LOOP ( 'NONE', ( #556 ) ) ;
#1511 = AXIS2_PLACEMENT_3D ( 'NONE', #998, #450, #591 ) ;
#1512 = CARTESIAN_POINT ( 'NONE',  ( 3.327280080492192500, 14.67384674434487100, 3.500000000000000000 ) ) ;
#1513 = EDGE_LOOP ( 'NONE', ( #686, #124, #1072, #1605 ) ) ;
#1514 = DIRECTION ( 'NONE',  ( -1.000000000000000000, 0.0000000000000000000, -0.0000000000000000000 ) ) ;
#1515 = EDGE_LOOP ( 'NONE', ( #1261 ) ) ;
#1516 = FACE_OUTER_BOUND ( 'NONE', #298, .T. ) ;
#1517 = LINE ( 'NONE', #1488, #828 ) ;
#1518 = ADVANCED_FACE ( 'NONE', ( #1675 ), #981, .F. ) ;
#1519 = LINE ( 'NONE', #780, #785 ) ;
#1520 = EDGE_CURVE ( 'NONE', #1418, #1311, #482, .T. ) ;
#1521 = ORIENTED_EDGE ( 'NONE', *, *, #854, .F. ) ;
#1522 = SECURITY_CLASSIFICATION ( '', '', #637 ) ;
#1523 = CARTESIAN_POINT ( 'NONE',  ( 1.144999999999995400, -3.000000000000000000, -1.595000000000000200 ) ) ;
#1524 = ADVANCED_FACE ( 'NONE', ( #530 ), #1636, .T. ) ;
#1525 = ORIENTED_EDGE ( 'NONE', *, *, #404, .T. ) ;
#1526 = PERSON_AND_ORGANIZATION ( #1318, #263 ) ;
#1527 = EDGE_CURVE ( 'NONE', #1115, #1580, #1158, .T. ) ;
#1528 = AXIS2_PLACEMENT_3D ( 'NONE', #739, #190, #1009 ) ;
#1529 = DIRECTION ( 'NONE',  ( 0.0000000000000000000, -0.0000000000000000000, -1.000000000000000000 ) ) ;
#1530 = FACE_OUTER_BOUND ( 'NONE', #412, .T. ) ;
#1531 = UNCERTAINTY_MEASURE_WITH_UNIT (LENGTH_MEASURE( 1.000000000000000100E-005 ), #773, 'distance_accuracy_value', 'NONE');
#1532 = ADVANCED_FACE ( 'NONE', ( #354 ), #986, .T. ) ;
#1533 = CIRCLE ( 'NONE', #845, 0.7500000000000000000 ) ;
#1534 = DIRECTION ( 'NONE',  ( 0.5773502691896225100, 0.5773502691896323900, 0.5773502691896224000 ) ) ;
#1535 = LINE ( 'NONE', #49, #865 ) ;
#1536 = EDGE_CURVE ( 'NONE', #778, #1194, #1249, .T. ) ;
#1537 = DIRECTION ( 'NONE',  ( 0.0000000000000000000, -0.0000000000000000000, 1.000000000000000000 ) ) ;
#1538 = ORIENTED_EDGE ( 'NONE', *, *, #153, .T. ) ;
#1539 = ORIENTED_EDGE ( 'NONE', *, *, #1397, .F. ) ;
#1540 = DIRECTION ( 'NONE',  ( 0.0000000000000000000, -0.7071067811865414700, 0.7071067811865536800 ) ) ;
#1541 = DIRECTION ( 'NONE',  ( 0.5773502691896225100, 0.5773502691896323900, 0.5773502691896224000 ) ) ;
#1542 = VERTEX_POINT ( 'NONE', #1406 ) ;
#1543 = VERTEX_POINT ( 'NONE', #729 ) ;
#1544 = COORDINATED_UNIVERSAL_TIME_OFFSET ( 9, 0, .AHEAD. ) ;
#1545 = DIRECTION ( 'NONE',  ( 0.0000000000000000000, -0.0000000000000000000, -1.000000000000000000 ) ) ;
#1546 = VERTEX_POINT ( 'NONE', #766 ) ;
#1547 = DIRECTION ( 'NONE',  ( -0.0000000000000000000, -1.000000000000000000, -0.0000000000000000000 ) ) ;
#1548 = ADVANCED_FACE ( 'NONE', ( #1361 ), #561, .F. ) ;
#1549 = EDGE_LOOP ( 'NONE', ( #1463 ) ) ;
#1550 = EDGE_CURVE ( 'NONE', #387, #1445, #1116, .T. ) ;
#1551 = LINE ( 'NONE', #689, #60 ) ;
#1552 = FACE_OUTER_BOUND ( 'NONE', #3, .T. ) ;
#1553 = FACE_OUTER_BOUND ( 'NONE', #1046, .T. ) ;
#1554 = AXIS2_PLACEMENT_3D ( 'NONE', #738, #1136, #340 ) ;
#1555 = VECTOR ( 'NONE', #389, 1000.000000000000000 ) ;
#1556 = DIRECTION ( 'NONE',  ( 0.0000000000000000000, 0.0000000000000000000, -1.000000000000000000 ) ) ;
#1557 = FACE_OUTER_BOUND ( 'NONE', #716, .T. ) ;
#1558 = DIRECTION ( 'NONE',  ( -0.0000000000000000000, -1.000000000000000000, -0.0000000000000000000 ) ) ;
#1559 = ADVANCED_FACE ( 'NONE', ( #1442 ), #278, .T. ) ;
#1560 = DIRECTION ( 'NONE',  ( 0.0000000000000000000, -0.0000000000000000000, 1.000000000000000000 ) ) ;
#1561 = EDGE_CURVE ( 'NONE', #856, #1232, #461, .T. ) ;
#1562 = EDGE_LOOP ( 'NONE', ( #819 ) ) ;
#1563 = ORIENTED_EDGE ( 'NONE', *, *, #669, .F. ) ;
#1564 = PLANE ( 'NONE',  #1554 ) ;
#1565 = AXIS2_PLACEMENT_3D ( 'NONE', #1281, #870, #1419 ) ;
#1566 = CARTESIAN_POINT ( 'NONE',  ( -0.9449999999999999500, -3.000000000000000000, -1.595000000000000000 ) ) ;
#1567 = EDGE_LOOP ( 'NONE', ( #115, #1263, #434, #282 ) ) ;
#1568 = CARTESIAN_POINT ( 'NONE',  ( 0.0000000000000000000, 8.000000000000000000, 0.0000000000000000000 ) ) ;
#1569 = DATE_AND_TIME ( #1690, #1021 ) ;
#1570 = CARTESIAN_POINT ( 'NONE',  ( 1.269999999999999800, 15.00000000000000000, -1.270000000000000000 ) ) ;
#1571 = PLANE ( 'NONE',  #1565 ) ;
#1572 = CONICAL_SURFACE ( 'NONE', #341, 0.7500000000000000000, 0.7853981633974452800 ) ;
#1573 = AXIS2_PLACEMENT_3D ( 'NONE', #857, #26, #1132 ) ;
#1574 = DIRECTION ( 'NONE',  ( 0.0000000000000000000, 1.000000000000000000, 0.0000000000000000000 ) ) ;
#1575 = LINE ( 'NONE', #36, #758 ) ;
#1576 = CARTESIAN_POINT ( 'NONE',  ( 0.0000000000000000000, 14.50000000000000000, 0.0000000000000000000 ) ) ;
#1577 = ORIENTED_EDGE ( 'NONE', *, *, #512, .T. ) ;
#1578 = CARTESIAN_POINT ( 'NONE',  ( -1.269999999999999600, 15.00000000000000000, 2.220000000000002900 ) ) ;
#1579 = DIRECTION ( 'NONE',  ( 1.000000000000000000, 0.0000000000000000000, 0.0000000000000000000 ) ) ;
#1580 = VERTEX_POINT ( 'NONE', #1092 ) ;
#1581 = EDGE_CURVE ( 'NONE', #778, #1320, #99, .T. ) ;
#1582 = PLANE ( 'NONE',  #369 ) ;
#1583 = AXIS2_PLACEMENT_3D ( 'NONE', #757, #1444, #218 ) ;
#1584 = B_SPLINE_CURVE_WITH_KNOTS ( 'NONE', 3,
 ( #1665, #1401, #965, #1103 ),
 .UNSPECIFIED., .F., .F.,
 ( 4, 4 ),
 ( 0.01602345071023570200, 0.01690413627052463400 ),
 .UNSPECIFIED. ) ;
#1585 = PLANE ( 'NONE',  #650 ) ;
#1586 = APPROVAL_PERSON_ORGANIZATION ( #346, #1205, #643 ) ;
#1587 = ORIENTED_EDGE ( 'NONE', *, *, #392, .T. ) ;
#1588 = VERTEX_POINT ( 'NONE', #379 ) ;
#1589 = DIRECTION ( 'NONE',  ( -1.000000000000000000, -0.0000000000000000000, -0.0000000000000000000 ) ) ;
#1590 = EDGE_LOOP ( 'NONE', ( #1439, #1500, #407, #522 ) ) ;
#1591 = VERTEX_POINT ( 'NONE', #1578 ) ;
#1592 = PLANE ( 'NONE',  #593 ) ;
#1593 = CARTESIAN_POINT ( 'NONE',  ( 0.0000000000000000000, 0.0000000000000000000, -3.500000000000000000 ) ) ;
#1594 = EDGE_LOOP ( 'NONE', ( #1183 ) ) ;
#1595 = FACE_OUTER_BOUND ( 'NONE', #1084, .T. ) ;
#1596 = CARTESIAN_POINT ( 'NONE',  ( -3.327923648729879300, 14.67338714469404000, 3.500000000000000000 ) ) ;
#1597 = EDGE_LOOP ( 'NONE', ( #15 ) ) ;
#1598 = EDGE_CURVE ( 'NONE', #170, #119, #1227, .T. ) ;
#1599 = FACE_OUTER_BOUND ( 'NONE', #1504, .T. ) ;
#1600 = DIRECTION ( 'NONE',  ( 1.000000000000000000, 0.0000000000000000000, 3.336006684570782600E-016 ) ) ;
#1601 = FACE_OUTER_BOUND ( 'NONE', #1081, .T. ) ;
#1602 = CARTESIAN_POINT ( 'NONE',  ( -1.269999999999999600, 14.79999999999999500, 2.020000000000000000 ) ) ;
#1603 = CARTESIAN_POINT ( 'NONE',  ( -1.595000000000000000, 7.000000000000000000, -1.595000000000000200 ) ) ;
#1604 = DIRECTION ( 'NONE',  ( 1.000000000000000000, 0.0000000000000000000, 0.0000000000000000000 ) ) ;
#1605 = ORIENTED_EDGE ( 'NONE', *, *, #233, .F. ) ;
#1606 = CARTESIAN_POINT ( 'NONE',  ( -1.270000000000000200, 15.00000000000000000, -0.3199999999999974000 ) ) ;
#1607 = EDGE_LOOP ( 'NONE', ( #323, #603, #634, #394 ) ) ;
#1608 = CARTESIAN_POINT ( 'NONE',  ( 0.0000000000000000000, 5.500000000000000000, 0.0000000000000000000 ) ) ;
#1609 = ORIENTED_EDGE ( 'NONE', *, *, #956, .F. ) ;
#1610 = CARTESIAN_POINT ( 'NONE',  ( -0.9450000000000000600, -3.000000000000000000, -1.395000000000004500 ) ) ;
#1611 = ORIENTED_EDGE ( 'NONE', *, *, #1670, .T. ) ;
#1612 = AXIS2_PLACEMENT_3D ( 'NONE', #1287, #1015, #1153 ) ;
#1613 = DATE_AND_TIME ( #1293, #312 ) ;
#1614 = PLANE ( 'NONE',  #69 ) ;
#1615 = EDGE_LOOP ( 'NONE', ( #1290, #72, #1521, #1124 ) ) ;
#1616 = DIRECTION ( 'NONE',  ( 0.0000000000000000000, -0.7071067811865414700, 0.7071067811865536800 ) ) ;
#1617 = LINE ( 'NONE', #433, #1273 ) ;
#1618 = CIRCLE ( 'NONE', #247, 0.9500000000000027300 ) ;
#1619 = EDGE_CURVE ( 'NONE', #1321, #1433, #1551, .T. ) ;
#1620 = FACE_OUTER_BOUND ( 'NONE', #636, .T. ) ;
#1621 = CARTESIAN_POINT ( 'NONE',  ( 1.395000000000004700, -3.000000000000000000, -1.144999999999995600 ) ) ;
#1622 = FACE_OUTER_BOUND ( 'NONE', #1567, .T. ) ;
#1623 = AXIS2_PLACEMENT_3D ( 'NONE', #1345, #540, #254 ) ;
#1624 = VECTOR ( 'NONE', #411, 1000.000000000000000 ) ;
#1625 = ADVANCED_FACE ( 'NONE', ( #1394 ), #489, .F. ) ;
#1626 = DIRECTION ( 'NONE',  ( 1.000000000000000000, 0.0000000000000000000, 3.336006684570782600E-016 ) ) ;
#1627 = CARTESIAN_POINT ( 'NONE',  ( -1.595000000000000000, 7.000000000000000000, -0.9450000000000002800 ) ) ;
#1628 = DIRECTION ( 'NONE',  ( -0.0000000000000000000, 1.000000000000000000, -0.0000000000000000000 ) ) ;
#1629 = EDGE_CURVE ( 'NONE', #966, #765, #1113, .T. ) ;
#1630 = ORIENTED_EDGE ( 'NONE', *, *, #962, .T. ) ;
#1631 = CARTESIAN_POINT ( 'NONE',  ( 0.0000000000000000000, 7.000000000000000000, 0.0000000000000000000 ) ) ;
#1632 = ADVANCED_FACE ( 'NONE', ( #158, #28 ), #656, .T. ) ;
#1633 = VERTEX_POINT ( 'NONE', #63 ) ;
#1634 = LOCAL_TIME ( 13, 15, 13.00000000000000000, #1155 ) ;
#1635 = DIRECTION ( 'NONE',  ( 0.0000000000000000000, 0.0000000000000000000, -1.000000000000000000 ) ) ;
#1636 = PLANE ( 'NONE',  #905 ) ;
#1637 = LINE ( 'NONE', #1478, #1296 ) ;
#1638 = DIRECTION ( 'NONE',  ( -1.000000000000000000, 0.0000000000000000000, -0.0000000000000000000 ) ) ;
#1639 = VECTOR ( 'NONE', #961, 1000.000000000000000 ) ;
#1640 = CARTESIAN_POINT ( 'NONE',  ( -0.9450000000000000600, -3.000000000000000000, -0.9450000000000002800 ) ) ;
#1641 = VECTOR ( 'NONE', #151, 1000.000000000000000 ) ;
#1642 = EDGE_CURVE ( 'NONE', #1546, #1546, #1379, .T. ) ;
#1643 = CARTESIAN_POINT ( 'NONE',  ( -1.595000000000000000, -2.800000000000001200, -1.595000000000000200 ) ) ;
#1644 = AXIS2_PLACEMENT_3D ( 'NONE', #1226, #413, #426 ) ;
#1645 = ORIENTED_EDGE ( 'NONE', *, *, #366, .F. ) ;
#1646 = ADVANCED_FACE ( 'NONE', ( #1695 ), #1564, .T. ) ;
#1647 = DIRECTION ( 'NONE',  ( -0.0000000000000000000, 0.0000000000000000000, 1.000000000000000000 ) ) ;
#1648 = PLANE ( 'NONE',  #1301 ) ;
#1649 = EDGE_CURVE ( 'NONE', #1588, #1588, #750, .T. ) ;
#1650 = ORIENTED_EDGE ( 'NONE', *, *, #818, .F. ) ;
#1651 = AXIS2_PLACEMENT_3D ( 'NONE', #1214, #1066, #924 ) ;
#1652 = CARTESIAN_POINT ( 'NONE',  ( 3.570714214271423400, 14.50000000000000000, 3.500000000000000000 ) ) ;
#1653 = CARTESIAN_POINT ( 'NONE',  ( 0.0000000000000000000, 15.00000000000000000, 0.0000000000000000000 ) ) ;
#1654 = FACE_OUTER_BOUND ( 'NONE', #1174, .T. ) ;
#1655 = ORIENTED_EDGE ( 'NONE', *, *, #1737, .T. ) ;
#1656 = FACE_OUTER_BOUND ( 'NONE', #791, .T. ) ;
#1657 = CARTESIAN_POINT ( 'NONE',  ( 1.144999999999995400, -3.000000000000000000, 0.0000000000000000000 ) ) ;
#1658 = VECTOR ( 'NONE', #944, 1000.000000000000000 ) ;
#1659 = ADVANCED_FACE ( 'NONE', ( #878, #570 ), #195, .T. ) ;
#1660 = DIRECTION ( 'NONE',  ( -0.0000000000000000000, 0.0000000000000000000, 1.000000000000000000 ) ) ;
#1661 = CC_DESIGN_PERSON_AND_ORGANIZATION_ASSIGNMENT ( #1526, #1340, ( #1492 ) ) ;
#1662 = DIRECTION ( 'NONE',  ( 0.0000000000000000000, -1.000000000000000000, -0.0000000000000000000 ) ) ;
#1663 = ORIENTED_EDGE ( 'NONE', *, *, #762, .F. ) ;
#1664 = ORIENTED_EDGE ( 'NONE', *, *, #198, .T. ) ;
#1665 = CARTESIAN_POINT ( 'NONE',  ( -2.828427124746189400, 15.00000000000000000, -3.500000000000000000 ) ) ;
#1666 = EDGE_LOOP ( 'NONE', ( #1611, #1309, #56, #564 ) ) ;
#1667 = DIRECTION ( 'NONE',  ( 0.0000000000000000000, 1.000000000000000000, 0.0000000000000000000 ) ) ;
#1668 = ADVANCED_FACE ( 'NONE', ( #1157 ), #1417, .T. ) ;
#1669 = COORDINATED_UNIVERSAL_TIME_OFFSET ( 9, 0, .AHEAD. ) ;
#1670 = EDGE_CURVE ( 'NONE', #765, #856, #334, .T. ) ;
#1671 = CARTESIAN_POINT ( 'NONE',  ( -1.595000000000000000, 7.000000000000000000, -0.9450000000000002800 ) ) ;
#1672 = VERTEX_POINT ( 'NONE', #1729 ) ;
#1673 = AXIS2_PLACEMENT_3D ( 'NONE', #5, #1604, #1742 ) ;
#1674 = ORIENTED_EDGE ( 'NONE', *, *, #430, .T. ) ;
#1675 = FACE_OUTER_BOUND ( 'NONE', #1102, .T. ) ;
#1676 = CARTESIAN_POINT ( 'NONE',  ( -6.396512550210522000, 15.00000000000000000, 3.500000000000000000 ) ) ;
#1677 = CIRCLE ( 'NONE', #1003, 0.7500000000000000000 ) ;
#1678 = FACE_OUTER_BOUND ( 'NONE', #210, .T. ) ;
#1679 = PLANE ( 'NONE',  #237 ) ;
#1680 = CARTESIAN_POINT ( 'NONE',  ( 0.0000000000000000000, 14.50000000000000000, 0.0000000000000000000 ) ) ;
#1681 = FACE_OUTER_BOUND ( 'NONE', #506, .T. ) ;
#1682 = EDGE_CURVE ( 'NONE', #1580, #240, #1201, .T. ) ;
#1683 = CARTESIAN_POINT ( 'NONE',  ( -1.595000000000000000, 7.000000000000000000, -1.595000000000000200 ) ) ;
#1684 = CARTESIAN_POINT ( 'NONE',  ( 0.9450000000000000600, 7.000000000000000000, -0.9450000000000002800 ) ) ;
#1685 = ORIENTED_EDGE ( 'NONE', *, *, #1069, .F. ) ;
#1686 = ADVANCED_FACE ( 'NONE', ( #1491, #1342 ), #1360, .T. ) ;
#1687 = CARTESIAN_POINT ( 'NONE',  ( 1.269999999999999800, 7.099999999999998800, -1.270000000000000000 ) ) ;
#1688 = ORIENTED_EDGE ( 'NONE', *, *, #648, .T. ) ;
#1689 = PLANE ( 'NONE',  #465 ) ;
#1690 = CALENDAR_DATE ( 2026, 29, 9 ) ;
#1691 = EDGE_LOOP ( 'NONE', ( #1391, #180, #422, #1222 ) ) ;
#1692 = VERTEX_POINT ( 'NONE', #781 ) ;
#1693 = CARTESIAN_POINT ( 'NONE',  ( -1.269999999999999600, 15.00000000000000000, 1.270000000000000000 ) ) ;
#1694 = VERTEX_POINT ( 'NONE', #344 ) ;
#1695 = FACE_OUTER_BOUND ( 'NONE', #48, .T. ) ;
#1696 = DIRECTION ( 'NONE',  ( 0.5773502691896222900, -0.5773502691896322800, 0.5773502691896227300 ) ) ;
#1697 = EDGE_LOOP ( 'NONE', ( #191, #45, #1215, #892 ) ) ;
#1698 = ADVANCED_FACE ( 'NONE', ( #923 ), #1001, .T. ) ;
#1699 = DIRECTION ( 'NONE',  ( 0.0000000000000000000, 0.0000000000000000000, -1.000000000000000000 ) ) ;
#1700 = FACE_BOUND ( 'NONE', #1329, .T. ) ;
#1701 = ORIENTED_EDGE ( 'NONE', *, *, #590, .T. ) ;
#1702 = FACE_BOUND ( 'NONE', #1375, .T. ) ;
#1703 = DIRECTION ( 'NONE',  ( -1.000000000000000000, 0.0000000000000000000, -1.668003342285392000E-016 ) ) ;
#1704 = EDGE_CURVE ( 'NONE', #941, #941, #735, .T. ) ;
#1705 = CARTESIAN_POINT ( 'NONE',  ( 0.9450000000000000600, -3.000000000000000000, 1.395000000000004500 ) ) ;
#1706 = AXIS2_PLACEMENT_3D ( 'NONE', #1680, #1123, #589 ) ;
#1707 = DIRECTION ( 'NONE',  ( -0.0000000000000000000, -1.000000000000000000, -0.0000000000000000000 ) ) ;
#1708 = CARTESIAN_POINT ( 'NONE',  ( 1.595000000000000000, -3.000000000000000000, -1.395000000000004500 ) ) ;
#1709 = ORIENTED_EDGE ( 'NONE', *, *, #1164, .T. ) ;
#1710 = APPROVAL_STATUS ( 'not_yet_approved' ) ;
#1711 = VERTEX_POINT ( 'NONE', #612 ) ;
#1712 = VERTEX_POINT ( 'NONE', #1044 ) ;
#1713 = EDGE_CURVE ( 'NONE', #1334, #1050, #526, .T. ) ;
#1714 = LINE ( 'NONE', #306, #860 ) ;
#1715 = EDGE_LOOP ( 'NONE', ( #313 ) ) ;
#1716 = MECHANICAL_CONTEXT ( 'NONE', #1723, 'mechanical' ) ;
#1717 = CARTESIAN_POINT ( 'NONE',  ( -1.595000000000000000, -2.800000000000001200, 0.9449999999999998400 ) ) ;
#1718 = VECTOR ( 'NONE', #666, 1000.000000000000000 ) ;
#1719 = LINE ( 'NONE', #1018, #783 ) ;
#1720 = DIRECTION ( 'NONE',  ( -0.0000000000000000000, 1.000000000000000000, -0.0000000000000000000 ) ) ;
#1721 = DIRECTION ( 'NONE',  ( 0.0000000000000000000, -0.0000000000000000000, 1.000000000000000000 ) ) ;
#1722 = EDGE_LOOP ( 'NONE', ( #883 ) ) ;
#1723 = APPLICATION_CONTEXT ( 'configuration controlled 3d designs of mechanical parts and assemblies' ) ;
#1724 = DIRECTION ( 'NONE',  ( 0.0000000000000000000, -1.000000000000000000, 0.0000000000000000000 ) ) ;
#1725 = VERTEX_POINT ( 'NONE', #1170 ) ;
#1726 = VERTEX_POINT ( 'NONE', #236 ) ;
#1727 = EDGE_CURVE ( 'NONE', #1056, #1050, #25, .T. ) ;
#1728 = ORIENTED_EDGE ( 'NONE', *, *, #901, .T. ) ;
#1729 = CARTESIAN_POINT ( 'NONE',  ( 1.269999999999999800, 7.099999999999998800, 2.020000000000000500 ) ) ;
#1730 = AXIS2_PLACEMENT_3D ( 'NONE', #1570, #885, #1424 ) ;
#1731 = B_SPLINE_CURVE_WITH_KNOTS ( 'NONE', 3,
 ( #523, #1067, #1468, #809 ),
 .UNSPECIFIED., .F., .F.,
 ( 4, 4 ),
 ( 0.009137828834251467100, 0.01003799104136551800 ),
 .UNSPECIFIED. ) ;
#1732 = DIRECTION ( 'NONE',  ( 0.0000000000000000000, 0.0000000000000000000, -1.000000000000000000 ) ) ;
#1733 = EDGE_LOOP ( 'NONE', ( #429, #475, #701, #1396 ) ) ;
#1734 = ORIENTED_EDGE ( 'NONE', *, *, #521, .T. ) ;
#1735 = CARTESIAN_POINT ( 'NONE',  ( -0.9449999999999999500, 7.000000000000000000, -1.595000000000000000 ) ) ;
#1736 = DIRECTION ( 'NONE',  ( 0.5773502691896224000, -0.5773502691896322800, -0.5773502691896224000 ) ) ;
#1737 = EDGE_CURVE ( 'NONE', #1320, #1542, #1198, .T. ) ;
#1738 = ORIENTED_EDGE ( 'NONE', *, *, #580, .T. ) ;
#1739 = VECTOR ( 'NONE', #383, 1000.000000000000000 ) ;
#1740 = FACE_BOUND ( 'NONE', #1020, .T. ) ;
#1741 = DIRECTION ( 'NONE',  ( 0.0000000000000000000, 0.0000000000000000000, -1.000000000000000000 ) ) ;
#1742 = DIRECTION ( 'NONE',  ( 0.0000000000000000000, 0.0000000000000000000, -1.000000000000000000 ) ) ;
#1743 = CARTESIAN_POINT ( 'NONE',  ( -1.595000000000000000, -3.000000000000000000, -1.595000000000000200 ) ) ;
#1744 = ORIENTED_EDGE ( 'NONE', *, *, #1289, .F. ) ;
#1745 = DIRECTION ( 'NONE',  ( 1.000000000000000000, 0.0000000000000000000, 0.0000000000000000000 ) ) ;
ENDSEC;
END-ISO-10303-21;
