ISO-10303-21;
HEADER;
FILE_DESCRIPTION(('Open CASCADE Model'),'2;1');
FILE_NAME('Open CASCADE Shape Model','2026-09-29T07:34:24',('Author'),(
    'Open CASCADE'),'Open CASCADE STEP processor 7.9','Open CASCADE 7.9'
  ,'Unknown');
FILE_SCHEMA(('AUTOMOTIVE_DESIGN { 1 0 10303 214 1 1 1 1 }'));
ENDSEC;
DATA;
#1 = APPLICATION_PROTOCOL_DEFINITION('international standard',
  'automotive_design',2000,#2);
#2 = APPLICATION_CONTEXT(
  'core data for automotive mechanical design processes');
#3 = SHAPE_DEFINITION_REPRESENTATION(#4,#10);
#4 = PRODUCT_DEFINITION_SHAPE('','',#5);
#5 = PRODUCT_DEFINITION('design','',#6,#9);
#6 = PRODUCT_DEFINITION_FORMATION('','',#7);
#7 = PRODUCT('Open CASCADE STEP translator 7.9 5',
  'Open CASCADE STEP translator 7.9 5','',(#8));
#8 = PRODUCT_CONTEXT('',#2,'mechanical');
#9 = PRODUCT_DEFINITION_CONTEXT('part definition',#2,'design');
#10 = ADVANCED_BREP_SHAPE_REPRESENTATION('',(#11,#15),#2043);
#11 = AXIS2_PLACEMENT_3D('',#12,#13,#14);
#12 = CARTESIAN_POINT('',(0.,0.,0.));
#13 = DIRECTION('',(0.,0.,1.));
#14 = DIRECTION('',(1.,0.,-0.));
#15 = MANIFOLD_SOLID_BREP('',#16);
#16 = CLOSED_SHELL('',(#17,#174,#1056,#1133,#1210,#1418,#1473,#1502,
    #1579,#1634,#1694,#1751,#1758,#1785,#1812,#1839,#1866,#1900,#1959,
    #1986,#2036));
#17 = ADVANCED_FACE('',(#18,#139),#33,.T.);
#18 = FACE_BOUND('',#19,.F.);
#19 = EDGE_LOOP('',(#20,#56,#82,#115));
#20 = ORIENTED_EDGE('',*,*,#21,.F.);
#21 = EDGE_CURVE('',#22,#24,#26,.T.);
#22 = VERTEX_POINT('',#23);
#23 = CARTESIAN_POINT('',(18.,10.766498966702,0.85));
#24 = VERTEX_POINT('',#25);
#25 = CARTESIAN_POINT('',(18.,-10.7664989667,0.85));
#26 = SURFACE_CURVE('',#27,(#32,#44),.PCURVE_S1.);
#27 = CIRCLE('',#28,10.8);
#28 = AXIS2_PLACEMENT_3D('',#29,#30,#31);
#29 = CARTESIAN_POINT('',(18.,0.,0.));
#30 = DIRECTION('',(1.,0.,0.));
#31 = DIRECTION('',(-0.,1.,0.));
#32 = PCURVE('',#33,#38);
#33 = PLANE('',#34);
#34 = AXIS2_PLACEMENT_3D('',#35,#36,#37);
#35 = CARTESIAN_POINT('',(18.,0.,0.));
#36 = DIRECTION('',(1.,0.,0.));
#37 = DIRECTION('',(-0.,1.,0.));
#38 = DEFINITIONAL_REPRESENTATION('',(#39),#43);
#39 = CIRCLE('',#40,10.8);
#40 = AXIS2_PLACEMENT_2D('',#41,#42);
#41 = CARTESIAN_POINT('',(0.,0.));
#42 = DIRECTION('',(1.,-0.));
#43 = ( GEOMETRIC_REPRESENTATION_CONTEXT(2) 
PARAMETRIC_REPRESENTATION_CONTEXT() REPRESENTATION_CONTEXT('2D SPACE',''
  ) );
#44 = PCURVE('',#45,#50);
#45 = CYLINDRICAL_SURFACE('',#46,10.8);
#46 = AXIS2_PLACEMENT_3D('',#47,#48,#49);
#47 = CARTESIAN_POINT('',(18.,0.,0.));
#48 = DIRECTION('',(-1.,-0.,-0.));
#49 = DIRECTION('',(0.,1.,0.));
#50 = DEFINITIONAL_REPRESENTATION('',(#51),#55);
#51 = LINE('',#52,#53);
#52 = CARTESIAN_POINT('',(-0.,0.));
#53 = VECTOR('',#54,1.);
#54 = DIRECTION('',(-1.,0.));
#55 = ( GEOMETRIC_REPRESENTATION_CONTEXT(2) 
PARAMETRIC_REPRESENTATION_CONTEXT() REPRESENTATION_CONTEXT('2D SPACE',''
  ) );
#56 = ORIENTED_EDGE('',*,*,#57,.F.);
#57 = EDGE_CURVE('',#58,#22,#60,.T.);
#58 = VERTEX_POINT('',#59);
#59 = CARTESIAN_POINT('',(18.,2.877064476163,0.85));
#60 = SURFACE_CURVE('',#61,(#65,#71),.PCURVE_S1.);
#61 = LINE('',#62,#63);
#62 = CARTESIAN_POINT('',(18.,-5.65,0.85));
#63 = VECTOR('',#64,1.);
#64 = DIRECTION('',(0.,1.,0.));
#65 = PCURVE('',#33,#66);
#66 = DEFINITIONAL_REPRESENTATION('',(#67),#70);
#67 = B_SPLINE_CURVE_WITH_KNOTS('',1,(#68,#69),.UNSPECIFIED.,.F.,.F.,(2,
    2),(-5.15,16.45),.PIECEWISE_BEZIER_KNOTS.);
#68 = CARTESIAN_POINT('',(-10.8,0.85));
#69 = CARTESIAN_POINT('',(10.8,0.85));
#70 = ( GEOMETRIC_REPRESENTATION_CONTEXT(2) 
PARAMETRIC_REPRESENTATION_CONTEXT() REPRESENTATION_CONTEXT('2D SPACE',''
  ) );
#71 = PCURVE('',#72,#77);
#72 = PLANE('',#73);
#73 = AXIS2_PLACEMENT_3D('',#74,#75,#76);
#74 = CARTESIAN_POINT('',(14.5,-11.3,0.85));
#75 = DIRECTION('',(0.,0.,1.));
#76 = DIRECTION('',(1.,0.,0.));
#77 = DEFINITIONAL_REPRESENTATION('',(#78),#81);
#78 = B_SPLINE_CURVE_WITH_KNOTS('',1,(#79,#80),.UNSPECIFIED.,.F.,.F.,(2,
    2),(-5.15,16.45),.PIECEWISE_BEZIER_KNOTS.);
#79 = CARTESIAN_POINT('',(3.5,0.5));
#80 = CARTESIAN_POINT('',(3.5,22.1));
#81 = ( GEOMETRIC_REPRESENTATION_CONTEXT(2) 
PARAMETRIC_REPRESENTATION_CONTEXT() REPRESENTATION_CONTEXT('2D SPACE',''
  ) );
#82 = ORIENTED_EDGE('',*,*,#83,.F.);
#83 = EDGE_CURVE('',#84,#58,#86,.T.);
#84 = VERTEX_POINT('',#85);
#85 = CARTESIAN_POINT('',(18.,-2.877064476163,0.85));
#86 = SURFACE_CURVE('',#87,(#92,#103),.PCURVE_S1.);
#87 = CIRCLE('',#88,3.);
#88 = AXIS2_PLACEMENT_3D('',#89,#90,#91);
#89 = CARTESIAN_POINT('',(18.,0.,0.));
#90 = DIRECTION('',(-1.,0.,0.));
#91 = DIRECTION('',(0.,1.,0.));
#92 = PCURVE('',#33,#93);
#93 = DEFINITIONAL_REPRESENTATION('',(#94),#102);
#94 = ( BOUNDED_CURVE() B_SPLINE_CURVE(2,(#95,#96,#97,#98,#99,#100,#101)
,.UNSPECIFIED.,.T.,.F.) B_SPLINE_CURVE_WITH_KNOTS((1,2,2,2,2,1),(
    -2.094395102393,0.,2.094395102393,4.188790204786,6.28318530718,
8.377580409573),.UNSPECIFIED.) CURVE() GEOMETRIC_REPRESENTATION_ITEM() 
RATIONAL_B_SPLINE_CURVE((1.,0.5,1.,0.5,1.,0.5,1.)) REPRESENTATION_ITEM(
  '') );
#95 = CARTESIAN_POINT('',(3.,0.));
#96 = CARTESIAN_POINT('',(3.,-5.196152422707));
#97 = CARTESIAN_POINT('',(-1.5,-2.598076211353));
#98 = CARTESIAN_POINT('',(-6.,-7.347880794884E-16));
#99 = CARTESIAN_POINT('',(-1.5,2.598076211353));
#100 = CARTESIAN_POINT('',(3.,5.196152422707));
#101 = CARTESIAN_POINT('',(3.,0.));
#102 = ( GEOMETRIC_REPRESENTATION_CONTEXT(2) 
PARAMETRIC_REPRESENTATION_CONTEXT() REPRESENTATION_CONTEXT('2D SPACE',''
  ) );
#103 = PCURVE('',#104,#109);
#104 = CYLINDRICAL_SURFACE('',#105,3.);
#105 = AXIS2_PLACEMENT_3D('',#106,#107,#108);
#106 = CARTESIAN_POINT('',(18.1,0.,0.));
#107 = DIRECTION('',(-1.,-0.,-0.));
#108 = DIRECTION('',(0.,1.,0.));
#109 = DEFINITIONAL_REPRESENTATION('',(#110),#114);
#110 = LINE('',#111,#112);
#111 = CARTESIAN_POINT('',(-6.28318530718,0.1));
#112 = VECTOR('',#113,1.);
#113 = DIRECTION('',(1.,-0.));
#114 = ( GEOMETRIC_REPRESENTATION_CONTEXT(2) 
PARAMETRIC_REPRESENTATION_CONTEXT() REPRESENTATION_CONTEXT('2D SPACE',''
  ) );
#115 = ORIENTED_EDGE('',*,*,#116,.F.);
#116 = EDGE_CURVE('',#24,#84,#117,.T.);
#117 = SURFACE_CURVE('',#118,(#122,#128),.PCURVE_S1.);
#118 = LINE('',#119,#120);
#119 = CARTESIAN_POINT('',(18.,-5.65,0.85));
#120 = VECTOR('',#121,1.);
#121 = DIRECTION('',(0.,1.,0.));
#122 = PCURVE('',#33,#123);
#123 = DEFINITIONAL_REPRESENTATION('',(#124),#127);
#124 = B_SPLINE_CURVE_WITH_KNOTS('',1,(#125,#126),.UNSPECIFIED.,.F.,.F.,
  (2,2),(-5.15,16.45),.PIECEWISE_BEZIER_KNOTS.);
#125 = CARTESIAN_POINT('',(-10.8,0.85));
#126 = CARTESIAN_POINT('',(10.8,0.85));
#127 = ( GEOMETRIC_REPRESENTATION_CONTEXT(2) 
PARAMETRIC_REPRESENTATION_CONTEXT() REPRESENTATION_CONTEXT('2D SPACE',''
  ) );
#128 = PCURVE('',#129,#134);
#129 = PLANE('',#130);
#130 = AXIS2_PLACEMENT_3D('',#131,#132,#133);
#131 = CARTESIAN_POINT('',(14.5,-11.3,0.85));
#132 = DIRECTION('',(0.,0.,1.));
#133 = DIRECTION('',(1.,0.,0.));
#134 = DEFINITIONAL_REPRESENTATION('',(#135),#138);
#135 = B_SPLINE_CURVE_WITH_KNOTS('',1,(#136,#137),.UNSPECIFIED.,.F.,.F.,
  (2,2),(-5.15,16.45),.PIECEWISE_BEZIER_KNOTS.);
#136 = CARTESIAN_POINT('',(3.5,0.5));
#137 = CARTESIAN_POINT('',(3.5,22.1));
#138 = ( GEOMETRIC_REPRESENTATION_CONTEXT(2) 
PARAMETRIC_REPRESENTATION_CONTEXT() REPRESENTATION_CONTEXT('2D SPACE',''
  ) );
#139 = FACE_BOUND('',#140,.F.);
#140 = EDGE_LOOP('',(#141));
#141 = ORIENTED_EDGE('',*,*,#142,.F.);
#142 = EDGE_CURVE('',#143,#143,#145,.T.);
#143 = VERTEX_POINT('',#144);
#144 = CARTESIAN_POINT('',(18.,2.,8.));
#145 = SURFACE_CURVE('',#146,(#151,#162),.PCURVE_S1.);
#146 = CIRCLE('',#147,2.);
#147 = AXIS2_PLACEMENT_3D('',#148,#149,#150);
#148 = CARTESIAN_POINT('',(18.,0.,8.));
#149 = DIRECTION('',(-1.,0.,0.));
#150 = DIRECTION('',(0.,1.,0.));
#151 = PCURVE('',#33,#152);
#152 = DEFINITIONAL_REPRESENTATION('',(#153),#161);
#153 = ( BOUNDED_CURVE() B_SPLINE_CURVE(2,(#154,#155,#156,#157,#158,#159
,#160),.UNSPECIFIED.,.T.,.F.) B_SPLINE_CURVE_WITH_KNOTS((1,2,2,2,2,1),(
    -2.094395102393,0.,2.094395102393,4.188790204786,6.28318530718,
8.377580409573),.UNSPECIFIED.) CURVE() GEOMETRIC_REPRESENTATION_ITEM() 
RATIONAL_B_SPLINE_CURVE((1.,0.5,1.,0.5,1.,0.5,1.)) REPRESENTATION_ITEM(
  '') );
#154 = CARTESIAN_POINT('',(2.,8.));
#155 = CARTESIAN_POINT('',(2.,4.535898384862));
#156 = CARTESIAN_POINT('',(-1.,6.267949192431));
#157 = CARTESIAN_POINT('',(-4.,8.));
#158 = CARTESIAN_POINT('',(-1.,9.732050807569));
#159 = CARTESIAN_POINT('',(2.,11.464101615138));
#160 = CARTESIAN_POINT('',(2.,8.));
#161 = ( GEOMETRIC_REPRESENTATION_CONTEXT(2) 
PARAMETRIC_REPRESENTATION_CONTEXT() REPRESENTATION_CONTEXT('2D SPACE',''
  ) );
#162 = PCURVE('',#163,#168);
#163 = CYLINDRICAL_SURFACE('',#164,2.);
#164 = AXIS2_PLACEMENT_3D('',#165,#166,#167);
#165 = CARTESIAN_POINT('',(16.2,0.,8.));
#166 = DIRECTION('',(-1.,-0.,-0.));
#167 = DIRECTION('',(0.,1.,0.));
#168 = DEFINITIONAL_REPRESENTATION('',(#169),#173);
#169 = LINE('',#170,#171);
#170 = CARTESIAN_POINT('',(-6.28318530718,-1.8));
#171 = VECTOR('',#172,1.);
#172 = DIRECTION('',(1.,-0.));
#173 = ( GEOMETRIC_REPRESENTATION_CONTEXT(2) 
PARAMETRIC_REPRESENTATION_CONTEXT() REPRESENTATION_CONTEXT('2D SPACE',''
  ) );
#174 = ADVANCED_FACE('',(#175,#444,#597,#750,#903),#45,.T.);
#175 = FACE_BOUND('',#176,.F.);
#176 = EDGE_LOOP('',(#177,#198,#199,#220,#253,#279,#308,#334,#367,#390,
    #417,#418));
#177 = ORIENTED_EDGE('',*,*,#178,.F.);
#178 = EDGE_CURVE('',#22,#179,#181,.T.);
#179 = VERTEX_POINT('',#180);
#180 = CARTESIAN_POINT('',(14.5,10.766498966702,0.85));
#181 = SURFACE_CURVE('',#182,(#186,#192),.PCURVE_S1.);
#182 = LINE('',#183,#184);
#183 = CARTESIAN_POINT('',(18.,10.766498966702,0.85));
#184 = VECTOR('',#185,1.);
#185 = DIRECTION('',(-1.,-0.,-0.));
#186 = PCURVE('',#45,#187);
#187 = DEFINITIONAL_REPRESENTATION('',(#188),#191);
#188 = B_SPLINE_CURVE_WITH_KNOTS('',1,(#189,#190),.UNSPECIFIED.,.F.,.F.,
  (2,2),(-5.999999999062E-07,3.86),.PIECEWISE_BEZIER_KNOTS.);
#189 = CARTESIAN_POINT('',(-7.878518306359E-02,-5.999999999062E-07));
#190 = CARTESIAN_POINT('',(-7.878518306359E-02,3.86));
#191 = ( GEOMETRIC_REPRESENTATION_CONTEXT(2) 
PARAMETRIC_REPRESENTATION_CONTEXT() REPRESENTATION_CONTEXT('2D SPACE',''
  ) );
#192 = PCURVE('',#72,#193);
#193 = DEFINITIONAL_REPRESENTATION('',(#194),#197);
#194 = B_SPLINE_CURVE_WITH_KNOTS('',1,(#195,#196),.UNSPECIFIED.,.F.,.F.,
  (2,2),(-5.999999999062E-07,3.86),.PIECEWISE_BEZIER_KNOTS.);
#195 = CARTESIAN_POINT('',(3.5000006,22.066498966702));
#196 = CARTESIAN_POINT('',(-0.36,22.066498966702));
#197 = ( GEOMETRIC_REPRESENTATION_CONTEXT(2) 
PARAMETRIC_REPRESENTATION_CONTEXT() REPRESENTATION_CONTEXT('2D SPACE',''
  ) );
#198 = ORIENTED_EDGE('',*,*,#21,.T.);
#199 = ORIENTED_EDGE('',*,*,#200,.T.);
#200 = EDGE_CURVE('',#24,#201,#203,.T.);
#201 = VERTEX_POINT('',#202);
#202 = CARTESIAN_POINT('',(14.5,-10.7664989667,0.85));
#203 = SURFACE_CURVE('',#204,(#208,#214),.PCURVE_S1.);
#204 = LINE('',#205,#206);
#205 = CARTESIAN_POINT('',(18.,-10.7664989667,0.85));
#206 = VECTOR('',#207,1.);
#207 = DIRECTION('',(-1.,-0.,-0.));
#208 = PCURVE('',#45,#209);
#209 = DEFINITIONAL_REPRESENTATION('',(#210),#213);
#210 = B_SPLINE_CURVE_WITH_KNOTS('',1,(#211,#212),.UNSPECIFIED.,.F.,.F.,
  (2,2),(-5.999999999062E-07,3.86),.PIECEWISE_BEZIER_KNOTS.);
#211 = CARTESIAN_POINT('',(-3.062807470526,-5.999999999062E-07));
#212 = CARTESIAN_POINT('',(-3.062807470526,3.86));
#213 = ( GEOMETRIC_REPRESENTATION_CONTEXT(2) 
PARAMETRIC_REPRESENTATION_CONTEXT() REPRESENTATION_CONTEXT('2D SPACE',''
  ) );
#214 = PCURVE('',#129,#215);
#215 = DEFINITIONAL_REPRESENTATION('',(#216),#219);
#216 = B_SPLINE_CURVE_WITH_KNOTS('',1,(#217,#218),.UNSPECIFIED.,.F.,.F.,
  (2,2),(-5.999999999062E-07,3.86),.PIECEWISE_BEZIER_KNOTS.);
#217 = CARTESIAN_POINT('',(3.5000006,0.533501033298));
#218 = CARTESIAN_POINT('',(-0.36,0.533501033298));
#219 = ( GEOMETRIC_REPRESENTATION_CONTEXT(2) 
PARAMETRIC_REPRESENTATION_CONTEXT() REPRESENTATION_CONTEXT('2D SPACE',''
  ) );
#220 = ORIENTED_EDGE('',*,*,#221,.F.);
#221 = EDGE_CURVE('',#222,#201,#224,.T.);
#222 = VERTEX_POINT('',#223);
#223 = CARTESIAN_POINT('',(14.5,-10.7664989667,-0.85));
#224 = SURFACE_CURVE('',#225,(#230,#237),.PCURVE_S1.);
#225 = CIRCLE('',#226,10.8);
#226 = AXIS2_PLACEMENT_3D('',#227,#228,#229);
#227 = CARTESIAN_POINT('',(14.5,0.,0.));
#228 = DIRECTION('',(-1.,0.,0.));
#229 = DIRECTION('',(0.,1.,0.));
#230 = PCURVE('',#45,#231);
#231 = DEFINITIONAL_REPRESENTATION('',(#232),#236);
#232 = LINE('',#233,#234);
#233 = CARTESIAN_POINT('',(-6.28318530718,3.5));
#234 = VECTOR('',#235,1.);
#235 = DIRECTION('',(1.,-0.));
#236 = ( GEOMETRIC_REPRESENTATION_CONTEXT(2) 
PARAMETRIC_REPRESENTATION_CONTEXT() REPRESENTATION_CONTEXT('2D SPACE',''
  ) );
#237 = PCURVE('',#238,#243);
#238 = PLANE('',#239);
#239 = AXIS2_PLACEMENT_3D('',#240,#241,#242);
#240 = CARTESIAN_POINT('',(14.5,-11.3,-0.85));
#241 = DIRECTION('',(1.,0.,0.));
#242 = DIRECTION('',(0.,0.,1.));
#243 = DEFINITIONAL_REPRESENTATION('',(#244),#252);
#244 = ( BOUNDED_CURVE() B_SPLINE_CURVE(2,(#245,#246,#247,#248,#249,#250
,#251),.UNSPECIFIED.,.T.,.F.) B_SPLINE_CURVE_WITH_KNOTS((1,2,2,2,2,1),(
    -2.094395102393,0.,2.094395102393,4.188790204786,6.28318530718,
8.377580409573),.UNSPECIFIED.) CURVE() GEOMETRIC_REPRESENTATION_ITEM() 
RATIONAL_B_SPLINE_CURVE((1.,0.5,1.,0.5,1.,0.5,1.)) REPRESENTATION_ITEM(
  '') );
#245 = CARTESIAN_POINT('',(0.85,-22.1));
#246 = CARTESIAN_POINT('',(-17.85614872174,-22.1));
#247 = CARTESIAN_POINT('',(-8.503074360872,-5.9));
#248 = CARTESIAN_POINT('',(0.85,10.3));
#249 = CARTESIAN_POINT('',(10.203074360872,-5.9));
#250 = CARTESIAN_POINT('',(19.556148721744,-22.1));
#251 = CARTESIAN_POINT('',(0.85,-22.1));
#252 = ( GEOMETRIC_REPRESENTATION_CONTEXT(2) 
PARAMETRIC_REPRESENTATION_CONTEXT() REPRESENTATION_CONTEXT('2D SPACE',''
  ) );
#253 = ORIENTED_EDGE('',*,*,#254,.F.);
#254 = EDGE_CURVE('',#255,#222,#257,.T.);
#255 = VERTEX_POINT('',#256);
#256 = CARTESIAN_POINT('',(18.,-10.7664989667,-0.85));
#257 = SURFACE_CURVE('',#258,(#262,#268),.PCURVE_S1.);
#258 = LINE('',#259,#260);
#259 = CARTESIAN_POINT('',(18.,-10.7664989667,-0.85));
#260 = VECTOR('',#261,1.);
#261 = DIRECTION('',(-1.,-0.,-0.));
#262 = PCURVE('',#45,#263);
#263 = DEFINITIONAL_REPRESENTATION('',(#264),#267);
#264 = B_SPLINE_CURVE_WITH_KNOTS('',1,(#265,#266),.UNSPECIFIED.,.F.,.F.,
  (2,2),(-5.999999999062E-07,3.86),.PIECEWISE_BEZIER_KNOTS.);
#265 = CARTESIAN_POINT('',(-3.220377836653,-5.999999999062E-07));
#266 = CARTESIAN_POINT('',(-3.220377836653,3.86));
#267 = ( GEOMETRIC_REPRESENTATION_CONTEXT(2) 
PARAMETRIC_REPRESENTATION_CONTEXT() REPRESENTATION_CONTEXT('2D SPACE',''
  ) );
#268 = PCURVE('',#269,#274);
#269 = PLANE('',#270);
#270 = AXIS2_PLACEMENT_3D('',#271,#272,#273);
#271 = CARTESIAN_POINT('',(14.5,-11.3,-0.85));
#272 = DIRECTION('',(0.,0.,1.));
#273 = DIRECTION('',(1.,0.,0.));
#274 = DEFINITIONAL_REPRESENTATION('',(#275),#278);
#275 = B_SPLINE_CURVE_WITH_KNOTS('',1,(#276,#277),.UNSPECIFIED.,.F.,.F.,
  (2,2),(-5.999999999062E-07,3.86),.PIECEWISE_BEZIER_KNOTS.);
#276 = CARTESIAN_POINT('',(3.5000006,0.533501033298));
#277 = CARTESIAN_POINT('',(-0.36,0.533501033298));
#278 = ( GEOMETRIC_REPRESENTATION_CONTEXT(2) 
PARAMETRIC_REPRESENTATION_CONTEXT() REPRESENTATION_CONTEXT('2D SPACE',''
  ) );
#279 = ORIENTED_EDGE('',*,*,#280,.T.);
#280 = EDGE_CURVE('',#255,#281,#283,.T.);
#281 = VERTEX_POINT('',#282);
#282 = CARTESIAN_POINT('',(18.,10.766498966702,-0.85));
#283 = SURFACE_CURVE('',#284,(#289,#296),.PCURVE_S1.);
#284 = CIRCLE('',#285,10.8);
#285 = AXIS2_PLACEMENT_3D('',#286,#287,#288);
#286 = CARTESIAN_POINT('',(18.,0.,0.));
#287 = DIRECTION('',(1.,0.,0.));
#288 = DIRECTION('',(-0.,1.,0.));
#289 = PCURVE('',#45,#290);
#290 = DEFINITIONAL_REPRESENTATION('',(#291),#295);
#291 = LINE('',#292,#293);
#292 = CARTESIAN_POINT('',(-0.,0.));
#293 = VECTOR('',#294,1.);
#294 = DIRECTION('',(-1.,0.));
#295 = ( GEOMETRIC_REPRESENTATION_CONTEXT(2) 
PARAMETRIC_REPRESENTATION_CONTEXT() REPRESENTATION_CONTEXT('2D SPACE',''
  ) );
#296 = PCURVE('',#297,#302);
#297 = PLANE('',#298);
#298 = AXIS2_PLACEMENT_3D('',#299,#300,#301);
#299 = CARTESIAN_POINT('',(18.,0.,0.));
#300 = DIRECTION('',(1.,0.,0.));
#301 = DIRECTION('',(-0.,1.,0.));
#302 = DEFINITIONAL_REPRESENTATION('',(#303),#307);
#303 = CIRCLE('',#304,10.8);
#304 = AXIS2_PLACEMENT_2D('',#305,#306);
#305 = CARTESIAN_POINT('',(0.,0.));
#306 = DIRECTION('',(1.,-0.));
#307 = ( GEOMETRIC_REPRESENTATION_CONTEXT(2) 
PARAMETRIC_REPRESENTATION_CONTEXT() REPRESENTATION_CONTEXT('2D SPACE',''
  ) );
#308 = ORIENTED_EDGE('',*,*,#309,.T.);
#309 = EDGE_CURVE('',#281,#310,#312,.T.);
#310 = VERTEX_POINT('',#311);
#311 = CARTESIAN_POINT('',(14.5,10.766498966702,-0.85));
#312 = SURFACE_CURVE('',#313,(#317,#323),.PCURVE_S1.);
#313 = LINE('',#314,#315);
#314 = CARTESIAN_POINT('',(18.,10.766498966702,-0.85));
#315 = VECTOR('',#316,1.);
#316 = DIRECTION('',(-1.,-0.,-0.));
#317 = PCURVE('',#45,#318);
#318 = DEFINITIONAL_REPRESENTATION('',(#319),#322);
#319 = B_SPLINE_CURVE_WITH_KNOTS('',1,(#320,#321),.UNSPECIFIED.,.F.,.F.,
  (2,2),(-5.999999999062E-07,3.86),.PIECEWISE_BEZIER_KNOTS.);
#320 = CARTESIAN_POINT('',(-6.204400124116,-5.999999999062E-07));
#321 = CARTESIAN_POINT('',(-6.204400124116,3.86));
#322 = ( GEOMETRIC_REPRESENTATION_CONTEXT(2) 
PARAMETRIC_REPRESENTATION_CONTEXT() REPRESENTATION_CONTEXT('2D SPACE',''
  ) );
#323 = PCURVE('',#324,#329);
#324 = PLANE('',#325);
#325 = AXIS2_PLACEMENT_3D('',#326,#327,#328);
#326 = CARTESIAN_POINT('',(14.5,-11.3,-0.85));
#327 = DIRECTION('',(0.,0.,1.));
#328 = DIRECTION('',(1.,0.,0.));
#329 = DEFINITIONAL_REPRESENTATION('',(#330),#333);
#330 = B_SPLINE_CURVE_WITH_KNOTS('',1,(#331,#332),.UNSPECIFIED.,.F.,.F.,
  (2,2),(-5.999999999062E-07,3.86),.PIECEWISE_BEZIER_KNOTS.);
#331 = CARTESIAN_POINT('',(3.5000006,22.066498966702));
#332 = CARTESIAN_POINT('',(-0.36,22.066498966702));
#333 = ( GEOMETRIC_REPRESENTATION_CONTEXT(2) 
PARAMETRIC_REPRESENTATION_CONTEXT() REPRESENTATION_CONTEXT('2D SPACE',''
  ) );
#334 = ORIENTED_EDGE('',*,*,#335,.F.);
#335 = EDGE_CURVE('',#336,#310,#338,.T.);
#336 = VERTEX_POINT('',#337);
#337 = CARTESIAN_POINT('',(14.5,10.8,0.));
#338 = SURFACE_CURVE('',#339,(#344,#351),.PCURVE_S1.);
#339 = CIRCLE('',#340,10.8);
#340 = AXIS2_PLACEMENT_3D('',#341,#342,#343);
#341 = CARTESIAN_POINT('',(14.5,0.,0.));
#342 = DIRECTION('',(-1.,0.,0.));
#343 = DIRECTION('',(0.,1.,0.));
#344 = PCURVE('',#45,#345);
#345 = DEFINITIONAL_REPRESENTATION('',(#346),#350);
#346 = LINE('',#347,#348);
#347 = CARTESIAN_POINT('',(-6.28318530718,3.5));
#348 = VECTOR('',#349,1.);
#349 = DIRECTION('',(1.,-0.));
#350 = ( GEOMETRIC_REPRESENTATION_CONTEXT(2) 
PARAMETRIC_REPRESENTATION_CONTEXT() REPRESENTATION_CONTEXT('2D SPACE',''
  ) );
#351 = PCURVE('',#352,#357);
#352 = PLANE('',#353);
#353 = AXIS2_PLACEMENT_3D('',#354,#355,#356);
#354 = CARTESIAN_POINT('',(14.5,-11.3,-0.85));
#355 = DIRECTION('',(1.,0.,0.));
#356 = DIRECTION('',(0.,0.,1.));
#357 = DEFINITIONAL_REPRESENTATION('',(#358),#366);
#358 = ( BOUNDED_CURVE() B_SPLINE_CURVE(2,(#359,#360,#361,#362,#363,#364
,#365),.UNSPECIFIED.,.T.,.F.) B_SPLINE_CURVE_WITH_KNOTS((1,2,2,2,2,1),(
    -2.094395102393,0.,2.094395102393,4.188790204786,6.28318530718,
8.377580409573),.UNSPECIFIED.) CURVE() GEOMETRIC_REPRESENTATION_ITEM() 
RATIONAL_B_SPLINE_CURVE((1.,0.5,1.,0.5,1.,0.5,1.)) REPRESENTATION_ITEM(
  '') );
#359 = CARTESIAN_POINT('',(0.85,-22.1));
#360 = CARTESIAN_POINT('',(-17.85614872174,-22.1));
#361 = CARTESIAN_POINT('',(-8.503074360872,-5.9));
#362 = CARTESIAN_POINT('',(0.85,10.3));
#363 = CARTESIAN_POINT('',(10.203074360872,-5.9));
#364 = CARTESIAN_POINT('',(19.556148721744,-22.1));
#365 = CARTESIAN_POINT('',(0.85,-22.1));
#366 = ( GEOMETRIC_REPRESENTATION_CONTEXT(2) 
PARAMETRIC_REPRESENTATION_CONTEXT() REPRESENTATION_CONTEXT('2D SPACE',''
  ) );
#367 = ORIENTED_EDGE('',*,*,#368,.T.);
#368 = EDGE_CURVE('',#336,#369,#371,.T.);
#369 = VERTEX_POINT('',#370);
#370 = CARTESIAN_POINT('',(12.2,10.8,0.));
#371 = SEAM_CURVE('',#372,(#376,#383),.PCURVE_S1.);
#372 = LINE('',#373,#374);
#373 = CARTESIAN_POINT('',(18.,10.8,0.));
#374 = VECTOR('',#375,1.);
#375 = DIRECTION('',(-1.,0.,0.));
#376 = PCURVE('',#45,#377);
#377 = DEFINITIONAL_REPRESENTATION('',(#378),#382);
#378 = LINE('',#379,#380);
#379 = CARTESIAN_POINT('',(-0.,0.));
#380 = VECTOR('',#381,1.);
#381 = DIRECTION('',(-0.,1.));
#382 = ( GEOMETRIC_REPRESENTATION_CONTEXT(2) 
PARAMETRIC_REPRESENTATION_CONTEXT() REPRESENTATION_CONTEXT('2D SPACE',''
  ) );
#383 = PCURVE('',#45,#384);
#384 = DEFINITIONAL_REPRESENTATION('',(#385),#389);
#385 = LINE('',#386,#387);
#386 = CARTESIAN_POINT('',(-6.28318530718,0.));
#387 = VECTOR('',#388,1.);
#388 = DIRECTION('',(-0.,1.));
#389 = ( GEOMETRIC_REPRESENTATION_CONTEXT(2) 
PARAMETRIC_REPRESENTATION_CONTEXT() REPRESENTATION_CONTEXT('2D SPACE',''
  ) );
#390 = ORIENTED_EDGE('',*,*,#391,.F.);
#391 = EDGE_CURVE('',#369,#369,#392,.T.);
#392 = SURFACE_CURVE('',#393,(#398,#405),.PCURVE_S1.);
#393 = CIRCLE('',#394,10.8);
#394 = AXIS2_PLACEMENT_3D('',#395,#396,#397);
#395 = CARTESIAN_POINT('',(12.2,0.,0.));
#396 = DIRECTION('',(1.,0.,0.));
#397 = DIRECTION('',(-0.,1.,0.));
#398 = PCURVE('',#45,#399);
#399 = DEFINITIONAL_REPRESENTATION('',(#400),#404);
#400 = LINE('',#401,#402);
#401 = CARTESIAN_POINT('',(-0.,5.8));
#402 = VECTOR('',#403,1.);
#403 = DIRECTION('',(-1.,0.));
#404 = ( GEOMETRIC_REPRESENTATION_CONTEXT(2) 
PARAMETRIC_REPRESENTATION_CONTEXT() REPRESENTATION_CONTEXT('2D SPACE',''
  ) );
#405 = PCURVE('',#406,#411);
#406 = PLANE('',#407);
#407 = AXIS2_PLACEMENT_3D('',#408,#409,#410);
#408 = CARTESIAN_POINT('',(12.2,0.,0.));
#409 = DIRECTION('',(1.,0.,0.));
#410 = DIRECTION('',(-0.,1.,0.));
#411 = DEFINITIONAL_REPRESENTATION('',(#412),#416);
#412 = CIRCLE('',#413,10.8);
#413 = AXIS2_PLACEMENT_2D('',#414,#415);
#414 = CARTESIAN_POINT('',(0.,0.));
#415 = DIRECTION('',(1.,0.));
#416 = ( GEOMETRIC_REPRESENTATION_CONTEXT(2) 
PARAMETRIC_REPRESENTATION_CONTEXT() REPRESENTATION_CONTEXT('2D SPACE',''
  ) );
#417 = ORIENTED_EDGE('',*,*,#368,.F.);
#418 = ORIENTED_EDGE('',*,*,#419,.F.);
#419 = EDGE_CURVE('',#179,#336,#420,.T.);
#420 = SURFACE_CURVE('',#421,(#426,#433),.PCURVE_S1.);
#421 = CIRCLE('',#422,10.8);
#422 = AXIS2_PLACEMENT_3D('',#423,#424,#425);
#423 = CARTESIAN_POINT('',(14.5,0.,0.));
#424 = DIRECTION('',(-1.,0.,0.));
#425 = DIRECTION('',(0.,1.,0.));
#426 = PCURVE('',#45,#427);
#427 = DEFINITIONAL_REPRESENTATION('',(#428),#432);
#428 = LINE('',#429,#430);
#429 = CARTESIAN_POINT('',(-6.28318530718,3.5));
#430 = VECTOR('',#431,1.);
#431 = DIRECTION('',(1.,-0.));
#432 = ( GEOMETRIC_REPRESENTATION_CONTEXT(2) 
PARAMETRIC_REPRESENTATION_CONTEXT() REPRESENTATION_CONTEXT('2D SPACE',''
  ) );
#433 = PCURVE('',#352,#434);
#434 = DEFINITIONAL_REPRESENTATION('',(#435),#443);
#435 = ( BOUNDED_CURVE() B_SPLINE_CURVE(2,(#436,#437,#438,#439,#440,#441
,#442),.UNSPECIFIED.,.T.,.F.) B_SPLINE_CURVE_WITH_KNOTS((1,2,2,2,2,1),(
    -2.094395102393,0.,2.094395102393,4.188790204786,6.28318530718,
8.377580409573),.UNSPECIFIED.) CURVE() GEOMETRIC_REPRESENTATION_ITEM() 
RATIONAL_B_SPLINE_CURVE((1.,0.5,1.,0.5,1.,0.5,1.)) REPRESENTATION_ITEM(
  '') );
#436 = CARTESIAN_POINT('',(0.85,-22.1));
#437 = CARTESIAN_POINT('',(-17.85614872174,-22.1));
#438 = CARTESIAN_POINT('',(-8.503074360872,-5.9));
#439 = CARTESIAN_POINT('',(0.85,10.3));
#440 = CARTESIAN_POINT('',(10.203074360872,-5.9));
#441 = CARTESIAN_POINT('',(19.556148721744,-22.1));
#442 = CARTESIAN_POINT('',(0.85,-22.1));
#443 = ( GEOMETRIC_REPRESENTATION_CONTEXT(2) 
PARAMETRIC_REPRESENTATION_CONTEXT() REPRESENTATION_CONTEXT('2D SPACE',''
  ) );
#444 = FACE_BOUND('',#445,.F.);
#445 = EDGE_LOOP('',(#446));
#446 = ORIENTED_EDGE('',*,*,#447,.T.);
#447 = EDGE_CURVE('',#448,#448,#450,.T.);
#448 = VERTEX_POINT('',#449);
#449 = CARTESIAN_POINT('',(17.13,5.,9.572878355019));
#450 = SURFACE_CURVE('',#451,(#496,#544),.PCURVE_S1.);
#451 = B_SPLINE_CURVE_WITH_KNOTS('',8,(#452,#453,#454,#455,#456,#457,
    #458,#459,#460,#461,#462,#463,#464,#465,#466,#467,#468,#469,#470,
    #471,#472,#473,#474,#475,#476,#477,#478,#479,#480,#481,#482,#483,
    #484,#485,#486,#487,#488,#489,#490,#491,#492,#493,#494,#495),
  .UNSPECIFIED.,.T.,.F.,(9,7,7,7,7,7,9),(0.,0.112213558131,
    0.208734831966,0.412414207729,0.676567610531,0.833131877713,1.),
  .UNSPECIFIED.);
#452 = CARTESIAN_POINT('',(17.13,5.,9.572878355019));
#453 = CARTESIAN_POINT('',(17.13,5.081564895281,9.530276280567));
#454 = CARTESIAN_POINT('',(17.121360138443,5.162506576975,9.486988916247
    ));
#455 = CARTESIAN_POINT('',(17.104310653552,5.241793536557,9.443563518994
    ));
#456 = CARTESIAN_POINT('',(17.079218304092,5.318444241711,9.400593977045
    ));
#457 = CARTESIAN_POINT('',(17.04657901295,5.391547861958,9.358704543439)
  );
#458 = CARTESIAN_POINT('',(17.007009655218,5.460284664543,9.318525093738
    ));
#459 = CARTESIAN_POINT('',(16.961238990758,5.523946080583,9.280657907951
    ));
#460 = CARTESIAN_POINT('',(16.866108239223,5.631850737267,9.215511618485
    ));
#461 = CARTESIAN_POINT('',(16.818034246327,5.677690528922,9.187416441877
    ));
#462 = CARTESIAN_POINT('',(16.766305911343,5.719142499485,9.16166435269)
  );
#463 = CARTESIAN_POINT('',(16.711370162215,5.75592631971,9.138544376515)
  );
#464 = CARTESIAN_POINT('',(16.653686189413,5.787808644508,9.11831275896)
  );
#465 = CARTESIAN_POINT('',(16.593721685659,5.814599798633,9.101186449544
    ));
#466 = CARTESIAN_POINT('',(16.531949842071,5.836151151591,9.087337969225
    ));
#467 = CARTESIAN_POINT('',(16.335687575767,5.886542736765,9.054847843219
    ));
#468 = CARTESIAN_POINT('',(16.196951899129,5.896822062667,9.048012384033
    ));
#469 = CARTESIAN_POINT('',(16.057326170574,5.882338819105,9.057439240123
    ));
#470 = CARTESIAN_POINT('',(15.921499649591,5.843185428377,9.083128831838
    ));
#471 = CARTESIAN_POINT('',(15.794113814256,5.780232168161,9.123920555696
    ));
#472 = CARTESIAN_POINT('',(15.679756366093,5.695230978991,9.17760387241)
  );
#473 = CARTESIAN_POINT('',(15.582813208407,5.591003591645,9.241205669611
    ));
#474 = CARTESIAN_POINT('',(15.40865755218,5.316578189043,9.402462224869)
  );
#475 = CARTESIAN_POINT('',(15.345378186708,5.135237397497,9.505055772603
    ));
#476 = CARTESIAN_POINT('',(15.327009241301,4.937584844539,9.611067462287
    ));
#477 = CARTESIAN_POINT('',(15.358828835263,4.737991229657,9.710898360528
    ));
#478 = CARTESIAN_POINT('',(15.439932113702,4.552330110263,9.797216353896
    ));
#479 = CARTESIAN_POINT('',(15.563380378056,4.395422440844,9.866529875205
    ));
#480 = CARTESIAN_POINT('',(15.71530340995,4.279047567258,9.916472841761)
  );
#481 = CARTESIAN_POINT('',(15.970152962908,4.159124470553,9.96714758056)
  );
#482 = CARTESIAN_POINT('',(16.070012117451,4.12790243089,9.980071132204)
  );
#483 = CARTESIAN_POINT('',(16.173037154859,4.110346193612,9.987235902489
    ));
#484 = CARTESIAN_POINT('',(16.277455830026,4.106607495087,9.988747845512
    ));
#485 = CARTESIAN_POINT('',(16.381523603466,4.116721381811,9.984635663511
    ));
#486 = CARTESIAN_POINT('',(16.483496573667,4.140608837827,9.974846922823
    ));
#487 = CARTESIAN_POINT('',(16.581597842539,4.178082813432,9.959250375013
    ));
#488 = CARTESIAN_POINT('',(16.772366086779,4.282958543193,9.914621727472
    ));
#489 = CARTESIAN_POINT('',(16.865428214058,4.352815459649,9.884497110563
    ));
#490 = CARTESIAN_POINT('',(16.948985799198,4.43782464665,9.847118941762)
  );
#491 = CARTESIAN_POINT('',(17.01951572118,4.536092033167,9.802732328321)
  );
#492 = CARTESIAN_POINT('',(17.074289335061,4.644864653853,9.751907293484
    ));
#493 = CARTESIAN_POINT('',(17.111439375118,4.760849004793,9.69561728468)
  );
#494 = CARTESIAN_POINT('',(17.13,4.880453534236,9.635318543503));
#495 = CARTESIAN_POINT('',(17.13,5.,9.572878355019));
#496 = PCURVE('',#45,#497);
#497 = DEFINITIONAL_REPRESENTATION('',(#498),#543);
#498 = B_SPLINE_CURVE_WITH_KNOTS('',8,(#499,#500,#501,#502,#503,#504,
    #505,#506,#507,#508,#509,#510,#511,#512,#513,#514,#515,#516,#517,
    #518,#519,#520,#521,#522,#523,#524,#525,#526,#527,#528,#529,#530,
    #531,#532,#533,#534,#535,#536,#537,#538,#539,#540,#541,#542),
  .UNSPECIFIED.,.T.,.F.,(9,7,7,7,7,7,9),(0.,0.112213558131,
    0.208734831966,0.412414207729,0.676567610531,0.833131877713,1.),
  .UNSPECIFIED.);
#499 = CARTESIAN_POINT('',(-1.089461257921,0.87));
#500 = CARTESIAN_POINT('',(-1.08094084303,0.87));
#501 = CARTESIAN_POINT('',(-1.07244219781,0.878639861557));
#502 = CARTESIAN_POINT('',(-1.064072508812,0.895689346448));
#503 = CARTESIAN_POINT('',(-1.055936845211,0.920781695908));
#504 = CARTESIAN_POINT('',(-1.048136086678,0.95342098705));
#505 = CARTESIAN_POINT('',(-1.040764356395,0.992990344782));
#506 = CARTESIAN_POINT('',(-1.033905959224,1.038761009242));
#507 = CARTESIAN_POINT('',(-1.022235084775,1.133891760777));
#508 = CARTESIAN_POINT('',(-1.017256999173,1.181965753673));
#509 = CARTESIAN_POINT('',(-1.012738608728,1.233694088657));
#510 = CARTESIAN_POINT('',(-1.008715890199,1.288629837785));
#511 = CARTESIAN_POINT('',(-1.005219657011,1.346313810587));
#512 = CARTESIAN_POINT('',(-1.002275461965,1.406278314341));
#513 = CARTESIAN_POINT('',(-0.999903502231,1.468050157929));
#514 = CARTESIAN_POINT('',(-0.994351867701,1.664312424233));
#515 = CARTESIAN_POINT('',(-0.993208982483,1.803048100871));
#516 = CARTESIAN_POINT('',(-0.994808894897,1.942673829426));
#517 = CARTESIAN_POINT('',(-0.999145167764,2.078500350409));
#518 = CARTESIAN_POINT('',(-1.006090657042,2.205886185744));
#519 = CARTESIAN_POINT('',(-1.015397861821,2.320243633907));
#520 = CARTESIAN_POINT('',(-1.026701885551,2.417186791593));
#521 = CARTESIAN_POINT('',(-1.056173829704,2.59134244782));
#522 = CARTESIAN_POINT('',(-1.07546286374,2.654621813292));
#523 = CARTESIAN_POINT('',(-1.096222012567,2.672990758699));
#524 = CARTESIAN_POINT('',(-1.116867466115,2.641171164737));
#525 = CARTESIAN_POINT('',(-1.135817914349,2.560067886298));
#526 = CARTESIAN_POINT('',(-1.151699683798,2.436619621944));
#527 = CARTESIAN_POINT('',(-1.16342527201,2.28469659005));
#528 = CARTESIAN_POINT('',(-1.175479916637,2.029847037092));
#529 = CARTESIAN_POINT('',(-1.178608630967,1.929987882549));
#530 = CARTESIAN_POINT('',(-1.180364373043,1.826962845141));
#531 = CARTESIAN_POINT('',(-1.180737798986,1.722544169974));
#532 = CARTESIAN_POINT('',(-1.179726858411,1.618476396534));
#533 = CARTESIAN_POINT('',(-1.177336562349,1.516503426333));
#534 = CARTESIAN_POINT('',(-1.17357834431,1.418402157461));
#535 = CARTESIAN_POINT('',(-1.163024967799,1.227633913221));
#536 = CARTESIAN_POINT('',(-1.155981033127,1.134571785942));
#537 = CARTESIAN_POINT('',(-1.147382850802,1.051014200802));
#538 = CARTESIAN_POINT('',(-1.13740000661,0.98048427882));
#539 = CARTESIAN_POINT('',(-1.126285275858,0.925710664939));
#540 = CARTESIAN_POINT('',(-1.114350314005,0.888560624882));
#541 = CARTESIAN_POINT('',(-1.101949295618,0.87));
#542 = CARTESIAN_POINT('',(-1.089461257921,0.87));
#543 = ( GEOMETRIC_REPRESENTATION_CONTEXT(2) 
PARAMETRIC_REPRESENTATION_CONTEXT() REPRESENTATION_CONTEXT('2D SPACE',''
  ) );
#544 = PCURVE('',#545,#550);
#545 = CYLINDRICAL_SURFACE('',#546,0.88);
#546 = AXIS2_PLACEMENT_3D('',#547,#548,#549);
#547 = CARTESIAN_POINT('',(16.25,5.,-15.));
#548 = DIRECTION('',(-0.,-0.,-1.));
#549 = DIRECTION('',(1.,0.,0.));
#550 = DEFINITIONAL_REPRESENTATION('',(#551),#596);
#551 = B_SPLINE_CURVE_WITH_KNOTS('',8,(#552,#553,#554,#555,#556,#557,
    #558,#559,#560,#561,#562,#563,#564,#565,#566,#567,#568,#569,#570,
    #571,#572,#573,#574,#575,#576,#577,#578,#579,#580,#581,#582,#583,
    #584,#585,#586,#587,#588,#589,#590,#591,#592,#593,#594,#595),
  .UNSPECIFIED.,.F.,.F.,(9,7,7,7,7,7,9),(0.,0.112213558131,
    0.208734831966,0.412414207729,0.676567610531,0.833131877713,1.),
  .UNSPECIFIED.);
#552 = CARTESIAN_POINT('',(0.,-24.57287835501));
#553 = CARTESIAN_POINT('',(-9.268738100082E-02,-24.53027628056));
#554 = CARTESIAN_POINT('',(-0.184666425148,-24.48698891624));
#555 = CARTESIAN_POINT('',(-0.275978906473,-24.44356351899));
#556 = CARTESIAN_POINT('',(-0.36664424069,-24.40059397704));
#557 = CARTESIAN_POINT('',(-0.456665216317,-24.35870454343));
#558 = CARTESIAN_POINT('',(-0.546026778932,-24.31852509373));
#559 = CARTESIAN_POINT('',(-0.634687868582,-24.28065790795));
#560 = CARTESIAN_POINT('',(-0.798155564254,-24.21551161848));
#561 = CARTESIAN_POINT('',(-0.873356509382,-24.18741644187));
#562 = CARTESIAN_POINT('',(-0.948221648126,-24.16166435269));
#563 = CARTESIAN_POINT('',(-1.02280577296,-24.13854437651));
#564 = CARTESIAN_POINT('',(-1.097164654821,-24.11831275896));
#565 = CARTESIAN_POINT('',(-1.171354953985,-24.10118644954));
#566 = CARTESIAN_POINT('',(-1.245435353405,-24.08733796922));
#567 = CARTESIAN_POINT('',(-1.475694676061,-24.05484784321));
#568 = CARTESIAN_POINT('',(-1.631300343124,-24.04801238403));
#569 = CARTESIAN_POINT('',(-1.786700729429,-24.05743924012));
#570 = CARTESIAN_POINT('',(-1.942366545621,-24.08312883183));
#571 = CARTESIAN_POINT('',(-2.098751908188,-24.12392055569));
#572 = CARTESIAN_POINT('',(-2.25627527569,-24.17760387241));
#573 = CARTESIAN_POINT('',(-2.41530566196,-24.24120566961));
#574 = CARTESIAN_POINT('',(-2.7846491824,-24.40246222486));
#575 = CARTESIAN_POINT('',(-2.997167243306,-24.5050557726));
#576 = CARTESIAN_POINT('',(-3.211826017697,-24.61106746228));
#577 = CARTESIAN_POINT('',(-3.427591054346,-24.71089836052));
#578 = CARTESIAN_POINT('',(-3.643870509863,-24.79721635389));
#579 = CARTESIAN_POINT('',(-3.859095859695,-24.8665298752));
#580 = CARTESIAN_POINT('',(-4.07160995948,-24.91647284176));
#581 = CARTESIAN_POINT('',(-4.391673074234,-24.96714758056));
#582 = CARTESIAN_POINT('',(-4.509455989987,-24.9800711322));
#583 = CARTESIAN_POINT('',(-4.626456671396,-24.98723590248));
#584 = CARTESIAN_POINT('',(-4.743115065465,-24.98874784551));
#585 = CARTESIAN_POINT('',(-4.859850297558,-24.98463566351));
#586 = CARTESIAN_POINT('',(-4.977088970698,-24.97484692282));
#587 = CARTESIAN_POINT('',(-5.095293555037,-24.95925037501));
#588 = CARTESIAN_POINT('',(-5.342675094701,-24.91462172747));
#589 = CARTESIAN_POINT('',(-5.473589822988,-24.88449711056));
#590 = CARTESIAN_POINT('',(-5.606502253709,-24.84711894176));
#591 = CARTESIAN_POINT('',(-5.740722039414,-24.80273232832));
#592 = CARTESIAN_POINT('',(-5.875801837919,-24.75190729348));
#593 = CARTESIAN_POINT('',(-6.011422834966,-24.69561728468));
#594 = CARTESIAN_POINT('',(-6.147337050629,-24.6353185435));
#595 = CARTESIAN_POINT('',(-6.28318530718,-24.57287835501));
#596 = ( GEOMETRIC_REPRESENTATION_CONTEXT(2) 
PARAMETRIC_REPRESENTATION_CONTEXT() REPRESENTATION_CONTEXT('2D SPACE',''
  ) );
#597 = FACE_BOUND('',#598,.F.);
#598 = EDGE_LOOP('',(#599));
#599 = ORIENTED_EDGE('',*,*,#600,.T.);
#600 = EDGE_CURVE('',#601,#601,#603,.T.);
#601 = VERTEX_POINT('',#602);
#602 = CARTESIAN_POINT('',(17.13,-5.,9.572878355019));
#603 = SURFACE_CURVE('',#604,(#649,#697),.PCURVE_S1.);
#604 = B_SPLINE_CURVE_WITH_KNOTS('',8,(#605,#606,#607,#608,#609,#610,
    #611,#612,#613,#614,#615,#616,#617,#618,#619,#620,#621,#622,#623,
    #624,#625,#626,#627,#628,#629,#630,#631,#632,#633,#634,#635,#636,
    #637,#638,#639,#640,#641,#642,#643,#644,#645,#646,#647,#648),
  .UNSPECIFIED.,.T.,.F.,(9,7,7,7,7,7,9),(0.,0.134225540962,
    0.255250698493,0.533073980505,0.752255636151,0.9084149925,1.),
  .UNSPECIFIED.);
#605 = CARTESIAN_POINT('',(17.13,-5.,9.572878355019));
#606 = CARTESIAN_POINT('',(17.13,-4.906068153245,9.621939798857));
#607 = CARTESIAN_POINT('',(17.118541231545,-4.8118103564,9.669830740844)
  );
#608 = CARTESIAN_POINT('',(17.095485021951,-4.719125285017,9.71557087652
    ));
#609 = CARTESIAN_POINT('',(17.061151588835,-4.629904617106,
    9.758333364434));
#610 = CARTESIAN_POINT('',(17.016287558426,-4.545939922867,
    9.797485484478));
#611 = CARTESIAN_POINT('',(16.96204673087,-4.468829048927,9.83258075503)
  );
#612 = CARTESIAN_POINT('',(16.89997051331,-4.399866492226,9.863339343252
    ));
#613 = CARTESIAN_POINT('',(16.770627396361,-4.285835195529,
    9.913379991992));
#614 = CARTESIAN_POINT('',(16.70430324601,-4.238935062555,9.933558436356
    ));
#615 = CARTESIAN_POINT('',(16.633874291149,-4.199498864733,
    9.950249351267));
#616 = CARTESIAN_POINT('',(16.560206610785,-4.167757565791,
    9.963515457527));
#617 = CARTESIAN_POINT('',(16.484149961903,-4.143874690588,
    9.973413140043));
#618 = CARTESIAN_POINT('',(16.406543863543,-4.127945965949,
    9.979986771147));
#619 = CARTESIAN_POINT('',(16.328219865264,-4.12,9.98326599866));
#620 = CARTESIAN_POINT('',(16.070439814915,-4.12,9.98326599866));
#621 = CARTESIAN_POINT('',(15.881472950178,-4.161871405916,
    9.965986515718));
#622 = CARTESIAN_POINT('',(15.700594417104,-4.253302659453,
    9.928250102078));
#623 = CARTESIAN_POINT('',(15.545508387413,-4.390788008595,
    9.870376755678));
#624 = CARTESIAN_POINT('',(15.429804747348,-4.564572088391,
    9.792933418515));
#625 = CARTESIAN_POINT('',(15.362431327371,-4.761495134069,
    9.698461102867));
#626 = CARTESIAN_POINT('',(15.347789489762,-4.966752919341,9.59282374986
    ));
#627 = CARTESIAN_POINT('',(15.415406782689,-5.321215182122,
    9.399805877737));
#628 = CARTESIAN_POINT('',(15.476876323903,-5.46792840281,9.316097553553
    ));
#629 = CARTESIAN_POINT('',(15.566208450424,-5.598704016695,
    9.237935570866));
#630 = CARTESIAN_POINT('',(15.678772382259,-5.708485393606,
    9.169602244287));
#631 = CARTESIAN_POINT('',(15.80923736506,-5.793472292795,9.115169019457
    ));
#632 = CARTESIAN_POINT('',(15.951921569723,-5.851123493087,
    9.077749822726));
#633 = CARTESIAN_POINT('',(16.100886666728,-5.88,9.059006568051));
#634 = CARTESIAN_POINT('',(16.356238097701,-5.88,9.059006568051));
#635 = CARTESIAN_POINT('',(16.462305759558,-5.865342116198,
    9.068520760938));
#636 = CARTESIAN_POINT('',(16.566068719598,-5.836108974131,
    9.087494981637));
#637 = CARTESIAN_POINT('',(16.665417886199,-5.792663452575,
    9.115506399866));
#638 = CARTESIAN_POINT('',(16.758263698269,-5.73564967383,9.151762351736
    ));
#639 = CARTESIAN_POINT('',(16.842555712197,-5.666028533509,9.19514997199
    ));
#640 = CARTESIAN_POINT('',(16.916335495777,-5.585121119842,
    9.244320940692));
#641 = CARTESIAN_POINT('',(17.013896996307,-5.441563731267,
    9.329157739341));
#642 = CARTESIAN_POINT('',(17.045818462902,-5.385079860665,
    9.362070378395));
#643 = CARTESIAN_POINT('',(17.073155133275,-5.325573602786,
    9.396203318815));
#644 = CARTESIAN_POINT('',(17.095526456818,-5.263495468002,9.43120410521
    ));
#645 = CARTESIAN_POINT('',(17.11261455338,-5.199345322733,9.466714322516
    ));
#646 = CARTESIAN_POINT('',(17.124167092115,-5.133662853206,
    9.502382596533));
#647 = CARTESIAN_POINT('',(17.13,-5.067017805237,9.53787435583));
#648 = CARTESIAN_POINT('',(17.13,-5.,9.572878355019));
#649 = PCURVE('',#45,#650);
#650 = DEFINITIONAL_REPRESENTATION('',(#651),#696);
#651 = B_SPLINE_CURVE_WITH_KNOTS('',8,(#652,#653,#654,#655,#656,#657,
    #658,#659,#660,#661,#662,#663,#664,#665,#666,#667,#668,#669,#670,
    #671,#672,#673,#674,#675,#676,#677,#678,#679,#680,#681,#682,#683,
    #684,#685,#686,#687,#688,#689,#690,#691,#692,#693,#694,#695),
  .UNSPECIFIED.,.T.,.F.,(9,7,7,7,7,7,9),(0.,0.134225540962,
    0.255250698493,0.533073980505,0.752255636151,0.9084149925,1.),
  .UNSPECIFIED.);
#652 = CARTESIAN_POINT('',(-2.052131395669,0.87));
#653 = CARTESIAN_POINT('',(-2.042319106901,0.87));
#654 = CARTESIAN_POINT('',(-2.032530240075,0.881458768455));
#655 = CARTESIAN_POINT('',(-2.022961221872,0.904514978049));
#656 = CARTESIAN_POINT('',(-2.013801297297,0.938848411165));
#657 = CARTESIAN_POINT('',(-2.005223914953,0.983712441574));
#658 = CARTESIAN_POINT('',(-1.997379687861,1.03795326913));
#659 = CARTESIAN_POINT('',(-1.990388048742,1.10002948669));
#660 = CARTESIAN_POINT('',(-1.97885768567,1.229372603639));
#661 = CARTESIAN_POINT('',(-1.974130333109,1.29569675399));
#662 = CARTESIAN_POINT('',(-1.97016534081,1.366125708851));
#663 = CARTESIAN_POINT('',(-1.966980002256,1.439793389215));
#664 = CARTESIAN_POINT('',(-1.964586248407,1.515850038097));
#665 = CARTESIAN_POINT('',(-1.962990703977,1.593456136457));
#666 = CARTESIAN_POINT('',(-1.962194776216,1.671780134736));
#667 = CARTESIAN_POINT('',(-1.962194776216,1.929560185085));
#668 = CARTESIAN_POINT('',(-1.966388991282,2.118527049822));
#669 = CARTESIAN_POINT('',(-1.975547120496,2.299405582895));
#670 = CARTESIAN_POINT('',(-1.989360252831,2.454491612588));
#671 = CARTESIAN_POINT('',(-2.006966284736,2.570195252651));
#672 = CARTESIAN_POINT('',(-2.027176594745,2.637568672629));
#673 = CARTESIAN_POINT('',(-2.048545479097,2.652210510238));
#674 = CARTESIAN_POINT('',(-2.085916587573,2.584593217311));
#675 = CARTESIAN_POINT('',(-2.101553676308,2.523123676097));
#676 = CARTESIAN_POINT('',(-2.115655919396,2.433791549576));
#677 = CARTESIAN_POINT('',(-2.127626635616,2.321227617741));
#678 = CARTESIAN_POINT('',(-2.136971491094,2.19076263494));
#679 = CARTESIAN_POINT('',(-2.143335356169,2.048078430277));
#680 = CARTESIAN_POINT('',(-2.146522974775,1.899113333272));
#681 = CARTESIAN_POINT('',(-2.146522974775,1.643761902299));
#682 = CARTESIAN_POINT('',(-2.144904923926,1.537694240442));
#683 = CARTESIAN_POINT('',(-2.141677977708,1.433931280402));
#684 = CARTESIAN_POINT('',(-2.136891610109,1.334582113801));
#685 = CARTESIAN_POINT('',(-2.130635860215,1.241736301731));
#686 = CARTESIAN_POINT('',(-2.123040814149,1.157444287803));
#687 = CARTESIAN_POINT('',(-2.114275064934,1.083664504223));
#688 = CARTESIAN_POINT('',(-2.098835126926,0.986103003693));
#689 = CARTESIAN_POINT('',(-2.092782156482,0.954181537099));
#690 = CARTESIAN_POINT('',(-2.086430494726,0.926844866725));
#691 = CARTESIAN_POINT('',(-2.079832223721,0.904473543182));
#692 = CARTESIAN_POINT('',(-2.073043514032,0.88738544662));
#693 = CARTESIAN_POINT('',(-2.066123312121,0.875832907885));
#694 = CARTESIAN_POINT('',(-2.059132195507,0.87));
#695 = CARTESIAN_POINT('',(-2.052131395669,0.87));
#696 = ( GEOMETRIC_REPRESENTATION_CONTEXT(2) 
PARAMETRIC_REPRESENTATION_CONTEXT() REPRESENTATION_CONTEXT('2D SPACE',''
  ) );
#697 = PCURVE('',#698,#703);
#698 = CYLINDRICAL_SURFACE('',#699,0.88);
#699 = AXIS2_PLACEMENT_3D('',#700,#701,#702);
#700 = CARTESIAN_POINT('',(16.25,-5.,-15.));
#701 = DIRECTION('',(-0.,-0.,-1.));
#702 = DIRECTION('',(1.,0.,0.));
#703 = DEFINITIONAL_REPRESENTATION('',(#704),#749);
#704 = B_SPLINE_CURVE_WITH_KNOTS('',8,(#705,#706,#707,#708,#709,#710,
    #711,#712,#713,#714,#715,#716,#717,#718,#719,#720,#721,#722,#723,
    #724,#725,#726,#727,#728,#729,#730,#731,#732,#733,#734,#735,#736,
    #737,#738,#739,#740,#741,#742,#743,#744,#745,#746,#747,#748),
  .UNSPECIFIED.,.F.,.F.,(9,7,7,7,7,7,9),(0.,0.134225540962,
    0.255250698493,0.533073980505,0.752255636151,0.9084149925,1.),
  .UNSPECIFIED.);
#705 = CARTESIAN_POINT('',(0.,-24.57287835501));
#706 = CARTESIAN_POINT('',(-0.106740734949,-24.62193979885));
#707 = CARTESIAN_POINT('',(-0.213851861827,-24.66983074084));
#708 = CARTESIAN_POINT('',(-0.321029063489,-24.71557087652));
#709 = CARTESIAN_POINT('',(-0.428029511099,-24.75833336443));
#710 = CARTESIAN_POINT('',(-0.534602322495,-24.79748548447));
#711 = CARTESIAN_POINT('',(-0.640452162244,-24.83258075503));
#712 = CARTESIAN_POINT('',(-0.745190621585,-24.86333934325));
#713 = CARTESIAN_POINT('',(-0.941136023094,-24.91337999199));
#714 = CARTESIAN_POINT('',(-1.032916052997,-24.93355843635));
#715 = CARTESIAN_POINT('',(-1.123806472857,-24.95024935126));
#716 = CARTESIAN_POINT('',(-1.21399647557,-24.96351545752));
#717 = CARTESIAN_POINT('',(-1.303647223697,-24.97341314004));
#718 = CARTESIAN_POINT('',(-1.392905250174,-24.97998677114));
#719 = CARTESIAN_POINT('',(-1.481910116267,-24.98326599866));
#720 = CARTESIAN_POINT('',(-1.774841991664,-24.98326599866));
#721 = CARTESIAN_POINT('',(-1.989575564577,-24.96598651571));
#722 = CARTESIAN_POINT('',(-2.208071778976,-24.92825010207));
#723 = CARTESIAN_POINT('',(-2.428830444795,-24.87037675567));
#724 = CARTESIAN_POINT('',(-2.651042720049,-24.79293341851));
#725 = CARTESIAN_POINT('',(-2.874868665832,-24.69846110286));
#726 = CARTESIAN_POINT('',(-3.100865968605,-24.59282374986));
#727 = CARTESIAN_POINT('',(-3.510927308185,-24.39980587773));
#728 = CARTESIAN_POINT('',(-3.687782833716,-24.31609755355));
#729 = CARTESIAN_POINT('',(-3.861791766621,-24.23793557086));
#730 = CARTESIAN_POINT('',(-4.03367473774,-24.16960224428));
#731 = CARTESIAN_POINT('',(-4.204108891259,-24.11516901945));
#732 = CARTESIAN_POINT('',(-4.373663402155,-24.07774982272));
#733 = CARTESIAN_POINT('',(-4.542942010758,-24.05900656805));
#734 = CARTESIAN_POINT('',(-4.833114091408,-24.05900656805));
#735 = CARTESIAN_POINT('',(-4.953645490784,-24.06852076093));
#736 = CARTESIAN_POINT('',(-5.07423928277,-24.08749498163));
#737 = CARTESIAN_POINT('',(-5.195142979752,-24.11550639986));
#738 = CARTESIAN_POINT('',(-5.316587528631,-24.15176235173));
#739 = CARTESIAN_POINT('',(-5.438789997035,-24.19514997199));
#740 = CARTESIAN_POINT('',(-5.561957469395,-24.24432094069));
#741 = CARTESIAN_POINT('',(-5.759197497975,-24.32915773934));
#742 = CARTESIAN_POINT('',(-5.83267387201,-24.36207037839));
#743 = CARTESIAN_POINT('',(-5.906653278231,-24.39620331881));
#744 = CARTESIAN_POINT('',(-5.981097801283,-24.43120410521));
#745 = CARTESIAN_POINT('',(-6.055983401234,-24.46671432251));
#746 = CARTESIAN_POINT('',(-6.131295757148,-24.50238259653));
#747 = CARTESIAN_POINT('',(-6.20702871032,-24.53787435583));
#748 = CARTESIAN_POINT('',(-6.28318530718,-24.57287835501));
#749 = ( GEOMETRIC_REPRESENTATION_CONTEXT(2) 
PARAMETRIC_REPRESENTATION_CONTEXT() REPRESENTATION_CONTEXT('2D SPACE',''
  ) );
#750 = FACE_BOUND('',#751,.F.);
#751 = EDGE_LOOP('',(#752));
#752 = ORIENTED_EDGE('',*,*,#753,.F.);
#753 = EDGE_CURVE('',#754,#754,#756,.T.);
#754 = VERTEX_POINT('',#755);
#755 = CARTESIAN_POINT('',(17.13,-5.,-9.572878355019));
#756 = SURFACE_CURVE('',#757,(#802,#850),.PCURVE_S1.);
#757 = B_SPLINE_CURVE_WITH_KNOTS('',8,(#758,#759,#760,#761,#762,#763,
    #764,#765,#766,#767,#768,#769,#770,#771,#772,#773,#774,#775,#776,
    #777,#778,#779,#780,#781,#782,#783,#784,#785,#786,#787,#788,#789,
    #790,#791,#792,#793,#794,#795,#796,#797,#798,#799,#800,#801),
  .UNSPECIFIED.,.T.,.F.,(9,7,7,7,7,7,9),(0.,0.134225540963,
    0.255250698495,0.533073980506,0.752255636151,0.9084149925,1.),
  .UNSPECIFIED.);
#758 = CARTESIAN_POINT('',(17.13,-5.,-9.572878355019));
#759 = CARTESIAN_POINT('',(17.13,-4.906068153245,-9.621939798857));
#760 = CARTESIAN_POINT('',(17.118541231545,-4.8118103564,-9.669830740844
    ));
#761 = CARTESIAN_POINT('',(17.095485021951,-4.719125285017,
    -9.71557087652));
#762 = CARTESIAN_POINT('',(17.061151588835,-4.629904617106,
    -9.758333364434));
#763 = CARTESIAN_POINT('',(17.016287558426,-4.545939922867,
    -9.797485484478));
#764 = CARTESIAN_POINT('',(16.96204673087,-4.468829048927,-9.83258075503
    ));
#765 = CARTESIAN_POINT('',(16.89997051331,-4.399866492226,
    -9.863339343252));
#766 = CARTESIAN_POINT('',(16.770627396361,-4.28583519553,
    -9.913379991992));
#767 = CARTESIAN_POINT('',(16.704303246011,-4.238935062555,
    -9.933558436356));
#768 = CARTESIAN_POINT('',(16.633874291149,-4.199498864733,
    -9.950249351267));
#769 = CARTESIAN_POINT('',(16.560206610784,-4.167757565791,
    -9.963515457527));
#770 = CARTESIAN_POINT('',(16.484149961902,-4.143874690588,
    -9.973413140043));
#771 = CARTESIAN_POINT('',(16.406543863543,-4.127945965949,
    -9.979986771147));
#772 = CARTESIAN_POINT('',(16.328219865265,-4.12,-9.98326599866));
#773 = CARTESIAN_POINT('',(16.070439814915,-4.12,-9.98326599866));
#774 = CARTESIAN_POINT('',(15.881472950178,-4.161871405916,
    -9.965986515718));
#775 = CARTESIAN_POINT('',(15.700594417105,-4.253302659451,
    -9.928250102079));
#776 = CARTESIAN_POINT('',(15.545508387412,-4.390788008598,
    -9.870376755676));
#777 = CARTESIAN_POINT('',(15.429804747349,-4.564572088388,
    -9.792933418516));
#778 = CARTESIAN_POINT('',(15.362431327371,-4.76149513407,
    -9.698461102867));
#779 = CARTESIAN_POINT('',(15.347789489762,-4.966752919341,
    -9.592823749861));
#780 = CARTESIAN_POINT('',(15.415406782689,-5.321215182122,
    -9.399805877737));
#781 = CARTESIAN_POINT('',(15.476876323902,-5.467928402808,
    -9.316097553553));
#782 = CARTESIAN_POINT('',(15.566208450425,-5.598704016697,
    -9.237935570865));
#783 = CARTESIAN_POINT('',(15.678772382258,-5.708485393605,
    -9.169602244288));
#784 = CARTESIAN_POINT('',(15.809237365061,-5.793472292796,
    -9.115169019457));
#785 = CARTESIAN_POINT('',(15.951921569722,-5.851123493087,
    -9.077749822726));
#786 = CARTESIAN_POINT('',(16.100886666729,-5.88,-9.059006568051));
#787 = CARTESIAN_POINT('',(16.356238097701,-5.88,-9.059006568051));
#788 = CARTESIAN_POINT('',(16.462305759557,-5.865342116198,
    -9.068520760938));
#789 = CARTESIAN_POINT('',(16.566068719599,-5.836108974131,
    -9.087494981637));
#790 = CARTESIAN_POINT('',(16.665417886199,-5.792663452575,
    -9.115506399866));
#791 = CARTESIAN_POINT('',(16.758263698269,-5.73564967383,
    -9.151762351736));
#792 = CARTESIAN_POINT('',(16.842555712197,-5.666028533509,
    -9.195149971991));
#793 = CARTESIAN_POINT('',(16.916335495777,-5.585121119842,
    -9.244320940692));
#794 = CARTESIAN_POINT('',(17.013896996307,-5.441563731267,
    -9.329157739341));
#795 = CARTESIAN_POINT('',(17.045818462902,-5.385079860665,
    -9.362070378396));
#796 = CARTESIAN_POINT('',(17.073155133275,-5.325573602786,
    -9.396203318815));
#797 = CARTESIAN_POINT('',(17.095526456818,-5.263495468002,
    -9.43120410521));
#798 = CARTESIAN_POINT('',(17.11261455338,-5.199345322733,
    -9.466714322516));
#799 = CARTESIAN_POINT('',(17.124167092115,-5.133662853206,
    -9.502382596533));
#800 = CARTESIAN_POINT('',(17.13,-5.067017805237,-9.53787435583));
#801 = CARTESIAN_POINT('',(17.13,-5.,-9.572878355019));
#802 = PCURVE('',#45,#803);
#803 = DEFINITIONAL_REPRESENTATION('',(#804),#849);
#804 = B_SPLINE_CURVE_WITH_KNOTS('',8,(#805,#806,#807,#808,#809,#810,
    #811,#812,#813,#814,#815,#816,#817,#818,#819,#820,#821,#822,#823,
    #824,#825,#826,#827,#828,#829,#830,#831,#832,#833,#834,#835,#836,
    #837,#838,#839,#840,#841,#842,#843,#844,#845,#846,#847,#848),
  .UNSPECIFIED.,.T.,.F.,(9,7,7,7,7,7,9),(0.,0.134225540963,
    0.255250698495,0.533073980506,0.752255636151,0.9084149925,1.),
  .UNSPECIFIED.);
#805 = CARTESIAN_POINT('',(-4.231053911511,0.87));
#806 = CARTESIAN_POINT('',(-4.240866200278,0.87));
#807 = CARTESIAN_POINT('',(-4.250655067104,0.881458768455));
#808 = CARTESIAN_POINT('',(-4.260224085308,0.904514978049));
#809 = CARTESIAN_POINT('',(-4.269384009883,0.938848411165));
#810 = CARTESIAN_POINT('',(-4.277961392226,0.983712441574));
#811 = CARTESIAN_POINT('',(-4.285805619319,1.03795326913));
#812 = CARTESIAN_POINT('',(-4.292797258438,1.10002948669));
#813 = CARTESIAN_POINT('',(-4.30432762151,1.229372603639));
#814 = CARTESIAN_POINT('',(-4.30905497407,1.295696753989));
#815 = CARTESIAN_POINT('',(-4.313019966369,1.366125708851));
#816 = CARTESIAN_POINT('',(-4.316205304924,1.439793389216));
#817 = CARTESIAN_POINT('',(-4.318599058773,1.515850038098));
#818 = CARTESIAN_POINT('',(-4.320194603203,1.593456136457));
#819 = CARTESIAN_POINT('',(-4.320990530963,1.671780134735));
#820 = CARTESIAN_POINT('',(-4.320990530963,1.929560185085));
#821 = CARTESIAN_POINT('',(-4.316796315898,2.118527049822));
#822 = CARTESIAN_POINT('',(-4.307638186684,2.299405582895));
#823 = CARTESIAN_POINT('',(-4.293825054349,2.454491612587));
#824 = CARTESIAN_POINT('',(-4.276219022444,2.570195252652));
#825 = CARTESIAN_POINT('',(-4.256008712435,2.637568672629));
#826 = CARTESIAN_POINT('',(-4.234639828083,2.652210510238));
#827 = CARTESIAN_POINT('',(-4.197268719607,2.584593217311));
#828 = CARTESIAN_POINT('',(-4.181631630871,2.523123676098));
#829 = CARTESIAN_POINT('',(-4.167529387783,2.433791549575));
#830 = CARTESIAN_POINT('',(-4.155558671563,2.321227617742));
#831 = CARTESIAN_POINT('',(-4.146213816085,2.190762634939));
#832 = CARTESIAN_POINT('',(-4.13984995101,2.048078430278));
#833 = CARTESIAN_POINT('',(-4.136662332404,1.899113333271));
#834 = CARTESIAN_POINT('',(-4.136662332404,1.643761902299));
#835 = CARTESIAN_POINT('',(-4.138280383254,1.537694240443));
#836 = CARTESIAN_POINT('',(-4.141507329472,1.433931280402));
#837 = CARTESIAN_POINT('',(-4.146293697071,1.334582113801));
#838 = CARTESIAN_POINT('',(-4.152549446965,1.241736301731));
#839 = CARTESIAN_POINT('',(-4.16014449303,1.157444287803));
#840 = CARTESIAN_POINT('',(-4.168910242245,1.083664504223));
#841 = CARTESIAN_POINT('',(-4.184350180253,0.986103003693));
#842 = CARTESIAN_POINT('',(-4.190403150698,0.954181537098));
#843 = CARTESIAN_POINT('',(-4.196754812454,0.926844866725));
#844 = CARTESIAN_POINT('',(-4.203353083458,0.904473543182));
#845 = CARTESIAN_POINT('',(-4.210141793148,0.88738544662));
#846 = CARTESIAN_POINT('',(-4.217061995059,0.875832907885));
#847 = CARTESIAN_POINT('',(-4.224053111673,0.87));
#848 = CARTESIAN_POINT('',(-4.231053911511,0.87));
#849 = ( GEOMETRIC_REPRESENTATION_CONTEXT(2) 
PARAMETRIC_REPRESENTATION_CONTEXT() REPRESENTATION_CONTEXT('2D SPACE',''
  ) );
#850 = PCURVE('',#851,#856);
#851 = CYLINDRICAL_SURFACE('',#852,0.88);
#852 = AXIS2_PLACEMENT_3D('',#853,#854,#855);
#853 = CARTESIAN_POINT('',(16.25,-5.,-15.));
#854 = DIRECTION('',(-0.,-0.,-1.));
#855 = DIRECTION('',(1.,0.,0.));
#856 = DEFINITIONAL_REPRESENTATION('',(#857),#902);
#857 = B_SPLINE_CURVE_WITH_KNOTS('',8,(#858,#859,#860,#861,#862,#863,
    #864,#865,#866,#867,#868,#869,#870,#871,#872,#873,#874,#875,#876,
    #877,#878,#879,#880,#881,#882,#883,#884,#885,#886,#887,#888,#889,
    #890,#891,#892,#893,#894,#895,#896,#897,#898,#899,#900,#901),
  .UNSPECIFIED.,.F.,.F.,(9,7,7,7,7,7,9),(0.,0.134225540963,
    0.255250698495,0.533073980506,0.752255636151,0.9084149925,1.),
  .UNSPECIFIED.);
#858 = CARTESIAN_POINT('',(0.,-5.427121644981));
#859 = CARTESIAN_POINT('',(-0.106740734949,-5.378060201143));
#860 = CARTESIAN_POINT('',(-0.213851861827,-5.330169259156));
#861 = CARTESIAN_POINT('',(-0.321029063489,-5.28442912348));
#862 = CARTESIAN_POINT('',(-0.428029511099,-5.241666635566));
#863 = CARTESIAN_POINT('',(-0.534602322495,-5.202514515522));
#864 = CARTESIAN_POINT('',(-0.640452162244,-5.16741924497));
#865 = CARTESIAN_POINT('',(-0.745190621585,-5.136660656748));
#866 = CARTESIAN_POINT('',(-0.941136023094,-5.086620008008));
#867 = CARTESIAN_POINT('',(-1.032916052996,-5.066441563644));
#868 = CARTESIAN_POINT('',(-1.123806472857,-5.049750648733));
#869 = CARTESIAN_POINT('',(-1.21399647557,-5.036484542473));
#870 = CARTESIAN_POINT('',(-1.303647223698,-5.026586859957));
#871 = CARTESIAN_POINT('',(-1.392905250174,-5.020013228853));
#872 = CARTESIAN_POINT('',(-1.481910116267,-5.01673400134));
#873 = CARTESIAN_POINT('',(-1.774841991664,-5.01673400134));
#874 = CARTESIAN_POINT('',(-1.989575564577,-5.034013484282));
#875 = CARTESIAN_POINT('',(-2.208071778973,-5.071749897921));
#876 = CARTESIAN_POINT('',(-2.428830444799,-5.129623244324));
#877 = CARTESIAN_POINT('',(-2.651042720046,-5.207066581483));
#878 = CARTESIAN_POINT('',(-2.874868665834,-5.301538897133));
#879 = CARTESIAN_POINT('',(-3.100865968605,-5.407176250139));
#880 = CARTESIAN_POINT('',(-3.510927308186,-5.600194122263));
#881 = CARTESIAN_POINT('',(-3.687782833714,-5.683902446447));
#882 = CARTESIAN_POINT('',(-3.861791766625,-5.762064429135));
#883 = CARTESIAN_POINT('',(-4.033674737736,-5.830397755712));
#884 = CARTESIAN_POINT('',(-4.204108891262,-5.884830980543));
#885 = CARTESIAN_POINT('',(-4.373663402153,-5.922250177274));
#886 = CARTESIAN_POINT('',(-4.542942010758,-5.940993431949));
#887 = CARTESIAN_POINT('',(-4.833114091409,-5.940993431949));
#888 = CARTESIAN_POINT('',(-4.953645490784,-5.931479239062));
#889 = CARTESIAN_POINT('',(-5.074239282771,-5.912505018363));
#890 = CARTESIAN_POINT('',(-5.195142979752,-5.884493600134));
#891 = CARTESIAN_POINT('',(-5.316587528631,-5.848237648264));
#892 = CARTESIAN_POINT('',(-5.438789997035,-5.804850028009));
#893 = CARTESIAN_POINT('',(-5.561957469395,-5.755679059308));
#894 = CARTESIAN_POINT('',(-5.759197497975,-5.670842260659));
#895 = CARTESIAN_POINT('',(-5.832673872011,-5.637929621604));
#896 = CARTESIAN_POINT('',(-5.906653278231,-5.603796681185));
#897 = CARTESIAN_POINT('',(-5.981097801282,-5.56879589479));
#898 = CARTESIAN_POINT('',(-6.055983401234,-5.533285677484));
#899 = CARTESIAN_POINT('',(-6.131295757149,-5.497617403467));
#900 = CARTESIAN_POINT('',(-6.20702871032,-5.46212564417));
#901 = CARTESIAN_POINT('',(-6.28318530718,-5.427121644981));
#902 = ( GEOMETRIC_REPRESENTATION_CONTEXT(2) 
PARAMETRIC_REPRESENTATION_CONTEXT() REPRESENTATION_CONTEXT('2D SPACE',''
  ) );
#903 = FACE_BOUND('',#904,.F.);
#904 = EDGE_LOOP('',(#905));
#905 = ORIENTED_EDGE('',*,*,#906,.F.);
#906 = EDGE_CURVE('',#907,#907,#909,.T.);
#907 = VERTEX_POINT('',#908);
#908 = CARTESIAN_POINT('',(17.13,5.,-9.572878355019));
#909 = SURFACE_CURVE('',#910,(#955,#1003),.PCURVE_S1.);
#910 = B_SPLINE_CURVE_WITH_KNOTS('',8,(#911,#912,#913,#914,#915,#916,
    #917,#918,#919,#920,#921,#922,#923,#924,#925,#926,#927,#928,#929,
    #930,#931,#932,#933,#934,#935,#936,#937,#938,#939,#940,#941,#942,
    #943,#944,#945,#946,#947,#948,#949,#950,#951,#952,#953,#954),
  .UNSPECIFIED.,.T.,.F.,(9,7,7,7,7,7,9),(0.,0.112213558814,
    0.208734833237,0.412414210239,0.676567613051,0.833131879014,1.),
  .UNSPECIFIED.);
#911 = CARTESIAN_POINT('',(17.13,5.,-9.572878355019));
#912 = CARTESIAN_POINT('',(17.13,5.081564895281,-9.530276280567));
#913 = CARTESIAN_POINT('',(17.121360138443,5.162506576975,
    -9.486988916247));
#914 = CARTESIAN_POINT('',(17.104310653552,5.241793536557,
    -9.443563518994));
#915 = CARTESIAN_POINT('',(17.079218304092,5.318444241711,
    -9.400593977045));
#916 = CARTESIAN_POINT('',(17.04657901295,5.391547861958,-9.358704543439
    ));
#917 = CARTESIAN_POINT('',(17.007009655218,5.460284664543,
    -9.318525093738));
#918 = CARTESIAN_POINT('',(16.961238990758,5.523946080583,
    -9.280657907951));
#919 = CARTESIAN_POINT('',(16.866108239223,5.631850737267,
    -9.215511618485));
#920 = CARTESIAN_POINT('',(16.818034246327,5.677690528922,
    -9.187416441877));
#921 = CARTESIAN_POINT('',(16.766305911343,5.719142499485,-9.16166435269
    ));
#922 = CARTESIAN_POINT('',(16.711370162215,5.75592631971,-9.138544376515
    ));
#923 = CARTESIAN_POINT('',(16.653686189413,5.787808644508,-9.11831275896
    ));
#924 = CARTESIAN_POINT('',(16.593721685659,5.814599798633,
    -9.101186449544));
#925 = CARTESIAN_POINT('',(16.531949842071,5.836151151591,
    -9.087337969225));
#926 = CARTESIAN_POINT('',(16.335687575767,5.886542736765,
    -9.054847843219));
#927 = CARTESIAN_POINT('',(16.196951899129,5.896822062667,
    -9.048012384033));
#928 = CARTESIAN_POINT('',(16.057326170574,5.882338819105,
    -9.057439240123));
#929 = CARTESIAN_POINT('',(15.921499649591,5.843185428377,
    -9.083128831838));
#930 = CARTESIAN_POINT('',(15.794113814256,5.780232168161,
    -9.123920555696));
#931 = CARTESIAN_POINT('',(15.679756366093,5.69523097899,-9.17760387241)
  );
#932 = CARTESIAN_POINT('',(15.582813208407,5.591003591645,
    -9.241205669611));
#933 = CARTESIAN_POINT('',(15.408657552775,5.316578189981,
    -9.402462224318));
#934 = CARTESIAN_POINT('',(15.345378185694,5.13523739281,-9.505055775201
    ));
#935 = CARTESIAN_POINT('',(15.327009240425,4.937584855108,
    -9.611067456678));
#936 = CARTESIAN_POINT('',(15.358828840025,4.737991216373,
    -9.710898367314));
#937 = CARTESIAN_POINT('',(15.43993210721,4.552330119908,-9.797216349157
    ));
#938 = CARTESIAN_POINT('',(15.563380382325,4.395422437071,
    -9.866529876968));
#939 = CARTESIAN_POINT('',(15.715303408697,4.279047567847,
    -9.916472841512));
#940 = CARTESIAN_POINT('',(15.970152962909,4.159124470553,-9.96714758056
    ));
#941 = CARTESIAN_POINT('',(16.070012117451,4.12790243089,-9.980071132204
    ));
#942 = CARTESIAN_POINT('',(16.173037154858,4.110346193612,
    -9.987235902489));
#943 = CARTESIAN_POINT('',(16.277455830026,4.106607495087,
    -9.988747845512));
#944 = CARTESIAN_POINT('',(16.381523603466,4.116721381811,
    -9.984635663511));
#945 = CARTESIAN_POINT('',(16.483496573668,4.140608837827,
    -9.974846922822));
#946 = CARTESIAN_POINT('',(16.581597842538,4.178082813431,
    -9.959250375014));
#947 = CARTESIAN_POINT('',(16.772366086779,4.282958543193,
    -9.914621727472));
#948 = CARTESIAN_POINT('',(16.865428214058,4.352815459649,
    -9.884497110563));
#949 = CARTESIAN_POINT('',(16.948985799198,4.43782464665,-9.847118941762
    ));
#950 = CARTESIAN_POINT('',(17.01951572118,4.536092033167,-9.802732328321
    ));
#951 = CARTESIAN_POINT('',(17.074289335061,4.644864653853,
    -9.751907293484));
#952 = CARTESIAN_POINT('',(17.111439375118,4.760849004793,-9.69561728468
    ));
#953 = CARTESIAN_POINT('',(17.13,4.880453534236,-9.635318543503));
#954 = CARTESIAN_POINT('',(17.13,5.,-9.572878355019));
#955 = PCURVE('',#45,#956);
#956 = DEFINITIONAL_REPRESENTATION('',(#957),#1002);
#957 = B_SPLINE_CURVE_WITH_KNOTS('',8,(#958,#959,#960,#961,#962,#963,
    #964,#965,#966,#967,#968,#969,#970,#971,#972,#973,#974,#975,#976,
    #977,#978,#979,#980,#981,#982,#983,#984,#985,#986,#987,#988,#989,
    #990,#991,#992,#993,#994,#995,#996,#997,#998,#999,#1000,#1001),
  .UNSPECIFIED.,.T.,.F.,(9,7,7,7,7,7,9),(0.,0.112213558814,
    0.208734833237,0.412414210239,0.676567613051,0.833131879014,1.),
  .UNSPECIFIED.);
#958 = CARTESIAN_POINT('',(-5.193724049259,0.87));
#959 = CARTESIAN_POINT('',(-5.202244464149,0.87));
#960 = CARTESIAN_POINT('',(-5.210743109369,0.878639861557));
#961 = CARTESIAN_POINT('',(-5.219112798367,0.895689346448));
#962 = CARTESIAN_POINT('',(-5.227248461968,0.920781695908));
#963 = CARTESIAN_POINT('',(-5.235049220502,0.95342098705));
#964 = CARTESIAN_POINT('',(-5.242420950785,0.992990344782));
#965 = CARTESIAN_POINT('',(-5.249279347956,1.038761009242));
#966 = CARTESIAN_POINT('',(-5.260950222405,1.133891760777));
#967 = CARTESIAN_POINT('',(-5.265928308006,1.181965753673));
#968 = CARTESIAN_POINT('',(-5.270446698451,1.233694088657));
#969 = CARTESIAN_POINT('',(-5.274469416981,1.288629837785));
#970 = CARTESIAN_POINT('',(-5.277965650169,1.346313810587));
#971 = CARTESIAN_POINT('',(-5.280909845214,1.406278314341));
#972 = CARTESIAN_POINT('',(-5.283281804949,1.468050157929));
#973 = CARTESIAN_POINT('',(-5.288833439479,1.664312424233));
#974 = CARTESIAN_POINT('',(-5.289976324697,1.803048100871));
#975 = CARTESIAN_POINT('',(-5.288376412282,1.942673829426));
#976 = CARTESIAN_POINT('',(-5.284040139416,2.078500350409));
#977 = CARTESIAN_POINT('',(-5.277094650137,2.205886185744));
#978 = CARTESIAN_POINT('',(-5.267787445359,2.320243633907));
#979 = CARTESIAN_POINT('',(-5.256483421629,2.417186791593));
#980 = CARTESIAN_POINT('',(-5.227011477576,2.591342447225));
#981 = CARTESIAN_POINT('',(-5.207722442943,2.654621814306));
#982 = CARTESIAN_POINT('',(-5.186963295721,2.672990759575));
#983 = CARTESIAN_POINT('',(-5.166317839682,2.641171159975));
#984 = CARTESIAN_POINT('',(-5.147367393827,2.56006789279));
#985 = CARTESIAN_POINT('',(-5.131485622995,2.436619617675));
#986 = CARTESIAN_POINT('',(-5.119760035229,2.284696591303));
#987 = CARTESIAN_POINT('',(-5.107705390542,2.029847037091));
#988 = CARTESIAN_POINT('',(-5.104576676213,1.929987882549));
#989 = CARTESIAN_POINT('',(-5.102820934136,1.826962845142));
#990 = CARTESIAN_POINT('',(-5.102447508193,1.722544169974));
#991 = CARTESIAN_POINT('',(-5.103458448769,1.618476396534));
#992 = CARTESIAN_POINT('',(-5.105848744831,1.516503426332));
#993 = CARTESIAN_POINT('',(-5.10960696287,1.418402157462));
#994 = CARTESIAN_POINT('',(-5.120160339381,1.227633913221));
#995 = CARTESIAN_POINT('',(-5.127204274052,1.134571785942));
#996 = CARTESIAN_POINT('',(-5.135802456378,1.051014200802));
#997 = CARTESIAN_POINT('',(-5.145785300569,0.98048427882));
#998 = CARTESIAN_POINT('',(-5.156900031322,0.925710664939));
#999 = CARTESIAN_POINT('',(-5.168834993174,0.888560624882));
#1000 = CARTESIAN_POINT('',(-5.181236011562,0.87));
#1001 = CARTESIAN_POINT('',(-5.193724049259,0.87));
#1002 = ( GEOMETRIC_REPRESENTATION_CONTEXT(2) 
PARAMETRIC_REPRESENTATION_CONTEXT() REPRESENTATION_CONTEXT('2D SPACE',''
  ) );
#1003 = PCURVE('',#1004,#1009);
#1004 = CYLINDRICAL_SURFACE('',#1005,0.88);
#1005 = AXIS2_PLACEMENT_3D('',#1006,#1007,#1008);
#1006 = CARTESIAN_POINT('',(16.25,5.,-15.));
#1007 = DIRECTION('',(-0.,-0.,-1.));
#1008 = DIRECTION('',(1.,0.,0.));
#1009 = DEFINITIONAL_REPRESENTATION('',(#1010),#1055);
#1010 = B_SPLINE_CURVE_WITH_KNOTS('',8,(#1011,#1012,#1013,#1014,#1015,
    #1016,#1017,#1018,#1019,#1020,#1021,#1022,#1023,#1024,#1025,#1026,
    #1027,#1028,#1029,#1030,#1031,#1032,#1033,#1034,#1035,#1036,#1037,
    #1038,#1039,#1040,#1041,#1042,#1043,#1044,#1045,#1046,#1047,#1048,
    #1049,#1050,#1051,#1052,#1053,#1054),.UNSPECIFIED.,.F.,.F.,(9,7,7,7,
    7,7,9),(0.,0.112213558814,0.208734833237,0.412414210239,
    0.676567613051,0.833131879014,1.),.UNSPECIFIED.);
#1011 = CARTESIAN_POINT('',(0.,-5.427121644981));
#1012 = CARTESIAN_POINT('',(-9.268738100083E-02,-5.469723719433));
#1013 = CARTESIAN_POINT('',(-0.184666425148,-5.513011083753));
#1014 = CARTESIAN_POINT('',(-0.275978906473,-5.556436481006));
#1015 = CARTESIAN_POINT('',(-0.36664424069,-5.599406022955));
#1016 = CARTESIAN_POINT('',(-0.456665216317,-5.641295456561));
#1017 = CARTESIAN_POINT('',(-0.546026778932,-5.681474906262));
#1018 = CARTESIAN_POINT('',(-0.634687868582,-5.719342092049));
#1019 = CARTESIAN_POINT('',(-0.798155564254,-5.784488381515));
#1020 = CARTESIAN_POINT('',(-0.873356509382,-5.812583558123));
#1021 = CARTESIAN_POINT('',(-0.948221648126,-5.83833564731));
#1022 = CARTESIAN_POINT('',(-1.02280577296,-5.861455623485));
#1023 = CARTESIAN_POINT('',(-1.097164654821,-5.88168724104));
#1024 = CARTESIAN_POINT('',(-1.171354953985,-5.898813550456));
#1025 = CARTESIAN_POINT('',(-1.245435353405,-5.912662030775));
#1026 = CARTESIAN_POINT('',(-1.475694676061,-5.945152156781));
#1027 = CARTESIAN_POINT('',(-1.631300343124,-5.951987615967));
#1028 = CARTESIAN_POINT('',(-1.786700729429,-5.942560759877));
#1029 = CARTESIAN_POINT('',(-1.942366545621,-5.916871168162));
#1030 = CARTESIAN_POINT('',(-2.098751908188,-5.876079444304));
#1031 = CARTESIAN_POINT('',(-2.25627527569,-5.82239612759));
#1032 = CARTESIAN_POINT('',(-2.415305661959,-5.758794330389));
#1033 = CARTESIAN_POINT('',(-2.784649181138,-5.597537775682));
#1034 = CARTESIAN_POINT('',(-2.997167249883,-5.494944224799));
#1035 = CARTESIAN_POINT('',(-3.21182600217,-5.388932543322));
#1036 = CARTESIAN_POINT('',(-3.427591075135,-5.289101632686));
#1037 = CARTESIAN_POINT('',(-3.643870493287,-5.202783650843));
#1038 = CARTESIAN_POINT('',(-3.859095867226,-5.133470123032));
#1039 = CARTESIAN_POINT('',(-4.071609957907,-5.083527158488));
#1040 = CARTESIAN_POINT('',(-4.391673074234,-5.03285241944));
#1041 = CARTESIAN_POINT('',(-4.509455989987,-5.019928867796));
#1042 = CARTESIAN_POINT('',(-4.626456671395,-5.012764097512));
#1043 = CARTESIAN_POINT('',(-4.743115065464,-5.011252154488));
#1044 = CARTESIAN_POINT('',(-4.859850297558,-5.015364336489));
#1045 = CARTESIAN_POINT('',(-4.977088970699,-5.025153077178));
#1046 = CARTESIAN_POINT('',(-5.095293555036,-5.040749624986));
#1047 = CARTESIAN_POINT('',(-5.342675094701,-5.085378272528));
#1048 = CARTESIAN_POINT('',(-5.473589822989,-5.115502889437));
#1049 = CARTESIAN_POINT('',(-5.606502253709,-5.152881058238));
#1050 = CARTESIAN_POINT('',(-5.740722039413,-5.197267671679));
#1051 = CARTESIAN_POINT('',(-5.875801837919,-5.248092706516));
#1052 = CARTESIAN_POINT('',(-6.011422834966,-5.30438271532));
#1053 = CARTESIAN_POINT('',(-6.147337050629,-5.364681456497));
#1054 = CARTESIAN_POINT('',(-6.28318530718,-5.427121644981));
#1055 = ( GEOMETRIC_REPRESENTATION_CONTEXT(2) 
PARAMETRIC_REPRESENTATION_CONTEXT() REPRESENTATION_CONTEXT('2D SPACE',''
  ) );
#1056 = ADVANCED_FACE('',(#1057,#1103),#72,.F.);
#1057 = FACE_BOUND('',#1058,.F.);
#1058 = EDGE_LOOP('',(#1059,#1082,#1101,#1102));
#1059 = ORIENTED_EDGE('',*,*,#1060,.F.);
#1060 = EDGE_CURVE('',#1061,#179,#1063,.T.);
#1061 = VERTEX_POINT('',#1062);
#1062 = CARTESIAN_POINT('',(14.5,2.877064476163,0.85));
#1063 = SURFACE_CURVE('',#1064,(#1068,#1075),.PCURVE_S1.);
#1064 = LINE('',#1065,#1066);
#1065 = CARTESIAN_POINT('',(14.5,-11.3,0.85));
#1066 = VECTOR('',#1067,1.);
#1067 = DIRECTION('',(0.,1.,0.));
#1068 = PCURVE('',#72,#1069);
#1069 = DEFINITIONAL_REPRESENTATION('',(#1070),#1074);
#1070 = LINE('',#1071,#1072);
#1071 = CARTESIAN_POINT('',(0.,0.));
#1072 = VECTOR('',#1073,1.);
#1073 = DIRECTION('',(0.,1.));
#1074 = ( GEOMETRIC_REPRESENTATION_CONTEXT(2) 
PARAMETRIC_REPRESENTATION_CONTEXT() REPRESENTATION_CONTEXT('2D SPACE',''
  ) );
#1075 = PCURVE('',#352,#1076);
#1076 = DEFINITIONAL_REPRESENTATION('',(#1077),#1081);
#1077 = LINE('',#1078,#1079);
#1078 = CARTESIAN_POINT('',(1.7,0.));
#1079 = VECTOR('',#1080,1.);
#1080 = DIRECTION('',(0.,-1.));
#1081 = ( GEOMETRIC_REPRESENTATION_CONTEXT(2) 
PARAMETRIC_REPRESENTATION_CONTEXT() REPRESENTATION_CONTEXT('2D SPACE',''
  ) );
#1082 = ORIENTED_EDGE('',*,*,#1083,.F.);
#1083 = EDGE_CURVE('',#58,#1061,#1084,.T.);
#1084 = SURFACE_CURVE('',#1085,(#1089,#1095),.PCURVE_S1.);
#1085 = LINE('',#1086,#1087);
#1086 = CARTESIAN_POINT('',(18.1,2.877064476163,0.85));
#1087 = VECTOR('',#1088,1.);
#1088 = DIRECTION('',(-1.,-0.,-0.));
#1089 = PCURVE('',#72,#1090);
#1090 = DEFINITIONAL_REPRESENTATION('',(#1091),#1094);
#1091 = B_SPLINE_CURVE_WITH_KNOTS('',1,(#1092,#1093),.UNSPECIFIED.,.F.,
  .F.,(2,2),(9.99994E-02,3.96),.PIECEWISE_BEZIER_KNOTS.);
#1092 = CARTESIAN_POINT('',(3.5000006,14.177064476163));
#1093 = CARTESIAN_POINT('',(-0.36,14.177064476163));
#1094 = ( GEOMETRIC_REPRESENTATION_CONTEXT(2) 
PARAMETRIC_REPRESENTATION_CONTEXT() REPRESENTATION_CONTEXT('2D SPACE',''
  ) );
#1095 = PCURVE('',#104,#1096);
#1096 = DEFINITIONAL_REPRESENTATION('',(#1097),#1100);
#1097 = B_SPLINE_CURVE_WITH_KNOTS('',1,(#1098,#1099),.UNSPECIFIED.,.F.,
  .F.,(2,2),(9.99994E-02,3.96),.PIECEWISE_BEZIER_KNOTS.);
#1098 = CARTESIAN_POINT('',(-0.287268098421,9.99994E-02));
#1099 = CARTESIAN_POINT('',(-0.287268098421,3.96));
#1100 = ( GEOMETRIC_REPRESENTATION_CONTEXT(2) 
PARAMETRIC_REPRESENTATION_CONTEXT() REPRESENTATION_CONTEXT('2D SPACE',''
  ) );
#1101 = ORIENTED_EDGE('',*,*,#57,.T.);
#1102 = ORIENTED_EDGE('',*,*,#178,.T.);
#1103 = FACE_BOUND('',#1104,.F.);
#1104 = EDGE_LOOP('',(#1105));
#1105 = ORIENTED_EDGE('',*,*,#1106,.T.);
#1106 = EDGE_CURVE('',#1107,#1107,#1109,.T.);
#1107 = VERTEX_POINT('',#1108);
#1108 = CARTESIAN_POINT('',(17.13,5.,0.85));
#1109 = SURFACE_CURVE('',#1110,(#1115,#1126),.PCURVE_S1.);
#1110 = CIRCLE('',#1111,0.88);
#1111 = AXIS2_PLACEMENT_3D('',#1112,#1113,#1114);
#1112 = CARTESIAN_POINT('',(16.25,5.,0.85));
#1113 = DIRECTION('',(0.,0.,-1.));
#1114 = DIRECTION('',(1.,0.,0.));
#1115 = PCURVE('',#72,#1116);
#1116 = DEFINITIONAL_REPRESENTATION('',(#1117),#1125);
#1117 = ( BOUNDED_CURVE() B_SPLINE_CURVE(2,(#1118,#1119,#1120,#1121,
#1122,#1123,#1124),.UNSPECIFIED.,.T.,.F.) B_SPLINE_CURVE_WITH_KNOTS((1,2
    ,2,2,2,1),(-2.094395102393,0.,2.094395102393,4.188790204786,
6.28318530718,8.377580409573),.UNSPECIFIED.) CURVE() 
GEOMETRIC_REPRESENTATION_ITEM() RATIONAL_B_SPLINE_CURVE((1.,0.5,1.,0.5,
1.,0.5,1.)) REPRESENTATION_ITEM('') );
#1118 = CARTESIAN_POINT('',(2.63,16.3));
#1119 = CARTESIAN_POINT('',(2.63,14.775795289339));
#1120 = CARTESIAN_POINT('',(1.31,15.53789764467));
#1121 = CARTESIAN_POINT('',(-1.E-02,16.3));
#1122 = CARTESIAN_POINT('',(1.31,17.06210235533));
#1123 = CARTESIAN_POINT('',(2.63,17.824204710661));
#1124 = CARTESIAN_POINT('',(2.63,16.3));
#1125 = ( GEOMETRIC_REPRESENTATION_CONTEXT(2) 
PARAMETRIC_REPRESENTATION_CONTEXT() REPRESENTATION_CONTEXT('2D SPACE',''
  ) );
#1126 = PCURVE('',#545,#1127);
#1127 = DEFINITIONAL_REPRESENTATION('',(#1128),#1132);
#1128 = LINE('',#1129,#1130);
#1129 = CARTESIAN_POINT('',(-6.28318530718,-15.85));
#1130 = VECTOR('',#1131,1.);
#1131 = DIRECTION('',(1.,-0.));
#1132 = ( GEOMETRIC_REPRESENTATION_CONTEXT(2) 
PARAMETRIC_REPRESENTATION_CONTEXT() REPRESENTATION_CONTEXT('2D SPACE',''
  ) );
#1133 = ADVANCED_FACE('',(#1134,#1180),#129,.F.);
#1134 = FACE_BOUND('',#1135,.F.);
#1135 = EDGE_LOOP('',(#1136,#1159,#1160,#1161));
#1136 = ORIENTED_EDGE('',*,*,#1137,.F.);
#1137 = EDGE_CURVE('',#201,#1138,#1140,.T.);
#1138 = VERTEX_POINT('',#1139);
#1139 = CARTESIAN_POINT('',(14.5,-2.877064476163,0.85));
#1140 = SURFACE_CURVE('',#1141,(#1145,#1152),.PCURVE_S1.);
#1141 = LINE('',#1142,#1143);
#1142 = CARTESIAN_POINT('',(14.5,-11.3,0.85));
#1143 = VECTOR('',#1144,1.);
#1144 = DIRECTION('',(0.,1.,0.));
#1145 = PCURVE('',#129,#1146);
#1146 = DEFINITIONAL_REPRESENTATION('',(#1147),#1151);
#1147 = LINE('',#1148,#1149);
#1148 = CARTESIAN_POINT('',(0.,0.));
#1149 = VECTOR('',#1150,1.);
#1150 = DIRECTION('',(0.,1.));
#1151 = ( GEOMETRIC_REPRESENTATION_CONTEXT(2) 
PARAMETRIC_REPRESENTATION_CONTEXT() REPRESENTATION_CONTEXT('2D SPACE',''
  ) );
#1152 = PCURVE('',#238,#1153);
#1153 = DEFINITIONAL_REPRESENTATION('',(#1154),#1158);
#1154 = LINE('',#1155,#1156);
#1155 = CARTESIAN_POINT('',(1.7,0.));
#1156 = VECTOR('',#1157,1.);
#1157 = DIRECTION('',(0.,-1.));
#1158 = ( GEOMETRIC_REPRESENTATION_CONTEXT(2) 
PARAMETRIC_REPRESENTATION_CONTEXT() REPRESENTATION_CONTEXT('2D SPACE',''
  ) );
#1159 = ORIENTED_EDGE('',*,*,#200,.F.);
#1160 = ORIENTED_EDGE('',*,*,#116,.T.);
#1161 = ORIENTED_EDGE('',*,*,#1162,.T.);
#1162 = EDGE_CURVE('',#84,#1138,#1163,.T.);
#1163 = SURFACE_CURVE('',#1164,(#1168,#1174),.PCURVE_S1.);
#1164 = LINE('',#1165,#1166);
#1165 = CARTESIAN_POINT('',(18.1,-2.877064476163,0.85));
#1166 = VECTOR('',#1167,1.);
#1167 = DIRECTION('',(-1.,-0.,-0.));
#1168 = PCURVE('',#129,#1169);
#1169 = DEFINITIONAL_REPRESENTATION('',(#1170),#1173);
#1170 = B_SPLINE_CURVE_WITH_KNOTS('',1,(#1171,#1172),.UNSPECIFIED.,.F.,
  .F.,(2,2),(9.99994E-02,3.96),.PIECEWISE_BEZIER_KNOTS.);
#1171 = CARTESIAN_POINT('',(3.5000006,8.422935523837));
#1172 = CARTESIAN_POINT('',(-0.36,8.422935523837));
#1173 = ( GEOMETRIC_REPRESENTATION_CONTEXT(2) 
PARAMETRIC_REPRESENTATION_CONTEXT() REPRESENTATION_CONTEXT('2D SPACE',''
  ) );
#1174 = PCURVE('',#104,#1175);
#1175 = DEFINITIONAL_REPRESENTATION('',(#1176),#1179);
#1176 = B_SPLINE_CURVE_WITH_KNOTS('',1,(#1177,#1178),.UNSPECIFIED.,.F.,
  .F.,(2,2),(9.99994E-02,3.96),.PIECEWISE_BEZIER_KNOTS.);
#1177 = CARTESIAN_POINT('',(-2.854324555169,9.99994E-02));
#1178 = CARTESIAN_POINT('',(-2.854324555169,3.96));
#1179 = ( GEOMETRIC_REPRESENTATION_CONTEXT(2) 
PARAMETRIC_REPRESENTATION_CONTEXT() REPRESENTATION_CONTEXT('2D SPACE',''
  ) );
#1180 = FACE_BOUND('',#1181,.F.);
#1181 = EDGE_LOOP('',(#1182));
#1182 = ORIENTED_EDGE('',*,*,#1183,.T.);
#1183 = EDGE_CURVE('',#1184,#1184,#1186,.T.);
#1184 = VERTEX_POINT('',#1185);
#1185 = CARTESIAN_POINT('',(17.13,-5.,0.85));
#1186 = SURFACE_CURVE('',#1187,(#1192,#1203),.PCURVE_S1.);
#1187 = CIRCLE('',#1188,0.88);
#1188 = AXIS2_PLACEMENT_3D('',#1189,#1190,#1191);
#1189 = CARTESIAN_POINT('',(16.25,-5.,0.85));
#1190 = DIRECTION('',(0.,0.,-1.));
#1191 = DIRECTION('',(1.,0.,0.));
#1192 = PCURVE('',#129,#1193);
#1193 = DEFINITIONAL_REPRESENTATION('',(#1194),#1202);
#1194 = ( BOUNDED_CURVE() B_SPLINE_CURVE(2,(#1195,#1196,#1197,#1198,
#1199,#1200,#1201),.UNSPECIFIED.,.T.,.F.) B_SPLINE_CURVE_WITH_KNOTS((1,2
    ,2,2,2,1),(-2.094395102393,0.,2.094395102393,4.188790204786,
6.28318530718,8.377580409573),.UNSPECIFIED.) CURVE() 
GEOMETRIC_REPRESENTATION_ITEM() RATIONAL_B_SPLINE_CURVE((1.,0.5,1.,0.5,
1.,0.5,1.)) REPRESENTATION_ITEM('') );
#1195 = CARTESIAN_POINT('',(2.63,6.3));
#1196 = CARTESIAN_POINT('',(2.63,4.775795289339));
#1197 = CARTESIAN_POINT('',(1.31,5.53789764467));
#1198 = CARTESIAN_POINT('',(-1.E-02,6.3));
#1199 = CARTESIAN_POINT('',(1.31,7.06210235533));
#1200 = CARTESIAN_POINT('',(2.63,7.824204710661));
#1201 = CARTESIAN_POINT('',(2.63,6.3));
#1202 = ( GEOMETRIC_REPRESENTATION_CONTEXT(2) 
PARAMETRIC_REPRESENTATION_CONTEXT() REPRESENTATION_CONTEXT('2D SPACE',''
  ) );
#1203 = PCURVE('',#698,#1204);
#1204 = DEFINITIONAL_REPRESENTATION('',(#1205),#1209);
#1205 = LINE('',#1206,#1207);
#1206 = CARTESIAN_POINT('',(-6.28318530718,-15.85));
#1207 = VECTOR('',#1208,1.);
#1208 = DIRECTION('',(1.,-0.));
#1209 = ( GEOMETRIC_REPRESENTATION_CONTEXT(2) 
PARAMETRIC_REPRESENTATION_CONTEXT() REPRESENTATION_CONTEXT('2D SPACE',''
  ) );
#1210 = ADVANCED_FACE('',(#1211),#104,.F.);
#1211 = FACE_BOUND('',#1212,.T.);
#1212 = EDGE_LOOP('',(#1213,#1243,#1264,#1292,#1315,#1341,#1342,#1368,
    #1369,#1370,#1371,#1399));
#1213 = ORIENTED_EDGE('',*,*,#1214,.F.);
#1214 = EDGE_CURVE('',#1215,#1217,#1219,.T.);
#1215 = VERTEX_POINT('',#1216);
#1216 = CARTESIAN_POINT('',(18.,2.877064476163,-0.85));
#1217 = VERTEX_POINT('',#1218);
#1218 = CARTESIAN_POINT('',(18.,-2.877064476163,-0.85));
#1219 = SURFACE_CURVE('',#1220,(#1225,#1232),.PCURVE_S1.);
#1220 = CIRCLE('',#1221,3.);
#1221 = AXIS2_PLACEMENT_3D('',#1222,#1223,#1224);
#1222 = CARTESIAN_POINT('',(18.,0.,0.));
#1223 = DIRECTION('',(-1.,0.,0.));
#1224 = DIRECTION('',(0.,1.,0.));
#1225 = PCURVE('',#104,#1226);
#1226 = DEFINITIONAL_REPRESENTATION('',(#1227),#1231);
#1227 = LINE('',#1228,#1229);
#1228 = CARTESIAN_POINT('',(-6.28318530718,0.1));
#1229 = VECTOR('',#1230,1.);
#1230 = DIRECTION('',(1.,-0.));
#1231 = ( GEOMETRIC_REPRESENTATION_CONTEXT(2) 
PARAMETRIC_REPRESENTATION_CONTEXT() REPRESENTATION_CONTEXT('2D SPACE',''
  ) );
#1232 = PCURVE('',#297,#1233);
#1233 = DEFINITIONAL_REPRESENTATION('',(#1234),#1242);
#1234 = ( BOUNDED_CURVE() B_SPLINE_CURVE(2,(#1235,#1236,#1237,#1238,
#1239,#1240,#1241),.UNSPECIFIED.,.T.,.F.) B_SPLINE_CURVE_WITH_KNOTS((1,2
    ,2,2,2,1),(-2.094395102393,0.,2.094395102393,4.188790204786,
6.28318530718,8.377580409573),.UNSPECIFIED.) CURVE() 
GEOMETRIC_REPRESENTATION_ITEM() RATIONAL_B_SPLINE_CURVE((1.,0.5,1.,0.5,
1.,0.5,1.)) REPRESENTATION_ITEM('') );
#1235 = CARTESIAN_POINT('',(3.,0.));
#1236 = CARTESIAN_POINT('',(3.,-5.196152422707));
#1237 = CARTESIAN_POINT('',(-1.5,-2.598076211353));
#1238 = CARTESIAN_POINT('',(-6.,-7.347880794884E-16));
#1239 = CARTESIAN_POINT('',(-1.5,2.598076211353));
#1240 = CARTESIAN_POINT('',(3.,5.196152422707));
#1241 = CARTESIAN_POINT('',(3.,0.));
#1242 = ( GEOMETRIC_REPRESENTATION_CONTEXT(2) 
PARAMETRIC_REPRESENTATION_CONTEXT() REPRESENTATION_CONTEXT('2D SPACE',''
  ) );
#1243 = ORIENTED_EDGE('',*,*,#1244,.T.);
#1244 = EDGE_CURVE('',#1215,#1245,#1247,.T.);
#1245 = VERTEX_POINT('',#1246);
#1246 = CARTESIAN_POINT('',(14.5,2.877064476163,-0.85));
#1247 = SURFACE_CURVE('',#1248,(#1252,#1258),.PCURVE_S1.);
#1248 = LINE('',#1249,#1250);
#1249 = CARTESIAN_POINT('',(18.1,2.877064476163,-0.85));
#1250 = VECTOR('',#1251,1.);
#1251 = DIRECTION('',(-1.,-0.,-0.));
#1252 = PCURVE('',#104,#1253);
#1253 = DEFINITIONAL_REPRESENTATION('',(#1254),#1257);
#1254 = B_SPLINE_CURVE_WITH_KNOTS('',1,(#1255,#1256),.UNSPECIFIED.,.F.,
  .F.,(2,2),(9.99994E-02,3.96),.PIECEWISE_BEZIER_KNOTS.);
#1255 = CARTESIAN_POINT('',(-5.995917208759,9.99994E-02));
#1256 = CARTESIAN_POINT('',(-5.995917208759,3.96));
#1257 = ( GEOMETRIC_REPRESENTATION_CONTEXT(2) 
PARAMETRIC_REPRESENTATION_CONTEXT() REPRESENTATION_CONTEXT('2D SPACE',''
  ) );
#1258 = PCURVE('',#324,#1259);
#1259 = DEFINITIONAL_REPRESENTATION('',(#1260),#1263);
#1260 = B_SPLINE_CURVE_WITH_KNOTS('',1,(#1261,#1262),.UNSPECIFIED.,.F.,
  .F.,(2,2),(9.99994E-02,3.96),.PIECEWISE_BEZIER_KNOTS.);
#1261 = CARTESIAN_POINT('',(3.5000006,14.177064476163));
#1262 = CARTESIAN_POINT('',(-0.36,14.177064476163));
#1263 = ( GEOMETRIC_REPRESENTATION_CONTEXT(2) 
PARAMETRIC_REPRESENTATION_CONTEXT() REPRESENTATION_CONTEXT('2D SPACE',''
  ) );
#1264 = ORIENTED_EDGE('',*,*,#1265,.F.);
#1265 = EDGE_CURVE('',#1266,#1245,#1268,.T.);
#1266 = VERTEX_POINT('',#1267);
#1267 = CARTESIAN_POINT('',(14.5,3.,0.));
#1268 = SURFACE_CURVE('',#1269,(#1274,#1281),.PCURVE_S1.);
#1269 = CIRCLE('',#1270,3.);
#1270 = AXIS2_PLACEMENT_3D('',#1271,#1272,#1273);
#1271 = CARTESIAN_POINT('',(14.5,0.,0.));
#1272 = DIRECTION('',(-1.,0.,0.));
#1273 = DIRECTION('',(0.,1.,0.));
#1274 = PCURVE('',#104,#1275);
#1275 = DEFINITIONAL_REPRESENTATION('',(#1276),#1280);
#1276 = LINE('',#1277,#1278);
#1277 = CARTESIAN_POINT('',(-6.28318530718,3.6));
#1278 = VECTOR('',#1279,1.);
#1279 = DIRECTION('',(1.,-0.));
#1280 = ( GEOMETRIC_REPRESENTATION_CONTEXT(2) 
PARAMETRIC_REPRESENTATION_CONTEXT() REPRESENTATION_CONTEXT('2D SPACE',''
  ) );
#1281 = PCURVE('',#352,#1282);
#1282 = DEFINITIONAL_REPRESENTATION('',(#1283),#1291);
#1283 = ( BOUNDED_CURVE() B_SPLINE_CURVE(2,(#1284,#1285,#1286,#1287,
#1288,#1289,#1290),.UNSPECIFIED.,.T.,.F.) B_SPLINE_CURVE_WITH_KNOTS((1,2
    ,2,2,2,1),(-2.094395102393,0.,2.094395102393,4.188790204786,
6.28318530718,8.377580409573),.UNSPECIFIED.) CURVE() 
GEOMETRIC_REPRESENTATION_ITEM() RATIONAL_B_SPLINE_CURVE((1.,0.5,1.,0.5,
1.,0.5,1.)) REPRESENTATION_ITEM('') );
#1284 = CARTESIAN_POINT('',(0.85,-14.3));
#1285 = CARTESIAN_POINT('',(-4.346152422707,-14.3));
#1286 = CARTESIAN_POINT('',(-1.748076211353,-9.8));
#1287 = CARTESIAN_POINT('',(0.85,-5.3));
#1288 = CARTESIAN_POINT('',(3.448076211353,-9.8));
#1289 = CARTESIAN_POINT('',(6.046152422707,-14.3));
#1290 = CARTESIAN_POINT('',(0.85,-14.3));
#1291 = ( GEOMETRIC_REPRESENTATION_CONTEXT(2) 
PARAMETRIC_REPRESENTATION_CONTEXT() REPRESENTATION_CONTEXT('2D SPACE',''
  ) );
#1292 = ORIENTED_EDGE('',*,*,#1293,.T.);
#1293 = EDGE_CURVE('',#1266,#1294,#1296,.T.);
#1294 = VERTEX_POINT('',#1295);
#1295 = CARTESIAN_POINT('',(12.2,3.,0.));
#1296 = SEAM_CURVE('',#1297,(#1301,#1308),.PCURVE_S1.);
#1297 = LINE('',#1298,#1299);
#1298 = CARTESIAN_POINT('',(18.1,3.,0.));
#1299 = VECTOR('',#1300,1.);
#1300 = DIRECTION('',(-1.,0.,0.));
#1301 = PCURVE('',#104,#1302);
#1302 = DEFINITIONAL_REPRESENTATION('',(#1303),#1307);
#1303 = LINE('',#1304,#1305);
#1304 = CARTESIAN_POINT('',(-0.,0.));
#1305 = VECTOR('',#1306,1.);
#1306 = DIRECTION('',(-0.,1.));
#1307 = ( GEOMETRIC_REPRESENTATION_CONTEXT(2) 
PARAMETRIC_REPRESENTATION_CONTEXT() REPRESENTATION_CONTEXT('2D SPACE',''
  ) );
#1308 = PCURVE('',#104,#1309);
#1309 = DEFINITIONAL_REPRESENTATION('',(#1310),#1314);
#1310 = LINE('',#1311,#1312);
#1311 = CARTESIAN_POINT('',(-6.28318530718,0.));
#1312 = VECTOR('',#1313,1.);
#1313 = DIRECTION('',(-0.,1.));
#1314 = ( GEOMETRIC_REPRESENTATION_CONTEXT(2) 
PARAMETRIC_REPRESENTATION_CONTEXT() REPRESENTATION_CONTEXT('2D SPACE',''
  ) );
#1315 = ORIENTED_EDGE('',*,*,#1316,.T.);
#1316 = EDGE_CURVE('',#1294,#1294,#1317,.T.);
#1317 = SURFACE_CURVE('',#1318,(#1323,#1330),.PCURVE_S1.);
#1318 = CIRCLE('',#1319,3.);
#1319 = AXIS2_PLACEMENT_3D('',#1320,#1321,#1322);
#1320 = CARTESIAN_POINT('',(12.2,0.,0.));
#1321 = DIRECTION('',(-1.,0.,0.));
#1322 = DIRECTION('',(0.,1.,0.));
#1323 = PCURVE('',#104,#1324);
#1324 = DEFINITIONAL_REPRESENTATION('',(#1325),#1329);
#1325 = LINE('',#1326,#1327);
#1326 = CARTESIAN_POINT('',(-6.28318530718,5.9));
#1327 = VECTOR('',#1328,1.);
#1328 = DIRECTION('',(1.,-0.));
#1329 = ( GEOMETRIC_REPRESENTATION_CONTEXT(2) 
PARAMETRIC_REPRESENTATION_CONTEXT() REPRESENTATION_CONTEXT('2D SPACE',''
  ) );
#1330 = PCURVE('',#406,#1331);
#1331 = DEFINITIONAL_REPRESENTATION('',(#1332),#1340);
#1332 = ( BOUNDED_CURVE() B_SPLINE_CURVE(2,(#1333,#1334,#1335,#1336,
#1337,#1338,#1339),.UNSPECIFIED.,.T.,.F.) B_SPLINE_CURVE_WITH_KNOTS((1,2
    ,2,2,2,1),(-2.094395102393,0.,2.094395102393,4.188790204786,
6.28318530718,8.377580409573),.UNSPECIFIED.) CURVE() 
GEOMETRIC_REPRESENTATION_ITEM() RATIONAL_B_SPLINE_CURVE((1.,0.5,1.,0.5,
1.,0.5,1.)) REPRESENTATION_ITEM('') );
#1333 = CARTESIAN_POINT('',(3.,0.));
#1334 = CARTESIAN_POINT('',(3.,-5.196152422707));
#1335 = CARTESIAN_POINT('',(-1.5,-2.598076211353));
#1336 = CARTESIAN_POINT('',(-6.,-7.347880794884E-16));
#1337 = CARTESIAN_POINT('',(-1.5,2.598076211353));
#1338 = CARTESIAN_POINT('',(3.,5.196152422707));
#1339 = CARTESIAN_POINT('',(3.,0.));
#1340 = ( GEOMETRIC_REPRESENTATION_CONTEXT(2) 
PARAMETRIC_REPRESENTATION_CONTEXT() REPRESENTATION_CONTEXT('2D SPACE',''
  ) );
#1341 = ORIENTED_EDGE('',*,*,#1293,.F.);
#1342 = ORIENTED_EDGE('',*,*,#1343,.F.);
#1343 = EDGE_CURVE('',#1061,#1266,#1344,.T.);
#1344 = SURFACE_CURVE('',#1345,(#1350,#1357),.PCURVE_S1.);
#1345 = CIRCLE('',#1346,3.);
#1346 = AXIS2_PLACEMENT_3D('',#1347,#1348,#1349);
#1347 = CARTESIAN_POINT('',(14.5,0.,0.));
#1348 = DIRECTION('',(-1.,0.,0.));
#1349 = DIRECTION('',(0.,1.,0.));
#1350 = PCURVE('',#104,#1351);
#1351 = DEFINITIONAL_REPRESENTATION('',(#1352),#1356);
#1352 = LINE('',#1353,#1354);
#1353 = CARTESIAN_POINT('',(-6.28318530718,3.6));
#1354 = VECTOR('',#1355,1.);
#1355 = DIRECTION('',(1.,-0.));
#1356 = ( GEOMETRIC_REPRESENTATION_CONTEXT(2) 
PARAMETRIC_REPRESENTATION_CONTEXT() REPRESENTATION_CONTEXT('2D SPACE',''
  ) );
#1357 = PCURVE('',#352,#1358);
#1358 = DEFINITIONAL_REPRESENTATION('',(#1359),#1367);
#1359 = ( BOUNDED_CURVE() B_SPLINE_CURVE(2,(#1360,#1361,#1362,#1363,
#1364,#1365,#1366),.UNSPECIFIED.,.T.,.F.) B_SPLINE_CURVE_WITH_KNOTS((1,2
    ,2,2,2,1),(-2.094395102393,0.,2.094395102393,4.188790204786,
6.28318530718,8.377580409573),.UNSPECIFIED.) CURVE() 
GEOMETRIC_REPRESENTATION_ITEM() RATIONAL_B_SPLINE_CURVE((1.,0.5,1.,0.5,
1.,0.5,1.)) REPRESENTATION_ITEM('') );
#1360 = CARTESIAN_POINT('',(0.85,-14.3));
#1361 = CARTESIAN_POINT('',(-4.346152422707,-14.3));
#1362 = CARTESIAN_POINT('',(-1.748076211353,-9.8));
#1363 = CARTESIAN_POINT('',(0.85,-5.3));
#1364 = CARTESIAN_POINT('',(3.448076211353,-9.8));
#1365 = CARTESIAN_POINT('',(6.046152422707,-14.3));
#1366 = CARTESIAN_POINT('',(0.85,-14.3));
#1367 = ( GEOMETRIC_REPRESENTATION_CONTEXT(2) 
PARAMETRIC_REPRESENTATION_CONTEXT() REPRESENTATION_CONTEXT('2D SPACE',''
  ) );
#1368 = ORIENTED_EDGE('',*,*,#1083,.F.);
#1369 = ORIENTED_EDGE('',*,*,#83,.F.);
#1370 = ORIENTED_EDGE('',*,*,#1162,.T.);
#1371 = ORIENTED_EDGE('',*,*,#1372,.F.);
#1372 = EDGE_CURVE('',#1373,#1138,#1375,.T.);
#1373 = VERTEX_POINT('',#1374);
#1374 = CARTESIAN_POINT('',(14.5,-2.877064476163,-0.85));
#1375 = SURFACE_CURVE('',#1376,(#1381,#1388),.PCURVE_S1.);
#1376 = CIRCLE('',#1377,3.);
#1377 = AXIS2_PLACEMENT_3D('',#1378,#1379,#1380);
#1378 = CARTESIAN_POINT('',(14.5,0.,0.));
#1379 = DIRECTION('',(-1.,0.,0.));
#1380 = DIRECTION('',(0.,1.,0.));
#1381 = PCURVE('',#104,#1382);
#1382 = DEFINITIONAL_REPRESENTATION('',(#1383),#1387);
#1383 = LINE('',#1384,#1385);
#1384 = CARTESIAN_POINT('',(-6.28318530718,3.6));
#1385 = VECTOR('',#1386,1.);
#1386 = DIRECTION('',(1.,-0.));
#1387 = ( GEOMETRIC_REPRESENTATION_CONTEXT(2) 
PARAMETRIC_REPRESENTATION_CONTEXT() REPRESENTATION_CONTEXT('2D SPACE',''
  ) );
#1388 = PCURVE('',#238,#1389);
#1389 = DEFINITIONAL_REPRESENTATION('',(#1390),#1398);
#1390 = ( BOUNDED_CURVE() B_SPLINE_CURVE(2,(#1391,#1392,#1393,#1394,
#1395,#1396,#1397),.UNSPECIFIED.,.T.,.F.) B_SPLINE_CURVE_WITH_KNOTS((1,2
    ,2,2,2,1),(-2.094395102393,0.,2.094395102393,4.188790204786,
6.28318530718,8.377580409573),.UNSPECIFIED.) CURVE() 
GEOMETRIC_REPRESENTATION_ITEM() RATIONAL_B_SPLINE_CURVE((1.,0.5,1.,0.5,
1.,0.5,1.)) REPRESENTATION_ITEM('') );
#1391 = CARTESIAN_POINT('',(0.85,-14.3));
#1392 = CARTESIAN_POINT('',(-4.346152422707,-14.3));
#1393 = CARTESIAN_POINT('',(-1.748076211353,-9.8));
#1394 = CARTESIAN_POINT('',(0.85,-5.3));
#1395 = CARTESIAN_POINT('',(3.448076211353,-9.8));
#1396 = CARTESIAN_POINT('',(6.046152422707,-14.3));
#1397 = CARTESIAN_POINT('',(0.85,-14.3));
#1398 = ( GEOMETRIC_REPRESENTATION_CONTEXT(2) 
PARAMETRIC_REPRESENTATION_CONTEXT() REPRESENTATION_CONTEXT('2D SPACE',''
  ) );
#1399 = ORIENTED_EDGE('',*,*,#1400,.F.);
#1400 = EDGE_CURVE('',#1217,#1373,#1401,.T.);
#1401 = SURFACE_CURVE('',#1402,(#1406,#1412),.PCURVE_S1.);
#1402 = LINE('',#1403,#1404);
#1403 = CARTESIAN_POINT('',(18.1,-2.877064476163,-0.85));
#1404 = VECTOR('',#1405,1.);
#1405 = DIRECTION('',(-1.,-0.,-0.));
#1406 = PCURVE('',#104,#1407);
#1407 = DEFINITIONAL_REPRESENTATION('',(#1408),#1411);
#1408 = B_SPLINE_CURVE_WITH_KNOTS('',1,(#1409,#1410),.UNSPECIFIED.,.F.,
  .F.,(2,2),(9.99994E-02,3.96),.PIECEWISE_BEZIER_KNOTS.);
#1409 = CARTESIAN_POINT('',(-3.428860752011,9.99994E-02));
#1410 = CARTESIAN_POINT('',(-3.428860752011,3.96));
#1411 = ( GEOMETRIC_REPRESENTATION_CONTEXT(2) 
PARAMETRIC_REPRESENTATION_CONTEXT() REPRESENTATION_CONTEXT('2D SPACE',''
  ) );
#1412 = PCURVE('',#269,#1413);
#1413 = DEFINITIONAL_REPRESENTATION('',(#1414),#1417);
#1414 = B_SPLINE_CURVE_WITH_KNOTS('',1,(#1415,#1416),.UNSPECIFIED.,.F.,
  .F.,(2,2),(9.99994E-02,3.96),.PIECEWISE_BEZIER_KNOTS.);
#1415 = CARTESIAN_POINT('',(3.5000006,8.422935523837));
#1416 = CARTESIAN_POINT('',(-0.36,8.422935523837));
#1417 = ( GEOMETRIC_REPRESENTATION_CONTEXT(2) 
PARAMETRIC_REPRESENTATION_CONTEXT() REPRESENTATION_CONTEXT('2D SPACE',''
  ) );
#1418 = ADVANCED_FACE('',(#1419),#163,.F.);
#1419 = FACE_BOUND('',#1420,.T.);
#1420 = EDGE_LOOP('',(#1421,#1450,#1471,#1472));
#1421 = ORIENTED_EDGE('',*,*,#1422,.F.);
#1422 = EDGE_CURVE('',#1423,#1423,#1425,.T.);
#1423 = VERTEX_POINT('',#1424);
#1424 = CARTESIAN_POINT('',(16.2,2.,8.));
#1425 = SURFACE_CURVE('',#1426,(#1431,#1438),.PCURVE_S1.);
#1426 = CIRCLE('',#1427,2.);
#1427 = AXIS2_PLACEMENT_3D('',#1428,#1429,#1430);
#1428 = CARTESIAN_POINT('',(16.2,0.,8.));
#1429 = DIRECTION('',(1.,0.,0.));
#1430 = DIRECTION('',(0.,1.,0.));
#1431 = PCURVE('',#163,#1432);
#1432 = DEFINITIONAL_REPRESENTATION('',(#1433),#1437);
#1433 = LINE('',#1434,#1435);
#1434 = CARTESIAN_POINT('',(-0.,0.));
#1435 = VECTOR('',#1436,1.);
#1436 = DIRECTION('',(-1.,0.));
#1437 = ( GEOMETRIC_REPRESENTATION_CONTEXT(2) 
PARAMETRIC_REPRESENTATION_CONTEXT() REPRESENTATION_CONTEXT('2D SPACE',''
  ) );
#1438 = PCURVE('',#1439,#1444);
#1439 = PLANE('',#1440);
#1440 = AXIS2_PLACEMENT_3D('',#1441,#1442,#1443);
#1441 = CARTESIAN_POINT('',(16.2,-8.546500828371E-17,8.));
#1442 = DIRECTION('',(1.,0.,0.));
#1443 = DIRECTION('',(-0.,0.,1.));
#1444 = DEFINITIONAL_REPRESENTATION('',(#1445),#1449);
#1445 = CIRCLE('',#1446,2.);
#1446 = AXIS2_PLACEMENT_2D('',#1447,#1448);
#1447 = CARTESIAN_POINT('',(0.,-8.546500828371E-17));
#1448 = DIRECTION('',(0.,-1.));
#1449 = ( GEOMETRIC_REPRESENTATION_CONTEXT(2) 
PARAMETRIC_REPRESENTATION_CONTEXT() REPRESENTATION_CONTEXT('2D SPACE',''
  ) );
#1450 = ORIENTED_EDGE('',*,*,#1451,.T.);
#1451 = EDGE_CURVE('',#1423,#143,#1452,.T.);
#1452 = SEAM_CURVE('',#1453,(#1457,#1464),.PCURVE_S1.);
#1453 = LINE('',#1454,#1455);
#1454 = CARTESIAN_POINT('',(16.2,2.,8.));
#1455 = VECTOR('',#1456,1.);
#1456 = DIRECTION('',(1.,0.,0.));
#1457 = PCURVE('',#163,#1458);
#1458 = DEFINITIONAL_REPRESENTATION('',(#1459),#1463);
#1459 = LINE('',#1460,#1461);
#1460 = CARTESIAN_POINT('',(-6.28318530718,0.));
#1461 = VECTOR('',#1462,1.);
#1462 = DIRECTION('',(-0.,-1.));
#1463 = ( GEOMETRIC_REPRESENTATION_CONTEXT(2) 
PARAMETRIC_REPRESENTATION_CONTEXT() REPRESENTATION_CONTEXT('2D SPACE',''
  ) );
#1464 = PCURVE('',#163,#1465);
#1465 = DEFINITIONAL_REPRESENTATION('',(#1466),#1470);
#1466 = LINE('',#1467,#1468);
#1467 = CARTESIAN_POINT('',(-0.,0.));
#1468 = VECTOR('',#1469,1.);
#1469 = DIRECTION('',(-0.,-1.));
#1470 = ( GEOMETRIC_REPRESENTATION_CONTEXT(2) 
PARAMETRIC_REPRESENTATION_CONTEXT() REPRESENTATION_CONTEXT('2D SPACE',''
  ) );
#1471 = ORIENTED_EDGE('',*,*,#142,.F.);
#1472 = ORIENTED_EDGE('',*,*,#1451,.F.);
#1473 = ADVANCED_FACE('',(#1474),#352,.T.);
#1474 = FACE_BOUND('',#1475,.T.);
#1475 = EDGE_LOOP('',(#1476,#1477,#1478,#1479,#1500,#1501));
#1476 = ORIENTED_EDGE('',*,*,#1060,.F.);
#1477 = ORIENTED_EDGE('',*,*,#1343,.T.);
#1478 = ORIENTED_EDGE('',*,*,#1265,.T.);
#1479 = ORIENTED_EDGE('',*,*,#1480,.T.);
#1480 = EDGE_CURVE('',#1245,#310,#1481,.T.);
#1481 = SURFACE_CURVE('',#1482,(#1486,#1493),.PCURVE_S1.);
#1482 = LINE('',#1483,#1484);
#1483 = CARTESIAN_POINT('',(14.5,-11.3,-0.85));
#1484 = VECTOR('',#1485,1.);
#1485 = DIRECTION('',(0.,1.,0.));
#1486 = PCURVE('',#352,#1487);
#1487 = DEFINITIONAL_REPRESENTATION('',(#1488),#1492);
#1488 = LINE('',#1489,#1490);
#1489 = CARTESIAN_POINT('',(0.,0.));
#1490 = VECTOR('',#1491,1.);
#1491 = DIRECTION('',(0.,-1.));
#1492 = ( GEOMETRIC_REPRESENTATION_CONTEXT(2) 
PARAMETRIC_REPRESENTATION_CONTEXT() REPRESENTATION_CONTEXT('2D SPACE',''
  ) );
#1493 = PCURVE('',#324,#1494);
#1494 = DEFINITIONAL_REPRESENTATION('',(#1495),#1499);
#1495 = LINE('',#1496,#1497);
#1496 = CARTESIAN_POINT('',(0.,0.));
#1497 = VECTOR('',#1498,1.);
#1498 = DIRECTION('',(0.,1.));
#1499 = ( GEOMETRIC_REPRESENTATION_CONTEXT(2) 
PARAMETRIC_REPRESENTATION_CONTEXT() REPRESENTATION_CONTEXT('2D SPACE',''
  ) );
#1500 = ORIENTED_EDGE('',*,*,#335,.F.);
#1501 = ORIENTED_EDGE('',*,*,#419,.F.);
#1502 = ADVANCED_FACE('',(#1503,#1506,#1541,#1544),#406,.F.);
#1503 = FACE_BOUND('',#1504,.F.);
#1504 = EDGE_LOOP('',(#1505));
#1505 = ORIENTED_EDGE('',*,*,#391,.T.);
#1506 = FACE_BOUND('',#1507,.F.);
#1507 = EDGE_LOOP('',(#1508));
#1508 = ORIENTED_EDGE('',*,*,#1509,.T.);
#1509 = EDGE_CURVE('',#1510,#1510,#1512,.T.);
#1510 = VERTEX_POINT('',#1511);
#1511 = CARTESIAN_POINT('',(12.2,1.1,-8.));
#1512 = SURFACE_CURVE('',#1513,(#1518,#1529),.PCURVE_S1.);
#1513 = CIRCLE('',#1514,1.1);
#1514 = AXIS2_PLACEMENT_3D('',#1515,#1516,#1517);
#1515 = CARTESIAN_POINT('',(12.2,0.,-8.));
#1516 = DIRECTION('',(-1.,0.,0.));
#1517 = DIRECTION('',(0.,1.,0.));
#1518 = PCURVE('',#406,#1519);
#1519 = DEFINITIONAL_REPRESENTATION('',(#1520),#1528);
#1520 = ( BOUNDED_CURVE() B_SPLINE_CURVE(2,(#1521,#1522,#1523,#1524,
#1525,#1526,#1527),.UNSPECIFIED.,.T.,.F.) B_SPLINE_CURVE_WITH_KNOTS((1,2
    ,2,2,2,1),(-2.094395102393,0.,2.094395102393,4.188790204786,
6.28318530718,8.377580409573),.UNSPECIFIED.) CURVE() 
GEOMETRIC_REPRESENTATION_ITEM() RATIONAL_B_SPLINE_CURVE((1.,0.5,1.,0.5,
1.,0.5,1.)) REPRESENTATION_ITEM('') );
#1521 = CARTESIAN_POINT('',(1.1,-8.));
#1522 = CARTESIAN_POINT('',(1.1,-9.905255888326));
#1523 = CARTESIAN_POINT('',(-0.55,-8.952627944163));
#1524 = CARTESIAN_POINT('',(-2.2,-8.));
#1525 = CARTESIAN_POINT('',(-0.55,-7.047372055837));
#1526 = CARTESIAN_POINT('',(1.1,-6.094744111674));
#1527 = CARTESIAN_POINT('',(1.1,-8.));
#1528 = ( GEOMETRIC_REPRESENTATION_CONTEXT(2) 
PARAMETRIC_REPRESENTATION_CONTEXT() REPRESENTATION_CONTEXT('2D SPACE',''
  ) );
#1529 = PCURVE('',#1530,#1535);
#1530 = CYLINDRICAL_SURFACE('',#1531,1.1);
#1531 = AXIS2_PLACEMENT_3D('',#1532,#1533,#1534);
#1532 = CARTESIAN_POINT('',(12.1,0.,-8.));
#1533 = DIRECTION('',(-1.,-0.,-0.));
#1534 = DIRECTION('',(0.,1.,0.));
#1535 = DEFINITIONAL_REPRESENTATION('',(#1536),#1540);
#1536 = LINE('',#1537,#1538);
#1537 = CARTESIAN_POINT('',(-6.28318530718,-1.E-01));
#1538 = VECTOR('',#1539,1.);
#1539 = DIRECTION('',(1.,-0.));
#1540 = ( GEOMETRIC_REPRESENTATION_CONTEXT(2) 
PARAMETRIC_REPRESENTATION_CONTEXT() REPRESENTATION_CONTEXT('2D SPACE',''
  ) );
#1541 = FACE_BOUND('',#1542,.F.);
#1542 = EDGE_LOOP('',(#1543));
#1543 = ORIENTED_EDGE('',*,*,#1316,.T.);
#1544 = FACE_BOUND('',#1545,.F.);
#1545 = EDGE_LOOP('',(#1546));
#1546 = ORIENTED_EDGE('',*,*,#1547,.T.);
#1547 = EDGE_CURVE('',#1548,#1548,#1550,.T.);
#1548 = VERTEX_POINT('',#1549);
#1549 = CARTESIAN_POINT('',(12.2,1.1,8.));
#1550 = SURFACE_CURVE('',#1551,(#1556,#1567),.PCURVE_S1.);
#1551 = CIRCLE('',#1552,1.1);
#1552 = AXIS2_PLACEMENT_3D('',#1553,#1554,#1555);
#1553 = CARTESIAN_POINT('',(12.2,0.,8.));
#1554 = DIRECTION('',(-1.,0.,0.));
#1555 = DIRECTION('',(0.,1.,0.));
#1556 = PCURVE('',#406,#1557);
#1557 = DEFINITIONAL_REPRESENTATION('',(#1558),#1566);
#1558 = ( BOUNDED_CURVE() B_SPLINE_CURVE(2,(#1559,#1560,#1561,#1562,
#1563,#1564,#1565),.UNSPECIFIED.,.T.,.F.) B_SPLINE_CURVE_WITH_KNOTS((1,2
    ,2,2,2,1),(-2.094395102393,0.,2.094395102393,4.188790204786,
6.28318530718,8.377580409573),.UNSPECIFIED.) CURVE() 
GEOMETRIC_REPRESENTATION_ITEM() RATIONAL_B_SPLINE_CURVE((1.,0.5,1.,0.5,
1.,0.5,1.)) REPRESENTATION_ITEM('') );
#1559 = CARTESIAN_POINT('',(1.1,8.));
#1560 = CARTESIAN_POINT('',(1.1,6.094744111674));
#1561 = CARTESIAN_POINT('',(-0.55,7.047372055837));
#1562 = CARTESIAN_POINT('',(-2.2,8.));
#1563 = CARTESIAN_POINT('',(-0.55,8.952627944163));
#1564 = CARTESIAN_POINT('',(1.1,9.905255888326));
#1565 = CARTESIAN_POINT('',(1.1,8.));
#1566 = ( GEOMETRIC_REPRESENTATION_CONTEXT(2) 
PARAMETRIC_REPRESENTATION_CONTEXT() REPRESENTATION_CONTEXT('2D SPACE',''
  ) );
#1567 = PCURVE('',#1568,#1573);
#1568 = CYLINDRICAL_SURFACE('',#1569,1.1);
#1569 = AXIS2_PLACEMENT_3D('',#1570,#1571,#1572);
#1570 = CARTESIAN_POINT('',(12.1,0.,8.));
#1571 = DIRECTION('',(-1.,-0.,-0.));
#1572 = DIRECTION('',(0.,1.,0.));
#1573 = DEFINITIONAL_REPRESENTATION('',(#1574),#1578);
#1574 = LINE('',#1575,#1576);
#1575 = CARTESIAN_POINT('',(-6.28318530718,-1.E-01));
#1576 = VECTOR('',#1577,1.);
#1577 = DIRECTION('',(1.,-0.));
#1578 = ( GEOMETRIC_REPRESENTATION_CONTEXT(2) 
PARAMETRIC_REPRESENTATION_CONTEXT() REPRESENTATION_CONTEXT('2D SPACE',''
  ) );
#1579 = ADVANCED_FACE('',(#1580,#1604),#324,.T.);
#1580 = FACE_BOUND('',#1581,.T.);
#1581 = EDGE_LOOP('',(#1582,#1583,#1584,#1603));
#1582 = ORIENTED_EDGE('',*,*,#1480,.F.);
#1583 = ORIENTED_EDGE('',*,*,#1244,.F.);
#1584 = ORIENTED_EDGE('',*,*,#1585,.T.);
#1585 = EDGE_CURVE('',#1215,#281,#1586,.T.);
#1586 = SURFACE_CURVE('',#1587,(#1591,#1597),.PCURVE_S1.);
#1587 = LINE('',#1588,#1589);
#1588 = CARTESIAN_POINT('',(18.,-5.65,-0.85));
#1589 = VECTOR('',#1590,1.);
#1590 = DIRECTION('',(0.,1.,0.));
#1591 = PCURVE('',#324,#1592);
#1592 = DEFINITIONAL_REPRESENTATION('',(#1593),#1596);
#1593 = B_SPLINE_CURVE_WITH_KNOTS('',1,(#1594,#1595),.UNSPECIFIED.,.F.,
  .F.,(2,2),(-5.15,16.45),.PIECEWISE_BEZIER_KNOTS.);
#1594 = CARTESIAN_POINT('',(3.5,0.5));
#1595 = CARTESIAN_POINT('',(3.5,22.1));
#1596 = ( GEOMETRIC_REPRESENTATION_CONTEXT(2) 
PARAMETRIC_REPRESENTATION_CONTEXT() REPRESENTATION_CONTEXT('2D SPACE',''
  ) );
#1597 = PCURVE('',#297,#1598);
#1598 = DEFINITIONAL_REPRESENTATION('',(#1599),#1602);
#1599 = B_SPLINE_CURVE_WITH_KNOTS('',1,(#1600,#1601),.UNSPECIFIED.,.F.,
  .F.,(2,2),(-5.15,16.45),.PIECEWISE_BEZIER_KNOTS.);
#1600 = CARTESIAN_POINT('',(-10.8,-0.85));
#1601 = CARTESIAN_POINT('',(10.8,-0.85));
#1602 = ( GEOMETRIC_REPRESENTATION_CONTEXT(2) 
PARAMETRIC_REPRESENTATION_CONTEXT() REPRESENTATION_CONTEXT('2D SPACE',''
  ) );
#1603 = ORIENTED_EDGE('',*,*,#309,.T.);
#1604 = FACE_BOUND('',#1605,.T.);
#1605 = EDGE_LOOP('',(#1606));
#1606 = ORIENTED_EDGE('',*,*,#1607,.T.);
#1607 = EDGE_CURVE('',#1608,#1608,#1610,.T.);
#1608 = VERTEX_POINT('',#1609);
#1609 = CARTESIAN_POINT('',(17.13,5.,-0.85));
#1610 = SURFACE_CURVE('',#1611,(#1616,#1627),.PCURVE_S1.);
#1611 = CIRCLE('',#1612,0.88);
#1612 = AXIS2_PLACEMENT_3D('',#1613,#1614,#1615);
#1613 = CARTESIAN_POINT('',(16.25,5.,-0.85));
#1614 = DIRECTION('',(0.,0.,-1.));
#1615 = DIRECTION('',(1.,0.,0.));
#1616 = PCURVE('',#324,#1617);
#1617 = DEFINITIONAL_REPRESENTATION('',(#1618),#1626);
#1618 = ( BOUNDED_CURVE() B_SPLINE_CURVE(2,(#1619,#1620,#1621,#1622,
#1623,#1624,#1625),.UNSPECIFIED.,.T.,.F.) B_SPLINE_CURVE_WITH_KNOTS((1,2
    ,2,2,2,1),(-2.094395102393,0.,2.094395102393,4.188790204786,
6.28318530718,8.377580409573),.UNSPECIFIED.) CURVE() 
GEOMETRIC_REPRESENTATION_ITEM() RATIONAL_B_SPLINE_CURVE((1.,0.5,1.,0.5,
1.,0.5,1.)) REPRESENTATION_ITEM('') );
#1619 = CARTESIAN_POINT('',(2.63,16.3));
#1620 = CARTESIAN_POINT('',(2.63,14.775795289339));
#1621 = CARTESIAN_POINT('',(1.31,15.53789764467));
#1622 = CARTESIAN_POINT('',(-1.E-02,16.3));
#1623 = CARTESIAN_POINT('',(1.31,17.06210235533));
#1624 = CARTESIAN_POINT('',(2.63,17.824204710661));
#1625 = CARTESIAN_POINT('',(2.63,16.3));
#1626 = ( GEOMETRIC_REPRESENTATION_CONTEXT(2) 
PARAMETRIC_REPRESENTATION_CONTEXT() REPRESENTATION_CONTEXT('2D SPACE',''
  ) );
#1627 = PCURVE('',#1004,#1628);
#1628 = DEFINITIONAL_REPRESENTATION('',(#1629),#1633);
#1629 = LINE('',#1630,#1631);
#1630 = CARTESIAN_POINT('',(-6.28318530718,-14.15));
#1631 = VECTOR('',#1632,1.);
#1632 = DIRECTION('',(1.,-0.));
#1633 = ( GEOMETRIC_REPRESENTATION_CONTEXT(2) 
PARAMETRIC_REPRESENTATION_CONTEXT() REPRESENTATION_CONTEXT('2D SPACE',''
  ) );
#1634 = ADVANCED_FACE('',(#1635,#1659),#297,.T.);
#1635 = FACE_BOUND('',#1636,.F.);
#1636 = EDGE_LOOP('',(#1637,#1638,#1639,#1658));
#1637 = ORIENTED_EDGE('',*,*,#1585,.T.);
#1638 = ORIENTED_EDGE('',*,*,#280,.F.);
#1639 = ORIENTED_EDGE('',*,*,#1640,.T.);
#1640 = EDGE_CURVE('',#255,#1217,#1641,.T.);
#1641 = SURFACE_CURVE('',#1642,(#1646,#1652),.PCURVE_S1.);
#1642 = LINE('',#1643,#1644);
#1643 = CARTESIAN_POINT('',(18.,-5.65,-0.85));
#1644 = VECTOR('',#1645,1.);
#1645 = DIRECTION('',(0.,1.,0.));
#1646 = PCURVE('',#297,#1647);
#1647 = DEFINITIONAL_REPRESENTATION('',(#1648),#1651);
#1648 = B_SPLINE_CURVE_WITH_KNOTS('',1,(#1649,#1650),.UNSPECIFIED.,.F.,
  .F.,(2,2),(-5.15,16.45),.PIECEWISE_BEZIER_KNOTS.);
#1649 = CARTESIAN_POINT('',(-10.8,-0.85));
#1650 = CARTESIAN_POINT('',(10.8,-0.85));
#1651 = ( GEOMETRIC_REPRESENTATION_CONTEXT(2) 
PARAMETRIC_REPRESENTATION_CONTEXT() REPRESENTATION_CONTEXT('2D SPACE',''
  ) );
#1652 = PCURVE('',#269,#1653);
#1653 = DEFINITIONAL_REPRESENTATION('',(#1654),#1657);
#1654 = B_SPLINE_CURVE_WITH_KNOTS('',1,(#1655,#1656),.UNSPECIFIED.,.F.,
  .F.,(2,2),(-5.15,16.45),.PIECEWISE_BEZIER_KNOTS.);
#1655 = CARTESIAN_POINT('',(3.5,0.5));
#1656 = CARTESIAN_POINT('',(3.5,22.1));
#1657 = ( GEOMETRIC_REPRESENTATION_CONTEXT(2) 
PARAMETRIC_REPRESENTATION_CONTEXT() REPRESENTATION_CONTEXT('2D SPACE',''
  ) );
#1658 = ORIENTED_EDGE('',*,*,#1214,.F.);
#1659 = FACE_BOUND('',#1660,.F.);
#1660 = EDGE_LOOP('',(#1661));
#1661 = ORIENTED_EDGE('',*,*,#1662,.F.);
#1662 = EDGE_CURVE('',#1663,#1663,#1665,.T.);
#1663 = VERTEX_POINT('',#1664);
#1664 = CARTESIAN_POINT('',(18.,2.,-8.));
#1665 = SURFACE_CURVE('',#1666,(#1671,#1682),.PCURVE_S1.);
#1666 = CIRCLE('',#1667,2.);
#1667 = AXIS2_PLACEMENT_3D('',#1668,#1669,#1670);
#1668 = CARTESIAN_POINT('',(18.,0.,-8.));
#1669 = DIRECTION('',(-1.,0.,0.));
#1670 = DIRECTION('',(0.,1.,0.));
#1671 = PCURVE('',#297,#1672);
#1672 = DEFINITIONAL_REPRESENTATION('',(#1673),#1681);
#1673 = ( BOUNDED_CURVE() B_SPLINE_CURVE(2,(#1674,#1675,#1676,#1677,
#1678,#1679,#1680),.UNSPECIFIED.,.T.,.F.) B_SPLINE_CURVE_WITH_KNOTS((1,2
    ,2,2,2,1),(-2.094395102393,0.,2.094395102393,4.188790204786,
6.28318530718,8.377580409573),.UNSPECIFIED.) CURVE() 
GEOMETRIC_REPRESENTATION_ITEM() RATIONAL_B_SPLINE_CURVE((1.,0.5,1.,0.5,
1.,0.5,1.)) REPRESENTATION_ITEM('') );
#1674 = CARTESIAN_POINT('',(2.,-8.));
#1675 = CARTESIAN_POINT('',(2.,-11.46410161513));
#1676 = CARTESIAN_POINT('',(-1.,-9.732050807569));
#1677 = CARTESIAN_POINT('',(-4.,-8.));
#1678 = CARTESIAN_POINT('',(-1.,-6.267949192431));
#1679 = CARTESIAN_POINT('',(2.,-4.535898384862));
#1680 = CARTESIAN_POINT('',(2.,-8.));
#1681 = ( GEOMETRIC_REPRESENTATION_CONTEXT(2) 
PARAMETRIC_REPRESENTATION_CONTEXT() REPRESENTATION_CONTEXT('2D SPACE',''
  ) );
#1682 = PCURVE('',#1683,#1688);
#1683 = CYLINDRICAL_SURFACE('',#1684,2.);
#1684 = AXIS2_PLACEMENT_3D('',#1685,#1686,#1687);
#1685 = CARTESIAN_POINT('',(16.2,0.,-8.));
#1686 = DIRECTION('',(-1.,-0.,-0.));
#1687 = DIRECTION('',(0.,1.,0.));
#1688 = DEFINITIONAL_REPRESENTATION('',(#1689),#1693);
#1689 = LINE('',#1690,#1691);
#1690 = CARTESIAN_POINT('',(-6.28318530718,-1.8));
#1691 = VECTOR('',#1692,1.);
#1692 = DIRECTION('',(1.,-0.));
#1693 = ( GEOMETRIC_REPRESENTATION_CONTEXT(2) 
PARAMETRIC_REPRESENTATION_CONTEXT() REPRESENTATION_CONTEXT('2D SPACE',''
  ) );
#1694 = ADVANCED_FACE('',(#1695,#1721),#269,.T.);
#1695 = FACE_BOUND('',#1696,.T.);
#1696 = EDGE_LOOP('',(#1697,#1718,#1719,#1720));
#1697 = ORIENTED_EDGE('',*,*,#1698,.F.);
#1698 = EDGE_CURVE('',#222,#1373,#1699,.T.);
#1699 = SURFACE_CURVE('',#1700,(#1704,#1711),.PCURVE_S1.);
#1700 = LINE('',#1701,#1702);
#1701 = CARTESIAN_POINT('',(14.5,-11.3,-0.85));
#1702 = VECTOR('',#1703,1.);
#1703 = DIRECTION('',(0.,1.,0.));
#1704 = PCURVE('',#269,#1705);
#1705 = DEFINITIONAL_REPRESENTATION('',(#1706),#1710);
#1706 = LINE('',#1707,#1708);
#1707 = CARTESIAN_POINT('',(0.,0.));
#1708 = VECTOR('',#1709,1.);
#1709 = DIRECTION('',(0.,1.));
#1710 = ( GEOMETRIC_REPRESENTATION_CONTEXT(2) 
PARAMETRIC_REPRESENTATION_CONTEXT() REPRESENTATION_CONTEXT('2D SPACE',''
  ) );
#1711 = PCURVE('',#238,#1712);
#1712 = DEFINITIONAL_REPRESENTATION('',(#1713),#1717);
#1713 = LINE('',#1714,#1715);
#1714 = CARTESIAN_POINT('',(0.,0.));
#1715 = VECTOR('',#1716,1.);
#1716 = DIRECTION('',(0.,-1.));
#1717 = ( GEOMETRIC_REPRESENTATION_CONTEXT(2) 
PARAMETRIC_REPRESENTATION_CONTEXT() REPRESENTATION_CONTEXT('2D SPACE',''
  ) );
#1718 = ORIENTED_EDGE('',*,*,#254,.F.);
#1719 = ORIENTED_EDGE('',*,*,#1640,.T.);
#1720 = ORIENTED_EDGE('',*,*,#1400,.T.);
#1721 = FACE_BOUND('',#1722,.T.);
#1722 = EDGE_LOOP('',(#1723));
#1723 = ORIENTED_EDGE('',*,*,#1724,.T.);
#1724 = EDGE_CURVE('',#1725,#1725,#1727,.T.);
#1725 = VERTEX_POINT('',#1726);
#1726 = CARTESIAN_POINT('',(17.13,-5.,-0.85));
#1727 = SURFACE_CURVE('',#1728,(#1733,#1744),.PCURVE_S1.);
#1728 = CIRCLE('',#1729,0.88);
#1729 = AXIS2_PLACEMENT_3D('',#1730,#1731,#1732);
#1730 = CARTESIAN_POINT('',(16.25,-5.,-0.85));
#1731 = DIRECTION('',(0.,0.,-1.));
#1732 = DIRECTION('',(1.,0.,0.));
#1733 = PCURVE('',#269,#1734);
#1734 = DEFINITIONAL_REPRESENTATION('',(#1735),#1743);
#1735 = ( BOUNDED_CURVE() B_SPLINE_CURVE(2,(#1736,#1737,#1738,#1739,
#1740,#1741,#1742),.UNSPECIFIED.,.T.,.F.) B_SPLINE_CURVE_WITH_KNOTS((1,2
    ,2,2,2,1),(-2.094395102393,0.,2.094395102393,4.188790204786,
6.28318530718,8.377580409573),.UNSPECIFIED.) CURVE() 
GEOMETRIC_REPRESENTATION_ITEM() RATIONAL_B_SPLINE_CURVE((1.,0.5,1.,0.5,
1.,0.5,1.)) REPRESENTATION_ITEM('') );
#1736 = CARTESIAN_POINT('',(2.63,6.3));
#1737 = CARTESIAN_POINT('',(2.63,4.775795289339));
#1738 = CARTESIAN_POINT('',(1.31,5.53789764467));
#1739 = CARTESIAN_POINT('',(-1.E-02,6.3));
#1740 = CARTESIAN_POINT('',(1.31,7.06210235533));
#1741 = CARTESIAN_POINT('',(2.63,7.824204710661));
#1742 = CARTESIAN_POINT('',(2.63,6.3));
#1743 = ( GEOMETRIC_REPRESENTATION_CONTEXT(2) 
PARAMETRIC_REPRESENTATION_CONTEXT() REPRESENTATION_CONTEXT('2D SPACE',''
  ) );
#1744 = PCURVE('',#851,#1745);
#1745 = DEFINITIONAL_REPRESENTATION('',(#1746),#1750);
#1746 = LINE('',#1747,#1748);
#1747 = CARTESIAN_POINT('',(-6.28318530718,-14.15));
#1748 = VECTOR('',#1749,1.);
#1749 = DIRECTION('',(1.,-0.));
#1750 = ( GEOMETRIC_REPRESENTATION_CONTEXT(2) 
PARAMETRIC_REPRESENTATION_CONTEXT() REPRESENTATION_CONTEXT('2D SPACE',''
  ) );
#1751 = ADVANCED_FACE('',(#1752),#238,.T.);
#1752 = FACE_BOUND('',#1753,.T.);
#1753 = EDGE_LOOP('',(#1754,#1755,#1756,#1757));
#1754 = ORIENTED_EDGE('',*,*,#1137,.F.);
#1755 = ORIENTED_EDGE('',*,*,#221,.F.);
#1756 = ORIENTED_EDGE('',*,*,#1698,.T.);
#1757 = ORIENTED_EDGE('',*,*,#1372,.T.);
#1758 = ADVANCED_FACE('',(#1759),#545,.F.);
#1759 = FACE_BOUND('',#1760,.T.);
#1760 = EDGE_LOOP('',(#1761,#1762,#1783,#1784));
#1761 = ORIENTED_EDGE('',*,*,#1106,.T.);
#1762 = ORIENTED_EDGE('',*,*,#1763,.T.);
#1763 = EDGE_CURVE('',#1107,#448,#1764,.T.);
#1764 = SEAM_CURVE('',#1765,(#1769,#1776),.PCURVE_S1.);
#1765 = LINE('',#1766,#1767);
#1766 = CARTESIAN_POINT('',(17.13,5.,-15.));
#1767 = VECTOR('',#1768,1.);
#1768 = DIRECTION('',(0.,0.,1.));
#1769 = PCURVE('',#545,#1770);
#1770 = DEFINITIONAL_REPRESENTATION('',(#1771),#1775);
#1771 = LINE('',#1772,#1773);
#1772 = CARTESIAN_POINT('',(-6.28318530718,0.));
#1773 = VECTOR('',#1774,1.);
#1774 = DIRECTION('',(-0.,-1.));
#1775 = ( GEOMETRIC_REPRESENTATION_CONTEXT(2) 
PARAMETRIC_REPRESENTATION_CONTEXT() REPRESENTATION_CONTEXT('2D SPACE',''
  ) );
#1776 = PCURVE('',#545,#1777);
#1777 = DEFINITIONAL_REPRESENTATION('',(#1778),#1782);
#1778 = LINE('',#1779,#1780);
#1779 = CARTESIAN_POINT('',(-0.,0.));
#1780 = VECTOR('',#1781,1.);
#1781 = DIRECTION('',(-0.,-1.));
#1782 = ( GEOMETRIC_REPRESENTATION_CONTEXT(2) 
PARAMETRIC_REPRESENTATION_CONTEXT() REPRESENTATION_CONTEXT('2D SPACE',''
  ) );
#1783 = ORIENTED_EDGE('',*,*,#447,.T.);
#1784 = ORIENTED_EDGE('',*,*,#1763,.F.);
#1785 = ADVANCED_FACE('',(#1786),#698,.F.);
#1786 = FACE_BOUND('',#1787,.T.);
#1787 = EDGE_LOOP('',(#1788,#1789,#1810,#1811));
#1788 = ORIENTED_EDGE('',*,*,#1183,.T.);
#1789 = ORIENTED_EDGE('',*,*,#1790,.T.);
#1790 = EDGE_CURVE('',#1184,#601,#1791,.T.);
#1791 = SEAM_CURVE('',#1792,(#1796,#1803),.PCURVE_S1.);
#1792 = LINE('',#1793,#1794);
#1793 = CARTESIAN_POINT('',(17.13,-5.,-15.));
#1794 = VECTOR('',#1795,1.);
#1795 = DIRECTION('',(0.,0.,1.));
#1796 = PCURVE('',#698,#1797);
#1797 = DEFINITIONAL_REPRESENTATION('',(#1798),#1802);
#1798 = LINE('',#1799,#1800);
#1799 = CARTESIAN_POINT('',(-6.28318530718,0.));
#1800 = VECTOR('',#1801,1.);
#1801 = DIRECTION('',(-0.,-1.));
#1802 = ( GEOMETRIC_REPRESENTATION_CONTEXT(2) 
PARAMETRIC_REPRESENTATION_CONTEXT() REPRESENTATION_CONTEXT('2D SPACE',''
  ) );
#1803 = PCURVE('',#698,#1804);
#1804 = DEFINITIONAL_REPRESENTATION('',(#1805),#1809);
#1805 = LINE('',#1806,#1807);
#1806 = CARTESIAN_POINT('',(-0.,0.));
#1807 = VECTOR('',#1808,1.);
#1808 = DIRECTION('',(-0.,-1.));
#1809 = ( GEOMETRIC_REPRESENTATION_CONTEXT(2) 
PARAMETRIC_REPRESENTATION_CONTEXT() REPRESENTATION_CONTEXT('2D SPACE',''
  ) );
#1810 = ORIENTED_EDGE('',*,*,#600,.T.);
#1811 = ORIENTED_EDGE('',*,*,#1790,.F.);
#1812 = ADVANCED_FACE('',(#1813),#851,.F.);
#1813 = FACE_BOUND('',#1814,.T.);
#1814 = EDGE_LOOP('',(#1815,#1816,#1837,#1838));
#1815 = ORIENTED_EDGE('',*,*,#753,.F.);
#1816 = ORIENTED_EDGE('',*,*,#1817,.T.);
#1817 = EDGE_CURVE('',#754,#1725,#1818,.T.);
#1818 = SEAM_CURVE('',#1819,(#1823,#1830),.PCURVE_S1.);
#1819 = LINE('',#1820,#1821);
#1820 = CARTESIAN_POINT('',(17.13,-5.,-15.));
#1821 = VECTOR('',#1822,1.);
#1822 = DIRECTION('',(0.,0.,1.));
#1823 = PCURVE('',#851,#1824);
#1824 = DEFINITIONAL_REPRESENTATION('',(#1825),#1829);
#1825 = LINE('',#1826,#1827);
#1826 = CARTESIAN_POINT('',(-6.28318530718,0.));
#1827 = VECTOR('',#1828,1.);
#1828 = DIRECTION('',(-0.,-1.));
#1829 = ( GEOMETRIC_REPRESENTATION_CONTEXT(2) 
PARAMETRIC_REPRESENTATION_CONTEXT() REPRESENTATION_CONTEXT('2D SPACE',''
  ) );
#1830 = PCURVE('',#851,#1831);
#1831 = DEFINITIONAL_REPRESENTATION('',(#1832),#1836);
#1832 = LINE('',#1833,#1834);
#1833 = CARTESIAN_POINT('',(-0.,0.));
#1834 = VECTOR('',#1835,1.);
#1835 = DIRECTION('',(-0.,-1.));
#1836 = ( GEOMETRIC_REPRESENTATION_CONTEXT(2) 
PARAMETRIC_REPRESENTATION_CONTEXT() REPRESENTATION_CONTEXT('2D SPACE',''
  ) );
#1837 = ORIENTED_EDGE('',*,*,#1724,.F.);
#1838 = ORIENTED_EDGE('',*,*,#1817,.F.);
#1839 = ADVANCED_FACE('',(#1840),#1004,.F.);
#1840 = FACE_BOUND('',#1841,.T.);
#1841 = EDGE_LOOP('',(#1842,#1843,#1864,#1865));
#1842 = ORIENTED_EDGE('',*,*,#906,.F.);
#1843 = ORIENTED_EDGE('',*,*,#1844,.T.);
#1844 = EDGE_CURVE('',#907,#1608,#1845,.T.);
#1845 = SEAM_CURVE('',#1846,(#1850,#1857),.PCURVE_S1.);
#1846 = LINE('',#1847,#1848);
#1847 = CARTESIAN_POINT('',(17.13,5.,-15.));
#1848 = VECTOR('',#1849,1.);
#1849 = DIRECTION('',(0.,0.,1.));
#1850 = PCURVE('',#1004,#1851);
#1851 = DEFINITIONAL_REPRESENTATION('',(#1852),#1856);
#1852 = LINE('',#1853,#1854);
#1853 = CARTESIAN_POINT('',(-6.28318530718,0.));
#1854 = VECTOR('',#1855,1.);
#1855 = DIRECTION('',(-0.,-1.));
#1856 = ( GEOMETRIC_REPRESENTATION_CONTEXT(2) 
PARAMETRIC_REPRESENTATION_CONTEXT() REPRESENTATION_CONTEXT('2D SPACE',''
  ) );
#1857 = PCURVE('',#1004,#1858);
#1858 = DEFINITIONAL_REPRESENTATION('',(#1859),#1863);
#1859 = LINE('',#1860,#1861);
#1860 = CARTESIAN_POINT('',(-0.,0.));
#1861 = VECTOR('',#1862,1.);
#1862 = DIRECTION('',(-0.,-1.));
#1863 = ( GEOMETRIC_REPRESENTATION_CONTEXT(2) 
PARAMETRIC_REPRESENTATION_CONTEXT() REPRESENTATION_CONTEXT('2D SPACE',''
  ) );
#1864 = ORIENTED_EDGE('',*,*,#1607,.F.);
#1865 = ORIENTED_EDGE('',*,*,#1844,.F.);
#1866 = ADVANCED_FACE('',(#1867,#1870),#1439,.T.);
#1867 = FACE_BOUND('',#1868,.T.);
#1868 = EDGE_LOOP('',(#1869));
#1869 = ORIENTED_EDGE('',*,*,#1422,.T.);
#1870 = FACE_BOUND('',#1871,.T.);
#1871 = EDGE_LOOP('',(#1872));
#1872 = ORIENTED_EDGE('',*,*,#1873,.T.);
#1873 = EDGE_CURVE('',#1874,#1874,#1876,.T.);
#1874 = VERTEX_POINT('',#1875);
#1875 = CARTESIAN_POINT('',(16.2,1.1,8.));
#1876 = SURFACE_CURVE('',#1877,(#1882,#1893),.PCURVE_S1.);
#1877 = CIRCLE('',#1878,1.1);
#1878 = AXIS2_PLACEMENT_3D('',#1879,#1880,#1881);
#1879 = CARTESIAN_POINT('',(16.2,0.,8.));
#1880 = DIRECTION('',(-1.,0.,0.));
#1881 = DIRECTION('',(0.,1.,0.));
#1882 = PCURVE('',#1439,#1883);
#1883 = DEFINITIONAL_REPRESENTATION('',(#1884),#1892);
#1884 = ( BOUNDED_CURVE() B_SPLINE_CURVE(2,(#1885,#1886,#1887,#1888,
#1889,#1890,#1891),.UNSPECIFIED.,.T.,.F.) B_SPLINE_CURVE_WITH_KNOTS((1,2
    ,2,2,2,1),(-2.094395102393,0.,2.094395102393,4.188790204786,
6.28318530718,8.377580409573),.UNSPECIFIED.) CURVE() 
GEOMETRIC_REPRESENTATION_ITEM() RATIONAL_B_SPLINE_CURVE((1.,0.5,1.,0.5,
1.,0.5,1.)) REPRESENTATION_ITEM('') );
#1885 = CARTESIAN_POINT('',(0.,-1.1));
#1886 = CARTESIAN_POINT('',(-1.905255888326,-1.1));
#1887 = CARTESIAN_POINT('',(-0.952627944163,0.55));
#1888 = CARTESIAN_POINT('',(-2.694222958124E-16,2.2));
#1889 = CARTESIAN_POINT('',(0.952627944163,0.55));
#1890 = CARTESIAN_POINT('',(1.905255888326,-1.1));
#1891 = CARTESIAN_POINT('',(0.,-1.1));
#1892 = ( GEOMETRIC_REPRESENTATION_CONTEXT(2) 
PARAMETRIC_REPRESENTATION_CONTEXT() REPRESENTATION_CONTEXT('2D SPACE',''
  ) );
#1893 = PCURVE('',#1568,#1894);
#1894 = DEFINITIONAL_REPRESENTATION('',(#1895),#1899);
#1895 = LINE('',#1896,#1897);
#1896 = CARTESIAN_POINT('',(-6.28318530718,-4.1));
#1897 = VECTOR('',#1898,1.);
#1898 = DIRECTION('',(1.,-0.));
#1899 = ( GEOMETRIC_REPRESENTATION_CONTEXT(2) 
PARAMETRIC_REPRESENTATION_CONTEXT() REPRESENTATION_CONTEXT('2D SPACE',''
  ) );
#1900 = ADVANCED_FACE('',(#1901),#1530,.F.);
#1901 = FACE_BOUND('',#1902,.T.);
#1902 = EDGE_LOOP('',(#1903,#1926,#1927,#1928));
#1903 = ORIENTED_EDGE('',*,*,#1904,.F.);
#1904 = EDGE_CURVE('',#1510,#1905,#1907,.T.);
#1905 = VERTEX_POINT('',#1906);
#1906 = CARTESIAN_POINT('',(16.2,1.1,-8.));
#1907 = SEAM_CURVE('',#1908,(#1912,#1919),.PCURVE_S1.);
#1908 = LINE('',#1909,#1910);
#1909 = CARTESIAN_POINT('',(12.1,1.1,-8.));
#1910 = VECTOR('',#1911,1.);
#1911 = DIRECTION('',(1.,0.,0.));
#1912 = PCURVE('',#1530,#1913);
#1913 = DEFINITIONAL_REPRESENTATION('',(#1914),#1918);
#1914 = LINE('',#1915,#1916);
#1915 = CARTESIAN_POINT('',(-6.28318530718,0.));
#1916 = VECTOR('',#1917,1.);
#1917 = DIRECTION('',(-0.,-1.));
#1918 = ( GEOMETRIC_REPRESENTATION_CONTEXT(2) 
PARAMETRIC_REPRESENTATION_CONTEXT() REPRESENTATION_CONTEXT('2D SPACE',''
  ) );
#1919 = PCURVE('',#1530,#1920);
#1920 = DEFINITIONAL_REPRESENTATION('',(#1921),#1925);
#1921 = LINE('',#1922,#1923);
#1922 = CARTESIAN_POINT('',(-0.,0.));
#1923 = VECTOR('',#1924,1.);
#1924 = DIRECTION('',(-0.,-1.));
#1925 = ( GEOMETRIC_REPRESENTATION_CONTEXT(2) 
PARAMETRIC_REPRESENTATION_CONTEXT() REPRESENTATION_CONTEXT('2D SPACE',''
  ) );
#1926 = ORIENTED_EDGE('',*,*,#1509,.T.);
#1927 = ORIENTED_EDGE('',*,*,#1904,.T.);
#1928 = ORIENTED_EDGE('',*,*,#1929,.F.);
#1929 = EDGE_CURVE('',#1905,#1905,#1930,.T.);
#1930 = SURFACE_CURVE('',#1931,(#1936,#1943),.PCURVE_S1.);
#1931 = CIRCLE('',#1932,1.1);
#1932 = AXIS2_PLACEMENT_3D('',#1933,#1934,#1935);
#1933 = CARTESIAN_POINT('',(16.2,0.,-8.));
#1934 = DIRECTION('',(-1.,0.,0.));
#1935 = DIRECTION('',(0.,1.,0.));
#1936 = PCURVE('',#1530,#1937);
#1937 = DEFINITIONAL_REPRESENTATION('',(#1938),#1942);
#1938 = LINE('',#1939,#1940);
#1939 = CARTESIAN_POINT('',(-6.28318530718,-4.1));
#1940 = VECTOR('',#1941,1.);
#1941 = DIRECTION('',(1.,-0.));
#1942 = ( GEOMETRIC_REPRESENTATION_CONTEXT(2) 
PARAMETRIC_REPRESENTATION_CONTEXT() REPRESENTATION_CONTEXT('2D SPACE',''
  ) );
#1943 = PCURVE('',#1944,#1949);
#1944 = PLANE('',#1945);
#1945 = AXIS2_PLACEMENT_3D('',#1946,#1947,#1948);
#1946 = CARTESIAN_POINT('',(16.2,-1.281975124256E-16,-8.));
#1947 = DIRECTION('',(1.,0.,0.));
#1948 = DIRECTION('',(-0.,0.,1.));
#1949 = DEFINITIONAL_REPRESENTATION('',(#1950),#1958);
#1950 = ( BOUNDED_CURVE() B_SPLINE_CURVE(2,(#1951,#1952,#1953,#1954,
#1955,#1956,#1957),.UNSPECIFIED.,.T.,.F.) B_SPLINE_CURVE_WITH_KNOTS((1,2
    ,2,2,2,1),(-2.094395102393,0.,2.094395102393,4.188790204786,
6.28318530718,8.377580409573),.UNSPECIFIED.) CURVE() 
GEOMETRIC_REPRESENTATION_ITEM() RATIONAL_B_SPLINE_CURVE((1.,0.5,1.,0.5,
1.,0.5,1.)) REPRESENTATION_ITEM('') );
#1951 = CARTESIAN_POINT('',(0.,-1.1));
#1952 = CARTESIAN_POINT('',(-1.905255888326,-1.1));
#1953 = CARTESIAN_POINT('',(-0.952627944163,0.55));
#1954 = CARTESIAN_POINT('',(-2.694222958124E-16,2.2));
#1955 = CARTESIAN_POINT('',(0.952627944163,0.55));
#1956 = CARTESIAN_POINT('',(1.905255888326,-1.1));
#1957 = CARTESIAN_POINT('',(0.,-1.1));
#1958 = ( GEOMETRIC_REPRESENTATION_CONTEXT(2) 
PARAMETRIC_REPRESENTATION_CONTEXT() REPRESENTATION_CONTEXT('2D SPACE',''
  ) );
#1959 = ADVANCED_FACE('',(#1960),#1568,.F.);
#1960 = FACE_BOUND('',#1961,.T.);
#1961 = EDGE_LOOP('',(#1962,#1983,#1984,#1985));
#1962 = ORIENTED_EDGE('',*,*,#1963,.F.);
#1963 = EDGE_CURVE('',#1548,#1874,#1964,.T.);
#1964 = SEAM_CURVE('',#1965,(#1969,#1976),.PCURVE_S1.);
#1965 = LINE('',#1966,#1967);
#1966 = CARTESIAN_POINT('',(12.1,1.1,8.));
#1967 = VECTOR('',#1968,1.);
#1968 = DIRECTION('',(1.,0.,0.));
#1969 = PCURVE('',#1568,#1970);
#1970 = DEFINITIONAL_REPRESENTATION('',(#1971),#1975);
#1971 = LINE('',#1972,#1973);
#1972 = CARTESIAN_POINT('',(-6.28318530718,0.));
#1973 = VECTOR('',#1974,1.);
#1974 = DIRECTION('',(-0.,-1.));
#1975 = ( GEOMETRIC_REPRESENTATION_CONTEXT(2) 
PARAMETRIC_REPRESENTATION_CONTEXT() REPRESENTATION_CONTEXT('2D SPACE',''
  ) );
#1976 = PCURVE('',#1568,#1977);
#1977 = DEFINITIONAL_REPRESENTATION('',(#1978),#1982);
#1978 = LINE('',#1979,#1980);
#1979 = CARTESIAN_POINT('',(-0.,0.));
#1980 = VECTOR('',#1981,1.);
#1981 = DIRECTION('',(-0.,-1.));
#1982 = ( GEOMETRIC_REPRESENTATION_CONTEXT(2) 
PARAMETRIC_REPRESENTATION_CONTEXT() REPRESENTATION_CONTEXT('2D SPACE',''
  ) );
#1983 = ORIENTED_EDGE('',*,*,#1547,.T.);
#1984 = ORIENTED_EDGE('',*,*,#1963,.T.);
#1985 = ORIENTED_EDGE('',*,*,#1873,.F.);
#1986 = ADVANCED_FACE('',(#1987),#1683,.F.);
#1987 = FACE_BOUND('',#1988,.T.);
#1988 = EDGE_LOOP('',(#1989,#2013,#2034,#2035));
#1989 = ORIENTED_EDGE('',*,*,#1990,.F.);
#1990 = EDGE_CURVE('',#1991,#1991,#1993,.T.);
#1991 = VERTEX_POINT('',#1992);
#1992 = CARTESIAN_POINT('',(16.2,2.,-8.));
#1993 = SURFACE_CURVE('',#1994,(#1999,#2006),.PCURVE_S1.);
#1994 = CIRCLE('',#1995,2.);
#1995 = AXIS2_PLACEMENT_3D('',#1996,#1997,#1998);
#1996 = CARTESIAN_POINT('',(16.2,0.,-8.));
#1997 = DIRECTION('',(1.,0.,0.));
#1998 = DIRECTION('',(0.,1.,0.));
#1999 = PCURVE('',#1683,#2000);
#2000 = DEFINITIONAL_REPRESENTATION('',(#2001),#2005);
#2001 = LINE('',#2002,#2003);
#2002 = CARTESIAN_POINT('',(-0.,0.));
#2003 = VECTOR('',#2004,1.);
#2004 = DIRECTION('',(-1.,0.));
#2005 = ( GEOMETRIC_REPRESENTATION_CONTEXT(2) 
PARAMETRIC_REPRESENTATION_CONTEXT() REPRESENTATION_CONTEXT('2D SPACE',''
  ) );
#2006 = PCURVE('',#1944,#2007);
#2007 = DEFINITIONAL_REPRESENTATION('',(#2008),#2012);
#2008 = CIRCLE('',#2009,2.);
#2009 = AXIS2_PLACEMENT_2D('',#2010,#2011);
#2010 = CARTESIAN_POINT('',(0.,-1.281975124256E-16));
#2011 = DIRECTION('',(0.,-1.));
#2012 = ( GEOMETRIC_REPRESENTATION_CONTEXT(2) 
PARAMETRIC_REPRESENTATION_CONTEXT() REPRESENTATION_CONTEXT('2D SPACE',''
  ) );
#2013 = ORIENTED_EDGE('',*,*,#2014,.T.);
#2014 = EDGE_CURVE('',#1991,#1663,#2015,.T.);
#2015 = SEAM_CURVE('',#2016,(#2020,#2027),.PCURVE_S1.);
#2016 = LINE('',#2017,#2018);
#2017 = CARTESIAN_POINT('',(16.2,2.,-8.));
#2018 = VECTOR('',#2019,1.);
#2019 = DIRECTION('',(1.,0.,0.));
#2020 = PCURVE('',#1683,#2021);
#2021 = DEFINITIONAL_REPRESENTATION('',(#2022),#2026);
#2022 = LINE('',#2023,#2024);
#2023 = CARTESIAN_POINT('',(-6.28318530718,0.));
#2024 = VECTOR('',#2025,1.);
#2025 = DIRECTION('',(-0.,-1.));
#2026 = ( GEOMETRIC_REPRESENTATION_CONTEXT(2) 
PARAMETRIC_REPRESENTATION_CONTEXT() REPRESENTATION_CONTEXT('2D SPACE',''
  ) );
#2027 = PCURVE('',#1683,#2028);
#2028 = DEFINITIONAL_REPRESENTATION('',(#2029),#2033);
#2029 = LINE('',#2030,#2031);
#2030 = CARTESIAN_POINT('',(-0.,0.));
#2031 = VECTOR('',#2032,1.);
#2032 = DIRECTION('',(-0.,-1.));
#2033 = ( GEOMETRIC_REPRESENTATION_CONTEXT(2) 
PARAMETRIC_REPRESENTATION_CONTEXT() REPRESENTATION_CONTEXT('2D SPACE',''
  ) );
#2034 = ORIENTED_EDGE('',*,*,#1662,.F.);
#2035 = ORIENTED_EDGE('',*,*,#2014,.F.);
#2036 = ADVANCED_FACE('',(#2037,#2040),#1944,.T.);
#2037 = FACE_BOUND('',#2038,.T.);
#2038 = EDGE_LOOP('',(#2039));
#2039 = ORIENTED_EDGE('',*,*,#1990,.T.);
#2040 = FACE_BOUND('',#2041,.T.);
#2041 = EDGE_LOOP('',(#2042));
#2042 = ORIENTED_EDGE('',*,*,#1929,.T.);
#2043 = ( GEOMETRIC_REPRESENTATION_CONTEXT(3) 
GLOBAL_UNCERTAINTY_ASSIGNED_CONTEXT((#2047)) 
GLOBAL_UNIT_ASSIGNED_CONTEXT((#2044,#2045,#2046)) REPRESENTATION_CONTEXT
('Context #1','3D Context with UNIT and UNCERTAINTY') );
#2044 = ( LENGTH_UNIT() NAMED_UNIT(*) SI_UNIT(.MILLI.,.METRE.) );
#2045 = ( NAMED_UNIT(*) PLANE_ANGLE_UNIT() SI_UNIT($,.RADIAN.) );
#2046 = ( NAMED_UNIT(*) SI_UNIT($,.STERADIAN.) SOLID_ANGLE_UNIT() );
#2047 = UNCERTAINTY_MEASURE_WITH_UNIT(LENGTH_MEASURE(1.E-07),#2044,
  'distance_accuracy_value','confusion accuracy');
#2048 = PRODUCT_RELATED_PRODUCT_CATEGORY('part',$,(#7));
ENDSEC;
END-ISO-10303-21;
