ISO-10303-21;
HEADER;
FILE_DESCRIPTION(('Open CASCADE Model'),'2;1');
FILE_NAME('Open CASCADE Shape Model','2026-09-26T06:48:11',('Author'),(
    'Open CASCADE'),'Open CASCADE STEP processor 7.9','Open CASCADE 7.9'
  ,'Unknown');
FILE_SCHEMA(('AUTOMOTIVE_DESIGN { 1 0 10303 214 1 1 1 1 }'));
ENDSEC;
DATA;
#1 = APPLICATION_PROTOCOL_DEFINITION('international standard',
  'automotive_design',2000,#2);
#2 = APPLICATION_CONTEXT(
  'core data for automotive mechanical design processes');
#3 = SHAPE_DEFINITION_REPRESENTATION(#4,#10);
#4 = PRODUCT_DEFINITION_SHAPE('','',#5);
#5 = PRODUCT_DEFINITION('design','',#6,#9);
#6 = PRODUCT_DEFINITION_FORMATION('','',#7);
#7 = PRODUCT('Open CASCADE STEP translator 7.9 1',
  'Open CASCADE STEP translator 7.9 1','',(#8));
#8 = PRODUCT_CONTEXT('',#2,'mechanical');
#9 = PRODUCT_DEFINITION_CONTEXT('part definition',#2,'design');
#10 = ADVANCED_BREP_SHAPE_REPRESENTATION('',(#11,#15),#2089);
#11 = AXIS2_PLACEMENT_3D('',#12,#13,#14);
#12 = CARTESIAN_POINT('',(0.,0.,0.));
#13 = DIRECTION('',(0.,0.,1.));
#14 = DIRECTION('',(1.,0.,-0.));
#15 = MANIFOLD_SOLID_BREP('',#16);
#16 = CLOSED_SHELL('',(#17,#85,#140,#195,#379,#414,#482,#545,#608,#671,
    #734,#792,#847,#962,#1050,#1138,#1226,#1314,#1375,#1410,#1442,#1469,
    #1496,#1523,#1550,#1577,#1632,#1672,#1707,#1762,#1817,#1852,#1887,
    #1942,#1997,#2032,#2062));
#17 = ADVANCED_FACE('',(#18,#54),#31,.T.);
#18 = FACE_BOUND('',#19,.F.);
#19 = EDGE_LOOP('',(#20));
#20 = ORIENTED_EDGE('',*,*,#21,.F.);
#21 = EDGE_CURVE('',#22,#22,#24,.T.);
#22 = VERTEX_POINT('',#23);
#23 = CARTESIAN_POINT('',(15.,15.,0.));
#24 = SURFACE_CURVE('',#25,(#30,#42),.PCURVE_S1.);
#25 = CIRCLE('',#26,15.);
#26 = AXIS2_PLACEMENT_3D('',#27,#28,#29);
#27 = CARTESIAN_POINT('',(15.,0.,0.));
#28 = DIRECTION('',(1.,0.,0.));
#29 = DIRECTION('',(-0.,1.,0.));
#30 = PCURVE('',#31,#36);
#31 = PLANE('',#32);
#32 = AXIS2_PLACEMENT_3D('',#33,#34,#35);
#33 = CARTESIAN_POINT('',(15.,0.,0.));
#34 = DIRECTION('',(1.,0.,0.));
#35 = DIRECTION('',(-0.,1.,0.));
#36 = DEFINITIONAL_REPRESENTATION('',(#37),#41);
#37 = CIRCLE('',#38,15.);
#38 = AXIS2_PLACEMENT_2D('',#39,#40);
#39 = CARTESIAN_POINT('',(0.,0.));
#40 = DIRECTION('',(1.,-0.));
#41 = ( GEOMETRIC_REPRESENTATION_CONTEXT(2) 
PARAMETRIC_REPRESENTATION_CONTEXT() REPRESENTATION_CONTEXT('2D SPACE',''
  ) );
#42 = PCURVE('',#43,#48);
#43 = CYLINDRICAL_SURFACE('',#44,15.);
#44 = AXIS2_PLACEMENT_3D('',#45,#46,#47);
#45 = CARTESIAN_POINT('',(15.,0.,0.));
#46 = DIRECTION('',(-1.,-0.,-0.));
#47 = DIRECTION('',(0.,1.,0.));
#48 = DEFINITIONAL_REPRESENTATION('',(#49),#53);
#49 = LINE('',#50,#51);
#50 = CARTESIAN_POINT('',(-0.,0.));
#51 = VECTOR('',#52,1.);
#52 = DIRECTION('',(-1.,0.));
#53 = ( GEOMETRIC_REPRESENTATION_CONTEXT(2) 
PARAMETRIC_REPRESENTATION_CONTEXT() REPRESENTATION_CONTEXT('2D SPACE',''
  ) );
#54 = FACE_BOUND('',#55,.F.);
#55 = EDGE_LOOP('',(#56));
#56 = ORIENTED_EDGE('',*,*,#57,.T.);
#57 = EDGE_CURVE('',#58,#58,#60,.T.);
#58 = VERTEX_POINT('',#59);
#59 = CARTESIAN_POINT('',(15.,13.5,0.));
#60 = SURFACE_CURVE('',#61,(#66,#73),.PCURVE_S1.);
#61 = CIRCLE('',#62,13.5);
#62 = AXIS2_PLACEMENT_3D('',#63,#64,#65);
#63 = CARTESIAN_POINT('',(15.,0.,0.));
#64 = DIRECTION('',(1.,0.,0.));
#65 = DIRECTION('',(-0.,1.,0.));
#66 = PCURVE('',#31,#67);
#67 = DEFINITIONAL_REPRESENTATION('',(#68),#72);
#68 = CIRCLE('',#69,13.5);
#69 = AXIS2_PLACEMENT_2D('',#70,#71);
#70 = CARTESIAN_POINT('',(0.,0.));
#71 = DIRECTION('',(1.,-0.));
#72 = ( GEOMETRIC_REPRESENTATION_CONTEXT(2) 
PARAMETRIC_REPRESENTATION_CONTEXT() REPRESENTATION_CONTEXT('2D SPACE',''
  ) );
#73 = PCURVE('',#74,#79);
#74 = CYLINDRICAL_SURFACE('',#75,13.5);
#75 = AXIS2_PLACEMENT_3D('',#76,#77,#78);
#76 = CARTESIAN_POINT('',(20.,0.,0.));
#77 = DIRECTION('',(-1.,-0.,-0.));
#78 = DIRECTION('',(0.,1.,0.));
#79 = DEFINITIONAL_REPRESENTATION('',(#80),#84);
#80 = LINE('',#81,#82);
#81 = CARTESIAN_POINT('',(-0.,5.));
#82 = VECTOR('',#83,1.);
#83 = DIRECTION('',(-1.,0.));
#84 = ( GEOMETRIC_REPRESENTATION_CONTEXT(2) 
PARAMETRIC_REPRESENTATION_CONTEXT() REPRESENTATION_CONTEXT('2D SPACE',''
  ) );
#85 = ADVANCED_FACE('',(#86),#43,.T.);
#86 = FACE_BOUND('',#87,.F.);
#87 = EDGE_LOOP('',(#88,#89,#112,#139));
#88 = ORIENTED_EDGE('',*,*,#21,.T.);
#89 = ORIENTED_EDGE('',*,*,#90,.T.);
#90 = EDGE_CURVE('',#22,#91,#93,.T.);
#91 = VERTEX_POINT('',#92);
#92 = CARTESIAN_POINT('',(12.,15.,0.));
#93 = SEAM_CURVE('',#94,(#98,#105),.PCURVE_S1.);
#94 = LINE('',#95,#96);
#95 = CARTESIAN_POINT('',(15.,15.,0.));
#96 = VECTOR('',#97,1.);
#97 = DIRECTION('',(-1.,0.,0.));
#98 = PCURVE('',#43,#99);
#99 = DEFINITIONAL_REPRESENTATION('',(#100),#104);
#100 = LINE('',#101,#102);
#101 = CARTESIAN_POINT('',(-0.,0.));
#102 = VECTOR('',#103,1.);
#103 = DIRECTION('',(-0.,1.));
#104 = ( GEOMETRIC_REPRESENTATION_CONTEXT(2) 
PARAMETRIC_REPRESENTATION_CONTEXT() REPRESENTATION_CONTEXT('2D SPACE',''
  ) );
#105 = PCURVE('',#43,#106);
#106 = DEFINITIONAL_REPRESENTATION('',(#107),#111);
#107 = LINE('',#108,#109);
#108 = CARTESIAN_POINT('',(-6.28318530718,0.));
#109 = VECTOR('',#110,1.);
#110 = DIRECTION('',(-0.,1.));
#111 = ( GEOMETRIC_REPRESENTATION_CONTEXT(2) 
PARAMETRIC_REPRESENTATION_CONTEXT() REPRESENTATION_CONTEXT('2D SPACE',''
  ) );
#112 = ORIENTED_EDGE('',*,*,#113,.F.);
#113 = EDGE_CURVE('',#91,#91,#114,.T.);
#114 = SURFACE_CURVE('',#115,(#120,#127),.PCURVE_S1.);
#115 = CIRCLE('',#116,15.);
#116 = AXIS2_PLACEMENT_3D('',#117,#118,#119);
#117 = CARTESIAN_POINT('',(12.,0.,0.));
#118 = DIRECTION('',(1.,0.,0.));
#119 = DIRECTION('',(-0.,1.,0.));
#120 = PCURVE('',#43,#121);
#121 = DEFINITIONAL_REPRESENTATION('',(#122),#126);
#122 = LINE('',#123,#124);
#123 = CARTESIAN_POINT('',(-0.,3.));
#124 = VECTOR('',#125,1.);
#125 = DIRECTION('',(-1.,0.));
#126 = ( GEOMETRIC_REPRESENTATION_CONTEXT(2) 
PARAMETRIC_REPRESENTATION_CONTEXT() REPRESENTATION_CONTEXT('2D SPACE',''
  ) );
#127 = PCURVE('',#128,#133);
#128 = PLANE('',#129);
#129 = AXIS2_PLACEMENT_3D('',#130,#131,#132);
#130 = CARTESIAN_POINT('',(12.,0.,0.));
#131 = DIRECTION('',(1.,0.,0.));
#132 = DIRECTION('',(-0.,1.,0.));
#133 = DEFINITIONAL_REPRESENTATION('',(#134),#138);
#134 = CIRCLE('',#135,15.);
#135 = AXIS2_PLACEMENT_2D('',#136,#137);
#136 = CARTESIAN_POINT('',(0.,0.));
#137 = DIRECTION('',(1.,0.));
#138 = ( GEOMETRIC_REPRESENTATION_CONTEXT(2) 
PARAMETRIC_REPRESENTATION_CONTEXT() REPRESENTATION_CONTEXT('2D SPACE',''
  ) );
#139 = ORIENTED_EDGE('',*,*,#90,.F.);
#140 = ADVANCED_FACE('',(#141),#74,.T.);
#141 = FACE_BOUND('',#142,.F.);
#142 = EDGE_LOOP('',(#143,#172,#193,#194));
#143 = ORIENTED_EDGE('',*,*,#144,.T.);
#144 = EDGE_CURVE('',#145,#145,#147,.T.);
#145 = VERTEX_POINT('',#146);
#146 = CARTESIAN_POINT('',(20.,13.5,0.));
#147 = SURFACE_CURVE('',#148,(#153,#160),.PCURVE_S1.);
#148 = CIRCLE('',#149,13.5);
#149 = AXIS2_PLACEMENT_3D('',#150,#151,#152);
#150 = CARTESIAN_POINT('',(20.,0.,0.));
#151 = DIRECTION('',(1.,0.,0.));
#152 = DIRECTION('',(-0.,1.,0.));
#153 = PCURVE('',#74,#154);
#154 = DEFINITIONAL_REPRESENTATION('',(#155),#159);
#155 = LINE('',#156,#157);
#156 = CARTESIAN_POINT('',(-0.,0.));
#157 = VECTOR('',#158,1.);
#158 = DIRECTION('',(-1.,0.));
#159 = ( GEOMETRIC_REPRESENTATION_CONTEXT(2) 
PARAMETRIC_REPRESENTATION_CONTEXT() REPRESENTATION_CONTEXT('2D SPACE',''
  ) );
#160 = PCURVE('',#161,#166);
#161 = PLANE('',#162);
#162 = AXIS2_PLACEMENT_3D('',#163,#164,#165);
#163 = CARTESIAN_POINT('',(20.,0.,0.));
#164 = DIRECTION('',(1.,0.,0.));
#165 = DIRECTION('',(-0.,1.,0.));
#166 = DEFINITIONAL_REPRESENTATION('',(#167),#171);
#167 = CIRCLE('',#168,13.5);
#168 = AXIS2_PLACEMENT_2D('',#169,#170);
#169 = CARTESIAN_POINT('',(0.,0.));
#170 = DIRECTION('',(1.,-0.));
#171 = ( GEOMETRIC_REPRESENTATION_CONTEXT(2) 
PARAMETRIC_REPRESENTATION_CONTEXT() REPRESENTATION_CONTEXT('2D SPACE',''
  ) );
#172 = ORIENTED_EDGE('',*,*,#173,.T.);
#173 = EDGE_CURVE('',#145,#58,#174,.T.);
#174 = SEAM_CURVE('',#175,(#179,#186),.PCURVE_S1.);
#175 = LINE('',#176,#177);
#176 = CARTESIAN_POINT('',(20.,13.5,0.));
#177 = VECTOR('',#178,1.);
#178 = DIRECTION('',(-1.,0.,0.));
#179 = PCURVE('',#74,#180);
#180 = DEFINITIONAL_REPRESENTATION('',(#181),#185);
#181 = LINE('',#182,#183);
#182 = CARTESIAN_POINT('',(-0.,0.));
#183 = VECTOR('',#184,1.);
#184 = DIRECTION('',(-0.,1.));
#185 = ( GEOMETRIC_REPRESENTATION_CONTEXT(2) 
PARAMETRIC_REPRESENTATION_CONTEXT() REPRESENTATION_CONTEXT('2D SPACE',''
  ) );
#186 = PCURVE('',#74,#187);
#187 = DEFINITIONAL_REPRESENTATION('',(#188),#192);
#188 = LINE('',#189,#190);
#189 = CARTESIAN_POINT('',(-6.28318530718,0.));
#190 = VECTOR('',#191,1.);
#191 = DIRECTION('',(-0.,1.));
#192 = ( GEOMETRIC_REPRESENTATION_CONTEXT(2) 
PARAMETRIC_REPRESENTATION_CONTEXT() REPRESENTATION_CONTEXT('2D SPACE',''
  ) );
#193 = ORIENTED_EDGE('',*,*,#57,.F.);
#194 = ORIENTED_EDGE('',*,*,#173,.F.);
#195 = ADVANCED_FACE('',(#196,#199),#128,.F.);
#196 = FACE_BOUND('',#197,.F.);
#197 = EDGE_LOOP('',(#198));
#198 = ORIENTED_EDGE('',*,*,#113,.T.);
#199 = FACE_BOUND('',#200,.F.);
#200 = EDGE_LOOP('',(#201,#232,#261,#294,#323,#352));
#201 = ORIENTED_EDGE('',*,*,#202,.F.);
#202 = EDGE_CURVE('',#203,#205,#207,.T.);
#203 = VERTEX_POINT('',#204);
#204 = CARTESIAN_POINT('',(12.,-2.352093759735E-12,13.500000029497));
#205 = VERTEX_POINT('',#206);
#206 = CARTESIAN_POINT('',(12.,-11.69134299716,6.749999979198));
#207 = SURFACE_CURVE('',#208,(#213,#220),.PCURVE_S1.);
#208 = CIRCLE('',#209,13.5);
#209 = AXIS2_PLACEMENT_3D('',#210,#211,#212);
#210 = CARTESIAN_POINT('',(12.,0.,0.));
#211 = DIRECTION('',(1.,0.,0.));
#212 = DIRECTION('',(-0.,1.,0.));
#213 = PCURVE('',#128,#214);
#214 = DEFINITIONAL_REPRESENTATION('',(#215),#219);
#215 = CIRCLE('',#216,13.5);
#216 = AXIS2_PLACEMENT_2D('',#217,#218);
#217 = CARTESIAN_POINT('',(0.,0.));
#218 = DIRECTION('',(1.,0.));
#219 = ( GEOMETRIC_REPRESENTATION_CONTEXT(2) 
PARAMETRIC_REPRESENTATION_CONTEXT() REPRESENTATION_CONTEXT('2D SPACE',''
  ) );
#220 = PCURVE('',#221,#226);
#221 = CONICAL_SURFACE('',#222,13.5,0.525669655168);
#222 = AXIS2_PLACEMENT_3D('',#223,#224,#225);
#223 = CARTESIAN_POINT('',(12.,0.,0.));
#224 = DIRECTION('',(-1.,-0.,-0.));
#225 = DIRECTION('',(0.,1.,0.));
#226 = DEFINITIONAL_REPRESENTATION('',(#227),#231);
#227 = LINE('',#228,#229);
#228 = CARTESIAN_POINT('',(-0.,0.));
#229 = VECTOR('',#230,1.);
#230 = DIRECTION('',(-1.,0.));
#231 = ( GEOMETRIC_REPRESENTATION_CONTEXT(2) 
PARAMETRIC_REPRESENTATION_CONTEXT() REPRESENTATION_CONTEXT('2D SPACE',''
  ) );
#232 = ORIENTED_EDGE('',*,*,#233,.F.);
#233 = EDGE_CURVE('',#234,#203,#236,.T.);
#234 = VERTEX_POINT('',#235);
#235 = CARTESIAN_POINT('',(12.,11.691342917765,6.750000116714));
#236 = SURFACE_CURVE('',#237,(#242,#249),.PCURVE_S1.);
#237 = CIRCLE('',#238,13.5);
#238 = AXIS2_PLACEMENT_3D('',#239,#240,#241);
#239 = CARTESIAN_POINT('',(12.,0.,0.));
#240 = DIRECTION('',(1.,0.,0.));
#241 = DIRECTION('',(-0.,1.,0.));
#242 = PCURVE('',#128,#243);
#243 = DEFINITIONAL_REPRESENTATION('',(#244),#248);
#244 = CIRCLE('',#245,13.5);
#245 = AXIS2_PLACEMENT_2D('',#246,#247);
#246 = CARTESIAN_POINT('',(0.,0.));
#247 = DIRECTION('',(1.,0.));
#248 = ( GEOMETRIC_REPRESENTATION_CONTEXT(2) 
PARAMETRIC_REPRESENTATION_CONTEXT() REPRESENTATION_CONTEXT('2D SPACE',''
  ) );
#249 = PCURVE('',#250,#255);
#250 = CONICAL_SURFACE('',#251,13.5,0.525669655168);
#251 = AXIS2_PLACEMENT_3D('',#252,#253,#254);
#252 = CARTESIAN_POINT('',(12.,0.,0.));
#253 = DIRECTION('',(-1.,-0.,-0.));
#254 = DIRECTION('',(0.,1.,0.));
#255 = DEFINITIONAL_REPRESENTATION('',(#256),#260);
#256 = LINE('',#257,#258);
#257 = CARTESIAN_POINT('',(-0.,0.));
#258 = VECTOR('',#259,1.);
#259 = DIRECTION('',(-1.,0.));
#260 = ( GEOMETRIC_REPRESENTATION_CONTEXT(2) 
PARAMETRIC_REPRESENTATION_CONTEXT() REPRESENTATION_CONTEXT('2D SPACE',''
  ) );
#261 = ORIENTED_EDGE('',*,*,#262,.T.);
#262 = EDGE_CURVE('',#234,#263,#265,.T.);
#263 = VERTEX_POINT('',#264);
#264 = CARTESIAN_POINT('',(12.,11.691343033294,-6.749999916611));
#265 = SURFACE_CURVE('',#266,(#271,#282),.PCURVE_S1.);
#266 = CIRCLE('',#267,13.5);
#267 = AXIS2_PLACEMENT_3D('',#268,#269,#270);
#268 = CARTESIAN_POINT('',(12.,0.,0.));
#269 = DIRECTION('',(-1.,0.,0.));
#270 = DIRECTION('',(0.,0.866025399424,0.500000007553));
#271 = PCURVE('',#128,#272);
#272 = DEFINITIONAL_REPRESENTATION('',(#273),#281);
#273 = ( BOUNDED_CURVE() B_SPLINE_CURVE(2,(#274,#275,#276,#277,#278,#279
,#280),.UNSPECIFIED.,.T.,.F.) B_SPLINE_CURVE_WITH_KNOTS((1,2,2,2,2,1),(
    -2.094395102393,0.,2.094395102393,4.188790204786,6.28318530718,
8.377580409573),.UNSPECIFIED.) CURVE() GEOMETRIC_REPRESENTATION_ITEM() 
RATIONAL_B_SPLINE_CURVE((1.,0.5,1.,0.5,1.,0.5,1.)) REPRESENTATION_ITEM(
  '') );
#274 = CARTESIAN_POINT('',(11.69134289222,6.750000101965));
#275 = CARTESIAN_POINT('',(23.382686019919,-13.49999979606));
#276 = CARTESIAN_POINT('',(1.177395665408E-07,-13.5));
#277 = CARTESIAN_POINT('',(-23.38268578444,-13.50000020393));
#278 = CARTESIAN_POINT('',(-11.69134300996,6.749999898035));
#279 = CARTESIAN_POINT('',(-2.354791490689E-07,27.));
#280 = CARTESIAN_POINT('',(11.69134289222,6.750000101965));
#281 = ( GEOMETRIC_REPRESENTATION_CONTEXT(2) 
PARAMETRIC_REPRESENTATION_CONTEXT() REPRESENTATION_CONTEXT('2D SPACE',''
  ) );
#282 = PCURVE('',#283,#288);
#283 = CONICAL_SURFACE('',#284,13.5,0.525669655168);
#284 = AXIS2_PLACEMENT_3D('',#285,#286,#287);
#285 = CARTESIAN_POINT('',(12.,0.,0.));
#286 = DIRECTION('',(-1.,-0.,-0.));
#287 = DIRECTION('',(0.,1.,0.));
#288 = DEFINITIONAL_REPRESENTATION('',(#289),#293);
#289 = LINE('',#290,#291);
#290 = CARTESIAN_POINT('',(-6.806784091499,0.));
#291 = VECTOR('',#292,1.);
#292 = DIRECTION('',(1.,-0.));
#293 = ( GEOMETRIC_REPRESENTATION_CONTEXT(2) 
PARAMETRIC_REPRESENTATION_CONTEXT() REPRESENTATION_CONTEXT('2D SPACE',''
  ) );
#294 = ORIENTED_EDGE('',*,*,#295,.F.);
#295 = EDGE_CURVE('',#296,#263,#298,.T.);
#296 = VERTEX_POINT('',#297);
#297 = CARTESIAN_POINT('',(12.,-2.781295772257E-13,-13.50000002949));
#298 = SURFACE_CURVE('',#299,(#304,#311),.PCURVE_S1.);
#299 = CIRCLE('',#300,13.5);
#300 = AXIS2_PLACEMENT_3D('',#301,#302,#303);
#301 = CARTESIAN_POINT('',(12.,0.,0.));
#302 = DIRECTION('',(1.,0.,0.));
#303 = DIRECTION('',(-0.,1.,0.));
#304 = PCURVE('',#128,#305);
#305 = DEFINITIONAL_REPRESENTATION('',(#306),#310);
#306 = CIRCLE('',#307,13.5);
#307 = AXIS2_PLACEMENT_2D('',#308,#309);
#308 = CARTESIAN_POINT('',(0.,0.));
#309 = DIRECTION('',(1.,0.));
#310 = ( GEOMETRIC_REPRESENTATION_CONTEXT(2) 
PARAMETRIC_REPRESENTATION_CONTEXT() REPRESENTATION_CONTEXT('2D SPACE',''
  ) );
#311 = PCURVE('',#312,#317);
#312 = CONICAL_SURFACE('',#313,13.5,0.525669655168);
#313 = AXIS2_PLACEMENT_3D('',#314,#315,#316);
#314 = CARTESIAN_POINT('',(12.,0.,0.));
#315 = DIRECTION('',(-1.,-0.,-0.));
#316 = DIRECTION('',(0.,1.,0.));
#317 = DEFINITIONAL_REPRESENTATION('',(#318),#322);
#318 = LINE('',#319,#320);
#319 = CARTESIAN_POINT('',(-0.,0.));
#320 = VECTOR('',#321,1.);
#321 = DIRECTION('',(-1.,0.));
#322 = ( GEOMETRIC_REPRESENTATION_CONTEXT(2) 
PARAMETRIC_REPRESENTATION_CONTEXT() REPRESENTATION_CONTEXT('2D SPACE',''
  ) );
#323 = ORIENTED_EDGE('',*,*,#324,.F.);
#324 = EDGE_CURVE('',#325,#296,#327,.T.);
#325 = VERTEX_POINT('',#326);
#326 = CARTESIAN_POINT('',(12.,-11.69134295301,-6.750000055666));
#327 = SURFACE_CURVE('',#328,(#333,#340),.PCURVE_S1.);
#328 = CIRCLE('',#329,13.5);
#329 = AXIS2_PLACEMENT_3D('',#330,#331,#332);
#330 = CARTESIAN_POINT('',(12.,0.,0.));
#331 = DIRECTION('',(1.,0.,0.));
#332 = DIRECTION('',(-0.,1.,0.));
#333 = PCURVE('',#128,#334);
#334 = DEFINITIONAL_REPRESENTATION('',(#335),#339);
#335 = CIRCLE('',#336,13.5);
#336 = AXIS2_PLACEMENT_2D('',#337,#338);
#337 = CARTESIAN_POINT('',(0.,0.));
#338 = DIRECTION('',(1.,0.));
#339 = ( GEOMETRIC_REPRESENTATION_CONTEXT(2) 
PARAMETRIC_REPRESENTATION_CONTEXT() REPRESENTATION_CONTEXT('2D SPACE',''
  ) );
#340 = PCURVE('',#341,#346);
#341 = CONICAL_SURFACE('',#342,13.5,0.525669655168);
#342 = AXIS2_PLACEMENT_3D('',#343,#344,#345);
#343 = CARTESIAN_POINT('',(12.,0.,0.));
#344 = DIRECTION('',(-1.,-0.,-0.));
#345 = DIRECTION('',(0.,1.,0.));
#346 = DEFINITIONAL_REPRESENTATION('',(#347),#351);
#347 = LINE('',#348,#349);
#348 = CARTESIAN_POINT('',(-0.,0.));
#349 = VECTOR('',#350,1.);
#350 = DIRECTION('',(-1.,0.));
#351 = ( GEOMETRIC_REPRESENTATION_CONTEXT(2) 
PARAMETRIC_REPRESENTATION_CONTEXT() REPRESENTATION_CONTEXT('2D SPACE',''
  ) );
#352 = ORIENTED_EDGE('',*,*,#353,.F.);
#353 = EDGE_CURVE('',#205,#325,#354,.T.);
#354 = SURFACE_CURVE('',#355,(#360,#367),.PCURVE_S1.);
#355 = CIRCLE('',#356,13.5);
#356 = AXIS2_PLACEMENT_3D('',#357,#358,#359);
#357 = CARTESIAN_POINT('',(12.,0.,0.));
#358 = DIRECTION('',(1.,0.,0.));
#359 = DIRECTION('',(-0.,1.,0.));
#360 = PCURVE('',#128,#361);
#361 = DEFINITIONAL_REPRESENTATION('',(#362),#366);
#362 = CIRCLE('',#363,13.5);
#363 = AXIS2_PLACEMENT_2D('',#364,#365);
#364 = CARTESIAN_POINT('',(0.,0.));
#365 = DIRECTION('',(1.,0.));
#366 = ( GEOMETRIC_REPRESENTATION_CONTEXT(2) 
PARAMETRIC_REPRESENTATION_CONTEXT() REPRESENTATION_CONTEXT('2D SPACE',''
  ) );
#367 = PCURVE('',#368,#373);
#368 = CONICAL_SURFACE('',#369,13.5,0.525669655168);
#369 = AXIS2_PLACEMENT_3D('',#370,#371,#372);
#370 = CARTESIAN_POINT('',(12.,0.,0.));
#371 = DIRECTION('',(-1.,-0.,-0.));
#372 = DIRECTION('',(0.,1.,0.));
#373 = DEFINITIONAL_REPRESENTATION('',(#374),#378);
#374 = LINE('',#375,#376);
#375 = CARTESIAN_POINT('',(-0.,0.));
#376 = VECTOR('',#377,1.);
#377 = DIRECTION('',(-1.,0.));
#378 = ( GEOMETRIC_REPRESENTATION_CONTEXT(2) 
PARAMETRIC_REPRESENTATION_CONTEXT() REPRESENTATION_CONTEXT('2D SPACE',''
  ) );
#379 = ADVANCED_FACE('',(#380,#383),#161,.T.);
#380 = FACE_BOUND('',#381,.F.);
#381 = EDGE_LOOP('',(#382));
#382 = ORIENTED_EDGE('',*,*,#144,.F.);
#383 = FACE_BOUND('',#384,.F.);
#384 = EDGE_LOOP('',(#385));
#385 = ORIENTED_EDGE('',*,*,#386,.T.);
#386 = EDGE_CURVE('',#387,#387,#389,.T.);
#387 = VERTEX_POINT('',#388);
#388 = CARTESIAN_POINT('',(20.,11.,0.));
#389 = SURFACE_CURVE('',#390,(#395,#402),.PCURVE_S1.);
#390 = CIRCLE('',#391,11.);
#391 = AXIS2_PLACEMENT_3D('',#392,#393,#394);
#392 = CARTESIAN_POINT('',(20.,0.,0.));
#393 = DIRECTION('',(1.,0.,0.));
#394 = DIRECTION('',(-0.,1.,0.));
#395 = PCURVE('',#161,#396);
#396 = DEFINITIONAL_REPRESENTATION('',(#397),#401);
#397 = CIRCLE('',#398,11.);
#398 = AXIS2_PLACEMENT_2D('',#399,#400);
#399 = CARTESIAN_POINT('',(0.,0.));
#400 = DIRECTION('',(1.,-0.));
#401 = ( GEOMETRIC_REPRESENTATION_CONTEXT(2) 
PARAMETRIC_REPRESENTATION_CONTEXT() REPRESENTATION_CONTEXT('2D SPACE',''
  ) );
#402 = PCURVE('',#403,#408);
#403 = CYLINDRICAL_SURFACE('',#404,11.);
#404 = AXIS2_PLACEMENT_3D('',#405,#406,#407);
#405 = CARTESIAN_POINT('',(20.,0.,0.));
#406 = DIRECTION('',(-1.,-0.,-0.));
#407 = DIRECTION('',(0.,1.,0.));
#408 = DEFINITIONAL_REPRESENTATION('',(#409),#413);
#409 = LINE('',#410,#411);
#410 = CARTESIAN_POINT('',(-0.,0.));
#411 = VECTOR('',#412,1.);
#412 = DIRECTION('',(-1.,0.));
#413 = ( GEOMETRIC_REPRESENTATION_CONTEXT(2) 
PARAMETRIC_REPRESENTATION_CONTEXT() REPRESENTATION_CONTEXT('2D SPACE',''
  ) );
#414 = ADVANCED_FACE('',(#415),#221,.T.);
#415 = FACE_BOUND('',#416,.F.);
#416 = EDGE_LOOP('',(#417,#450,#451));
#417 = ORIENTED_EDGE('',*,*,#418,.T.);
#418 = EDGE_CURVE('',#419,#203,#421,.T.);
#419 = VERTEX_POINT('',#420);
#420 = CARTESIAN_POINT('',(8.399923753025,-7.79422866812,13.500000058994
    ));
#421 = SURFACE_CURVE('',#422,(#427,#438),.PCURVE_S1.);
#422 = HYPERBOLA('',#423,23.271258025336,13.500000058994);
#423 = AXIS2_PLACEMENT_3D('',#424,#425,#426);
#424 = CARTESIAN_POINT('',(35.271257923644,1.538370149107E-15,
    13.500000058994));
#425 = DIRECTION('',(0.,-1.139533438803E-16,-1.));
#426 = DIRECTION('',(-1.,0.,-0.));
#427 = PCURVE('',#221,#428);
#428 = DEFINITIONAL_REPRESENTATION('',(#429),#437);
#429 = B_SPLINE_CURVE_WITH_KNOTS('',6,(#430,#431,#432,#433,#434,#435,
    #436),.UNSPECIFIED.,.F.,.F.,(7,7),(-0.550587502697,
    5.314010598665E-11),.PIECEWISE_BEZIER_KNOTS.);
#430 = CARTESIAN_POINT('',(-2.095504435658,3.617314215807));
#431 = CARTESIAN_POINT('',(-2.016084922567,2.381235184146));
#432 = CARTESIAN_POINT('',(-1.932284510308,1.416861999428));
#433 = CARTESIAN_POINT('',(-1.844701309251,0.705459954024));
#434 = CARTESIAN_POINT('',(-1.754325062417,0.235153629129));
#435 = CARTESIAN_POINT('',(-1.662560910533,1.015794393311E-07));
#436 = CARTESIAN_POINT('',(-1.570796326742,1.016929188217E-07));
#437 = ( GEOMETRIC_REPRESENTATION_CONTEXT(2) 
PARAMETRIC_REPRESENTATION_CONTEXT() REPRESENTATION_CONTEXT('2D SPACE',''
  ) );
#438 = PCURVE('',#439,#444);
#439 = PLANE('',#440);
#440 = AXIS2_PLACEMENT_3D('',#441,#442,#443);
#441 = CARTESIAN_POINT('',(0.,7.79422866812,13.500000058994));
#442 = DIRECTION('',(0.,-1.139533438803E-16,-1.));
#443 = DIRECTION('',(0.,-1.,1.139533438803E-16));
#444 = DEFINITIONAL_REPRESENTATION('',(#445),#449);
#445 = ( BOUNDED_CURVE() B_SPLINE_CURVE(2,(#446,#447,#448),
.UNSPECIFIED.,.F.,.F.) B_SPLINE_CURVE_WITH_KNOTS((3,3),(-0.550587502697,
5.314010598665E-11),.PIECEWISE_BEZIER_KNOTS.) CURVE() 
GEOMETRIC_REPRESENTATION_ITEM() RATIONAL_B_SPLINE_CURVE((1.,
1.038133247504,1.)) REPRESENTATION_ITEM('') );
#446 = CARTESIAN_POINT('',(15.608438140464,-8.382685784193));
#447 = CARTESIAN_POINT('',(11.419569588897,-11.99999989863));
#448 = CARTESIAN_POINT('',(7.794228667403,-11.9999998983));
#449 = ( GEOMETRIC_REPRESENTATION_CONTEXT(2) 
PARAMETRIC_REPRESENTATION_CONTEXT() REPRESENTATION_CONTEXT('2D SPACE',''
  ) );
#450 = ORIENTED_EDGE('',*,*,#202,.T.);
#451 = ORIENTED_EDGE('',*,*,#452,.T.);
#452 = EDGE_CURVE('',#205,#419,#453,.T.);
#453 = SURFACE_CURVE('',#454,(#459,#470),.PCURVE_S1.);
#454 = HYPERBOLA('',#455,23.271258025336,13.500000058994);
#455 = AXIS2_PLACEMENT_3D('',#456,#457,#458);
#456 = CARTESIAN_POINT('',(35.271257923644,-11.69134300218,
    6.750000029497));
#457 = DIRECTION('',(0.,0.866025403784,-0.5));
#458 = DIRECTION('',(-1.,0.,-0.));
#459 = PCURVE('',#221,#460);
#460 = DEFINITIONAL_REPRESENTATION('',(#461),#469);
#461 = B_SPLINE_CURVE_WITH_KNOTS('',6,(#462,#463,#464,#465,#466,#467,
    #468),.UNSPECIFIED.,.F.,.F.,(7,7),(-5.523581141409E-11,
    0.550587502697),.PIECEWISE_BEZIER_KNOTS.);
#462 = CARTESIAN_POINT('',(-2.617993878047,1.016929222509E-07));
#463 = CARTESIAN_POINT('',(-2.526229294255,1.015749674049E-07));
#464 = CARTESIAN_POINT('',(-2.434465142371,0.235153629122));
#465 = CARTESIAN_POINT('',(-2.344088895536,0.705459954016));
#466 = CARTESIAN_POINT('',(-2.256505694479,1.416861999421));
#467 = CARTESIAN_POINT('',(-2.172705282219,2.381235184141));
#468 = CARTESIAN_POINT('',(-2.093285769129,3.617314215807));
#469 = ( GEOMETRIC_REPRESENTATION_CONTEXT(2) 
PARAMETRIC_REPRESENTATION_CONTEXT() REPRESENTATION_CONTEXT('2D SPACE',''
  ) );
#470 = PCURVE('',#471,#476);
#471 = PLANE('',#472);
#472 = AXIS2_PLACEMENT_3D('',#473,#474,#475);
#473 = CARTESIAN_POINT('',(0.,-7.79422866812,13.500000058994));
#474 = DIRECTION('',(0.,0.866025403784,-0.5));
#475 = DIRECTION('',(0.,-0.5,-0.866025403784));
#476 = DEFINITIONAL_REPRESENTATION('',(#477),#481);
#477 = ( BOUNDED_CURVE() B_SPLINE_CURVE(2,(#478,#479,#480),
.UNSPECIFIED.,.F.,.F.) B_SPLINE_CURVE_WITH_KNOTS((3,3),(
-5.523581141409E-11,0.550587502697),.PIECEWISE_BEZIER_KNOTS.) CURVE() 
GEOMETRIC_REPRESENTATION_ITEM() RATIONAL_B_SPLINE_CURVE((1.,
1.038133247505,1.)) REPRESENTATION_ITEM('') );
#478 = CARTESIAN_POINT('',(7.794228668866,-11.9999998983));
#479 = CARTESIAN_POINT('',(4.168887747358,-11.99999989865));
#480 = CARTESIAN_POINT('',(-1.998080422386E-02,-8.382685784193));
#481 = ( GEOMETRIC_REPRESENTATION_CONTEXT(2) 
PARAMETRIC_REPRESENTATION_CONTEXT() REPRESENTATION_CONTEXT('2D SPACE',''
  ) );
#482 = ADVANCED_FACE('',(#483),#368,.T.);
#483 = FACE_BOUND('',#484,.F.);
#484 = EDGE_LOOP('',(#485,#513,#514));
#485 = ORIENTED_EDGE('',*,*,#486,.T.);
#486 = EDGE_CURVE('',#487,#205,#489,.T.);
#487 = VERTEX_POINT('',#488);
#488 = CARTESIAN_POINT('',(8.399923753025,-15.58845733624,
    1.909035438047E-15));
#489 = SURFACE_CURVE('',#490,(#495,#506),.PCURVE_S1.);
#490 = HYPERBOLA('',#491,23.271258025336,13.500000058994);
#491 = AXIS2_PLACEMENT_3D('',#492,#493,#494);
#492 = CARTESIAN_POINT('',(35.271257923644,-11.69134300218,
    6.750000029497));
#493 = DIRECTION('',(0.,0.866025403784,-0.5));
#494 = DIRECTION('',(-1.,0.,-0.));
#495 = PCURVE('',#368,#496);
#496 = DEFINITIONAL_REPRESENTATION('',(#497),#505);
#497 = B_SPLINE_CURVE_WITH_KNOTS('',6,(#498,#499,#500,#501,#502,#503,
    #504),.UNSPECIFIED.,.F.,.F.,(7,7),(-0.550587502697,
    -5.523581141409E-11),.PIECEWISE_BEZIER_KNOTS.);
#498 = CARTESIAN_POINT('',(-3.142701986854,3.617314215807));
#499 = CARTESIAN_POINT('',(-3.06328247378,2.381235184389));
#500 = CARTESIAN_POINT('',(-2.979482061537,1.416861999808));
#501 = CARTESIAN_POINT('',(-2.891898860499,0.705459954444));
#502 = CARTESIAN_POINT('',(-2.801522613684,0.235153629499));
#503 = CARTESIAN_POINT('',(-2.70975846182,1.018108770968E-07));
#504 = CARTESIAN_POINT('',(-2.617993878047,1.016929222509E-07));
#505 = ( GEOMETRIC_REPRESENTATION_CONTEXT(2) 
PARAMETRIC_REPRESENTATION_CONTEXT() REPRESENTATION_CONTEXT('2D SPACE',''
  ) );
#506 = PCURVE('',#471,#507);
#507 = DEFINITIONAL_REPRESENTATION('',(#508),#512);
#508 = ( BOUNDED_CURVE() B_SPLINE_CURVE(2,(#509,#510,#511),
.UNSPECIFIED.,.F.,.F.) B_SPLINE_CURVE_WITH_KNOTS((3,3),(-0.550587502697,
-5.523581141409E-11),.PIECEWISE_BEZIER_KNOTS.) CURVE() 
GEOMETRIC_REPRESENTATION_ITEM() RATIONAL_B_SPLINE_CURVE((1.,
1.038133247489,1.)) REPRESENTATION_ITEM('') );
#509 = CARTESIAN_POINT('',(15.608438140464,-8.382685784193));
#510 = CARTESIAN_POINT('',(11.419569589682,-11.99999989796));
#511 = CARTESIAN_POINT('',(7.794228668866,-11.9999998983));
#512 = ( GEOMETRIC_REPRESENTATION_CONTEXT(2) 
PARAMETRIC_REPRESENTATION_CONTEXT() REPRESENTATION_CONTEXT('2D SPACE',''
  ) );
#513 = ORIENTED_EDGE('',*,*,#353,.T.);
#514 = ORIENTED_EDGE('',*,*,#515,.T.);
#515 = EDGE_CURVE('',#325,#487,#516,.T.);
#516 = SURFACE_CURVE('',#517,(#522,#533),.PCURVE_S1.);
#517 = HYPERBOLA('',#518,23.271258025336,13.500000058994);
#518 = AXIS2_PLACEMENT_3D('',#519,#520,#521);
#519 = CARTESIAN_POINT('',(35.271257923644,-11.69134300218,
    -6.750000029497));
#520 = DIRECTION('',(0.,0.866025403784,0.5));
#521 = DIRECTION('',(-1.,-0.,0.));
#522 = PCURVE('',#368,#523);
#523 = DEFINITIONAL_REPRESENTATION('',(#524),#532);
#524 = B_SPLINE_CURVE_WITH_KNOTS('',6,(#525,#526,#527,#528,#529,#530,
    #531),.UNSPECIFIED.,.F.,.F.,(7,7),(-3.900385566905E-11,
    0.550587502697),.PIECEWISE_BEZIER_KNOTS.);
#525 = CARTESIAN_POINT('',(-3.665191429227,1.016929195927E-07));
#526 = CARTESIAN_POINT('',(-3.573426845438,1.016096279295E-07));
#527 = CARTESIAN_POINT('',(-3.481662693557,0.235153629177));
#528 = CARTESIAN_POINT('',(-3.391286446725,0.705459954079));
#529 = CARTESIAN_POINT('',(-3.303703245671,1.416861999478));
#530 = CARTESIAN_POINT('',(-3.219902833414,2.381235184177));
#531 = CARTESIAN_POINT('',(-3.140483320325,3.617314215807));
#532 = ( GEOMETRIC_REPRESENTATION_CONTEXT(2) 
PARAMETRIC_REPRESENTATION_CONTEXT() REPRESENTATION_CONTEXT('2D SPACE',''
  ) );
#533 = PCURVE('',#534,#539);
#534 = PLANE('',#535);
#535 = AXIS2_PLACEMENT_3D('',#536,#537,#538);
#536 = CARTESIAN_POINT('',(0.,-15.58845733624,1.909035438047E-15));
#537 = DIRECTION('',(-0.,0.866025403784,0.5));
#538 = DIRECTION('',(0.,0.5,-0.866025403784));
#539 = DEFINITIONAL_REPRESENTATION('',(#540),#544);
#540 = ( BOUNDED_CURVE() B_SPLINE_CURVE(2,(#541,#542,#543),
.UNSPECIFIED.,.F.,.F.) B_SPLINE_CURVE_WITH_KNOTS((3,3),(
-3.900385566905E-11,0.550587502697),.PIECEWISE_BEZIER_KNOTS.) CURVE() 
GEOMETRIC_REPRESENTATION_ITEM() RATIONAL_B_SPLINE_CURVE((1.,
1.038133247502,1.)) REPRESENTATION_ITEM('') );
#541 = CARTESIAN_POINT('',(7.794228668646,-11.9999998983));
#542 = CARTESIAN_POINT('',(4.16888774724,-11.99999989855));
#543 = CARTESIAN_POINT('',(-1.998080422386E-02,-8.382685784193));
#544 = ( GEOMETRIC_REPRESENTATION_CONTEXT(2) 
PARAMETRIC_REPRESENTATION_CONTEXT() REPRESENTATION_CONTEXT('2D SPACE',''
  ) );
#545 = ADVANCED_FACE('',(#546),#341,.T.);
#546 = FACE_BOUND('',#547,.F.);
#547 = EDGE_LOOP('',(#548,#549,#582));
#548 = ORIENTED_EDGE('',*,*,#324,.T.);
#549 = ORIENTED_EDGE('',*,*,#550,.T.);
#550 = EDGE_CURVE('',#296,#551,#553,.T.);
#551 = VERTEX_POINT('',#552);
#552 = CARTESIAN_POINT('',(8.399923753025,-7.79422866812,-13.50000005899
    ));
#553 = SURFACE_CURVE('',#554,(#559,#570),.PCURVE_S1.);
#554 = HYPERBOLA('',#555,23.271258025336,13.500000058994);
#555 = AXIS2_PLACEMENT_3D('',#556,#557,#558);
#556 = CARTESIAN_POINT('',(35.271257923644,-7.691850745534E-15,
    -13.50000005899));
#557 = DIRECTION('',(0.,5.697667194016E-16,1.));
#558 = DIRECTION('',(-1.,-0.,0.));
#559 = PCURVE('',#341,#560);
#560 = DEFINITIONAL_REPRESENTATION('',(#561),#569);
#561 = B_SPLINE_CURVE_WITH_KNOTS('',6,(#562,#563,#564,#565,#566,#567,
    #568),.UNSPECIFIED.,.F.,.F.,(7,7),(1.293660653944E-14,0.550587502697
    ),.PIECEWISE_BEZIER_KNOTS.);
#562 = CARTESIAN_POINT('',(-4.712388980385,1.016929222509E-07));
#563 = CARTESIAN_POINT('',(-4.620624396602,1.016929498767E-07));
#564 = CARTESIAN_POINT('',(-4.528860244728,0.23515362931));
#565 = CARTESIAN_POINT('',(-4.438483997903,0.70545995423));
#566 = CARTESIAN_POINT('',(-4.350900796856,1.416861999614));
#567 = CARTESIAN_POINT('',(-4.267100384604,2.381235184265));
#568 = CARTESIAN_POINT('',(-4.187680871522,3.617314215807));
#569 = ( GEOMETRIC_REPRESENTATION_CONTEXT(2) 
PARAMETRIC_REPRESENTATION_CONTEXT() REPRESENTATION_CONTEXT('2D SPACE',''
  ) );
#570 = PCURVE('',#571,#576);
#571 = PLANE('',#572);
#572 = AXIS2_PLACEMENT_3D('',#573,#574,#575);
#573 = CARTESIAN_POINT('',(0.,-7.79422866812,-13.50000005899));
#574 = DIRECTION('',(-0.,5.697667194016E-16,1.));
#575 = DIRECTION('',(0.,1.,-5.697667194016E-16));
#576 = DEFINITIONAL_REPRESENTATION('',(#577),#581);
#577 = ( BOUNDED_CURVE() B_SPLINE_CURVE(2,(#578,#579,#580),
.UNSPECIFIED.,.F.,.F.) B_SPLINE_CURVE_WITH_KNOTS((3,3),(
1.293660653944E-14,0.550587502697),.PIECEWISE_BEZIER_KNOTS.) CURVE() 
GEOMETRIC_REPRESENTATION_ITEM() RATIONAL_B_SPLINE_CURVE((1.,
1.038133247497,1.)) REPRESENTATION_ITEM('') );
#578 = CARTESIAN_POINT('',(7.79422866812,-11.9999998983));
#579 = CARTESIAN_POINT('',(4.168887746958,-11.9999998983));
#580 = CARTESIAN_POINT('',(-1.998080422386E-02,-8.382685784193));
#581 = ( GEOMETRIC_REPRESENTATION_CONTEXT(2) 
PARAMETRIC_REPRESENTATION_CONTEXT() REPRESENTATION_CONTEXT('2D SPACE',''
  ) );
#582 = ORIENTED_EDGE('',*,*,#583,.T.);
#583 = EDGE_CURVE('',#551,#325,#584,.T.);
#584 = SURFACE_CURVE('',#585,(#590,#601),.PCURVE_S1.);
#585 = HYPERBOLA('',#586,23.271258025336,13.500000058994);
#586 = AXIS2_PLACEMENT_3D('',#587,#588,#589);
#587 = CARTESIAN_POINT('',(35.271257923644,-11.69134300218,
    -6.750000029497));
#588 = DIRECTION('',(0.,0.866025403784,0.5));
#589 = DIRECTION('',(-1.,-0.,0.));
#590 = PCURVE('',#341,#591);
#591 = DEFINITIONAL_REPRESENTATION('',(#592),#600);
#592 = B_SPLINE_CURVE_WITH_KNOTS('',6,(#593,#594,#595,#596,#597,#598,
    #599),.UNSPECIFIED.,.F.,.F.,(7,7),(-0.550587502697,
    -3.900385566905E-11),.PIECEWISE_BEZIER_KNOTS.);
#593 = CARTESIAN_POINT('',(-4.189899538051,3.617314215807));
#594 = CARTESIAN_POINT('',(-4.110480024974,2.381235184353));
#595 = CARTESIAN_POINT('',(-4.026679612729,1.416861999751));
#596 = CARTESIAN_POINT('',(-3.939096411688,0.705459954381));
#597 = CARTESIAN_POINT('',(-3.84872016487,0.235153629444));
#598 = CARTESIAN_POINT('',(-3.756956013003,1.017762112559E-07));
#599 = CARTESIAN_POINT('',(-3.665191429227,1.016929195927E-07));
#600 = ( GEOMETRIC_REPRESENTATION_CONTEXT(2) 
PARAMETRIC_REPRESENTATION_CONTEXT() REPRESENTATION_CONTEXT('2D SPACE',''
  ) );
#601 = PCURVE('',#534,#602);
#602 = DEFINITIONAL_REPRESENTATION('',(#603),#607);
#603 = ( BOUNDED_CURVE() B_SPLINE_CURVE(2,(#604,#605,#606),
.UNSPECIFIED.,.F.,.F.) B_SPLINE_CURVE_WITH_KNOTS((3,3),(-0.550587502697,
-3.900385566905E-11),.PIECEWISE_BEZIER_KNOTS.) CURVE() 
GEOMETRIC_REPRESENTATION_ITEM() RATIONAL_B_SPLINE_CURVE((1.,
1.038133247491,1.)) REPRESENTATION_ITEM('') );
#604 = CARTESIAN_POINT('',(15.608438140464,-8.382685784193));
#605 = CARTESIAN_POINT('',(11.419569589564,-11.99999989806));
#606 = CARTESIAN_POINT('',(7.794228668646,-11.9999998983));
#607 = ( GEOMETRIC_REPRESENTATION_CONTEXT(2) 
PARAMETRIC_REPRESENTATION_CONTEXT() REPRESENTATION_CONTEXT('2D SPACE',''
  ) );
#608 = ADVANCED_FACE('',(#609),#312,.T.);
#609 = FACE_BOUND('',#610,.F.);
#610 = EDGE_LOOP('',(#611,#612,#645));
#611 = ORIENTED_EDGE('',*,*,#295,.T.);
#612 = ORIENTED_EDGE('',*,*,#613,.T.);
#613 = EDGE_CURVE('',#263,#614,#616,.T.);
#614 = VERTEX_POINT('',#615);
#615 = CARTESIAN_POINT('',(8.399923753025,7.79422866812,-13.50000005899)
  );
#616 = SURFACE_CURVE('',#617,(#622,#633),.PCURVE_S1.);
#617 = HYPERBOLA('',#618,23.271258025336,13.500000058994);
#618 = AXIS2_PLACEMENT_3D('',#619,#620,#621);
#619 = CARTESIAN_POINT('',(35.271257923644,11.69134300218,
    -6.750000029497));
#620 = DIRECTION('',(0.,-0.866025403784,0.5));
#621 = DIRECTION('',(-1.,0.,0.));
#622 = PCURVE('',#312,#623);
#623 = DEFINITIONAL_REPRESENTATION('',(#624),#632);
#624 = B_SPLINE_CURVE_WITH_KNOTS('',6,(#625,#626,#627,#628,#629,#630,
    #631),.UNSPECIFIED.,.F.,.F.,(7,7),(-6.1518721904E-11,0.550587502697)
  ,.PIECEWISE_BEZIER_KNOTS.);
#625 = CARTESIAN_POINT('',(-5.759586531643,1.016929161635E-07));
#626 = CARTESIAN_POINT('',(-5.66782194785,1.01561544329E-07));
#627 = CARTESIAN_POINT('',(-5.576057795965,0.2351536291));
#628 = CARTESIAN_POINT('',(-5.485681549129,0.705459953991));
#629 = CARTESIAN_POINT('',(-5.398098348071,1.416861999399));
#630 = CARTESIAN_POINT('',(-5.31429793581,2.381235184127));
#631 = CARTESIAN_POINT('',(-5.234878422719,3.617314215807));
#632 = ( GEOMETRIC_REPRESENTATION_CONTEXT(2) 
PARAMETRIC_REPRESENTATION_CONTEXT() REPRESENTATION_CONTEXT('2D SPACE',''
  ) );
#633 = PCURVE('',#634,#639);
#634 = PLANE('',#635);
#635 = AXIS2_PLACEMENT_3D('',#636,#637,#638);
#636 = CARTESIAN_POINT('',(0.,7.79422866812,-13.50000005899));
#637 = DIRECTION('',(0.,-0.866025403784,0.5));
#638 = DIRECTION('',(0.,0.5,0.866025403784));
#639 = DEFINITIONAL_REPRESENTATION('',(#640),#644);
#640 = ( BOUNDED_CURVE() B_SPLINE_CURVE(2,(#641,#642,#643),
.UNSPECIFIED.,.F.,.F.) B_SPLINE_CURVE_WITH_KNOTS((3,3),(
-6.1518721904E-11,0.550587502697),.PIECEWISE_BEZIER_KNOTS.) CURVE() 
GEOMETRIC_REPRESENTATION_ITEM() RATIONAL_B_SPLINE_CURVE((1.,
1.038133247505,1.)) REPRESENTATION_ITEM('') );
#641 = CARTESIAN_POINT('',(7.79422866895,-11.9999998983));
#642 = CARTESIAN_POINT('',(4.168887747403,-11.99999989869));
#643 = CARTESIAN_POINT('',(-1.998080422385E-02,-8.382685784193));
#644 = ( GEOMETRIC_REPRESENTATION_CONTEXT(2) 
PARAMETRIC_REPRESENTATION_CONTEXT() REPRESENTATION_CONTEXT('2D SPACE',''
  ) );
#645 = ORIENTED_EDGE('',*,*,#646,.T.);
#646 = EDGE_CURVE('',#614,#296,#647,.T.);
#647 = SURFACE_CURVE('',#648,(#653,#664),.PCURVE_S1.);
#648 = HYPERBOLA('',#649,23.271258025336,13.500000058994);
#649 = AXIS2_PLACEMENT_3D('',#650,#651,#652);
#650 = CARTESIAN_POINT('',(35.271257923644,-7.691850745534E-15,
    -13.50000005899));
#651 = DIRECTION('',(0.,5.697667194016E-16,1.));
#652 = DIRECTION('',(-1.,-0.,0.));
#653 = PCURVE('',#312,#654);
#654 = DEFINITIONAL_REPRESENTATION('',(#655),#663);
#655 = B_SPLINE_CURVE_WITH_KNOTS('',6,(#656,#657,#658,#659,#660,#661,
    #662),.UNSPECIFIED.,.F.,.F.,(7,7),(-0.550587502697,
    1.293660653944E-14),.PIECEWISE_BEZIER_KNOTS.);
#656 = CARTESIAN_POINT('',(-5.237097089247,3.617314215807));
#657 = CARTESIAN_POINT('',(-5.157677576165,2.381235184265));
#658 = CARTESIAN_POINT('',(-5.073877163914,1.416861999614));
#659 = CARTESIAN_POINT('',(-4.986293962866,0.70545995423));
#660 = CARTESIAN_POINT('',(-4.895917716041,0.23515362931));
#661 = CARTESIAN_POINT('',(-4.804153564167,1.01692894625E-07));
#662 = CARTESIAN_POINT('',(-4.712388980385,1.016929222509E-07));
#663 = ( GEOMETRIC_REPRESENTATION_CONTEXT(2) 
PARAMETRIC_REPRESENTATION_CONTEXT() REPRESENTATION_CONTEXT('2D SPACE',''
  ) );
#664 = PCURVE('',#571,#665);
#665 = DEFINITIONAL_REPRESENTATION('',(#666),#670);
#666 = ( BOUNDED_CURVE() B_SPLINE_CURVE(2,(#667,#668,#669),
.UNSPECIFIED.,.F.,.F.) B_SPLINE_CURVE_WITH_KNOTS((3,3),(-0.550587502697,
1.293660653944E-14),.PIECEWISE_BEZIER_KNOTS.) CURVE() 
GEOMETRIC_REPRESENTATION_ITEM() RATIONAL_B_SPLINE_CURVE((1.,
1.038133247497,1.)) REPRESENTATION_ITEM('') );
#667 = CARTESIAN_POINT('',(15.608438140464,-8.382685784193));
#668 = CARTESIAN_POINT('',(11.419569589282,-11.9999998983));
#669 = CARTESIAN_POINT('',(7.79422866812,-11.9999998983));
#670 = ( GEOMETRIC_REPRESENTATION_CONTEXT(2) 
PARAMETRIC_REPRESENTATION_CONTEXT() REPRESENTATION_CONTEXT('2D SPACE',''
  ) );
#671 = ADVANCED_FACE('',(#672),#283,.T.);
#672 = FACE_BOUND('',#673,.F.);
#673 = EDGE_LOOP('',(#674,#707,#733));
#674 = ORIENTED_EDGE('',*,*,#675,.T.);
#675 = EDGE_CURVE('',#234,#676,#678,.T.);
#676 = VERTEX_POINT('',#677);
#677 = CARTESIAN_POINT('',(8.399923753025,15.58845733624,0.));
#678 = SURFACE_CURVE('',#679,(#684,#695),.PCURVE_S1.);
#679 = HYPERBOLA('',#680,23.271258025336,13.500000058994);
#680 = AXIS2_PLACEMENT_3D('',#681,#682,#683);
#681 = CARTESIAN_POINT('',(35.271257923644,11.69134300218,6.750000029497
    ));
#682 = DIRECTION('',(0.,-0.866025403784,-0.5));
#683 = DIRECTION('',(-1.,0.,-0.));
#684 = PCURVE('',#283,#685);
#685 = DEFINITIONAL_REPRESENTATION('',(#686),#694);
#686 = B_SPLINE_CURVE_WITH_KNOTS('',6,(#687,#688,#689,#690,#691,#692,
    #693),.UNSPECIFIED.,.F.,.F.,(7,7),(-3.901105362404E-11,
    0.549306144334),.PIECEWISE_BEZIER_KNOTS.);
#687 = CARTESIAN_POINT('',(-6.806784082817,1.016929180507E-07));
#688 = CARTESIAN_POINT('',(-6.715233058755,1.016098047196E-07));
#689 = CARTESIAN_POINT('',(-6.623682461821,0.234060376186));
#690 = CARTESIAN_POINT('',(-6.533510116899,0.702180208634));
#691 = CARTESIAN_POINT('',(-6.446111296375,1.410247369686));
#692 = CARTESIAN_POINT('',(-6.36247081976,2.370027166356));
#693 = CARTESIAN_POINT('',(-6.28318530718,3.600076246975));
#694 = ( GEOMETRIC_REPRESENTATION_CONTEXT(2) 
PARAMETRIC_REPRESENTATION_CONTEXT() REPRESENTATION_CONTEXT('2D SPACE',''
  ) );
#695 = PCURVE('',#696,#701);
#696 = PLANE('',#697);
#697 = AXIS2_PLACEMENT_3D('',#698,#699,#700);
#698 = CARTESIAN_POINT('',(0.,15.58845733624,0.));
#699 = DIRECTION('',(0.,-0.866025403784,-0.5));
#700 = DIRECTION('',(0.,-0.5,0.866025403784));
#701 = DEFINITIONAL_REPRESENTATION('',(#702),#706);
#702 = ( BOUNDED_CURVE() B_SPLINE_CURVE(2,(#703,#704,#705),
.UNSPECIFIED.,.F.,.F.) B_SPLINE_CURVE_WITH_KNOTS((3,3),(
-3.901105362404E-11,0.549306144334),.PIECEWISE_BEZIER_KNOTS.) CURVE() 
GEOMETRIC_REPRESENTATION_ITEM() RATIONAL_B_SPLINE_CURVE((1.,
1.037954849307,1.)) REPRESENTATION_ITEM('') );
#703 = CARTESIAN_POINT('',(7.794228668647,-11.9999998983));
#704 = CARTESIAN_POINT('',(4.176914554775,-11.99999989855));
#705 = CARTESIAN_POINT('',(0.,-8.399923753025));
#706 = ( GEOMETRIC_REPRESENTATION_CONTEXT(2) 
PARAMETRIC_REPRESENTATION_CONTEXT() REPRESENTATION_CONTEXT('2D SPACE',''
  ) );
#707 = ORIENTED_EDGE('',*,*,#708,.T.);
#708 = EDGE_CURVE('',#676,#263,#709,.T.);
#709 = SURFACE_CURVE('',#710,(#715,#726),.PCURVE_S1.);
#710 = HYPERBOLA('',#711,23.271258025336,13.500000058994);
#711 = AXIS2_PLACEMENT_3D('',#712,#713,#714);
#712 = CARTESIAN_POINT('',(35.271257923644,11.69134300218,
    -6.750000029497));
#713 = DIRECTION('',(0.,-0.866025403784,0.5));
#714 = DIRECTION('',(-1.,0.,0.));
#715 = PCURVE('',#283,#716);
#716 = DEFINITIONAL_REPRESENTATION('',(#717),#725);
#717 = B_SPLINE_CURVE_WITH_KNOTS('',6,(#718,#719,#720,#721,#722,#723,
    #724),.UNSPECIFIED.,.F.,.F.,(7,7),(-0.549306144334,
    -8.394005192849E-09),.PIECEWISE_BEZIER_KNOTS.);
#718 = CARTESIAN_POINT('',(-6.28318530718,3.600076246975));
#719 = CARTESIAN_POINT('',(-6.203899795816,2.37002718524));
#720 = CARTESIAN_POINT('',(-6.120259320552,1.410247399155));
#721 = CARTESIAN_POINT('',(-6.032860501486,0.702180241245));
#722 = CARTESIAN_POINT('',(-5.942688158076,0.234060404932));
#723 = CARTESIAN_POINT('',(-5.851137562632,1.195764155078E-07));
#724 = CARTESIAN_POINT('',(-5.759586539975,1.016929169833E-07));
#725 = ( GEOMETRIC_REPRESENTATION_CONTEXT(2) 
PARAMETRIC_REPRESENTATION_CONTEXT() REPRESENTATION_CONTEXT('2D SPACE',''
  ) );
#726 = PCURVE('',#634,#727);
#727 = DEFINITIONAL_REPRESENTATION('',(#728),#732);
#728 = ( BOUNDED_CURVE() B_SPLINE_CURVE(2,(#729,#730,#731),
.UNSPECIFIED.,.F.,.F.) B_SPLINE_CURVE_WITH_KNOTS((3,3),(-0.549306144334,
-6.1518721904E-11),.PIECEWISE_BEZIER_KNOTS.) CURVE() 
GEOMETRIC_REPRESENTATION_ITEM() RATIONAL_B_SPLINE_CURVE((1.,
1.037954849293,1.)) REPRESENTATION_ITEM('') );
#729 = CARTESIAN_POINT('',(15.58845733624,-8.399923753025));
#730 = CARTESIAN_POINT('',(11.411542782192,-11.99999989792));
#731 = CARTESIAN_POINT('',(7.79422866895,-11.9999998983));
#732 = ( GEOMETRIC_REPRESENTATION_CONTEXT(2) 
PARAMETRIC_REPRESENTATION_CONTEXT() REPRESENTATION_CONTEXT('2D SPACE',''
  ) );
#733 = ORIENTED_EDGE('',*,*,#262,.F.);
#734 = ADVANCED_FACE('',(#735),#250,.T.);
#735 = FACE_BOUND('',#736,.F.);
#736 = EDGE_LOOP('',(#737,#765,#766));
#737 = ORIENTED_EDGE('',*,*,#738,.T.);
#738 = EDGE_CURVE('',#739,#234,#741,.T.);
#739 = VERTEX_POINT('',#740);
#740 = CARTESIAN_POINT('',(8.399923753025,7.79422866812,13.500000058994)
  );
#741 = SURFACE_CURVE('',#742,(#747,#758),.PCURVE_S1.);
#742 = HYPERBOLA('',#743,23.271258025336,13.500000058994);
#743 = AXIS2_PLACEMENT_3D('',#744,#745,#746);
#744 = CARTESIAN_POINT('',(35.271257923644,11.69134300218,6.750000029497
    ));
#745 = DIRECTION('',(0.,-0.866025403784,-0.5));
#746 = DIRECTION('',(-1.,0.,-0.));
#747 = PCURVE('',#250,#748);
#748 = DEFINITIONAL_REPRESENTATION('',(#749),#757);
#749 = B_SPLINE_CURVE_WITH_KNOTS('',6,(#750,#751,#752,#753,#754,#755,
    #756),.UNSPECIFIED.,.F.,.F.,(7,7),(-0.550587502697,
    -3.901105362404E-11),.PIECEWISE_BEZIER_KNOTS.);
#750 = CARTESIAN_POINT('',(-1.048306884461,3.617314215807));
#751 = CARTESIAN_POINT('',(-0.968887371384,2.381235184353));
#752 = CARTESIAN_POINT('',(-0.885086959139,1.416861999751));
#753 = CARTESIAN_POINT('',(-0.797503758098,0.705459954381));
#754 = CARTESIAN_POINT('',(-0.707127511281,0.235153629444));
#755 = CARTESIAN_POINT('',(-0.615363359414,1.01776225259E-07));
#756 = CARTESIAN_POINT('',(-0.523598775637,1.016929180507E-07));
#757 = ( GEOMETRIC_REPRESENTATION_CONTEXT(2) 
PARAMETRIC_REPRESENTATION_CONTEXT() REPRESENTATION_CONTEXT('2D SPACE',''
  ) );
#758 = PCURVE('',#696,#759);
#759 = DEFINITIONAL_REPRESENTATION('',(#760),#764);
#760 = ( BOUNDED_CURVE() B_SPLINE_CURVE(2,(#761,#762,#763),
.UNSPECIFIED.,.F.,.F.) B_SPLINE_CURVE_WITH_KNOTS((3,3),(-0.550587502697,
-3.901105362404E-11),.PIECEWISE_BEZIER_KNOTS.) CURVE() 
GEOMETRIC_REPRESENTATION_ITEM() RATIONAL_B_SPLINE_CURVE((1.,
1.038133247491,1.)) REPRESENTATION_ITEM('') );
#761 = CARTESIAN_POINT('',(15.608438140464,-8.382685784193));
#762 = CARTESIAN_POINT('',(11.419569589564,-11.99999989806));
#763 = CARTESIAN_POINT('',(7.794228668647,-11.9999998983));
#764 = ( GEOMETRIC_REPRESENTATION_CONTEXT(2) 
PARAMETRIC_REPRESENTATION_CONTEXT() REPRESENTATION_CONTEXT('2D SPACE',''
  ) );
#765 = ORIENTED_EDGE('',*,*,#233,.T.);
#766 = ORIENTED_EDGE('',*,*,#767,.T.);
#767 = EDGE_CURVE('',#203,#739,#768,.T.);
#768 = SURFACE_CURVE('',#769,(#774,#785),.PCURVE_S1.);
#769 = HYPERBOLA('',#770,23.271258025336,13.500000058994);
#770 = AXIS2_PLACEMENT_3D('',#771,#772,#773);
#771 = CARTESIAN_POINT('',(35.271257923644,1.538370149107E-15,
    13.500000058994));
#772 = DIRECTION('',(0.,-1.139533438803E-16,-1.));
#773 = DIRECTION('',(-1.,0.,-0.));
#774 = PCURVE('',#250,#775);
#775 = DEFINITIONAL_REPRESENTATION('',(#776),#784);
#776 = B_SPLINE_CURVE_WITH_KNOTS('',6,(#777,#778,#779,#780,#781,#782,
    #783),.UNSPECIFIED.,.F.,.F.,(7,7),(5.314010598665E-11,0.550587502697
    ),.PIECEWISE_BEZIER_KNOTS.);
#777 = CARTESIAN_POINT('',(-1.570796326742,1.016929188217E-07));
#778 = CARTESIAN_POINT('',(-1.479031742968,1.018063983122E-07));
#779 = CARTESIAN_POINT('',(-1.387267591103,0.235153629492));
#780 = CARTESIAN_POINT('',(-1.296891344288,0.705459954436));
#781 = CARTESIAN_POINT('',(-1.20930814325,1.416861999801));
#782 = CARTESIAN_POINT('',(-1.125507731007,2.381235184384));
#783 = CARTESIAN_POINT('',(-1.046088217932,3.617314215807));
#784 = ( GEOMETRIC_REPRESENTATION_CONTEXT(2) 
PARAMETRIC_REPRESENTATION_CONTEXT() REPRESENTATION_CONTEXT('2D SPACE',''
  ) );
#785 = PCURVE('',#439,#786);
#786 = DEFINITIONAL_REPRESENTATION('',(#787),#791);
#787 = ( BOUNDED_CURVE() B_SPLINE_CURVE(2,(#788,#789,#790),
.UNSPECIFIED.,.F.,.F.) B_SPLINE_CURVE_WITH_KNOTS((3,3),(
5.314010598665E-11,0.550587502697),.PIECEWISE_BEZIER_KNOTS.) CURVE() 
GEOMETRIC_REPRESENTATION_ITEM() RATIONAL_B_SPLINE_CURVE((1.,
1.038133247489,1.)) REPRESENTATION_ITEM('') );
#788 = CARTESIAN_POINT('',(7.794228667403,-11.9999998983));
#789 = CARTESIAN_POINT('',(4.168887746573,-11.99999989797));
#790 = CARTESIAN_POINT('',(-1.998080422387E-02,-8.382685784193));
#791 = ( GEOMETRIC_REPRESENTATION_CONTEXT(2) 
PARAMETRIC_REPRESENTATION_CONTEXT() REPRESENTATION_CONTEXT('2D SPACE',''
  ) );
#792 = ADVANCED_FACE('',(#793),#403,.F.);
#793 = FACE_BOUND('',#794,.T.);
#794 = EDGE_LOOP('',(#795,#796,#819,#846));
#795 = ORIENTED_EDGE('',*,*,#386,.T.);
#796 = ORIENTED_EDGE('',*,*,#797,.T.);
#797 = EDGE_CURVE('',#387,#798,#800,.T.);
#798 = VERTEX_POINT('',#799);
#799 = CARTESIAN_POINT('',(12.,11.,0.));
#800 = SEAM_CURVE('',#801,(#805,#812),.PCURVE_S1.);
#801 = LINE('',#802,#803);
#802 = CARTESIAN_POINT('',(20.,11.,0.));
#803 = VECTOR('',#804,1.);
#804 = DIRECTION('',(-1.,0.,0.));
#805 = PCURVE('',#403,#806);
#806 = DEFINITIONAL_REPRESENTATION('',(#807),#811);
#807 = LINE('',#808,#809);
#808 = CARTESIAN_POINT('',(-0.,0.));
#809 = VECTOR('',#810,1.);
#810 = DIRECTION('',(-0.,1.));
#811 = ( GEOMETRIC_REPRESENTATION_CONTEXT(2) 
PARAMETRIC_REPRESENTATION_CONTEXT() REPRESENTATION_CONTEXT('2D SPACE',''
  ) );
#812 = PCURVE('',#403,#813);
#813 = DEFINITIONAL_REPRESENTATION('',(#814),#818);
#814 = LINE('',#815,#816);
#815 = CARTESIAN_POINT('',(-6.28318530718,0.));
#816 = VECTOR('',#817,1.);
#817 = DIRECTION('',(-0.,1.));
#818 = ( GEOMETRIC_REPRESENTATION_CONTEXT(2) 
PARAMETRIC_REPRESENTATION_CONTEXT() REPRESENTATION_CONTEXT('2D SPACE',''
  ) );
#819 = ORIENTED_EDGE('',*,*,#820,.F.);
#820 = EDGE_CURVE('',#798,#798,#821,.T.);
#821 = SURFACE_CURVE('',#822,(#827,#834),.PCURVE_S1.);
#822 = CIRCLE('',#823,11.);
#823 = AXIS2_PLACEMENT_3D('',#824,#825,#826);
#824 = CARTESIAN_POINT('',(12.,0.,0.));
#825 = DIRECTION('',(1.,0.,0.));
#826 = DIRECTION('',(-0.,1.,0.));
#827 = PCURVE('',#403,#828);
#828 = DEFINITIONAL_REPRESENTATION('',(#829),#833);
#829 = LINE('',#830,#831);
#830 = CARTESIAN_POINT('',(-0.,8.));
#831 = VECTOR('',#832,1.);
#832 = DIRECTION('',(-1.,0.));
#833 = ( GEOMETRIC_REPRESENTATION_CONTEXT(2) 
PARAMETRIC_REPRESENTATION_CONTEXT() REPRESENTATION_CONTEXT('2D SPACE',''
  ) );
#834 = PCURVE('',#835,#840);
#835 = PLANE('',#836);
#836 = AXIS2_PLACEMENT_3D('',#837,#838,#839);
#837 = CARTESIAN_POINT('',(12.,0.,0.));
#838 = DIRECTION('',(1.,0.,0.));
#839 = DIRECTION('',(-0.,1.,0.));
#840 = DEFINITIONAL_REPRESENTATION('',(#841),#845);
#841 = CIRCLE('',#842,11.);
#842 = AXIS2_PLACEMENT_2D('',#843,#844);
#843 = CARTESIAN_POINT('',(0.,0.));
#844 = DIRECTION('',(1.,0.));
#845 = ( GEOMETRIC_REPRESENTATION_CONTEXT(2) 
PARAMETRIC_REPRESENTATION_CONTEXT() REPRESENTATION_CONTEXT('2D SPACE',''
  ) );
#846 = ORIENTED_EDGE('',*,*,#797,.F.);
#847 = ADVANCED_FACE('',(#848),#439,.F.);
#848 = FACE_BOUND('',#849,.F.);
#849 = EDGE_LOOP('',(#850,#885,#906,#907,#908,#931));
#850 = ORIENTED_EDGE('',*,*,#851,.F.);
#851 = EDGE_CURVE('',#852,#854,#856,.T.);
#852 = VERTEX_POINT('',#853);
#853 = CARTESIAN_POINT('',(3.600076246975,7.79422866812,13.500000058994)
  );
#854 = VERTEX_POINT('',#855);
#855 = CARTESIAN_POINT('',(0.,-2.352093759735E-12,13.500000029497));
#856 = SURFACE_CURVE('',#857,(#862,#869),.PCURVE_S1.);
#857 = HYPERBOLA('',#858,23.271258025337,13.500000058994);
#858 = AXIS2_PLACEMENT_3D('',#859,#860,#861);
#859 = CARTESIAN_POINT('',(-23.27125792364,1.538370149107E-15,
    13.500000058994));
#860 = DIRECTION('',(0.,-1.139533438803E-16,-1.));
#861 = DIRECTION('',(1.,0.,0.));
#862 = PCURVE('',#439,#863);
#863 = DEFINITIONAL_REPRESENTATION('',(#864),#868);
#864 = ( BOUNDED_CURVE() B_SPLINE_CURVE(2,(#865,#866,#867),
.UNSPECIFIED.,.F.,.F.) B_SPLINE_CURVE_WITH_KNOTS((3,3),(-0.550587502697,
-5.314143825427E-11),.PIECEWISE_BEZIER_KNOTS.) CURVE() 
GEOMETRIC_REPRESENTATION_ITEM() RATIONAL_B_SPLINE_CURVE((1.,
1.038133247489,1.)) REPRESENTATION_ITEM('') );
#865 = CARTESIAN_POINT('',(-1.998080422386E-02,-3.617314215807));
#866 = CARTESIAN_POINT('',(4.168887746573,-1.020250159911E-07));
#867 = CARTESIAN_POINT('',(7.794228667402,-1.016929154218E-07));
#868 = ( GEOMETRIC_REPRESENTATION_CONTEXT(2) 
PARAMETRIC_REPRESENTATION_CONTEXT() REPRESENTATION_CONTEXT('2D SPACE',''
  ) );
#869 = PCURVE('',#870,#875);
#870 = CONICAL_SURFACE('',#871,15.59845733624,0.525669655168);
#871 = AXIS2_PLACEMENT_3D('',#872,#873,#874);
#872 = CARTESIAN_POINT('',(3.617314215807,0.,0.));
#873 = DIRECTION('',(1.,0.,0.));
#874 = DIRECTION('',(0.,1.,0.));
#875 = DEFINITIONAL_REPRESENTATION('',(#876),#884);
#876 = B_SPLINE_CURVE_WITH_KNOTS('',6,(#877,#878,#879,#880,#881,#882,
    #883),.UNSPECIFIED.,.F.,.F.,(7,7),(-0.550587502697,
    -5.314143825427E-11),.PIECEWISE_BEZIER_KNOTS.);
#877 = CARTESIAN_POINT('',(1.046088217932,-3.322695125902E-16));
#878 = CARTESIAN_POINT('',(1.125507731007,-1.236079031423));
#879 = CARTESIAN_POINT('',(1.20930814325,-2.200452216007));
#880 = CARTESIAN_POINT('',(1.296891344288,-2.911854261371));
#881 = CARTESIAN_POINT('',(1.387267591103,-3.382160586315));
#882 = CARTESIAN_POINT('',(1.479031742968,-3.617314114001));
#883 = CARTESIAN_POINT('',(1.570796326742,-3.617314114114));
#884 = ( GEOMETRIC_REPRESENTATION_CONTEXT(2) 
PARAMETRIC_REPRESENTATION_CONTEXT() REPRESENTATION_CONTEXT('2D SPACE',''
  ) );
#885 = ORIENTED_EDGE('',*,*,#886,.T.);
#886 = EDGE_CURVE('',#852,#739,#887,.T.);
#887 = SURFACE_CURVE('',#888,(#892,#899),.PCURVE_S1.);
#888 = LINE('',#889,#890);
#889 = CARTESIAN_POINT('',(0.,7.79422866812,13.500000058994));
#890 = VECTOR('',#891,1.);
#891 = DIRECTION('',(1.,0.,0.));
#892 = PCURVE('',#439,#893);
#893 = DEFINITIONAL_REPRESENTATION('',(#894),#898);
#894 = LINE('',#895,#896);
#895 = CARTESIAN_POINT('',(0.,0.));
#896 = VECTOR('',#897,1.);
#897 = DIRECTION('',(0.,-1.));
#898 = ( GEOMETRIC_REPRESENTATION_CONTEXT(2) 
PARAMETRIC_REPRESENTATION_CONTEXT() REPRESENTATION_CONTEXT('2D SPACE',''
  ) );
#899 = PCURVE('',#696,#900);
#900 = DEFINITIONAL_REPRESENTATION('',(#901),#905);
#901 = LINE('',#902,#903);
#902 = CARTESIAN_POINT('',(15.58845733624,0.));
#903 = VECTOR('',#904,1.);
#904 = DIRECTION('',(0.,-1.));
#905 = ( GEOMETRIC_REPRESENTATION_CONTEXT(2) 
PARAMETRIC_REPRESENTATION_CONTEXT() REPRESENTATION_CONTEXT('2D SPACE',''
  ) );
#906 = ORIENTED_EDGE('',*,*,#767,.F.);
#907 = ORIENTED_EDGE('',*,*,#418,.F.);
#908 = ORIENTED_EDGE('',*,*,#909,.F.);
#909 = EDGE_CURVE('',#910,#419,#912,.T.);
#910 = VERTEX_POINT('',#911);
#911 = CARTESIAN_POINT('',(3.600076246975,-7.79422866812,13.500000058994
    ));
#912 = SURFACE_CURVE('',#913,(#917,#924),.PCURVE_S1.);
#913 = LINE('',#914,#915);
#914 = CARTESIAN_POINT('',(0.,-7.79422866812,13.500000058994));
#915 = VECTOR('',#916,1.);
#916 = DIRECTION('',(1.,0.,0.));
#917 = PCURVE('',#439,#918);
#918 = DEFINITIONAL_REPRESENTATION('',(#919),#923);
#919 = LINE('',#920,#921);
#920 = CARTESIAN_POINT('',(15.58845733624,0.));
#921 = VECTOR('',#922,1.);
#922 = DIRECTION('',(0.,-1.));
#923 = ( GEOMETRIC_REPRESENTATION_CONTEXT(2) 
PARAMETRIC_REPRESENTATION_CONTEXT() REPRESENTATION_CONTEXT('2D SPACE',''
  ) );
#924 = PCURVE('',#471,#925);
#925 = DEFINITIONAL_REPRESENTATION('',(#926),#930);
#926 = LINE('',#927,#928);
#927 = CARTESIAN_POINT('',(0.,0.));
#928 = VECTOR('',#929,1.);
#929 = DIRECTION('',(0.,-1.));
#930 = ( GEOMETRIC_REPRESENTATION_CONTEXT(2) 
PARAMETRIC_REPRESENTATION_CONTEXT() REPRESENTATION_CONTEXT('2D SPACE',''
  ) );
#931 = ORIENTED_EDGE('',*,*,#932,.F.);
#932 = EDGE_CURVE('',#854,#910,#933,.T.);
#933 = SURFACE_CURVE('',#934,(#939,#946),.PCURVE_S1.);
#934 = HYPERBOLA('',#935,23.271258025337,13.500000058994);
#935 = AXIS2_PLACEMENT_3D('',#936,#937,#938);
#936 = CARTESIAN_POINT('',(-23.27125792364,1.538370149107E-15,
    13.500000058994));
#937 = DIRECTION('',(0.,-1.139533438803E-16,-1.));
#938 = DIRECTION('',(1.,0.,0.));
#939 = PCURVE('',#439,#940);
#940 = DEFINITIONAL_REPRESENTATION('',(#941),#945);
#941 = ( BOUNDED_CURVE() B_SPLINE_CURVE(2,(#942,#943,#944),
.UNSPECIFIED.,.F.,.F.) B_SPLINE_CURVE_WITH_KNOTS((3,3),(
-5.314143825427E-11,0.550587502697),.PIECEWISE_BEZIER_KNOTS.) CURVE() 
GEOMETRIC_REPRESENTATION_ITEM() RATIONAL_B_SPLINE_CURVE((1.,
1.038133247504,1.)) REPRESENTATION_ITEM('') );
#942 = CARTESIAN_POINT('',(7.794228667402,-1.016929154218E-07));
#943 = CARTESIAN_POINT('',(11.419569588897,-1.013608148526E-07));
#944 = CARTESIAN_POINT('',(15.608438140464,-3.617314215807));
#945 = ( GEOMETRIC_REPRESENTATION_CONTEXT(2) 
PARAMETRIC_REPRESENTATION_CONTEXT() REPRESENTATION_CONTEXT('2D SPACE',''
  ) );
#946 = PCURVE('',#947,#952);
#947 = CONICAL_SURFACE('',#948,15.59845733624,0.525669655168);
#948 = AXIS2_PLACEMENT_3D('',#949,#950,#951);
#949 = CARTESIAN_POINT('',(3.617314215807,0.,0.));
#950 = DIRECTION('',(1.,0.,0.));
#951 = DIRECTION('',(0.,1.,0.));
#952 = DEFINITIONAL_REPRESENTATION('',(#953),#961);
#953 = B_SPLINE_CURVE_WITH_KNOTS('',6,(#954,#955,#956,#957,#958,#959,
    #960),.UNSPECIFIED.,.F.,.F.,(7,7),(-5.314143825427E-11,
    0.550587502697),.PIECEWISE_BEZIER_KNOTS.);
#954 = CARTESIAN_POINT('',(1.570796326742,-3.617314114114));
#955 = CARTESIAN_POINT('',(1.662560910533,-3.617314114228));
#956 = CARTESIAN_POINT('',(1.754325062417,-3.382160586678));
#957 = CARTESIAN_POINT('',(1.844701309251,-2.911854261783));
#958 = CARTESIAN_POINT('',(1.932284510308,-2.200452216379));
#959 = CARTESIAN_POINT('',(2.016084922567,-1.236079031662));
#960 = CARTESIAN_POINT('',(2.095504435658,1.209766052375E-15));
#961 = ( GEOMETRIC_REPRESENTATION_CONTEXT(2) 
PARAMETRIC_REPRESENTATION_CONTEXT() REPRESENTATION_CONTEXT('2D SPACE',''
  ) );
#962 = ADVANCED_FACE('',(#963),#471,.F.);
#963 = FACE_BOUND('',#964,.F.);
#964 = EDGE_LOOP('',(#965,#993,#994,#995,#996,#1019));
#965 = ORIENTED_EDGE('',*,*,#966,.F.);
#966 = EDGE_CURVE('',#910,#967,#969,.T.);
#967 = VERTEX_POINT('',#968);
#968 = CARTESIAN_POINT('',(0.,-11.69134299716,6.749999979198));
#969 = SURFACE_CURVE('',#970,(#975,#982),.PCURVE_S1.);
#970 = HYPERBOLA('',#971,23.271258025337,13.500000058994);
#971 = AXIS2_PLACEMENT_3D('',#972,#973,#974);
#972 = CARTESIAN_POINT('',(-23.27125792364,-11.69134300218,
    6.750000029497));
#973 = DIRECTION('',(0.,0.866025403784,-0.5));
#974 = DIRECTION('',(1.,-0.,0.));
#975 = PCURVE('',#471,#976);
#976 = DEFINITIONAL_REPRESENTATION('',(#977),#981);
#977 = ( BOUNDED_CURVE() B_SPLINE_CURVE(2,(#978,#979,#980),
.UNSPECIFIED.,.F.,.F.) B_SPLINE_CURVE_WITH_KNOTS((3,3),(-0.550587502697,
-3.898924948104E-11),.PIECEWISE_BEZIER_KNOTS.) CURVE() 
GEOMETRIC_REPRESENTATION_ITEM() RATIONAL_B_SPLINE_CURVE((1.,
1.038133247491,1.)) REPRESENTATION_ITEM('') );
#978 = CARTESIAN_POINT('',(-1.998080422385E-02,-3.617314215807));
#979 = CARTESIAN_POINT('',(4.168887746676,-1.019365818422E-07));
#980 = CARTESIAN_POINT('',(7.794228667594,-1.016929189745E-07));
#981 = ( GEOMETRIC_REPRESENTATION_CONTEXT(2) 
PARAMETRIC_REPRESENTATION_CONTEXT() REPRESENTATION_CONTEXT('2D SPACE',''
  ) );
#982 = PCURVE('',#947,#983);
#983 = DEFINITIONAL_REPRESENTATION('',(#984),#992);
#984 = B_SPLINE_CURVE_WITH_KNOTS('',6,(#985,#986,#987,#988,#989,#990,
    #991),.UNSPECIFIED.,.F.,.F.,(7,7),(-0.550587502697,
    -3.898924948104E-11),.PIECEWISE_BEZIER_KNOTS.);
#985 = CARTESIAN_POINT('',(2.093285769129,-2.990425613311E-15));
#986 = CARTESIAN_POINT('',(2.172705282206,-1.236079031455));
#987 = CARTESIAN_POINT('',(2.25650569445,-2.200452216056));
#988 = CARTESIAN_POINT('',(2.344088895491,-2.911854261426));
#989 = CARTESIAN_POINT('',(2.434465142309,-3.382160586364));
#990 = CARTESIAN_POINT('',(2.526229294176,-3.617314114031));
#991 = CARTESIAN_POINT('',(2.617993877953,-3.617314114114));
#992 = ( GEOMETRIC_REPRESENTATION_CONTEXT(2) 
PARAMETRIC_REPRESENTATION_CONTEXT() REPRESENTATION_CONTEXT('2D SPACE',''
  ) );
#993 = ORIENTED_EDGE('',*,*,#909,.T.);
#994 = ORIENTED_EDGE('',*,*,#452,.F.);
#995 = ORIENTED_EDGE('',*,*,#486,.F.);
#996 = ORIENTED_EDGE('',*,*,#997,.F.);
#997 = EDGE_CURVE('',#998,#487,#1000,.T.);
#998 = VERTEX_POINT('',#999);
#999 = CARTESIAN_POINT('',(3.600076246975,-15.58845733624,
    1.909035438047E-15));
#1000 = SURFACE_CURVE('',#1001,(#1005,#1012),.PCURVE_S1.);
#1001 = LINE('',#1002,#1003);
#1002 = CARTESIAN_POINT('',(0.,-15.58845733624,1.909035438047E-15));
#1003 = VECTOR('',#1004,1.);
#1004 = DIRECTION('',(1.,0.,0.));
#1005 = PCURVE('',#471,#1006);
#1006 = DEFINITIONAL_REPRESENTATION('',(#1007),#1011);
#1007 = LINE('',#1008,#1009);
#1008 = CARTESIAN_POINT('',(15.58845733624,0.));
#1009 = VECTOR('',#1010,1.);
#1010 = DIRECTION('',(0.,-1.));
#1011 = ( GEOMETRIC_REPRESENTATION_CONTEXT(2) 
PARAMETRIC_REPRESENTATION_CONTEXT() REPRESENTATION_CONTEXT('2D SPACE',''
  ) );
#1012 = PCURVE('',#534,#1013);
#1013 = DEFINITIONAL_REPRESENTATION('',(#1014),#1018);
#1014 = LINE('',#1015,#1016);
#1015 = CARTESIAN_POINT('',(0.,0.));
#1016 = VECTOR('',#1017,1.);
#1017 = DIRECTION('',(0.,-1.));
#1018 = ( GEOMETRIC_REPRESENTATION_CONTEXT(2) 
PARAMETRIC_REPRESENTATION_CONTEXT() REPRESENTATION_CONTEXT('2D SPACE',''
  ) );
#1019 = ORIENTED_EDGE('',*,*,#1020,.F.);
#1020 = EDGE_CURVE('',#967,#998,#1021,.T.);
#1021 = SURFACE_CURVE('',#1022,(#1027,#1034),.PCURVE_S1.);
#1022 = HYPERBOLA('',#1023,23.271258025337,13.500000058994);
#1023 = AXIS2_PLACEMENT_3D('',#1024,#1025,#1026);
#1024 = CARTESIAN_POINT('',(-23.27125792364,-11.69134300218,
    6.750000029497));
#1025 = DIRECTION('',(0.,0.866025403784,-0.5));
#1026 = DIRECTION('',(1.,-0.,0.));
#1027 = PCURVE('',#471,#1028);
#1028 = DEFINITIONAL_REPRESENTATION('',(#1029),#1033);
#1029 = ( BOUNDED_CURVE() B_SPLINE_CURVE(2,(#1030,#1031,#1032),
.UNSPECIFIED.,.F.,.F.) B_SPLINE_CURVE_WITH_KNOTS((3,3),(
-3.898924948104E-11,0.550587502697),.PIECEWISE_BEZIER_KNOTS.) CURVE() 
GEOMETRIC_REPRESENTATION_ITEM() RATIONAL_B_SPLINE_CURVE((1.,
1.038133247502,1.)) REPRESENTATION_ITEM('') );
#1030 = CARTESIAN_POINT('',(7.794228667594,-1.016929189745E-07));
#1031 = CARTESIAN_POINT('',(11.419569589,-1.014492632123E-07));
#1032 = CARTESIAN_POINT('',(15.608438140464,-3.617314215807));
#1033 = ( GEOMETRIC_REPRESENTATION_CONTEXT(2) 
PARAMETRIC_REPRESENTATION_CONTEXT() REPRESENTATION_CONTEXT('2D SPACE',''
  ) );
#1034 = PCURVE('',#1035,#1040);
#1035 = CONICAL_SURFACE('',#1036,15.59845733624,0.525669655168);
#1036 = AXIS2_PLACEMENT_3D('',#1037,#1038,#1039);
#1037 = CARTESIAN_POINT('',(3.617314215807,0.,0.));
#1038 = DIRECTION('',(1.,0.,0.));
#1039 = DIRECTION('',(0.,1.,0.));
#1040 = DEFINITIONAL_REPRESENTATION('',(#1041),#1049);
#1041 = B_SPLINE_CURVE_WITH_KNOTS('',6,(#1042,#1043,#1044,#1045,#1046,
    #1047,#1048),.UNSPECIFIED.,.F.,.F.,(7,7),(-3.898924948104E-11,
    0.550587502697),.PIECEWISE_BEZIER_KNOTS.);
#1042 = CARTESIAN_POINT('',(2.617993877953,-3.617314114114));
#1043 = CARTESIAN_POINT('',(2.709758461742,-3.617314114198));
#1044 = CARTESIAN_POINT('',(2.801522613623,-3.38216058663));
#1045 = CARTESIAN_POINT('',(2.891898860454,-2.911854261728));
#1046 = CARTESIAN_POINT('',(2.979482061509,-2.200452216329));
#1047 = CARTESIAN_POINT('',(3.063282473766,-1.23607903163));
#1048 = CARTESIAN_POINT('',(3.142701986854,-2.990425613311E-15));
#1049 = ( GEOMETRIC_REPRESENTATION_CONTEXT(2) 
PARAMETRIC_REPRESENTATION_CONTEXT() REPRESENTATION_CONTEXT('2D SPACE',''
  ) );
#1050 = ADVANCED_FACE('',(#1051),#534,.F.);
#1051 = FACE_BOUND('',#1052,.F.);
#1052 = EDGE_LOOP('',(#1053,#1081,#1082,#1083,#1084,#1107));
#1053 = ORIENTED_EDGE('',*,*,#1054,.F.);
#1054 = EDGE_CURVE('',#998,#1055,#1057,.T.);
#1055 = VERTEX_POINT('',#1056);
#1056 = CARTESIAN_POINT('',(0.,-11.69134295301,-6.750000055666));
#1057 = SURFACE_CURVE('',#1058,(#1063,#1070),.PCURVE_S1.);
#1058 = HYPERBOLA('',#1059,23.271258025337,13.500000058994);
#1059 = AXIS2_PLACEMENT_3D('',#1060,#1061,#1062);
#1060 = CARTESIAN_POINT('',(-23.27125792364,-11.69134300218,
    -6.750000029497));
#1061 = DIRECTION('',(-0.,0.866025403784,0.5));
#1062 = DIRECTION('',(1.,0.,0.));
#1063 = PCURVE('',#534,#1064);
#1064 = DEFINITIONAL_REPRESENTATION('',(#1065),#1069);
#1065 = ( BOUNDED_CURVE() B_SPLINE_CURVE(2,(#1066,#1067,#1068),
.UNSPECIFIED.,.F.,.F.) B_SPLINE_CURVE_WITH_KNOTS((3,3),(-0.550587502697,
-5.733059129085E-11),.PIECEWISE_BEZIER_KNOTS.) CURVE() 
GEOMETRIC_REPRESENTATION_ITEM() RATIONAL_B_SPLINE_CURVE((1.,
1.038133247489,1.)) REPRESENTATION_ITEM('') );
#1066 = CARTESIAN_POINT('',(-1.998080422386E-02,-3.617314215807));
#1067 = CARTESIAN_POINT('',(4.168887746543,-1.020511923855E-07));
#1068 = CARTESIAN_POINT('',(7.794228667346,-1.016929154218E-07));
#1069 = ( GEOMETRIC_REPRESENTATION_CONTEXT(2) 
PARAMETRIC_REPRESENTATION_CONTEXT() REPRESENTATION_CONTEXT('2D SPACE',''
  ) );
#1070 = PCURVE('',#1035,#1071);
#1071 = DEFINITIONAL_REPRESENTATION('',(#1072),#1080);
#1072 = B_SPLINE_CURVE_WITH_KNOTS('',6,(#1073,#1074,#1075,#1076,#1077,
    #1078,#1079),.UNSPECIFIED.,.F.,.F.,(7,7),(-0.550587502697,
    -5.733059129085E-11),.PIECEWISE_BEZIER_KNOTS.);
#1073 = CARTESIAN_POINT('',(3.140483320325,-2.990425613311E-15));
#1074 = CARTESIAN_POINT('',(3.2199028334,-1.236079031414));
#1075 = CARTESIAN_POINT('',(3.303703245641,-2.200452215992));
#1076 = CARTESIAN_POINT('',(3.391286446679,-2.911854261355));
#1077 = CARTESIAN_POINT('',(3.481662693494,-3.382160586301));
#1078 = CARTESIAN_POINT('',(3.573426845358,-3.617314113992));
#1079 = CARTESIAN_POINT('',(3.665191429131,-3.617314114114));
#1080 = ( GEOMETRIC_REPRESENTATION_CONTEXT(2) 
PARAMETRIC_REPRESENTATION_CONTEXT() REPRESENTATION_CONTEXT('2D SPACE',''
  ) );
#1081 = ORIENTED_EDGE('',*,*,#997,.T.);
#1082 = ORIENTED_EDGE('',*,*,#515,.F.);
#1083 = ORIENTED_EDGE('',*,*,#583,.F.);
#1084 = ORIENTED_EDGE('',*,*,#1085,.F.);
#1085 = EDGE_CURVE('',#1086,#551,#1088,.T.);
#1086 = VERTEX_POINT('',#1087);
#1087 = CARTESIAN_POINT('',(3.600076246975,-7.79422866812,
    -13.50000005899));
#1088 = SURFACE_CURVE('',#1089,(#1093,#1100),.PCURVE_S1.);
#1089 = LINE('',#1090,#1091);
#1090 = CARTESIAN_POINT('',(0.,-7.79422866812,-13.50000005899));
#1091 = VECTOR('',#1092,1.);
#1092 = DIRECTION('',(1.,0.,0.));
#1093 = PCURVE('',#534,#1094);
#1094 = DEFINITIONAL_REPRESENTATION('',(#1095),#1099);
#1095 = LINE('',#1096,#1097);
#1096 = CARTESIAN_POINT('',(15.58845733624,0.));
#1097 = VECTOR('',#1098,1.);
#1098 = DIRECTION('',(0.,-1.));
#1099 = ( GEOMETRIC_REPRESENTATION_CONTEXT(2) 
PARAMETRIC_REPRESENTATION_CONTEXT() REPRESENTATION_CONTEXT('2D SPACE',''
  ) );
#1100 = PCURVE('',#571,#1101);
#1101 = DEFINITIONAL_REPRESENTATION('',(#1102),#1106);
#1102 = LINE('',#1103,#1104);
#1103 = CARTESIAN_POINT('',(0.,0.));
#1104 = VECTOR('',#1105,1.);
#1105 = DIRECTION('',(0.,-1.));
#1106 = ( GEOMETRIC_REPRESENTATION_CONTEXT(2) 
PARAMETRIC_REPRESENTATION_CONTEXT() REPRESENTATION_CONTEXT('2D SPACE',''
  ) );
#1107 = ORIENTED_EDGE('',*,*,#1108,.F.);
#1108 = EDGE_CURVE('',#1055,#1086,#1109,.T.);
#1109 = SURFACE_CURVE('',#1110,(#1115,#1122),.PCURVE_S1.);
#1110 = HYPERBOLA('',#1111,23.271258025337,13.500000058994);
#1111 = AXIS2_PLACEMENT_3D('',#1112,#1113,#1114);
#1112 = CARTESIAN_POINT('',(-23.27125792364,-11.69134300218,
    -6.750000029497));
#1113 = DIRECTION('',(-0.,0.866025403784,0.5));
#1114 = DIRECTION('',(1.,0.,0.));
#1115 = PCURVE('',#534,#1116);
#1116 = DEFINITIONAL_REPRESENTATION('',(#1117),#1121);
#1117 = ( BOUNDED_CURVE() B_SPLINE_CURVE(2,(#1118,#1119,#1120),
.UNSPECIFIED.,.F.,.F.) B_SPLINE_CURVE_WITH_KNOTS((3,3),(
-5.733059129085E-11,0.550587502697),.PIECEWISE_BEZIER_KNOTS.) CURVE() 
GEOMETRIC_REPRESENTATION_ITEM() RATIONAL_B_SPLINE_CURVE((1.,
1.038133247505,1.)) REPRESENTATION_ITEM('') );
#1118 = CARTESIAN_POINT('',(7.794228667346,-1.016929154218E-07));
#1119 = CARTESIAN_POINT('',(11.419569588867,-1.013346420109E-07));
#1120 = CARTESIAN_POINT('',(15.608438140464,-3.617314215807));
#1121 = ( GEOMETRIC_REPRESENTATION_CONTEXT(2) 
PARAMETRIC_REPRESENTATION_CONTEXT() REPRESENTATION_CONTEXT('2D SPACE',''
  ) );
#1122 = PCURVE('',#1123,#1128);
#1123 = CONICAL_SURFACE('',#1124,15.59845733624,0.525669655168);
#1124 = AXIS2_PLACEMENT_3D('',#1125,#1126,#1127);
#1125 = CARTESIAN_POINT('',(3.617314215807,0.,0.));
#1126 = DIRECTION('',(1.,0.,0.));
#1127 = DIRECTION('',(0.,1.,0.));
#1128 = DEFINITIONAL_REPRESENTATION('',(#1129),#1137);
#1129 = B_SPLINE_CURVE_WITH_KNOTS('',6,(#1130,#1131,#1132,#1133,#1134,
    #1135,#1136),.UNSPECIFIED.,.F.,.F.,(7,7),(-5.733059129085E-11,
    0.550587502697),.PIECEWISE_BEZIER_KNOTS.);
#1130 = CARTESIAN_POINT('',(3.665191429131,-3.617314114114));
#1131 = CARTESIAN_POINT('',(3.756956012923,-3.617314114237));
#1132 = CARTESIAN_POINT('',(3.848720164807,-3.382160586693));
#1133 = CARTESIAN_POINT('',(3.939096411642,-2.9118542618));
#1134 = CARTESIAN_POINT('',(4.0266796127,-2.200452216394));
#1135 = CARTESIAN_POINT('',(4.11048002496,-1.236079031671));
#1136 = CARTESIAN_POINT('',(4.189899538051,-9.848773379719E-15));
#1137 = ( GEOMETRIC_REPRESENTATION_CONTEXT(2) 
PARAMETRIC_REPRESENTATION_CONTEXT() REPRESENTATION_CONTEXT('2D SPACE',''
  ) );
#1138 = ADVANCED_FACE('',(#1139),#571,.F.);
#1139 = FACE_BOUND('',#1140,.F.);
#1140 = EDGE_LOOP('',(#1141,#1169,#1170,#1171,#1172,#1195));
#1141 = ORIENTED_EDGE('',*,*,#1142,.F.);
#1142 = EDGE_CURVE('',#1086,#1143,#1145,.T.);
#1143 = VERTEX_POINT('',#1144);
#1144 = CARTESIAN_POINT('',(0.,-2.781295772257E-13,-13.50000002949));
#1145 = SURFACE_CURVE('',#1146,(#1151,#1158),.PCURVE_S1.);
#1146 = HYPERBOLA('',#1147,23.271258025337,13.500000058994);
#1147 = AXIS2_PLACEMENT_3D('',#1148,#1149,#1150);
#1148 = CARTESIAN_POINT('',(-23.27125792364,-7.691850745534E-15,
    -13.50000005899));
#1149 = DIRECTION('',(-0.,5.697667194016E-16,1.));
#1150 = DIRECTION('',(1.,0.,0.));
#1151 = PCURVE('',#571,#1152);
#1152 = DEFINITIONAL_REPRESENTATION('',(#1153),#1157);
#1153 = ( BOUNDED_CURVE() B_SPLINE_CURVE(2,(#1154,#1155,#1156),
.UNSPECIFIED.,.F.,.F.) B_SPLINE_CURVE_WITH_KNOTS((3,3),(-0.550587502697,
1.015603227185E-14),.PIECEWISE_BEZIER_KNOTS.) CURVE() 
GEOMETRIC_REPRESENTATION_ITEM() RATIONAL_B_SPLINE_CURVE((1.,
1.038133247497,1.)) REPRESENTATION_ITEM('') );
#1154 = CARTESIAN_POINT('',(-1.998080422386E-02,-3.617314215807));
#1155 = CARTESIAN_POINT('',(4.168887746958,-1.016928550257E-07));
#1156 = CARTESIAN_POINT('',(7.79422866812,-1.016929189745E-07));
#1157 = ( GEOMETRIC_REPRESENTATION_CONTEXT(2) 
PARAMETRIC_REPRESENTATION_CONTEXT() REPRESENTATION_CONTEXT('2D SPACE',''
  ) );
#1158 = PCURVE('',#1123,#1159);
#1159 = DEFINITIONAL_REPRESENTATION('',(#1160),#1168);
#1160 = B_SPLINE_CURVE_WITH_KNOTS('',6,(#1161,#1162,#1163,#1164,#1165,
    #1166,#1167),.UNSPECIFIED.,.F.,.F.,(7,7),(-0.550587502697,
    1.015603227185E-14),.PIECEWISE_BEZIER_KNOTS.);
#1161 = CARTESIAN_POINT('',(4.187680871522,3.867922153096E-15));
#1162 = CARTESIAN_POINT('',(4.267100384604,-1.236079031542));
#1163 = CARTESIAN_POINT('',(4.350900796856,-2.200452216193));
#1164 = CARTESIAN_POINT('',(4.438483997903,-2.911854261577));
#1165 = CARTESIAN_POINT('',(4.528860244728,-3.382160586497));
#1166 = CARTESIAN_POINT('',(4.620624396602,-3.617314114114));
#1167 = CARTESIAN_POINT('',(4.712388980385,-3.617314114114));
#1168 = ( GEOMETRIC_REPRESENTATION_CONTEXT(2) 
PARAMETRIC_REPRESENTATION_CONTEXT() REPRESENTATION_CONTEXT('2D SPACE',''
  ) );
#1169 = ORIENTED_EDGE('',*,*,#1085,.T.);
#1170 = ORIENTED_EDGE('',*,*,#550,.F.);
#1171 = ORIENTED_EDGE('',*,*,#646,.F.);
#1172 = ORIENTED_EDGE('',*,*,#1173,.F.);
#1173 = EDGE_CURVE('',#1174,#614,#1176,.T.);
#1174 = VERTEX_POINT('',#1175);
#1175 = CARTESIAN_POINT('',(3.600076246975,7.79422866812,-13.50000005899
    ));
#1176 = SURFACE_CURVE('',#1177,(#1181,#1188),.PCURVE_S1.);
#1177 = LINE('',#1178,#1179);
#1178 = CARTESIAN_POINT('',(0.,7.79422866812,-13.50000005899));
#1179 = VECTOR('',#1180,1.);
#1180 = DIRECTION('',(1.,0.,0.));
#1181 = PCURVE('',#571,#1182);
#1182 = DEFINITIONAL_REPRESENTATION('',(#1183),#1187);
#1183 = LINE('',#1184,#1185);
#1184 = CARTESIAN_POINT('',(15.58845733624,0.));
#1185 = VECTOR('',#1186,1.);
#1186 = DIRECTION('',(0.,-1.));
#1187 = ( GEOMETRIC_REPRESENTATION_CONTEXT(2) 
PARAMETRIC_REPRESENTATION_CONTEXT() REPRESENTATION_CONTEXT('2D SPACE',''
  ) );
#1188 = PCURVE('',#634,#1189);
#1189 = DEFINITIONAL_REPRESENTATION('',(#1190),#1194);
#1190 = LINE('',#1191,#1192);
#1191 = CARTESIAN_POINT('',(0.,0.));
#1192 = VECTOR('',#1193,1.);
#1193 = DIRECTION('',(0.,-1.));
#1194 = ( GEOMETRIC_REPRESENTATION_CONTEXT(2) 
PARAMETRIC_REPRESENTATION_CONTEXT() REPRESENTATION_CONTEXT('2D SPACE',''
  ) );
#1195 = ORIENTED_EDGE('',*,*,#1196,.F.);
#1196 = EDGE_CURVE('',#1143,#1174,#1197,.T.);
#1197 = SURFACE_CURVE('',#1198,(#1203,#1210),.PCURVE_S1.);
#1198 = HYPERBOLA('',#1199,23.271258025337,13.500000058994);
#1199 = AXIS2_PLACEMENT_3D('',#1200,#1201,#1202);
#1200 = CARTESIAN_POINT('',(-23.27125792364,-7.691850745534E-15,
    -13.50000005899));
#1201 = DIRECTION('',(-0.,5.697667194016E-16,1.));
#1202 = DIRECTION('',(1.,0.,0.));
#1203 = PCURVE('',#571,#1204);
#1204 = DEFINITIONAL_REPRESENTATION('',(#1205),#1209);
#1205 = ( BOUNDED_CURVE() B_SPLINE_CURVE(2,(#1206,#1207,#1208),
.UNSPECIFIED.,.F.,.F.) B_SPLINE_CURVE_WITH_KNOTS((3,3),(
1.015603227185E-14,0.550587502697),.PIECEWISE_BEZIER_KNOTS.) CURVE() 
GEOMETRIC_REPRESENTATION_ITEM() RATIONAL_B_SPLINE_CURVE((1.,
1.038133247497,1.)) REPRESENTATION_ITEM('') );
#1206 = CARTESIAN_POINT('',(7.79422866812,-1.016929189745E-07));
#1207 = CARTESIAN_POINT('',(11.419569589282,-1.016929793707E-07));
#1208 = CARTESIAN_POINT('',(15.608438140464,-3.617314215807));
#1209 = ( GEOMETRIC_REPRESENTATION_CONTEXT(2) 
PARAMETRIC_REPRESENTATION_CONTEXT() REPRESENTATION_CONTEXT('2D SPACE',''
  ) );
#1210 = PCURVE('',#1211,#1216);
#1211 = CONICAL_SURFACE('',#1212,15.59845733624,0.525669655168);
#1212 = AXIS2_PLACEMENT_3D('',#1213,#1214,#1215);
#1213 = CARTESIAN_POINT('',(3.617314215807,0.,0.));
#1214 = DIRECTION('',(1.,0.,0.));
#1215 = DIRECTION('',(0.,1.,0.));
#1216 = DEFINITIONAL_REPRESENTATION('',(#1217),#1225);
#1217 = B_SPLINE_CURVE_WITH_KNOTS('',6,(#1218,#1219,#1220,#1221,#1222,
    #1223,#1224),.UNSPECIFIED.,.F.,.F.,(7,7),(1.015603227185E-14,
    0.550587502697),.PIECEWISE_BEZIER_KNOTS.);
#1218 = CARTESIAN_POINT('',(4.712388980385,-3.617314114114));
#1219 = CARTESIAN_POINT('',(4.804153564167,-3.617314114114));
#1220 = CARTESIAN_POINT('',(4.895917716041,-3.382160586497));
#1221 = CARTESIAN_POINT('',(4.986293962866,-2.911854261577));
#1222 = CARTESIAN_POINT('',(5.073877163914,-2.200452216193));
#1223 = CARTESIAN_POINT('',(5.157677576165,-1.236079031542));
#1224 = CARTESIAN_POINT('',(5.237097089247,-3.761443395794E-15));
#1225 = ( GEOMETRIC_REPRESENTATION_CONTEXT(2) 
PARAMETRIC_REPRESENTATION_CONTEXT() REPRESENTATION_CONTEXT('2D SPACE',''
  ) );
#1226 = ADVANCED_FACE('',(#1227),#634,.F.);
#1227 = FACE_BOUND('',#1228,.F.);
#1228 = EDGE_LOOP('',(#1229,#1257,#1258,#1259,#1260,#1283));
#1229 = ORIENTED_EDGE('',*,*,#1230,.F.);
#1230 = EDGE_CURVE('',#1174,#1231,#1233,.T.);
#1231 = VERTEX_POINT('',#1232);
#1232 = CARTESIAN_POINT('',(0.,11.691343033294,-6.749999916611));
#1233 = SURFACE_CURVE('',#1234,(#1239,#1246),.PCURVE_S1.);
#1234 = HYPERBOLA('',#1235,23.271258025336,13.500000058994);
#1235 = AXIS2_PLACEMENT_3D('',#1236,#1237,#1238);
#1236 = CARTESIAN_POINT('',(-23.27125792364,11.69134300218,
    -6.750000029497));
#1237 = DIRECTION('',(0.,-0.866025403784,0.5));
#1238 = DIRECTION('',(1.,0.,0.));
#1239 = PCURVE('',#634,#1240);
#1240 = DEFINITIONAL_REPRESENTATION('',(#1241),#1245);
#1241 = ( BOUNDED_CURVE() B_SPLINE_CURVE(2,(#1242,#1243,#1244),
.UNSPECIFIED.,.F.,.F.) B_SPLINE_CURVE_WITH_KNOTS((3,3),(-0.550587502697,
7.802551538272E-11),.PIECEWISE_BEZIER_KNOTS.) CURVE() 
GEOMETRIC_REPRESENTATION_ITEM() RATIONAL_B_SPLINE_CURVE((1.,
1.038133247508,1.)) REPRESENTATION_ITEM('') );
#1242 = CARTESIAN_POINT('',(-1.998080422385E-02,-3.617314215807));
#1243 = CARTESIAN_POINT('',(4.168887747523,-1.012053019167E-07));
#1244 = CARTESIAN_POINT('',(7.794228669173,-1.016929118691E-07));
#1245 = ( GEOMETRIC_REPRESENTATION_CONTEXT(2) 
PARAMETRIC_REPRESENTATION_CONTEXT() REPRESENTATION_CONTEXT('2D SPACE',''
  ) );
#1246 = PCURVE('',#1211,#1247);
#1247 = DEFINITIONAL_REPRESENTATION('',(#1248),#1256);
#1248 = B_SPLINE_CURVE_WITH_KNOTS('',6,(#1249,#1250,#1251,#1252,#1253,
    #1254,#1255),.UNSPECIFIED.,.F.,.F.,(7,7),(-0.550587502697,
    7.802551538272E-11),.PIECEWISE_BEZIER_KNOTS.);
#1249 = CARTESIAN_POINT('',(5.234878422719,-5.648581714033E-15));
#1250 = CARTESIAN_POINT('',(5.314297935812,-1.236079031717));
#1251 = CARTESIAN_POINT('',(5.398098348076,-2.200452216466));
#1252 = CARTESIAN_POINT('',(5.485681549137,-2.91185426188));
#1253 = CARTESIAN_POINT('',(5.576057795976,-3.382160586764));
#1254 = CARTESIAN_POINT('',(5.667821947864,-3.617314114281));
#1255 = CARTESIAN_POINT('',(5.759586531659,-3.617314114114));
#1256 = ( GEOMETRIC_REPRESENTATION_CONTEXT(2) 
PARAMETRIC_REPRESENTATION_CONTEXT() REPRESENTATION_CONTEXT('2D SPACE',''
  ) );
#1257 = ORIENTED_EDGE('',*,*,#1173,.T.);
#1258 = ORIENTED_EDGE('',*,*,#613,.F.);
#1259 = ORIENTED_EDGE('',*,*,#708,.F.);
#1260 = ORIENTED_EDGE('',*,*,#1261,.F.);
#1261 = EDGE_CURVE('',#1262,#676,#1264,.T.);
#1262 = VERTEX_POINT('',#1263);
#1263 = CARTESIAN_POINT('',(3.600076246975,15.58845733624,0.));
#1264 = SURFACE_CURVE('',#1265,(#1269,#1276),.PCURVE_S1.);
#1265 = LINE('',#1266,#1267);
#1266 = CARTESIAN_POINT('',(0.,15.58845733624,0.));
#1267 = VECTOR('',#1268,1.);
#1268 = DIRECTION('',(1.,0.,0.));
#1269 = PCURVE('',#634,#1270);
#1270 = DEFINITIONAL_REPRESENTATION('',(#1271),#1275);
#1271 = LINE('',#1272,#1273);
#1272 = CARTESIAN_POINT('',(15.58845733624,0.));
#1273 = VECTOR('',#1274,1.);
#1274 = DIRECTION('',(0.,-1.));
#1275 = ( GEOMETRIC_REPRESENTATION_CONTEXT(2) 
PARAMETRIC_REPRESENTATION_CONTEXT() REPRESENTATION_CONTEXT('2D SPACE',''
  ) );
#1276 = PCURVE('',#696,#1277);
#1277 = DEFINITIONAL_REPRESENTATION('',(#1278),#1282);
#1278 = LINE('',#1279,#1280);
#1279 = CARTESIAN_POINT('',(0.,0.));
#1280 = VECTOR('',#1281,1.);
#1281 = DIRECTION('',(0.,-1.));
#1282 = ( GEOMETRIC_REPRESENTATION_CONTEXT(2) 
PARAMETRIC_REPRESENTATION_CONTEXT() REPRESENTATION_CONTEXT('2D SPACE',''
  ) );
#1283 = ORIENTED_EDGE('',*,*,#1284,.F.);
#1284 = EDGE_CURVE('',#1231,#1262,#1285,.T.);
#1285 = SURFACE_CURVE('',#1286,(#1291,#1298),.PCURVE_S1.);
#1286 = HYPERBOLA('',#1287,23.271258025336,13.500000058994);
#1287 = AXIS2_PLACEMENT_3D('',#1288,#1289,#1290);
#1288 = CARTESIAN_POINT('',(-23.27125792364,11.69134300218,
    -6.750000029497));
#1289 = DIRECTION('',(0.,-0.866025403784,0.5));
#1290 = DIRECTION('',(1.,0.,0.));
#1291 = PCURVE('',#634,#1292);
#1292 = DEFINITIONAL_REPRESENTATION('',(#1293),#1297);
#1293 = ( BOUNDED_CURVE() B_SPLINE_CURVE(2,(#1294,#1295,#1296),
.UNSPECIFIED.,.F.,.F.) B_SPLINE_CURVE_WITH_KNOTS((3,3),(
7.802551538272E-11,0.549306144334),.PIECEWISE_BEZIER_KNOTS.) CURVE() 
GEOMETRIC_REPRESENTATION_ITEM() RATIONAL_B_SPLINE_CURVE((1.,
1.037954849291,1.)) REPRESENTATION_ITEM('') );
#1294 = CARTESIAN_POINT('',(7.794228669173,-1.016929118691E-07));
#1295 = CARTESIAN_POINT('',(11.411542782312,-1.021794417966E-07));
#1296 = CARTESIAN_POINT('',(15.58845733624,-3.600076246975));
#1297 = ( GEOMETRIC_REPRESENTATION_CONTEXT(2) 
PARAMETRIC_REPRESENTATION_CONTEXT() REPRESENTATION_CONTEXT('2D SPACE',''
  ) );
#1298 = PCURVE('',#1299,#1304);
#1299 = CONICAL_SURFACE('',#1300,15.59845733624,0.525669655168);
#1300 = AXIS2_PLACEMENT_3D('',#1301,#1302,#1303);
#1301 = CARTESIAN_POINT('',(3.617314215807,0.,0.));
#1302 = DIRECTION('',(1.,0.,0.));
#1303 = DIRECTION('',(0.,1.,0.));
#1304 = DEFINITIONAL_REPRESENTATION('',(#1305),#1313);
#1305 = B_SPLINE_CURVE_WITH_KNOTS('',6,(#1306,#1307,#1308,#1309,#1310,
    #1311,#1312),.UNSPECIFIED.,.F.,.F.,(7,7),(8.394005233412E-09,
    0.549306144334),.PIECEWISE_BEZIER_KNOTS.);
#1306 = CARTESIAN_POINT('',(5.759586539975,-3.617314114114));
#1307 = CARTESIAN_POINT('',(5.851137562632,-3.617314096231));
#1308 = CARTESIAN_POINT('',(5.942688158076,-3.383253810875));
#1309 = CARTESIAN_POINT('',(6.032860501486,-2.915133974562));
#1310 = CARTESIAN_POINT('',(6.120259320552,-2.207066816652));
#1311 = CARTESIAN_POINT('',(6.203899795816,-1.247287030567));
#1312 = CARTESIAN_POINT('',(6.28318530718,-1.723796883233E-02));
#1313 = ( GEOMETRIC_REPRESENTATION_CONTEXT(2) 
PARAMETRIC_REPRESENTATION_CONTEXT() REPRESENTATION_CONTEXT('2D SPACE',''
  ) );
#1314 = ADVANCED_FACE('',(#1315),#696,.F.);
#1315 = FACE_BOUND('',#1316,.F.);
#1316 = EDGE_LOOP('',(#1317,#1345,#1346,#1347,#1348,#1349));
#1317 = ORIENTED_EDGE('',*,*,#1318,.F.);
#1318 = EDGE_CURVE('',#1262,#1319,#1321,.T.);
#1319 = VERTEX_POINT('',#1320);
#1320 = CARTESIAN_POINT('',(0.,11.691342917765,6.750000116714));
#1321 = SURFACE_CURVE('',#1322,(#1327,#1334),.PCURVE_S1.);
#1322 = HYPERBOLA('',#1323,23.271258025337,13.500000058994);
#1323 = AXIS2_PLACEMENT_3D('',#1324,#1325,#1326);
#1324 = CARTESIAN_POINT('',(-23.27125792364,11.69134300218,
    6.750000029497));
#1325 = DIRECTION('',(0.,-0.866025403784,-0.5));
#1326 = DIRECTION('',(1.,0.,0.));
#1327 = PCURVE('',#696,#1328);
#1328 = DEFINITIONAL_REPRESENTATION('',(#1329),#1333);
#1329 = ( BOUNDED_CURVE() B_SPLINE_CURVE(2,(#1330,#1331,#1332),
.UNSPECIFIED.,.F.,.F.) B_SPLINE_CURVE_WITH_KNOTS((3,3),(-0.549306144334,
5.104704676602E-11),.PIECEWISE_BEZIER_KNOTS.) CURVE() 
GEOMETRIC_REPRESENTATION_ITEM() RATIONAL_B_SPLINE_CURVE((1.,
1.037954849309,1.)) REPRESENTATION_ITEM('') );
#1330 = CARTESIAN_POINT('',(0.,-3.600076246975));
#1331 = CARTESIAN_POINT('',(4.176914554862,-1.013746135925E-07));
#1332 = CARTESIAN_POINT('',(7.794228668809,-1.016929154218E-07));
#1333 = ( GEOMETRIC_REPRESENTATION_CONTEXT(2) 
PARAMETRIC_REPRESENTATION_CONTEXT() REPRESENTATION_CONTEXT('2D SPACE',''
  ) );
#1334 = PCURVE('',#1299,#1335);
#1335 = DEFINITIONAL_REPRESENTATION('',(#1336),#1344);
#1336 = B_SPLINE_CURVE_WITH_KNOTS('',6,(#1337,#1338,#1339,#1340,#1341,
    #1342,#1343),.UNSPECIFIED.,.F.,.F.,(7,7),(-0.549306144334,
    5.104704676602E-11),.PIECEWISE_BEZIER_KNOTS.);
#1337 = CARTESIAN_POINT('',(6.28318530718,-1.723796883233E-02));
#1338 = CARTESIAN_POINT('',(6.362470819762,-1.247287049478));
#1339 = CARTESIAN_POINT('',(6.446111296379,-2.207066846163));
#1340 = CARTESIAN_POINT('',(6.533510116904,-2.91513400722));
#1341 = CARTESIAN_POINT('',(6.623682461829,-3.383253839663));
#1342 = CARTESIAN_POINT('',(6.715233058765,-3.617314114223));
#1343 = CARTESIAN_POINT('',(6.806784082829,-3.617314114114));
#1344 = ( GEOMETRIC_REPRESENTATION_CONTEXT(2) 
PARAMETRIC_REPRESENTATION_CONTEXT() REPRESENTATION_CONTEXT('2D SPACE',''
  ) );
#1345 = ORIENTED_EDGE('',*,*,#1261,.T.);
#1346 = ORIENTED_EDGE('',*,*,#675,.F.);
#1347 = ORIENTED_EDGE('',*,*,#738,.F.);
#1348 = ORIENTED_EDGE('',*,*,#886,.F.);
#1349 = ORIENTED_EDGE('',*,*,#1350,.F.);
#1350 = EDGE_CURVE('',#1319,#852,#1351,.T.);
#1351 = SURFACE_CURVE('',#1352,(#1357,#1364),.PCURVE_S1.);
#1352 = HYPERBOLA('',#1353,23.271258025337,13.500000058994);
#1353 = AXIS2_PLACEMENT_3D('',#1354,#1355,#1356);
#1354 = CARTESIAN_POINT('',(-23.27125792364,11.69134300218,
    6.750000029497));
#1355 = DIRECTION('',(0.,-0.866025403784,-0.5));
#1356 = DIRECTION('',(1.,0.,0.));
#1357 = PCURVE('',#696,#1358);
#1358 = DEFINITIONAL_REPRESENTATION('',(#1359),#1363);
#1359 = ( BOUNDED_CURVE() B_SPLINE_CURVE(2,(#1360,#1361,#1362),
.UNSPECIFIED.,.F.,.F.) B_SPLINE_CURVE_WITH_KNOTS((3,3),(
5.104704676602E-11,0.550587502697),.PIECEWISE_BEZIER_KNOTS.) CURVE() 
GEOMETRIC_REPRESENTATION_ITEM() RATIONAL_B_SPLINE_CURVE((1.,
1.03813324749,1.)) REPRESENTATION_ITEM('') );
#1360 = CARTESIAN_POINT('',(7.794228668809,-1.016929154218E-07));
#1361 = CARTESIAN_POINT('',(11.419569589651,-1.020119313466E-07));
#1362 = CARTESIAN_POINT('',(15.608438140464,-3.617314215807));
#1363 = ( GEOMETRIC_REPRESENTATION_CONTEXT(2) 
PARAMETRIC_REPRESENTATION_CONTEXT() REPRESENTATION_CONTEXT('2D SPACE',''
  ) );
#1364 = PCURVE('',#870,#1365);
#1365 = DEFINITIONAL_REPRESENTATION('',(#1366),#1374);
#1366 = B_SPLINE_CURVE_WITH_KNOTS('',6,(#1367,#1368,#1369,#1370,#1371,
    #1372,#1373),.UNSPECIFIED.,.F.,.F.,(7,7),(5.104704676602E-11,
    0.550587502697),.PIECEWISE_BEZIER_KNOTS.);
#1367 = CARTESIAN_POINT('',(0.523598775649,-3.617314114114));
#1368 = CARTESIAN_POINT('',(0.615363359424,-3.617314114005));
#1369 = CARTESIAN_POINT('',(0.707127511289,-3.382160586322));
#1370 = CARTESIAN_POINT('',(0.797503758104,-2.91185426138));
#1371 = CARTESIAN_POINT('',(0.885086959143,-2.200452216014));
#1372 = CARTESIAN_POINT('',(0.968887371386,-1.236079031428));
#1373 = CARTESIAN_POINT('',(1.048306884461,-9.077755597237E-15));
#1374 = ( GEOMETRIC_REPRESENTATION_CONTEXT(2) 
PARAMETRIC_REPRESENTATION_CONTEXT() REPRESENTATION_CONTEXT('2D SPACE',''
  ) );
#1375 = ADVANCED_FACE('',(#1376,#1379),#835,.T.);
#1376 = FACE_BOUND('',#1377,.T.);
#1377 = EDGE_LOOP('',(#1378));
#1378 = ORIENTED_EDGE('',*,*,#820,.T.);
#1379 = FACE_BOUND('',#1380,.T.);
#1380 = EDGE_LOOP('',(#1381));
#1381 = ORIENTED_EDGE('',*,*,#1382,.F.);
#1382 = EDGE_CURVE('',#1383,#1383,#1385,.T.);
#1383 = VERTEX_POINT('',#1384);
#1384 = CARTESIAN_POINT('',(12.,2.5,0.));
#1385 = SURFACE_CURVE('',#1386,(#1391,#1398),.PCURVE_S1.);
#1386 = CIRCLE('',#1387,2.5);
#1387 = AXIS2_PLACEMENT_3D('',#1388,#1389,#1390);
#1388 = CARTESIAN_POINT('',(12.,0.,0.));
#1389 = DIRECTION('',(1.,0.,0.));
#1390 = DIRECTION('',(-0.,1.,0.));
#1391 = PCURVE('',#835,#1392);
#1392 = DEFINITIONAL_REPRESENTATION('',(#1393),#1397);
#1393 = CIRCLE('',#1394,2.5);
#1394 = AXIS2_PLACEMENT_2D('',#1395,#1396);
#1395 = CARTESIAN_POINT('',(0.,0.));
#1396 = DIRECTION('',(1.,0.));
#1397 = ( GEOMETRIC_REPRESENTATION_CONTEXT(2) 
PARAMETRIC_REPRESENTATION_CONTEXT() REPRESENTATION_CONTEXT('2D SPACE',''
  ) );
#1398 = PCURVE('',#1399,#1404);
#1399 = CYLINDRICAL_SURFACE('',#1400,2.5);
#1400 = AXIS2_PLACEMENT_3D('',#1401,#1402,#1403);
#1401 = CARTESIAN_POINT('',(12.,0.,0.));
#1402 = DIRECTION('',(-1.,-0.,-0.));
#1403 = DIRECTION('',(0.,1.,0.));
#1404 = DEFINITIONAL_REPRESENTATION('',(#1405),#1409);
#1405 = LINE('',#1406,#1407);
#1406 = CARTESIAN_POINT('',(-0.,0.));
#1407 = VECTOR('',#1408,1.);
#1408 = DIRECTION('',(-1.,0.));
#1409 = ( GEOMETRIC_REPRESENTATION_CONTEXT(2) 
PARAMETRIC_REPRESENTATION_CONTEXT() REPRESENTATION_CONTEXT('2D SPACE',''
  ) );
#1410 = ADVANCED_FACE('',(#1411),#870,.T.);
#1411 = FACE_BOUND('',#1412,.F.);
#1412 = EDGE_LOOP('',(#1413,#1440,#1441));
#1413 = ORIENTED_EDGE('',*,*,#1414,.F.);
#1414 = EDGE_CURVE('',#1319,#854,#1415,.T.);
#1415 = SURFACE_CURVE('',#1416,(#1421,#1428),.PCURVE_S1.);
#1416 = CIRCLE('',#1417,13.5);
#1417 = AXIS2_PLACEMENT_3D('',#1418,#1419,#1420);
#1418 = CARTESIAN_POINT('',(0.,0.,0.));
#1419 = DIRECTION('',(1.,0.,0.));
#1420 = DIRECTION('',(-0.,1.,0.));
#1421 = PCURVE('',#870,#1422);
#1422 = DEFINITIONAL_REPRESENTATION('',(#1423),#1427);
#1423 = LINE('',#1424,#1425);
#1424 = CARTESIAN_POINT('',(0.,-3.617314215807));
#1425 = VECTOR('',#1426,1.);
#1426 = DIRECTION('',(1.,-0.));
#1427 = ( GEOMETRIC_REPRESENTATION_CONTEXT(2) 
PARAMETRIC_REPRESENTATION_CONTEXT() REPRESENTATION_CONTEXT('2D SPACE',''
  ) );
#1428 = PCURVE('',#1429,#1434);
#1429 = PLANE('',#1430);
#1430 = AXIS2_PLACEMENT_3D('',#1431,#1432,#1433);
#1431 = CARTESIAN_POINT('',(0.,-4.558133755213E-16,-9.116267510426E-16)
  );
#1432 = DIRECTION('',(1.,0.,0.));
#1433 = DIRECTION('',(-0.,0.,1.));
#1434 = DEFINITIONAL_REPRESENTATION('',(#1435),#1439);
#1435 = CIRCLE('',#1436,13.5);
#1436 = AXIS2_PLACEMENT_2D('',#1437,#1438);
#1437 = CARTESIAN_POINT('',(9.116267510426E-16,-4.558133755213E-16));
#1438 = DIRECTION('',(0.,-1.));
#1439 = ( GEOMETRIC_REPRESENTATION_CONTEXT(2) 
PARAMETRIC_REPRESENTATION_CONTEXT() REPRESENTATION_CONTEXT('2D SPACE',''
  ) );
#1440 = ORIENTED_EDGE('',*,*,#1350,.T.);
#1441 = ORIENTED_EDGE('',*,*,#851,.T.);
#1442 = ADVANCED_FACE('',(#1443),#947,.T.);
#1443 = FACE_BOUND('',#1444,.F.);
#1444 = EDGE_LOOP('',(#1445,#1467,#1468));
#1445 = ORIENTED_EDGE('',*,*,#1446,.F.);
#1446 = EDGE_CURVE('',#854,#967,#1447,.T.);
#1447 = SURFACE_CURVE('',#1448,(#1453,#1460),.PCURVE_S1.);
#1448 = CIRCLE('',#1449,13.5);
#1449 = AXIS2_PLACEMENT_3D('',#1450,#1451,#1452);
#1450 = CARTESIAN_POINT('',(0.,0.,0.));
#1451 = DIRECTION('',(1.,0.,0.));
#1452 = DIRECTION('',(-0.,1.,0.));
#1453 = PCURVE('',#947,#1454);
#1454 = DEFINITIONAL_REPRESENTATION('',(#1455),#1459);
#1455 = LINE('',#1456,#1457);
#1456 = CARTESIAN_POINT('',(0.,-3.617314215807));
#1457 = VECTOR('',#1458,1.);
#1458 = DIRECTION('',(1.,-0.));
#1459 = ( GEOMETRIC_REPRESENTATION_CONTEXT(2) 
PARAMETRIC_REPRESENTATION_CONTEXT() REPRESENTATION_CONTEXT('2D SPACE',''
  ) );
#1460 = PCURVE('',#1429,#1461);
#1461 = DEFINITIONAL_REPRESENTATION('',(#1462),#1466);
#1462 = CIRCLE('',#1463,13.5);
#1463 = AXIS2_PLACEMENT_2D('',#1464,#1465);
#1464 = CARTESIAN_POINT('',(9.116267510426E-16,-4.558133755213E-16));
#1465 = DIRECTION('',(0.,-1.));
#1466 = ( GEOMETRIC_REPRESENTATION_CONTEXT(2) 
PARAMETRIC_REPRESENTATION_CONTEXT() REPRESENTATION_CONTEXT('2D SPACE',''
  ) );
#1467 = ORIENTED_EDGE('',*,*,#932,.T.);
#1468 = ORIENTED_EDGE('',*,*,#966,.T.);
#1469 = ADVANCED_FACE('',(#1470),#1035,.T.);
#1470 = FACE_BOUND('',#1471,.F.);
#1471 = EDGE_LOOP('',(#1472,#1494,#1495));
#1472 = ORIENTED_EDGE('',*,*,#1473,.F.);
#1473 = EDGE_CURVE('',#967,#1055,#1474,.T.);
#1474 = SURFACE_CURVE('',#1475,(#1480,#1487),.PCURVE_S1.);
#1475 = CIRCLE('',#1476,13.5);
#1476 = AXIS2_PLACEMENT_3D('',#1477,#1478,#1479);
#1477 = CARTESIAN_POINT('',(0.,0.,0.));
#1478 = DIRECTION('',(1.,0.,0.));
#1479 = DIRECTION('',(-0.,1.,0.));
#1480 = PCURVE('',#1035,#1481);
#1481 = DEFINITIONAL_REPRESENTATION('',(#1482),#1486);
#1482 = LINE('',#1483,#1484);
#1483 = CARTESIAN_POINT('',(0.,-3.617314215807));
#1484 = VECTOR('',#1485,1.);
#1485 = DIRECTION('',(1.,-0.));
#1486 = ( GEOMETRIC_REPRESENTATION_CONTEXT(2) 
PARAMETRIC_REPRESENTATION_CONTEXT() REPRESENTATION_CONTEXT('2D SPACE',''
  ) );
#1487 = PCURVE('',#1429,#1488);
#1488 = DEFINITIONAL_REPRESENTATION('',(#1489),#1493);
#1489 = CIRCLE('',#1490,13.5);
#1490 = AXIS2_PLACEMENT_2D('',#1491,#1492);
#1491 = CARTESIAN_POINT('',(9.116267510426E-16,-4.558133755213E-16));
#1492 = DIRECTION('',(0.,-1.));
#1493 = ( GEOMETRIC_REPRESENTATION_CONTEXT(2) 
PARAMETRIC_REPRESENTATION_CONTEXT() REPRESENTATION_CONTEXT('2D SPACE',''
  ) );
#1494 = ORIENTED_EDGE('',*,*,#1020,.T.);
#1495 = ORIENTED_EDGE('',*,*,#1054,.T.);
#1496 = ADVANCED_FACE('',(#1497),#1123,.T.);
#1497 = FACE_BOUND('',#1498,.F.);
#1498 = EDGE_LOOP('',(#1499,#1500,#1522));
#1499 = ORIENTED_EDGE('',*,*,#1142,.T.);
#1500 = ORIENTED_EDGE('',*,*,#1501,.F.);
#1501 = EDGE_CURVE('',#1055,#1143,#1502,.T.);
#1502 = SURFACE_CURVE('',#1503,(#1508,#1515),.PCURVE_S1.);
#1503 = CIRCLE('',#1504,13.5);
#1504 = AXIS2_PLACEMENT_3D('',#1505,#1506,#1507);
#1505 = CARTESIAN_POINT('',(0.,0.,0.));
#1506 = DIRECTION('',(1.,0.,0.));
#1507 = DIRECTION('',(-0.,1.,0.));
#1508 = PCURVE('',#1123,#1509);
#1509 = DEFINITIONAL_REPRESENTATION('',(#1510),#1514);
#1510 = LINE('',#1511,#1512);
#1511 = CARTESIAN_POINT('',(0.,-3.617314215807));
#1512 = VECTOR('',#1513,1.);
#1513 = DIRECTION('',(1.,-0.));
#1514 = ( GEOMETRIC_REPRESENTATION_CONTEXT(2) 
PARAMETRIC_REPRESENTATION_CONTEXT() REPRESENTATION_CONTEXT('2D SPACE',''
  ) );
#1515 = PCURVE('',#1429,#1516);
#1516 = DEFINITIONAL_REPRESENTATION('',(#1517),#1521);
#1517 = CIRCLE('',#1518,13.5);
#1518 = AXIS2_PLACEMENT_2D('',#1519,#1520);
#1519 = CARTESIAN_POINT('',(9.116267510426E-16,-4.558133755213E-16));
#1520 = DIRECTION('',(0.,-1.));
#1521 = ( GEOMETRIC_REPRESENTATION_CONTEXT(2) 
PARAMETRIC_REPRESENTATION_CONTEXT() REPRESENTATION_CONTEXT('2D SPACE',''
  ) );
#1522 = ORIENTED_EDGE('',*,*,#1108,.T.);
#1523 = ADVANCED_FACE('',(#1524),#1211,.T.);
#1524 = FACE_BOUND('',#1525,.F.);
#1525 = EDGE_LOOP('',(#1526,#1527,#1549));
#1526 = ORIENTED_EDGE('',*,*,#1230,.T.);
#1527 = ORIENTED_EDGE('',*,*,#1528,.F.);
#1528 = EDGE_CURVE('',#1143,#1231,#1529,.T.);
#1529 = SURFACE_CURVE('',#1530,(#1535,#1542),.PCURVE_S1.);
#1530 = CIRCLE('',#1531,13.5);
#1531 = AXIS2_PLACEMENT_3D('',#1532,#1533,#1534);
#1532 = CARTESIAN_POINT('',(0.,0.,0.));
#1533 = DIRECTION('',(1.,0.,0.));
#1534 = DIRECTION('',(-0.,1.,0.));
#1535 = PCURVE('',#1211,#1536);
#1536 = DEFINITIONAL_REPRESENTATION('',(#1537),#1541);
#1537 = LINE('',#1538,#1539);
#1538 = CARTESIAN_POINT('',(0.,-3.617314215807));
#1539 = VECTOR('',#1540,1.);
#1540 = DIRECTION('',(1.,-0.));
#1541 = ( GEOMETRIC_REPRESENTATION_CONTEXT(2) 
PARAMETRIC_REPRESENTATION_CONTEXT() REPRESENTATION_CONTEXT('2D SPACE',''
  ) );
#1542 = PCURVE('',#1429,#1543);
#1543 = DEFINITIONAL_REPRESENTATION('',(#1544),#1548);
#1544 = CIRCLE('',#1545,13.5);
#1545 = AXIS2_PLACEMENT_2D('',#1546,#1547);
#1546 = CARTESIAN_POINT('',(9.116267510426E-16,-4.558133755213E-16));
#1547 = DIRECTION('',(0.,-1.));
#1548 = ( GEOMETRIC_REPRESENTATION_CONTEXT(2) 
PARAMETRIC_REPRESENTATION_CONTEXT() REPRESENTATION_CONTEXT('2D SPACE',''
  ) );
#1549 = ORIENTED_EDGE('',*,*,#1196,.T.);
#1550 = ADVANCED_FACE('',(#1551),#1299,.T.);
#1551 = FACE_BOUND('',#1552,.F.);
#1552 = EDGE_LOOP('',(#1553,#1575,#1576));
#1553 = ORIENTED_EDGE('',*,*,#1554,.F.);
#1554 = EDGE_CURVE('',#1231,#1319,#1555,.T.);
#1555 = SURFACE_CURVE('',#1556,(#1561,#1568),.PCURVE_S1.);
#1556 = CIRCLE('',#1557,13.5);
#1557 = AXIS2_PLACEMENT_3D('',#1558,#1559,#1560);
#1558 = CARTESIAN_POINT('',(0.,0.,0.));
#1559 = DIRECTION('',(1.,0.,0.));
#1560 = DIRECTION('',(0.,0.866025407981,-0.499999992731));
#1561 = PCURVE('',#1299,#1562);
#1562 = DEFINITIONAL_REPRESENTATION('',(#1563),#1567);
#1563 = LINE('',#1564,#1565);
#1564 = CARTESIAN_POINT('',(5.759586539975,-3.617314215807));
#1565 = VECTOR('',#1566,1.);
#1566 = DIRECTION('',(1.,-0.));
#1567 = ( GEOMETRIC_REPRESENTATION_CONTEXT(2) 
PARAMETRIC_REPRESENTATION_CONTEXT() REPRESENTATION_CONTEXT('2D SPACE',''
  ) );
#1568 = PCURVE('',#1429,#1569);
#1569 = DEFINITIONAL_REPRESENTATION('',(#1570),#1574);
#1570 = CIRCLE('',#1571,13.5);
#1571 = AXIS2_PLACEMENT_2D('',#1572,#1573);
#1572 = CARTESIAN_POINT('',(9.116267510426E-16,-4.558133755213E-16));
#1573 = DIRECTION('',(-0.499999992731,-0.866025407981));
#1574 = ( GEOMETRIC_REPRESENTATION_CONTEXT(2) 
PARAMETRIC_REPRESENTATION_CONTEXT() REPRESENTATION_CONTEXT('2D SPACE',''
  ) );
#1575 = ORIENTED_EDGE('',*,*,#1284,.T.);
#1576 = ORIENTED_EDGE('',*,*,#1318,.T.);
#1577 = ADVANCED_FACE('',(#1578),#1399,.F.);
#1578 = FACE_BOUND('',#1579,.T.);
#1579 = EDGE_LOOP('',(#1580,#1581,#1604,#1631));
#1580 = ORIENTED_EDGE('',*,*,#1382,.T.);
#1581 = ORIENTED_EDGE('',*,*,#1582,.T.);
#1582 = EDGE_CURVE('',#1383,#1583,#1585,.T.);
#1583 = VERTEX_POINT('',#1584);
#1584 = CARTESIAN_POINT('',(-27.,2.5,0.));
#1585 = SEAM_CURVE('',#1586,(#1590,#1597),.PCURVE_S1.);
#1586 = LINE('',#1587,#1588);
#1587 = CARTESIAN_POINT('',(12.,2.5,0.));
#1588 = VECTOR('',#1589,1.);
#1589 = DIRECTION('',(-1.,0.,0.));
#1590 = PCURVE('',#1399,#1591);
#1591 = DEFINITIONAL_REPRESENTATION('',(#1592),#1596);
#1592 = LINE('',#1593,#1594);
#1593 = CARTESIAN_POINT('',(-0.,0.));
#1594 = VECTOR('',#1595,1.);
#1595 = DIRECTION('',(-0.,1.));
#1596 = ( GEOMETRIC_REPRESENTATION_CONTEXT(2) 
PARAMETRIC_REPRESENTATION_CONTEXT() REPRESENTATION_CONTEXT('2D SPACE',''
  ) );
#1597 = PCURVE('',#1399,#1598);
#1598 = DEFINITIONAL_REPRESENTATION('',(#1599),#1603);
#1599 = LINE('',#1600,#1601);
#1600 = CARTESIAN_POINT('',(-6.28318530718,0.));
#1601 = VECTOR('',#1602,1.);
#1602 = DIRECTION('',(-0.,1.));
#1603 = ( GEOMETRIC_REPRESENTATION_CONTEXT(2) 
PARAMETRIC_REPRESENTATION_CONTEXT() REPRESENTATION_CONTEXT('2D SPACE',''
  ) );
#1604 = ORIENTED_EDGE('',*,*,#1605,.F.);
#1605 = EDGE_CURVE('',#1583,#1583,#1606,.T.);
#1606 = SURFACE_CURVE('',#1607,(#1612,#1619),.PCURVE_S1.);
#1607 = CIRCLE('',#1608,2.5);
#1608 = AXIS2_PLACEMENT_3D('',#1609,#1610,#1611);
#1609 = CARTESIAN_POINT('',(-27.,0.,0.));
#1610 = DIRECTION('',(1.,0.,0.));
#1611 = DIRECTION('',(-0.,1.,0.));
#1612 = PCURVE('',#1399,#1613);
#1613 = DEFINITIONAL_REPRESENTATION('',(#1614),#1618);
#1614 = LINE('',#1615,#1616);
#1615 = CARTESIAN_POINT('',(-0.,39.));
#1616 = VECTOR('',#1617,1.);
#1617 = DIRECTION('',(-1.,0.));
#1618 = ( GEOMETRIC_REPRESENTATION_CONTEXT(2) 
PARAMETRIC_REPRESENTATION_CONTEXT() REPRESENTATION_CONTEXT('2D SPACE',''
  ) );
#1619 = PCURVE('',#1620,#1625);
#1620 = PLANE('',#1621);
#1621 = AXIS2_PLACEMENT_3D('',#1622,#1623,#1624);
#1622 = CARTESIAN_POINT('',(-27.,0.,0.));
#1623 = DIRECTION('',(1.,0.,0.));
#1624 = DIRECTION('',(-0.,1.,0.));
#1625 = DEFINITIONAL_REPRESENTATION('',(#1626),#1630);
#1626 = CIRCLE('',#1627,2.5);
#1627 = AXIS2_PLACEMENT_2D('',#1628,#1629);
#1628 = CARTESIAN_POINT('',(0.,0.));
#1629 = DIRECTION('',(1.,-0.));
#1630 = ( GEOMETRIC_REPRESENTATION_CONTEXT(2) 
PARAMETRIC_REPRESENTATION_CONTEXT() REPRESENTATION_CONTEXT('2D SPACE',''
  ) );
#1631 = ORIENTED_EDGE('',*,*,#1582,.F.);
#1632 = ADVANCED_FACE('',(#1633,#1641),#1429,.F.);
#1633 = FACE_BOUND('',#1634,.F.);
#1634 = EDGE_LOOP('',(#1635,#1636,#1637,#1638,#1639,#1640));
#1635 = ORIENTED_EDGE('',*,*,#1554,.T.);
#1636 = ORIENTED_EDGE('',*,*,#1414,.T.);
#1637 = ORIENTED_EDGE('',*,*,#1446,.T.);
#1638 = ORIENTED_EDGE('',*,*,#1473,.T.);
#1639 = ORIENTED_EDGE('',*,*,#1501,.T.);
#1640 = ORIENTED_EDGE('',*,*,#1528,.T.);
#1641 = FACE_BOUND('',#1642,.F.);
#1642 = EDGE_LOOP('',(#1643));
#1643 = ORIENTED_EDGE('',*,*,#1644,.F.);
#1644 = EDGE_CURVE('',#1645,#1645,#1647,.T.);
#1645 = VERTEX_POINT('',#1646);
#1646 = CARTESIAN_POINT('',(0.,9.2,0.));
#1647 = SURFACE_CURVE('',#1648,(#1653,#1660),.PCURVE_S1.);
#1648 = CIRCLE('',#1649,9.2);
#1649 = AXIS2_PLACEMENT_3D('',#1650,#1651,#1652);
#1650 = CARTESIAN_POINT('',(0.,0.,0.));
#1651 = DIRECTION('',(1.,0.,0.));
#1652 = DIRECTION('',(-0.,1.,0.));
#1653 = PCURVE('',#1429,#1654);
#1654 = DEFINITIONAL_REPRESENTATION('',(#1655),#1659);
#1655 = CIRCLE('',#1656,9.2);
#1656 = AXIS2_PLACEMENT_2D('',#1657,#1658);
#1657 = CARTESIAN_POINT('',(9.116267510426E-16,-4.558133755213E-16));
#1658 = DIRECTION('',(0.,-1.));
#1659 = ( GEOMETRIC_REPRESENTATION_CONTEXT(2) 
PARAMETRIC_REPRESENTATION_CONTEXT() REPRESENTATION_CONTEXT('2D SPACE',''
  ) );
#1660 = PCURVE('',#1661,#1666);
#1661 = CYLINDRICAL_SURFACE('',#1662,9.2);
#1662 = AXIS2_PLACEMENT_3D('',#1663,#1664,#1665);
#1663 = CARTESIAN_POINT('',(0.,0.,0.));
#1664 = DIRECTION('',(-1.,-0.,-0.));
#1665 = DIRECTION('',(0.,1.,0.));
#1666 = DEFINITIONAL_REPRESENTATION('',(#1667),#1671);
#1667 = LINE('',#1668,#1669);
#1668 = CARTESIAN_POINT('',(-0.,0.));
#1669 = VECTOR('',#1670,1.);
#1670 = DIRECTION('',(-1.,0.));
#1671 = ( GEOMETRIC_REPRESENTATION_CONTEXT(2) 
PARAMETRIC_REPRESENTATION_CONTEXT() REPRESENTATION_CONTEXT('2D SPACE',''
  ) );
#1672 = ADVANCED_FACE('',(#1673,#1704),#1620,.F.);
#1673 = FACE_BOUND('',#1674,.T.);
#1674 = EDGE_LOOP('',(#1675));
#1675 = ORIENTED_EDGE('',*,*,#1676,.F.);
#1676 = EDGE_CURVE('',#1677,#1677,#1679,.T.);
#1677 = VERTEX_POINT('',#1678);
#1678 = CARTESIAN_POINT('',(-27.,4.,0.));
#1679 = SURFACE_CURVE('',#1680,(#1685,#1692),.PCURVE_S1.);
#1680 = CIRCLE('',#1681,4.);
#1681 = AXIS2_PLACEMENT_3D('',#1682,#1683,#1684);
#1682 = CARTESIAN_POINT('',(-27.,0.,0.));
#1683 = DIRECTION('',(1.,0.,0.));
#1684 = DIRECTION('',(-0.,1.,0.));
#1685 = PCURVE('',#1620,#1686);
#1686 = DEFINITIONAL_REPRESENTATION('',(#1687),#1691);
#1687 = CIRCLE('',#1688,4.);
#1688 = AXIS2_PLACEMENT_2D('',#1689,#1690);
#1689 = CARTESIAN_POINT('',(0.,0.));
#1690 = DIRECTION('',(1.,-0.));
#1691 = ( GEOMETRIC_REPRESENTATION_CONTEXT(2) 
PARAMETRIC_REPRESENTATION_CONTEXT() REPRESENTATION_CONTEXT('2D SPACE',''
  ) );
#1692 = PCURVE('',#1693,#1698);
#1693 = CYLINDRICAL_SURFACE('',#1694,4.);
#1694 = AXIS2_PLACEMENT_3D('',#1695,#1696,#1697);
#1695 = CARTESIAN_POINT('',(-27.,0.,0.));
#1696 = DIRECTION('',(-1.,-0.,-0.));
#1697 = DIRECTION('',(0.,1.,0.));
#1698 = DEFINITIONAL_REPRESENTATION('',(#1699),#1703);
#1699 = LINE('',#1700,#1701);
#1700 = CARTESIAN_POINT('',(-0.,0.));
#1701 = VECTOR('',#1702,1.);
#1702 = DIRECTION('',(-1.,0.));
#1703 = ( GEOMETRIC_REPRESENTATION_CONTEXT(2) 
PARAMETRIC_REPRESENTATION_CONTEXT() REPRESENTATION_CONTEXT('2D SPACE',''
  ) );
#1704 = FACE_BOUND('',#1705,.T.);
#1705 = EDGE_LOOP('',(#1706));
#1706 = ORIENTED_EDGE('',*,*,#1605,.T.);
#1707 = ADVANCED_FACE('',(#1708),#1661,.T.);
#1708 = FACE_BOUND('',#1709,.F.);
#1709 = EDGE_LOOP('',(#1710,#1711,#1734,#1761));
#1710 = ORIENTED_EDGE('',*,*,#1644,.T.);
#1711 = ORIENTED_EDGE('',*,*,#1712,.T.);
#1712 = EDGE_CURVE('',#1645,#1713,#1715,.T.);
#1713 = VERTEX_POINT('',#1714);
#1714 = CARTESIAN_POINT('',(-2.,9.2,0.));
#1715 = SEAM_CURVE('',#1716,(#1720,#1727),.PCURVE_S1.);
#1716 = LINE('',#1717,#1718);
#1717 = CARTESIAN_POINT('',(0.,9.2,0.));
#1718 = VECTOR('',#1719,1.);
#1719 = DIRECTION('',(-1.,0.,0.));
#1720 = PCURVE('',#1661,#1721);
#1721 = DEFINITIONAL_REPRESENTATION('',(#1722),#1726);
#1722 = LINE('',#1723,#1724);
#1723 = CARTESIAN_POINT('',(-0.,0.));
#1724 = VECTOR('',#1725,1.);
#1725 = DIRECTION('',(-0.,1.));
#1726 = ( GEOMETRIC_REPRESENTATION_CONTEXT(2) 
PARAMETRIC_REPRESENTATION_CONTEXT() REPRESENTATION_CONTEXT('2D SPACE',''
  ) );
#1727 = PCURVE('',#1661,#1728);
#1728 = DEFINITIONAL_REPRESENTATION('',(#1729),#1733);
#1729 = LINE('',#1730,#1731);
#1730 = CARTESIAN_POINT('',(-6.28318530718,0.));
#1731 = VECTOR('',#1732,1.);
#1732 = DIRECTION('',(-0.,1.));
#1733 = ( GEOMETRIC_REPRESENTATION_CONTEXT(2) 
PARAMETRIC_REPRESENTATION_CONTEXT() REPRESENTATION_CONTEXT('2D SPACE',''
  ) );
#1734 = ORIENTED_EDGE('',*,*,#1735,.F.);
#1735 = EDGE_CURVE('',#1713,#1713,#1736,.T.);
#1736 = SURFACE_CURVE('',#1737,(#1742,#1749),.PCURVE_S1.);
#1737 = CIRCLE('',#1738,9.2);
#1738 = AXIS2_PLACEMENT_3D('',#1739,#1740,#1741);
#1739 = CARTESIAN_POINT('',(-2.,0.,0.));
#1740 = DIRECTION('',(1.,0.,0.));
#1741 = DIRECTION('',(-0.,1.,0.));
#1742 = PCURVE('',#1661,#1743);
#1743 = DEFINITIONAL_REPRESENTATION('',(#1744),#1748);
#1744 = LINE('',#1745,#1746);
#1745 = CARTESIAN_POINT('',(-0.,2.));
#1746 = VECTOR('',#1747,1.);
#1747 = DIRECTION('',(-1.,0.));
#1748 = ( GEOMETRIC_REPRESENTATION_CONTEXT(2) 
PARAMETRIC_REPRESENTATION_CONTEXT() REPRESENTATION_CONTEXT('2D SPACE',''
  ) );
#1749 = PCURVE('',#1750,#1755);
#1750 = PLANE('',#1751);
#1751 = AXIS2_PLACEMENT_3D('',#1752,#1753,#1754);
#1752 = CARTESIAN_POINT('',(-2.,0.,0.));
#1753 = DIRECTION('',(1.,0.,0.));
#1754 = DIRECTION('',(-0.,1.,0.));
#1755 = DEFINITIONAL_REPRESENTATION('',(#1756),#1760);
#1756 = CIRCLE('',#1757,9.2);
#1757 = AXIS2_PLACEMENT_2D('',#1758,#1759);
#1758 = CARTESIAN_POINT('',(0.,0.));
#1759 = DIRECTION('',(1.,-0.));
#1760 = ( GEOMETRIC_REPRESENTATION_CONTEXT(2) 
PARAMETRIC_REPRESENTATION_CONTEXT() REPRESENTATION_CONTEXT('2D SPACE',''
  ) );
#1761 = ORIENTED_EDGE('',*,*,#1712,.F.);
#1762 = ADVANCED_FACE('',(#1763),#1693,.F.);
#1763 = FACE_BOUND('',#1764,.T.);
#1764 = EDGE_LOOP('',(#1765,#1766,#1789,#1816));
#1765 = ORIENTED_EDGE('',*,*,#1676,.T.);
#1766 = ORIENTED_EDGE('',*,*,#1767,.T.);
#1767 = EDGE_CURVE('',#1677,#1768,#1770,.T.);
#1768 = VERTEX_POINT('',#1769);
#1769 = CARTESIAN_POINT('',(-32.,4.,0.));
#1770 = SEAM_CURVE('',#1771,(#1775,#1782),.PCURVE_S1.);
#1771 = LINE('',#1772,#1773);
#1772 = CARTESIAN_POINT('',(-27.,4.,0.));
#1773 = VECTOR('',#1774,1.);
#1774 = DIRECTION('',(-1.,0.,0.));
#1775 = PCURVE('',#1693,#1776);
#1776 = DEFINITIONAL_REPRESENTATION('',(#1777),#1781);
#1777 = LINE('',#1778,#1779);
#1778 = CARTESIAN_POINT('',(-0.,0.));
#1779 = VECTOR('',#1780,1.);
#1780 = DIRECTION('',(-0.,1.));
#1781 = ( GEOMETRIC_REPRESENTATION_CONTEXT(2) 
PARAMETRIC_REPRESENTATION_CONTEXT() REPRESENTATION_CONTEXT('2D SPACE',''
  ) );
#1782 = PCURVE('',#1693,#1783);
#1783 = DEFINITIONAL_REPRESENTATION('',(#1784),#1788);
#1784 = LINE('',#1785,#1786);
#1785 = CARTESIAN_POINT('',(-6.28318530718,0.));
#1786 = VECTOR('',#1787,1.);
#1787 = DIRECTION('',(-0.,1.));
#1788 = ( GEOMETRIC_REPRESENTATION_CONTEXT(2) 
PARAMETRIC_REPRESENTATION_CONTEXT() REPRESENTATION_CONTEXT('2D SPACE',''
  ) );
#1789 = ORIENTED_EDGE('',*,*,#1790,.F.);
#1790 = EDGE_CURVE('',#1768,#1768,#1791,.T.);
#1791 = SURFACE_CURVE('',#1792,(#1797,#1804),.PCURVE_S1.);
#1792 = CIRCLE('',#1793,4.);
#1793 = AXIS2_PLACEMENT_3D('',#1794,#1795,#1796);
#1794 = CARTESIAN_POINT('',(-32.,0.,0.));
#1795 = DIRECTION('',(1.,0.,0.));
#1796 = DIRECTION('',(-0.,1.,0.));
#1797 = PCURVE('',#1693,#1798);
#1798 = DEFINITIONAL_REPRESENTATION('',(#1799),#1803);
#1799 = LINE('',#1800,#1801);
#1800 = CARTESIAN_POINT('',(-0.,5.));
#1801 = VECTOR('',#1802,1.);
#1802 = DIRECTION('',(-1.,0.));
#1803 = ( GEOMETRIC_REPRESENTATION_CONTEXT(2) 
PARAMETRIC_REPRESENTATION_CONTEXT() REPRESENTATION_CONTEXT('2D SPACE',''
  ) );
#1804 = PCURVE('',#1805,#1810);
#1805 = PLANE('',#1806);
#1806 = AXIS2_PLACEMENT_3D('',#1807,#1808,#1809);
#1807 = CARTESIAN_POINT('',(-32.,0.,0.));
#1808 = DIRECTION('',(1.,0.,0.));
#1809 = DIRECTION('',(-0.,1.,0.));
#1810 = DEFINITIONAL_REPRESENTATION('',(#1811),#1815);
#1811 = CIRCLE('',#1812,4.);
#1812 = AXIS2_PLACEMENT_2D('',#1813,#1814);
#1813 = CARTESIAN_POINT('',(0.,0.));
#1814 = DIRECTION('',(1.,0.));
#1815 = ( GEOMETRIC_REPRESENTATION_CONTEXT(2) 
PARAMETRIC_REPRESENTATION_CONTEXT() REPRESENTATION_CONTEXT('2D SPACE',''
  ) );
#1816 = ORIENTED_EDGE('',*,*,#1767,.F.);
#1817 = ADVANCED_FACE('',(#1818,#1849),#1750,.T.);
#1818 = FACE_BOUND('',#1819,.F.);
#1819 = EDGE_LOOP('',(#1820));
#1820 = ORIENTED_EDGE('',*,*,#1821,.F.);
#1821 = EDGE_CURVE('',#1822,#1822,#1824,.T.);
#1822 = VERTEX_POINT('',#1823);
#1823 = CARTESIAN_POINT('',(-2.,10.4775,0.));
#1824 = SURFACE_CURVE('',#1825,(#1830,#1837),.PCURVE_S1.);
#1825 = CIRCLE('',#1826,10.4775);
#1826 = AXIS2_PLACEMENT_3D('',#1827,#1828,#1829);
#1827 = CARTESIAN_POINT('',(-2.,0.,0.));
#1828 = DIRECTION('',(1.,0.,0.));
#1829 = DIRECTION('',(-0.,1.,0.));
#1830 = PCURVE('',#1750,#1831);
#1831 = DEFINITIONAL_REPRESENTATION('',(#1832),#1836);
#1832 = CIRCLE('',#1833,10.4775);
#1833 = AXIS2_PLACEMENT_2D('',#1834,#1835);
#1834 = CARTESIAN_POINT('',(0.,0.));
#1835 = DIRECTION('',(1.,-0.));
#1836 = ( GEOMETRIC_REPRESENTATION_CONTEXT(2) 
PARAMETRIC_REPRESENTATION_CONTEXT() REPRESENTATION_CONTEXT('2D SPACE',''
  ) );
#1837 = PCURVE('',#1838,#1843);
#1838 = CYLINDRICAL_SURFACE('',#1839,10.4775);
#1839 = AXIS2_PLACEMENT_3D('',#1840,#1841,#1842);
#1840 = CARTESIAN_POINT('',(-2.,0.,0.));
#1841 = DIRECTION('',(-1.,-0.,-0.));
#1842 = DIRECTION('',(0.,1.,0.));
#1843 = DEFINITIONAL_REPRESENTATION('',(#1844),#1848);
#1844 = LINE('',#1845,#1846);
#1845 = CARTESIAN_POINT('',(-0.,0.));
#1846 = VECTOR('',#1847,1.);
#1847 = DIRECTION('',(-1.,0.));
#1848 = ( GEOMETRIC_REPRESENTATION_CONTEXT(2) 
PARAMETRIC_REPRESENTATION_CONTEXT() REPRESENTATION_CONTEXT('2D SPACE',''
  ) );
#1849 = FACE_BOUND('',#1850,.F.);
#1850 = EDGE_LOOP('',(#1851));
#1851 = ORIENTED_EDGE('',*,*,#1735,.T.);
#1852 = ADVANCED_FACE('',(#1853,#1884),#1805,.F.);
#1853 = FACE_BOUND('',#1854,.F.);
#1854 = EDGE_LOOP('',(#1855));
#1855 = ORIENTED_EDGE('',*,*,#1856,.T.);
#1856 = EDGE_CURVE('',#1857,#1857,#1859,.T.);
#1857 = VERTEX_POINT('',#1858);
#1858 = CARTESIAN_POINT('',(-32.,5.,0.));
#1859 = SURFACE_CURVE('',#1860,(#1865,#1872),.PCURVE_S1.);
#1860 = CIRCLE('',#1861,5.);
#1861 = AXIS2_PLACEMENT_3D('',#1862,#1863,#1864);
#1862 = CARTESIAN_POINT('',(-32.,0.,0.));
#1863 = DIRECTION('',(1.,0.,0.));
#1864 = DIRECTION('',(-0.,1.,0.));
#1865 = PCURVE('',#1805,#1866);
#1866 = DEFINITIONAL_REPRESENTATION('',(#1867),#1871);
#1867 = CIRCLE('',#1868,5.);
#1868 = AXIS2_PLACEMENT_2D('',#1869,#1870);
#1869 = CARTESIAN_POINT('',(0.,0.));
#1870 = DIRECTION('',(1.,0.));
#1871 = ( GEOMETRIC_REPRESENTATION_CONTEXT(2) 
PARAMETRIC_REPRESENTATION_CONTEXT() REPRESENTATION_CONTEXT('2D SPACE',''
  ) );
#1872 = PCURVE('',#1873,#1878);
#1873 = CYLINDRICAL_SURFACE('',#1874,5.);
#1874 = AXIS2_PLACEMENT_3D('',#1875,#1876,#1877);
#1875 = CARTESIAN_POINT('',(-26.,0.,0.));
#1876 = DIRECTION('',(-1.,-0.,-0.));
#1877 = DIRECTION('',(0.,1.,0.));
#1878 = DEFINITIONAL_REPRESENTATION('',(#1879),#1883);
#1879 = LINE('',#1880,#1881);
#1880 = CARTESIAN_POINT('',(-0.,6.));
#1881 = VECTOR('',#1882,1.);
#1882 = DIRECTION('',(-1.,0.));
#1883 = ( GEOMETRIC_REPRESENTATION_CONTEXT(2) 
PARAMETRIC_REPRESENTATION_CONTEXT() REPRESENTATION_CONTEXT('2D SPACE',''
  ) );
#1884 = FACE_BOUND('',#1885,.F.);
#1885 = EDGE_LOOP('',(#1886));
#1886 = ORIENTED_EDGE('',*,*,#1790,.F.);
#1887 = ADVANCED_FACE('',(#1888),#1838,.T.);
#1888 = FACE_BOUND('',#1889,.F.);
#1889 = EDGE_LOOP('',(#1890,#1891,#1914,#1941));
#1890 = ORIENTED_EDGE('',*,*,#1821,.T.);
#1891 = ORIENTED_EDGE('',*,*,#1892,.T.);
#1892 = EDGE_CURVE('',#1822,#1893,#1895,.T.);
#1893 = VERTEX_POINT('',#1894);
#1894 = CARTESIAN_POINT('',(-14.,10.4775,0.));
#1895 = SEAM_CURVE('',#1896,(#1900,#1907),.PCURVE_S1.);
#1896 = LINE('',#1897,#1898);
#1897 = CARTESIAN_POINT('',(-2.,10.4775,0.));
#1898 = VECTOR('',#1899,1.);
#1899 = DIRECTION('',(-1.,0.,0.));
#1900 = PCURVE('',#1838,#1901);
#1901 = DEFINITIONAL_REPRESENTATION('',(#1902),#1906);
#1902 = LINE('',#1903,#1904);
#1903 = CARTESIAN_POINT('',(-0.,0.));
#1904 = VECTOR('',#1905,1.);
#1905 = DIRECTION('',(-0.,1.));
#1906 = ( GEOMETRIC_REPRESENTATION_CONTEXT(2) 
PARAMETRIC_REPRESENTATION_CONTEXT() REPRESENTATION_CONTEXT('2D SPACE',''
  ) );
#1907 = PCURVE('',#1838,#1908);
#1908 = DEFINITIONAL_REPRESENTATION('',(#1909),#1913);
#1909 = LINE('',#1910,#1911);
#1910 = CARTESIAN_POINT('',(-6.28318530718,0.));
#1911 = VECTOR('',#1912,1.);
#1912 = DIRECTION('',(-0.,1.));
#1913 = ( GEOMETRIC_REPRESENTATION_CONTEXT(2) 
PARAMETRIC_REPRESENTATION_CONTEXT() REPRESENTATION_CONTEXT('2D SPACE',''
  ) );
#1914 = ORIENTED_EDGE('',*,*,#1915,.F.);
#1915 = EDGE_CURVE('',#1893,#1893,#1916,.T.);
#1916 = SURFACE_CURVE('',#1917,(#1922,#1929),.PCURVE_S1.);
#1917 = CIRCLE('',#1918,10.4775);
#1918 = AXIS2_PLACEMENT_3D('',#1919,#1920,#1921);
#1919 = CARTESIAN_POINT('',(-14.,0.,0.));
#1920 = DIRECTION('',(1.,0.,0.));
#1921 = DIRECTION('',(-0.,1.,0.));
#1922 = PCURVE('',#1838,#1923);
#1923 = DEFINITIONAL_REPRESENTATION('',(#1924),#1928);
#1924 = LINE('',#1925,#1926);
#1925 = CARTESIAN_POINT('',(-0.,12.));
#1926 = VECTOR('',#1927,1.);
#1927 = DIRECTION('',(-1.,0.));
#1928 = ( GEOMETRIC_REPRESENTATION_CONTEXT(2) 
PARAMETRIC_REPRESENTATION_CONTEXT() REPRESENTATION_CONTEXT('2D SPACE',''
  ) );
#1929 = PCURVE('',#1930,#1935);
#1930 = PLANE('',#1931);
#1931 = AXIS2_PLACEMENT_3D('',#1932,#1933,#1934);
#1932 = CARTESIAN_POINT('',(-14.,0.,0.));
#1933 = DIRECTION('',(1.,0.,0.));
#1934 = DIRECTION('',(-0.,1.,0.));
#1935 = DEFINITIONAL_REPRESENTATION('',(#1936),#1940);
#1936 = CIRCLE('',#1937,10.4775);
#1937 = AXIS2_PLACEMENT_2D('',#1938,#1939);
#1938 = CARTESIAN_POINT('',(0.,0.));
#1939 = DIRECTION('',(1.,0.));
#1940 = ( GEOMETRIC_REPRESENTATION_CONTEXT(2) 
PARAMETRIC_REPRESENTATION_CONTEXT() REPRESENTATION_CONTEXT('2D SPACE',''
  ) );
#1941 = ORIENTED_EDGE('',*,*,#1892,.F.);
#1942 = ADVANCED_FACE('',(#1943),#1873,.T.);
#1943 = FACE_BOUND('',#1944,.F.);
#1944 = EDGE_LOOP('',(#1945,#1974,#1995,#1996));
#1945 = ORIENTED_EDGE('',*,*,#1946,.T.);
#1946 = EDGE_CURVE('',#1947,#1947,#1949,.T.);
#1947 = VERTEX_POINT('',#1948);
#1948 = CARTESIAN_POINT('',(-26.,5.,0.));
#1949 = SURFACE_CURVE('',#1950,(#1955,#1962),.PCURVE_S1.);
#1950 = CIRCLE('',#1951,5.);
#1951 = AXIS2_PLACEMENT_3D('',#1952,#1953,#1954);
#1952 = CARTESIAN_POINT('',(-26.,0.,0.));
#1953 = DIRECTION('',(1.,0.,0.));
#1954 = DIRECTION('',(-0.,1.,0.));
#1955 = PCURVE('',#1873,#1956);
#1956 = DEFINITIONAL_REPRESENTATION('',(#1957),#1961);
#1957 = LINE('',#1958,#1959);
#1958 = CARTESIAN_POINT('',(-0.,0.));
#1959 = VECTOR('',#1960,1.);
#1960 = DIRECTION('',(-1.,0.));
#1961 = ( GEOMETRIC_REPRESENTATION_CONTEXT(2) 
PARAMETRIC_REPRESENTATION_CONTEXT() REPRESENTATION_CONTEXT('2D SPACE',''
  ) );
#1962 = PCURVE('',#1963,#1968);
#1963 = PLANE('',#1964);
#1964 = AXIS2_PLACEMENT_3D('',#1965,#1966,#1967);
#1965 = CARTESIAN_POINT('',(-26.,0.,0.));
#1966 = DIRECTION('',(1.,0.,0.));
#1967 = DIRECTION('',(-0.,1.,0.));
#1968 = DEFINITIONAL_REPRESENTATION('',(#1969),#1973);
#1969 = CIRCLE('',#1970,5.);
#1970 = AXIS2_PLACEMENT_2D('',#1971,#1972);
#1971 = CARTESIAN_POINT('',(0.,0.));
#1972 = DIRECTION('',(1.,0.));
#1973 = ( GEOMETRIC_REPRESENTATION_CONTEXT(2) 
PARAMETRIC_REPRESENTATION_CONTEXT() REPRESENTATION_CONTEXT('2D SPACE',''
  ) );
#1974 = ORIENTED_EDGE('',*,*,#1975,.T.);
#1975 = EDGE_CURVE('',#1947,#1857,#1976,.T.);
#1976 = SEAM_CURVE('',#1977,(#1981,#1988),.PCURVE_S1.);
#1977 = LINE('',#1978,#1979);
#1978 = CARTESIAN_POINT('',(-26.,5.,0.));
#1979 = VECTOR('',#1980,1.);
#1980 = DIRECTION('',(-1.,0.,0.));
#1981 = PCURVE('',#1873,#1982);
#1982 = DEFINITIONAL_REPRESENTATION('',(#1983),#1987);
#1983 = LINE('',#1984,#1985);
#1984 = CARTESIAN_POINT('',(-0.,0.));
#1985 = VECTOR('',#1986,1.);
#1986 = DIRECTION('',(-0.,1.));
#1987 = ( GEOMETRIC_REPRESENTATION_CONTEXT(2) 
PARAMETRIC_REPRESENTATION_CONTEXT() REPRESENTATION_CONTEXT('2D SPACE',''
  ) );
#1988 = PCURVE('',#1873,#1989);
#1989 = DEFINITIONAL_REPRESENTATION('',(#1990),#1994);
#1990 = LINE('',#1991,#1992);
#1991 = CARTESIAN_POINT('',(-6.28318530718,0.));
#1992 = VECTOR('',#1993,1.);
#1993 = DIRECTION('',(-0.,1.));
#1994 = ( GEOMETRIC_REPRESENTATION_CONTEXT(2) 
PARAMETRIC_REPRESENTATION_CONTEXT() REPRESENTATION_CONTEXT('2D SPACE',''
  ) );
#1995 = ORIENTED_EDGE('',*,*,#1856,.F.);
#1996 = ORIENTED_EDGE('',*,*,#1975,.F.);
#1997 = ADVANCED_FACE('',(#1998,#2001),#1930,.F.);
#1998 = FACE_BOUND('',#1999,.F.);
#1999 = EDGE_LOOP('',(#2000));
#2000 = ORIENTED_EDGE('',*,*,#1915,.T.);
#2001 = FACE_BOUND('',#2002,.F.);
#2002 = EDGE_LOOP('',(#2003));
#2003 = ORIENTED_EDGE('',*,*,#2004,.F.);
#2004 = EDGE_CURVE('',#2005,#2005,#2007,.T.);
#2005 = VERTEX_POINT('',#2006);
#2006 = CARTESIAN_POINT('',(-14.,6.,0.));
#2007 = SURFACE_CURVE('',#2008,(#2013,#2020),.PCURVE_S1.);
#2008 = CIRCLE('',#2009,6.);
#2009 = AXIS2_PLACEMENT_3D('',#2010,#2011,#2012);
#2010 = CARTESIAN_POINT('',(-14.,0.,0.));
#2011 = DIRECTION('',(1.,0.,0.));
#2012 = DIRECTION('',(-0.,1.,0.));
#2013 = PCURVE('',#1930,#2014);
#2014 = DEFINITIONAL_REPRESENTATION('',(#2015),#2019);
#2015 = CIRCLE('',#2016,6.);
#2016 = AXIS2_PLACEMENT_2D('',#2017,#2018);
#2017 = CARTESIAN_POINT('',(0.,0.));
#2018 = DIRECTION('',(1.,0.));
#2019 = ( GEOMETRIC_REPRESENTATION_CONTEXT(2) 
PARAMETRIC_REPRESENTATION_CONTEXT() REPRESENTATION_CONTEXT('2D SPACE',''
  ) );
#2020 = PCURVE('',#2021,#2026);
#2021 = CYLINDRICAL_SURFACE('',#2022,6.);
#2022 = AXIS2_PLACEMENT_3D('',#2023,#2024,#2025);
#2023 = CARTESIAN_POINT('',(-14.,0.,0.));
#2024 = DIRECTION('',(-1.,-0.,-0.));
#2025 = DIRECTION('',(0.,1.,0.));
#2026 = DEFINITIONAL_REPRESENTATION('',(#2027),#2031);
#2027 = LINE('',#2028,#2029);
#2028 = CARTESIAN_POINT('',(-0.,0.));
#2029 = VECTOR('',#2030,1.);
#2030 = DIRECTION('',(-1.,0.));
#2031 = ( GEOMETRIC_REPRESENTATION_CONTEXT(2) 
PARAMETRIC_REPRESENTATION_CONTEXT() REPRESENTATION_CONTEXT('2D SPACE',''
  ) );
#2032 = ADVANCED_FACE('',(#2033,#2059),#1963,.F.);
#2033 = FACE_BOUND('',#2034,.F.);
#2034 = EDGE_LOOP('',(#2035));
#2035 = ORIENTED_EDGE('',*,*,#2036,.T.);
#2036 = EDGE_CURVE('',#2037,#2037,#2039,.T.);
#2037 = VERTEX_POINT('',#2038);
#2038 = CARTESIAN_POINT('',(-26.,6.,0.));
#2039 = SURFACE_CURVE('',#2040,(#2045,#2052),.PCURVE_S1.);
#2040 = CIRCLE('',#2041,6.);
#2041 = AXIS2_PLACEMENT_3D('',#2042,#2043,#2044);
#2042 = CARTESIAN_POINT('',(-26.,0.,0.));
#2043 = DIRECTION('',(1.,0.,0.));
#2044 = DIRECTION('',(-0.,1.,0.));
#2045 = PCURVE('',#1963,#2046);
#2046 = DEFINITIONAL_REPRESENTATION('',(#2047),#2051);
#2047 = CIRCLE('',#2048,6.);
#2048 = AXIS2_PLACEMENT_2D('',#2049,#2050);
#2049 = CARTESIAN_POINT('',(0.,0.));
#2050 = DIRECTION('',(1.,0.));
#2051 = ( GEOMETRIC_REPRESENTATION_CONTEXT(2) 
PARAMETRIC_REPRESENTATION_CONTEXT() REPRESENTATION_CONTEXT('2D SPACE',''
  ) );
#2052 = PCURVE('',#2021,#2053);
#2053 = DEFINITIONAL_REPRESENTATION('',(#2054),#2058);
#2054 = LINE('',#2055,#2056);
#2055 = CARTESIAN_POINT('',(-0.,12.));
#2056 = VECTOR('',#2057,1.);
#2057 = DIRECTION('',(-1.,0.));
#2058 = ( GEOMETRIC_REPRESENTATION_CONTEXT(2) 
PARAMETRIC_REPRESENTATION_CONTEXT() REPRESENTATION_CONTEXT('2D SPACE',''
  ) );
#2059 = FACE_BOUND('',#2060,.F.);
#2060 = EDGE_LOOP('',(#2061));
#2061 = ORIENTED_EDGE('',*,*,#1946,.F.);
#2062 = ADVANCED_FACE('',(#2063),#2021,.T.);
#2063 = FACE_BOUND('',#2064,.F.);
#2064 = EDGE_LOOP('',(#2065,#2066,#2087,#2088));
#2065 = ORIENTED_EDGE('',*,*,#2004,.T.);
#2066 = ORIENTED_EDGE('',*,*,#2067,.T.);
#2067 = EDGE_CURVE('',#2005,#2037,#2068,.T.);
#2068 = SEAM_CURVE('',#2069,(#2073,#2080),.PCURVE_S1.);
#2069 = LINE('',#2070,#2071);
#2070 = CARTESIAN_POINT('',(-14.,6.,0.));
#2071 = VECTOR('',#2072,1.);
#2072 = DIRECTION('',(-1.,0.,0.));
#2073 = PCURVE('',#2021,#2074);
#2074 = DEFINITIONAL_REPRESENTATION('',(#2075),#2079);
#2075 = LINE('',#2076,#2077);
#2076 = CARTESIAN_POINT('',(-0.,0.));
#2077 = VECTOR('',#2078,1.);
#2078 = DIRECTION('',(-0.,1.));
#2079 = ( GEOMETRIC_REPRESENTATION_CONTEXT(2) 
PARAMETRIC_REPRESENTATION_CONTEXT() REPRESENTATION_CONTEXT('2D SPACE',''
  ) );
#2080 = PCURVE('',#2021,#2081);
#2081 = DEFINITIONAL_REPRESENTATION('',(#2082),#2086);
#2082 = LINE('',#2083,#2084);
#2083 = CARTESIAN_POINT('',(-6.28318530718,0.));
#2084 = VECTOR('',#2085,1.);
#2085 = DIRECTION('',(-0.,1.));
#2086 = ( GEOMETRIC_REPRESENTATION_CONTEXT(2) 
PARAMETRIC_REPRESENTATION_CONTEXT() REPRESENTATION_CONTEXT('2D SPACE',''
  ) );
#2087 = ORIENTED_EDGE('',*,*,#2036,.F.);
#2088 = ORIENTED_EDGE('',*,*,#2067,.F.);
#2089 = ( GEOMETRIC_REPRESENTATION_CONTEXT(3) 
GLOBAL_UNCERTAINTY_ASSIGNED_CONTEXT((#2093)) 
GLOBAL_UNIT_ASSIGNED_CONTEXT((#2090,#2091,#2092)) REPRESENTATION_CONTEXT
('Context #1','3D Context with UNIT and UNCERTAINTY') );
#2090 = ( LENGTH_UNIT() NAMED_UNIT(*) SI_UNIT(.MILLI.,.METRE.) );
#2091 = ( NAMED_UNIT(*) PLANE_ANGLE_UNIT() SI_UNIT($,.RADIAN.) );
#2092 = ( NAMED_UNIT(*) SI_UNIT($,.STERADIAN.) SOLID_ANGLE_UNIT() );
#2093 = UNCERTAINTY_MEASURE_WITH_UNIT(LENGTH_MEASURE(2.E-07),#2090,
  'distance_accuracy_value','confusion accuracy');
#2094 = PRODUCT_RELATED_PRODUCT_CATEGORY('part',$,(#7));
ENDSEC;
END-ISO-10303-21;
