ISO-10303-21;
HEADER;
FILE_DESCRIPTION(('Open CASCADE Model'),'2;1');
FILE_NAME('Open CASCADE Shape Model','2026-09-26T07:08:36',('Author'),(
    'Open CASCADE'),'Open CASCADE STEP processor 7.9','Open CASCADE 7.9'
  ,'Unknown');
FILE_SCHEMA(('AUTOMOTIVE_DESIGN { 1 0 10303 214 1 1 1 1 }'));
ENDSEC;
DATA;
#1 = APPLICATION_PROTOCOL_DEFINITION('international standard',
  'automotive_design',2000,#2);
#2 = APPLICATION_CONTEXT(
  'core data for automotive mechanical design processes');
#3 = SHAPE_DEFINITION_REPRESENTATION(#4,#10);
#4 = PRODUCT_DEFINITION_SHAPE('','',#5);
#5 = PRODUCT_DEFINITION('design','',#6,#9);
#6 = PRODUCT_DEFINITION_FORMATION('','',#7);
#7 = PRODUCT('HMT500','HMT500','',(#8));
#8 = PRODUCT_CONTEXT('',#2,'mechanical');
#9 = PRODUCT_DEFINITION_CONTEXT('part definition',#2,'design');
#10 = SHAPE_REPRESENTATION('',(#11,#15,#19,#23,#27,#31,#35,#39,#43,#47,
    #51),#55);
#11 = AXIS2_PLACEMENT_3D('',#12,#13,#14);
#12 = CARTESIAN_POINT('',(0.,0.,0.));
#13 = DIRECTION('',(0.,0.,1.));
#14 = DIRECTION('',(1.,0.,-0.));
#15 = AXIS2_PLACEMENT_3D('',#16,#17,#18);
#16 = CARTESIAN_POINT('',(0.,0.,0.));
#17 = DIRECTION('',(0.,0.,1.));
#18 = DIRECTION('',(1.,0.,-0.));
#19 = AXIS2_PLACEMENT_3D('',#20,#21,#22);
#20 = CARTESIAN_POINT('',(0.,0.,0.));
#21 = DIRECTION('',(0.,0.,1.));
#22 = DIRECTION('',(1.,0.,-0.));
#23 = AXIS2_PLACEMENT_3D('',#24,#25,#26);
#24 = CARTESIAN_POINT('',(0.,0.,0.));
#25 = DIRECTION('',(0.,0.,1.));
#26 = DIRECTION('',(1.,0.,-0.));
#27 = AXIS2_PLACEMENT_3D('',#28,#29,#30);
#28 = CARTESIAN_POINT('',(0.,0.,0.));
#29 = DIRECTION('',(0.,0.,1.));
#30 = DIRECTION('',(1.,0.,-0.));
#31 = AXIS2_PLACEMENT_3D('',#32,#33,#34);
#32 = CARTESIAN_POINT('',(0.,0.,0.));
#33 = DIRECTION('',(0.,0.,1.));
#34 = DIRECTION('',(1.,0.,-0.));
#35 = AXIS2_PLACEMENT_3D('',#36,#37,#38);
#36 = CARTESIAN_POINT('',(0.,0.,0.));
#37 = DIRECTION('',(0.,0.,1.));
#38 = DIRECTION('',(1.,0.,-0.));
#39 = AXIS2_PLACEMENT_3D('',#40,#41,#42);
#40 = CARTESIAN_POINT('',(0.,0.,0.));
#41 = DIRECTION('',(0.,0.,1.));
#42 = DIRECTION('',(1.,0.,-0.));
#43 = AXIS2_PLACEMENT_3D('',#44,#45,#46);
#44 = CARTESIAN_POINT('',(0.,0.,0.));
#45 = DIRECTION('',(0.,0.,1.));
#46 = DIRECTION('',(1.,0.,-0.));
#47 = AXIS2_PLACEMENT_3D('',#48,#49,#50);
#48 = CARTESIAN_POINT('',(0.,0.,0.));
#49 = DIRECTION('',(0.,0.,1.));
#50 = DIRECTION('',(1.,0.,-0.));
#51 = AXIS2_PLACEMENT_3D('',#52,#53,#54);
#52 = CARTESIAN_POINT('',(0.,0.,0.));
#53 = DIRECTION('',(0.,0.,1.));
#54 = DIRECTION('',(1.,0.,-0.));
#55 = ( GEOMETRIC_REPRESENTATION_CONTEXT(3) 
GLOBAL_UNCERTAINTY_ASSIGNED_CONTEXT((#59)) GLOBAL_UNIT_ASSIGNED_CONTEXT(
(#56,#57,#58)) REPRESENTATION_CONTEXT('Context #1',
  '3D Context with UNIT and UNCERTAINTY') );
#56 = ( LENGTH_UNIT() NAMED_UNIT(*) SI_UNIT(.MILLI.,.METRE.) );
#57 = ( NAMED_UNIT(*) PLANE_ANGLE_UNIT() SI_UNIT($,.RADIAN.) );
#58 = ( NAMED_UNIT(*) SI_UNIT($,.STERADIAN.) SOLID_ANGLE_UNIT() );
#59 = UNCERTAINTY_MEASURE_WITH_UNIT(LENGTH_MEASURE(1.E-07),#56,
  'distance_accuracy_value','confusion accuracy');
#60 = PRODUCT_RELATED_PRODUCT_CATEGORY('part',$,(#7));
#61 = SHAPE_DEFINITION_REPRESENTATION(#62,#68);
#62 = PRODUCT_DEFINITION_SHAPE('','',#63);
#63 = PRODUCT_DEFINITION('design','',#64,#67);
#64 = PRODUCT_DEFINITION_FORMATION('','',#65);
#65 = PRODUCT('M-101_body','M-101_body','',(#66));
#66 = PRODUCT_CONTEXT('',#2,'mechanical');
#67 = PRODUCT_DEFINITION_CONTEXT('part definition',#2,'design');
#68 = ADVANCED_BREP_SHAPE_REPRESENTATION('',(#11,#69),#2421);
#69 = MANIFOLD_SOLID_BREP('',#70);
#70 = CLOSED_SHELL('',(#71,#139,#194,#253,#437,#472,#540,#603,#666,#729,
    #792,#850,#905,#1020,#1108,#1196,#1284,#1372,#1433,#1472,#1504,#1531
    ,#1558,#1585,#1612,#1639,#1694,#1734,#1769,#1824,#1879,#1914,#1949,
    #2004,#2059,#2094,#2129,#2184,#2239,#2274,#2309,#2364,#2414));
#71 = ADVANCED_FACE('',(#72,#108),#85,.T.);
#72 = FACE_BOUND('',#73,.F.);
#73 = EDGE_LOOP('',(#74));
#74 = ORIENTED_EDGE('',*,*,#75,.F.);
#75 = EDGE_CURVE('',#76,#76,#78,.T.);
#76 = VERTEX_POINT('',#77);
#77 = CARTESIAN_POINT('',(15.,16.,0.));
#78 = SURFACE_CURVE('',#79,(#84,#96),.PCURVE_S1.);
#79 = CIRCLE('',#80,16.);
#80 = AXIS2_PLACEMENT_3D('',#81,#82,#83);
#81 = CARTESIAN_POINT('',(15.,0.,0.));
#82 = DIRECTION('',(1.,0.,0.));
#83 = DIRECTION('',(-0.,1.,0.));
#84 = PCURVE('',#85,#90);
#85 = PLANE('',#86);
#86 = AXIS2_PLACEMENT_3D('',#87,#88,#89);
#87 = CARTESIAN_POINT('',(15.,0.,0.));
#88 = DIRECTION('',(1.,0.,0.));
#89 = DIRECTION('',(-0.,1.,0.));
#90 = DEFINITIONAL_REPRESENTATION('',(#91),#95);
#91 = CIRCLE('',#92,16.);
#92 = AXIS2_PLACEMENT_2D('',#93,#94);
#93 = CARTESIAN_POINT('',(0.,0.));
#94 = DIRECTION('',(1.,-0.));
#95 = ( GEOMETRIC_REPRESENTATION_CONTEXT(2) 
PARAMETRIC_REPRESENTATION_CONTEXT() REPRESENTATION_CONTEXT('2D SPACE',''
  ) );
#96 = PCURVE('',#97,#102);
#97 = CYLINDRICAL_SURFACE('',#98,16.);
#98 = AXIS2_PLACEMENT_3D('',#99,#100,#101);
#99 = CARTESIAN_POINT('',(15.,0.,0.));
#100 = DIRECTION('',(-1.,-0.,-0.));
#101 = DIRECTION('',(0.,1.,0.));
#102 = DEFINITIONAL_REPRESENTATION('',(#103),#107);
#103 = LINE('',#104,#105);
#104 = CARTESIAN_POINT('',(-0.,0.));
#105 = VECTOR('',#106,1.);
#106 = DIRECTION('',(-1.,0.));
#107 = ( GEOMETRIC_REPRESENTATION_CONTEXT(2) 
PARAMETRIC_REPRESENTATION_CONTEXT() REPRESENTATION_CONTEXT('2D SPACE',''
  ) );
#108 = FACE_BOUND('',#109,.F.);
#109 = EDGE_LOOP('',(#110));
#110 = ORIENTED_EDGE('',*,*,#111,.T.);
#111 = EDGE_CURVE('',#112,#112,#114,.T.);
#112 = VERTEX_POINT('',#113);
#113 = CARTESIAN_POINT('',(15.,14.5,0.));
#114 = SURFACE_CURVE('',#115,(#120,#127),.PCURVE_S1.);
#115 = CIRCLE('',#116,14.5);
#116 = AXIS2_PLACEMENT_3D('',#117,#118,#119);
#117 = CARTESIAN_POINT('',(15.,0.,0.));
#118 = DIRECTION('',(1.,0.,0.));
#119 = DIRECTION('',(-0.,1.,0.));
#120 = PCURVE('',#85,#121);
#121 = DEFINITIONAL_REPRESENTATION('',(#122),#126);
#122 = CIRCLE('',#123,14.5);
#123 = AXIS2_PLACEMENT_2D('',#124,#125);
#124 = CARTESIAN_POINT('',(0.,0.));
#125 = DIRECTION('',(1.,-0.));
#126 = ( GEOMETRIC_REPRESENTATION_CONTEXT(2) 
PARAMETRIC_REPRESENTATION_CONTEXT() REPRESENTATION_CONTEXT('2D SPACE',''
  ) );
#127 = PCURVE('',#128,#133);
#128 = CYLINDRICAL_SURFACE('',#129,14.5);
#129 = AXIS2_PLACEMENT_3D('',#130,#131,#132);
#130 = CARTESIAN_POINT('',(19.,0.,0.));
#131 = DIRECTION('',(-1.,-0.,-0.));
#132 = DIRECTION('',(0.,1.,0.));
#133 = DEFINITIONAL_REPRESENTATION('',(#134),#138);
#134 = LINE('',#135,#136);
#135 = CARTESIAN_POINT('',(-0.,4.));
#136 = VECTOR('',#137,1.);
#137 = DIRECTION('',(-1.,0.));
#138 = ( GEOMETRIC_REPRESENTATION_CONTEXT(2) 
PARAMETRIC_REPRESENTATION_CONTEXT() REPRESENTATION_CONTEXT('2D SPACE',''
  ) );
#139 = ADVANCED_FACE('',(#140),#97,.T.);
#140 = FACE_BOUND('',#141,.F.);
#141 = EDGE_LOOP('',(#142,#143,#166,#193));
#142 = ORIENTED_EDGE('',*,*,#75,.T.);
#143 = ORIENTED_EDGE('',*,*,#144,.T.);
#144 = EDGE_CURVE('',#76,#145,#147,.T.);
#145 = VERTEX_POINT('',#146);
#146 = CARTESIAN_POINT('',(12.,16.,0.));
#147 = SEAM_CURVE('',#148,(#152,#159),.PCURVE_S1.);
#148 = LINE('',#149,#150);
#149 = CARTESIAN_POINT('',(15.,16.,0.));
#150 = VECTOR('',#151,1.);
#151 = DIRECTION('',(-1.,0.,0.));
#152 = PCURVE('',#97,#153);
#153 = DEFINITIONAL_REPRESENTATION('',(#154),#158);
#154 = LINE('',#155,#156);
#155 = CARTESIAN_POINT('',(-0.,0.));
#156 = VECTOR('',#157,1.);
#157 = DIRECTION('',(-0.,1.));
#158 = ( GEOMETRIC_REPRESENTATION_CONTEXT(2) 
PARAMETRIC_REPRESENTATION_CONTEXT() REPRESENTATION_CONTEXT('2D SPACE',''
  ) );
#159 = PCURVE('',#97,#160);
#160 = DEFINITIONAL_REPRESENTATION('',(#161),#165);
#161 = LINE('',#162,#163);
#162 = CARTESIAN_POINT('',(-6.28318530718,0.));
#163 = VECTOR('',#164,1.);
#164 = DIRECTION('',(-0.,1.));
#165 = ( GEOMETRIC_REPRESENTATION_CONTEXT(2) 
PARAMETRIC_REPRESENTATION_CONTEXT() REPRESENTATION_CONTEXT('2D SPACE',''
  ) );
#166 = ORIENTED_EDGE('',*,*,#167,.F.);
#167 = EDGE_CURVE('',#145,#145,#168,.T.);
#168 = SURFACE_CURVE('',#169,(#174,#181),.PCURVE_S1.);
#169 = CIRCLE('',#170,16.);
#170 = AXIS2_PLACEMENT_3D('',#171,#172,#173);
#171 = CARTESIAN_POINT('',(12.,0.,0.));
#172 = DIRECTION('',(1.,0.,0.));
#173 = DIRECTION('',(-0.,1.,0.));
#174 = PCURVE('',#97,#175);
#175 = DEFINITIONAL_REPRESENTATION('',(#176),#180);
#176 = LINE('',#177,#178);
#177 = CARTESIAN_POINT('',(-0.,3.));
#178 = VECTOR('',#179,1.);
#179 = DIRECTION('',(-1.,0.));
#180 = ( GEOMETRIC_REPRESENTATION_CONTEXT(2) 
PARAMETRIC_REPRESENTATION_CONTEXT() REPRESENTATION_CONTEXT('2D SPACE',''
  ) );
#181 = PCURVE('',#182,#187);
#182 = PLANE('',#183);
#183 = AXIS2_PLACEMENT_3D('',#184,#185,#186);
#184 = CARTESIAN_POINT('',(12.,0.,0.));
#185 = DIRECTION('',(1.,0.,0.));
#186 = DIRECTION('',(-0.,1.,0.));
#187 = DEFINITIONAL_REPRESENTATION('',(#188),#192);
#188 = CIRCLE('',#189,16.);
#189 = AXIS2_PLACEMENT_2D('',#190,#191);
#190 = CARTESIAN_POINT('',(0.,0.));
#191 = DIRECTION('',(1.,0.));
#192 = ( GEOMETRIC_REPRESENTATION_CONTEXT(2) 
PARAMETRIC_REPRESENTATION_CONTEXT() REPRESENTATION_CONTEXT('2D SPACE',''
  ) );
#193 = ORIENTED_EDGE('',*,*,#144,.F.);
#194 = ADVANCED_FACE('',(#195),#128,.T.);
#195 = FACE_BOUND('',#196,.F.);
#196 = EDGE_LOOP('',(#197,#230,#251,#252));
#197 = ORIENTED_EDGE('',*,*,#198,.F.);
#198 = EDGE_CURVE('',#199,#199,#201,.T.);
#199 = VERTEX_POINT('',#200);
#200 = CARTESIAN_POINT('',(15.65,14.5,0.));
#201 = SURFACE_CURVE('',#202,(#207,#214),.PCURVE_S1.);
#202 = CIRCLE('',#203,14.5);
#203 = AXIS2_PLACEMENT_3D('',#204,#205,#206);
#204 = CARTESIAN_POINT('',(15.65,0.,0.));
#205 = DIRECTION('',(-1.,0.,0.));
#206 = DIRECTION('',(0.,1.,0.));
#207 = PCURVE('',#128,#208);
#208 = DEFINITIONAL_REPRESENTATION('',(#209),#213);
#209 = LINE('',#210,#211);
#210 = CARTESIAN_POINT('',(-6.28318530718,3.35));
#211 = VECTOR('',#212,1.);
#212 = DIRECTION('',(1.,-0.));
#213 = ( GEOMETRIC_REPRESENTATION_CONTEXT(2) 
PARAMETRIC_REPRESENTATION_CONTEXT() REPRESENTATION_CONTEXT('2D SPACE',''
  ) );
#214 = PCURVE('',#215,#220);
#215 = PLANE('',#216);
#216 = AXIS2_PLACEMENT_3D('',#217,#218,#219);
#217 = CARTESIAN_POINT('',(15.65,0.,0.));
#218 = DIRECTION('',(1.,0.,0.));
#219 = DIRECTION('',(-0.,1.,0.));
#220 = DEFINITIONAL_REPRESENTATION('',(#221),#229);
#221 = ( BOUNDED_CURVE() B_SPLINE_CURVE(2,(#222,#223,#224,#225,#226,#227
,#228),.UNSPECIFIED.,.T.,.F.) B_SPLINE_CURVE_WITH_KNOTS((1,2,2,2,2,1),(
    -2.094395102393,0.,2.094395102393,4.188790204786,6.28318530718,
8.377580409573),.UNSPECIFIED.) CURVE() GEOMETRIC_REPRESENTATION_ITEM() 
RATIONAL_B_SPLINE_CURVE((1.,0.5,1.,0.5,1.,0.5,1.)) REPRESENTATION_ITEM(
  '') );
#222 = CARTESIAN_POINT('',(14.5,0.));
#223 = CARTESIAN_POINT('',(14.5,-25.11473670974));
#224 = CARTESIAN_POINT('',(-7.25,-12.55736835487));
#225 = CARTESIAN_POINT('',(-29.,-3.551475717527E-15));
#226 = CARTESIAN_POINT('',(-7.25,12.557368354874));
#227 = CARTESIAN_POINT('',(14.5,25.114736709749));
#228 = CARTESIAN_POINT('',(14.5,0.));
#229 = ( GEOMETRIC_REPRESENTATION_CONTEXT(2) 
PARAMETRIC_REPRESENTATION_CONTEXT() REPRESENTATION_CONTEXT('2D SPACE',''
  ) );
#230 = ORIENTED_EDGE('',*,*,#231,.T.);
#231 = EDGE_CURVE('',#199,#112,#232,.T.);
#232 = SEAM_CURVE('',#233,(#237,#244),.PCURVE_S1.);
#233 = LINE('',#234,#235);
#234 = CARTESIAN_POINT('',(19.,14.5,0.));
#235 = VECTOR('',#236,1.);
#236 = DIRECTION('',(-1.,0.,0.));
#237 = PCURVE('',#128,#238);
#238 = DEFINITIONAL_REPRESENTATION('',(#239),#243);
#239 = LINE('',#240,#241);
#240 = CARTESIAN_POINT('',(-0.,0.));
#241 = VECTOR('',#242,1.);
#242 = DIRECTION('',(-0.,1.));
#243 = ( GEOMETRIC_REPRESENTATION_CONTEXT(2) 
PARAMETRIC_REPRESENTATION_CONTEXT() REPRESENTATION_CONTEXT('2D SPACE',''
  ) );
#244 = PCURVE('',#128,#245);
#245 = DEFINITIONAL_REPRESENTATION('',(#246),#250);
#246 = LINE('',#247,#248);
#247 = CARTESIAN_POINT('',(-6.28318530718,0.));
#248 = VECTOR('',#249,1.);
#249 = DIRECTION('',(-0.,1.));
#250 = ( GEOMETRIC_REPRESENTATION_CONTEXT(2) 
PARAMETRIC_REPRESENTATION_CONTEXT() REPRESENTATION_CONTEXT('2D SPACE',''
  ) );
#251 = ORIENTED_EDGE('',*,*,#111,.F.);
#252 = ORIENTED_EDGE('',*,*,#231,.F.);
#253 = ADVANCED_FACE('',(#254,#257),#182,.F.);
#254 = FACE_BOUND('',#255,.F.);
#255 = EDGE_LOOP('',(#256));
#256 = ORIENTED_EDGE('',*,*,#167,.T.);
#257 = FACE_BOUND('',#258,.F.);
#258 = EDGE_LOOP('',(#259,#290,#319,#352,#381,#410));
#259 = ORIENTED_EDGE('',*,*,#260,.F.);
#260 = EDGE_CURVE('',#261,#263,#265,.T.);
#261 = VERTEX_POINT('',#262);
#262 = CARTESIAN_POINT('',(12.,-2.352093759735E-12,13.500000029497));
#263 = VERTEX_POINT('',#264);
#264 = CARTESIAN_POINT('',(12.,-11.69134299716,6.749999979198));
#265 = SURFACE_CURVE('',#266,(#271,#278),.PCURVE_S1.);
#266 = CIRCLE('',#267,13.5);
#267 = AXIS2_PLACEMENT_3D('',#268,#269,#270);
#268 = CARTESIAN_POINT('',(12.,0.,0.));
#269 = DIRECTION('',(1.,0.,0.));
#270 = DIRECTION('',(-0.,1.,0.));
#271 = PCURVE('',#182,#272);
#272 = DEFINITIONAL_REPRESENTATION('',(#273),#277);
#273 = CIRCLE('',#274,13.5);
#274 = AXIS2_PLACEMENT_2D('',#275,#276);
#275 = CARTESIAN_POINT('',(0.,0.));
#276 = DIRECTION('',(1.,0.));
#277 = ( GEOMETRIC_REPRESENTATION_CONTEXT(2) 
PARAMETRIC_REPRESENTATION_CONTEXT() REPRESENTATION_CONTEXT('2D SPACE',''
  ) );
#278 = PCURVE('',#279,#284);
#279 = CONICAL_SURFACE('',#280,13.5,0.525669655168);
#280 = AXIS2_PLACEMENT_3D('',#281,#282,#283);
#281 = CARTESIAN_POINT('',(12.,0.,0.));
#282 = DIRECTION('',(-1.,-0.,-0.));
#283 = DIRECTION('',(0.,1.,0.));
#284 = DEFINITIONAL_REPRESENTATION('',(#285),#289);
#285 = LINE('',#286,#287);
#286 = CARTESIAN_POINT('',(-0.,0.));
#287 = VECTOR('',#288,1.);
#288 = DIRECTION('',(-1.,0.));
#289 = ( GEOMETRIC_REPRESENTATION_CONTEXT(2) 
PARAMETRIC_REPRESENTATION_CONTEXT() REPRESENTATION_CONTEXT('2D SPACE',''
  ) );
#290 = ORIENTED_EDGE('',*,*,#291,.F.);
#291 = EDGE_CURVE('',#292,#261,#294,.T.);
#292 = VERTEX_POINT('',#293);
#293 = CARTESIAN_POINT('',(12.,11.691342917765,6.750000116714));
#294 = SURFACE_CURVE('',#295,(#300,#307),.PCURVE_S1.);
#295 = CIRCLE('',#296,13.5);
#296 = AXIS2_PLACEMENT_3D('',#297,#298,#299);
#297 = CARTESIAN_POINT('',(12.,0.,0.));
#298 = DIRECTION('',(1.,0.,0.));
#299 = DIRECTION('',(-0.,1.,0.));
#300 = PCURVE('',#182,#301);
#301 = DEFINITIONAL_REPRESENTATION('',(#302),#306);
#302 = CIRCLE('',#303,13.5);
#303 = AXIS2_PLACEMENT_2D('',#304,#305);
#304 = CARTESIAN_POINT('',(0.,0.));
#305 = DIRECTION('',(1.,0.));
#306 = ( GEOMETRIC_REPRESENTATION_CONTEXT(2) 
PARAMETRIC_REPRESENTATION_CONTEXT() REPRESENTATION_CONTEXT('2D SPACE',''
  ) );
#307 = PCURVE('',#308,#313);
#308 = CONICAL_SURFACE('',#309,13.5,0.525669655168);
#309 = AXIS2_PLACEMENT_3D('',#310,#311,#312);
#310 = CARTESIAN_POINT('',(12.,0.,0.));
#311 = DIRECTION('',(-1.,-0.,-0.));
#312 = DIRECTION('',(0.,1.,0.));
#313 = DEFINITIONAL_REPRESENTATION('',(#314),#318);
#314 = LINE('',#315,#316);
#315 = CARTESIAN_POINT('',(-0.,0.));
#316 = VECTOR('',#317,1.);
#317 = DIRECTION('',(-1.,0.));
#318 = ( GEOMETRIC_REPRESENTATION_CONTEXT(2) 
PARAMETRIC_REPRESENTATION_CONTEXT() REPRESENTATION_CONTEXT('2D SPACE',''
  ) );
#319 = ORIENTED_EDGE('',*,*,#320,.T.);
#320 = EDGE_CURVE('',#292,#321,#323,.T.);
#321 = VERTEX_POINT('',#322);
#322 = CARTESIAN_POINT('',(12.,11.691343033294,-6.749999916611));
#323 = SURFACE_CURVE('',#324,(#329,#340),.PCURVE_S1.);
#324 = CIRCLE('',#325,13.5);
#325 = AXIS2_PLACEMENT_3D('',#326,#327,#328);
#326 = CARTESIAN_POINT('',(12.,0.,0.));
#327 = DIRECTION('',(-1.,0.,0.));
#328 = DIRECTION('',(0.,0.866025399424,0.500000007553));
#329 = PCURVE('',#182,#330);
#330 = DEFINITIONAL_REPRESENTATION('',(#331),#339);
#331 = ( BOUNDED_CURVE() B_SPLINE_CURVE(2,(#332,#333,#334,#335,#336,#337
,#338),.UNSPECIFIED.,.T.,.F.) B_SPLINE_CURVE_WITH_KNOTS((1,2,2,2,2,1),(
    -2.094395102393,0.,2.094395102393,4.188790204786,6.28318530718,
8.377580409573),.UNSPECIFIED.) CURVE() GEOMETRIC_REPRESENTATION_ITEM() 
RATIONAL_B_SPLINE_CURVE((1.,0.5,1.,0.5,1.,0.5,1.)) REPRESENTATION_ITEM(
  '') );
#332 = CARTESIAN_POINT('',(11.69134289222,6.750000101965));
#333 = CARTESIAN_POINT('',(23.382686019919,-13.49999979606));
#334 = CARTESIAN_POINT('',(1.177395665408E-07,-13.5));
#335 = CARTESIAN_POINT('',(-23.38268578444,-13.50000020393));
#336 = CARTESIAN_POINT('',(-11.69134300996,6.749999898035));
#337 = CARTESIAN_POINT('',(-2.354791490689E-07,27.));
#338 = CARTESIAN_POINT('',(11.69134289222,6.750000101965));
#339 = ( GEOMETRIC_REPRESENTATION_CONTEXT(2) 
PARAMETRIC_REPRESENTATION_CONTEXT() REPRESENTATION_CONTEXT('2D SPACE',''
  ) );
#340 = PCURVE('',#341,#346);
#341 = CONICAL_SURFACE('',#342,13.5,0.525669655168);
#342 = AXIS2_PLACEMENT_3D('',#343,#344,#345);
#343 = CARTESIAN_POINT('',(12.,0.,0.));
#344 = DIRECTION('',(-1.,-0.,-0.));
#345 = DIRECTION('',(0.,1.,0.));
#346 = DEFINITIONAL_REPRESENTATION('',(#347),#351);
#347 = LINE('',#348,#349);
#348 = CARTESIAN_POINT('',(-6.806784091499,0.));
#349 = VECTOR('',#350,1.);
#350 = DIRECTION('',(1.,-0.));
#351 = ( GEOMETRIC_REPRESENTATION_CONTEXT(2) 
PARAMETRIC_REPRESENTATION_CONTEXT() REPRESENTATION_CONTEXT('2D SPACE',''
  ) );
#352 = ORIENTED_EDGE('',*,*,#353,.F.);
#353 = EDGE_CURVE('',#354,#321,#356,.T.);
#354 = VERTEX_POINT('',#355);
#355 = CARTESIAN_POINT('',(12.,-2.781295772257E-13,-13.50000002949));
#356 = SURFACE_CURVE('',#357,(#362,#369),.PCURVE_S1.);
#357 = CIRCLE('',#358,13.5);
#358 = AXIS2_PLACEMENT_3D('',#359,#360,#361);
#359 = CARTESIAN_POINT('',(12.,0.,0.));
#360 = DIRECTION('',(1.,0.,0.));
#361 = DIRECTION('',(-0.,1.,0.));
#362 = PCURVE('',#182,#363);
#363 = DEFINITIONAL_REPRESENTATION('',(#364),#368);
#364 = CIRCLE('',#365,13.5);
#365 = AXIS2_PLACEMENT_2D('',#366,#367);
#366 = CARTESIAN_POINT('',(0.,0.));
#367 = DIRECTION('',(1.,0.));
#368 = ( GEOMETRIC_REPRESENTATION_CONTEXT(2) 
PARAMETRIC_REPRESENTATION_CONTEXT() REPRESENTATION_CONTEXT('2D SPACE',''
  ) );
#369 = PCURVE('',#370,#375);
#370 = CONICAL_SURFACE('',#371,13.5,0.525669655168);
#371 = AXIS2_PLACEMENT_3D('',#372,#373,#374);
#372 = CARTESIAN_POINT('',(12.,0.,0.));
#373 = DIRECTION('',(-1.,-0.,-0.));
#374 = DIRECTION('',(0.,1.,0.));
#375 = DEFINITIONAL_REPRESENTATION('',(#376),#380);
#376 = LINE('',#377,#378);
#377 = CARTESIAN_POINT('',(-0.,0.));
#378 = VECTOR('',#379,1.);
#379 = DIRECTION('',(-1.,0.));
#380 = ( GEOMETRIC_REPRESENTATION_CONTEXT(2) 
PARAMETRIC_REPRESENTATION_CONTEXT() REPRESENTATION_CONTEXT('2D SPACE',''
  ) );
#381 = ORIENTED_EDGE('',*,*,#382,.F.);
#382 = EDGE_CURVE('',#383,#354,#385,.T.);
#383 = VERTEX_POINT('',#384);
#384 = CARTESIAN_POINT('',(12.,-11.69134295301,-6.750000055666));
#385 = SURFACE_CURVE('',#386,(#391,#398),.PCURVE_S1.);
#386 = CIRCLE('',#387,13.5);
#387 = AXIS2_PLACEMENT_3D('',#388,#389,#390);
#388 = CARTESIAN_POINT('',(12.,0.,0.));
#389 = DIRECTION('',(1.,0.,0.));
#390 = DIRECTION('',(-0.,1.,0.));
#391 = PCURVE('',#182,#392);
#392 = DEFINITIONAL_REPRESENTATION('',(#393),#397);
#393 = CIRCLE('',#394,13.5);
#394 = AXIS2_PLACEMENT_2D('',#395,#396);
#395 = CARTESIAN_POINT('',(0.,0.));
#396 = DIRECTION('',(1.,0.));
#397 = ( GEOMETRIC_REPRESENTATION_CONTEXT(2) 
PARAMETRIC_REPRESENTATION_CONTEXT() REPRESENTATION_CONTEXT('2D SPACE',''
  ) );
#398 = PCURVE('',#399,#404);
#399 = CONICAL_SURFACE('',#400,13.5,0.525669655168);
#400 = AXIS2_PLACEMENT_3D('',#401,#402,#403);
#401 = CARTESIAN_POINT('',(12.,0.,0.));
#402 = DIRECTION('',(-1.,-0.,-0.));
#403 = DIRECTION('',(0.,1.,0.));
#404 = DEFINITIONAL_REPRESENTATION('',(#405),#409);
#405 = LINE('',#406,#407);
#406 = CARTESIAN_POINT('',(-0.,0.));
#407 = VECTOR('',#408,1.);
#408 = DIRECTION('',(-1.,0.));
#409 = ( GEOMETRIC_REPRESENTATION_CONTEXT(2) 
PARAMETRIC_REPRESENTATION_CONTEXT() REPRESENTATION_CONTEXT('2D SPACE',''
  ) );
#410 = ORIENTED_EDGE('',*,*,#411,.F.);
#411 = EDGE_CURVE('',#263,#383,#412,.T.);
#412 = SURFACE_CURVE('',#413,(#418,#425),.PCURVE_S1.);
#413 = CIRCLE('',#414,13.5);
#414 = AXIS2_PLACEMENT_3D('',#415,#416,#417);
#415 = CARTESIAN_POINT('',(12.,0.,0.));
#416 = DIRECTION('',(1.,0.,0.));
#417 = DIRECTION('',(-0.,1.,0.));
#418 = PCURVE('',#182,#419);
#419 = DEFINITIONAL_REPRESENTATION('',(#420),#424);
#420 = CIRCLE('',#421,13.5);
#421 = AXIS2_PLACEMENT_2D('',#422,#423);
#422 = CARTESIAN_POINT('',(0.,0.));
#423 = DIRECTION('',(1.,0.));
#424 = ( GEOMETRIC_REPRESENTATION_CONTEXT(2) 
PARAMETRIC_REPRESENTATION_CONTEXT() REPRESENTATION_CONTEXT('2D SPACE',''
  ) );
#425 = PCURVE('',#426,#431);
#426 = CONICAL_SURFACE('',#427,13.5,0.525669655168);
#427 = AXIS2_PLACEMENT_3D('',#428,#429,#430);
#428 = CARTESIAN_POINT('',(12.,0.,0.));
#429 = DIRECTION('',(-1.,-0.,-0.));
#430 = DIRECTION('',(0.,1.,0.));
#431 = DEFINITIONAL_REPRESENTATION('',(#432),#436);
#432 = LINE('',#433,#434);
#433 = CARTESIAN_POINT('',(-0.,0.));
#434 = VECTOR('',#435,1.);
#435 = DIRECTION('',(-1.,0.));
#436 = ( GEOMETRIC_REPRESENTATION_CONTEXT(2) 
PARAMETRIC_REPRESENTATION_CONTEXT() REPRESENTATION_CONTEXT('2D SPACE',''
  ) );
#437 = ADVANCED_FACE('',(#438,#441),#215,.T.);
#438 = FACE_BOUND('',#439,.T.);
#439 = EDGE_LOOP('',(#440));
#440 = ORIENTED_EDGE('',*,*,#198,.F.);
#441 = FACE_BOUND('',#442,.T.);
#442 = EDGE_LOOP('',(#443));
#443 = ORIENTED_EDGE('',*,*,#444,.F.);
#444 = EDGE_CURVE('',#445,#445,#447,.T.);
#445 = VERTEX_POINT('',#446);
#446 = CARTESIAN_POINT('',(15.65,12.8,0.));
#447 = SURFACE_CURVE('',#448,(#453,#460),.PCURVE_S1.);
#448 = CIRCLE('',#449,12.8);
#449 = AXIS2_PLACEMENT_3D('',#450,#451,#452);
#450 = CARTESIAN_POINT('',(15.65,0.,0.));
#451 = DIRECTION('',(1.,0.,0.));
#452 = DIRECTION('',(-0.,1.,0.));
#453 = PCURVE('',#215,#454);
#454 = DEFINITIONAL_REPRESENTATION('',(#455),#459);
#455 = CIRCLE('',#456,12.8);
#456 = AXIS2_PLACEMENT_2D('',#457,#458);
#457 = CARTESIAN_POINT('',(0.,0.));
#458 = DIRECTION('',(1.,0.));
#459 = ( GEOMETRIC_REPRESENTATION_CONTEXT(2) 
PARAMETRIC_REPRESENTATION_CONTEXT() REPRESENTATION_CONTEXT('2D SPACE',''
  ) );
#460 = PCURVE('',#461,#466);
#461 = CYLINDRICAL_SURFACE('',#462,12.8);
#462 = AXIS2_PLACEMENT_3D('',#463,#464,#465);
#463 = CARTESIAN_POINT('',(15.65,0.,0.));
#464 = DIRECTION('',(1.,0.,0.));
#465 = DIRECTION('',(-0.,1.,0.));
#466 = DEFINITIONAL_REPRESENTATION('',(#467),#471);
#467 = LINE('',#468,#469);
#468 = CARTESIAN_POINT('',(0.,0.));
#469 = VECTOR('',#470,1.);
#470 = DIRECTION('',(1.,0.));
#471 = ( GEOMETRIC_REPRESENTATION_CONTEXT(2) 
PARAMETRIC_REPRESENTATION_CONTEXT() REPRESENTATION_CONTEXT('2D SPACE',''
  ) );
#472 = ADVANCED_FACE('',(#473),#279,.T.);
#473 = FACE_BOUND('',#474,.F.);
#474 = EDGE_LOOP('',(#475,#508,#509));
#475 = ORIENTED_EDGE('',*,*,#476,.T.);
#476 = EDGE_CURVE('',#477,#261,#479,.T.);
#477 = VERTEX_POINT('',#478);
#478 = CARTESIAN_POINT('',(8.399923753025,-7.79422866812,13.500000058994
    ));
#479 = SURFACE_CURVE('',#480,(#485,#496),.PCURVE_S1.);
#480 = HYPERBOLA('',#481,23.271258025336,13.500000058994);
#481 = AXIS2_PLACEMENT_3D('',#482,#483,#484);
#482 = CARTESIAN_POINT('',(35.271257923644,1.538370149107E-15,
    13.500000058994));
#483 = DIRECTION('',(0.,-1.139533438803E-16,-1.));
#484 = DIRECTION('',(-1.,0.,-0.));
#485 = PCURVE('',#279,#486);
#486 = DEFINITIONAL_REPRESENTATION('',(#487),#495);
#487 = B_SPLINE_CURVE_WITH_KNOTS('',6,(#488,#489,#490,#491,#492,#493,
    #494),.UNSPECIFIED.,.F.,.F.,(7,7),(-0.550587502697,
    5.314010598665E-11),.PIECEWISE_BEZIER_KNOTS.);
#488 = CARTESIAN_POINT('',(-2.095504435658,3.617314215807));
#489 = CARTESIAN_POINT('',(-2.016084922567,2.381235184146));
#490 = CARTESIAN_POINT('',(-1.932284510308,1.416861999428));
#491 = CARTESIAN_POINT('',(-1.844701309251,0.705459954024));
#492 = CARTESIAN_POINT('',(-1.754325062417,0.235153629129));
#493 = CARTESIAN_POINT('',(-1.662560910533,1.015794393311E-07));
#494 = CARTESIAN_POINT('',(-1.570796326742,1.016929188217E-07));
#495 = ( GEOMETRIC_REPRESENTATION_CONTEXT(2) 
PARAMETRIC_REPRESENTATION_CONTEXT() REPRESENTATION_CONTEXT('2D SPACE',''
  ) );
#496 = PCURVE('',#497,#502);
#497 = PLANE('',#498);
#498 = AXIS2_PLACEMENT_3D('',#499,#500,#501);
#499 = CARTESIAN_POINT('',(0.,7.79422866812,13.500000058994));
#500 = DIRECTION('',(0.,-1.139533438803E-16,-1.));
#501 = DIRECTION('',(0.,-1.,1.139533438803E-16));
#502 = DEFINITIONAL_REPRESENTATION('',(#503),#507);
#503 = ( BOUNDED_CURVE() B_SPLINE_CURVE(2,(#504,#505,#506),
.UNSPECIFIED.,.F.,.F.) B_SPLINE_CURVE_WITH_KNOTS((3,3),(-0.550587502697,
5.314010598665E-11),.PIECEWISE_BEZIER_KNOTS.) CURVE() 
GEOMETRIC_REPRESENTATION_ITEM() RATIONAL_B_SPLINE_CURVE((1.,
1.038133247504,1.)) REPRESENTATION_ITEM('') );
#504 = CARTESIAN_POINT('',(15.608438140464,-8.382685784193));
#505 = CARTESIAN_POINT('',(11.419569588897,-11.99999989863));
#506 = CARTESIAN_POINT('',(7.794228667403,-11.9999998983));
#507 = ( GEOMETRIC_REPRESENTATION_CONTEXT(2) 
PARAMETRIC_REPRESENTATION_CONTEXT() REPRESENTATION_CONTEXT('2D SPACE',''
  ) );
#508 = ORIENTED_EDGE('',*,*,#260,.T.);
#509 = ORIENTED_EDGE('',*,*,#510,.T.);
#510 = EDGE_CURVE('',#263,#477,#511,.T.);
#511 = SURFACE_CURVE('',#512,(#517,#528),.PCURVE_S1.);
#512 = HYPERBOLA('',#513,23.271258025336,13.500000058994);
#513 = AXIS2_PLACEMENT_3D('',#514,#515,#516);
#514 = CARTESIAN_POINT('',(35.271257923644,-11.69134300218,
    6.750000029497));
#515 = DIRECTION('',(0.,0.866025403784,-0.5));
#516 = DIRECTION('',(-1.,0.,-0.));
#517 = PCURVE('',#279,#518);
#518 = DEFINITIONAL_REPRESENTATION('',(#519),#527);
#519 = B_SPLINE_CURVE_WITH_KNOTS('',6,(#520,#521,#522,#523,#524,#525,
    #526),.UNSPECIFIED.,.F.,.F.,(7,7),(-5.523581141409E-11,
    0.550587502697),.PIECEWISE_BEZIER_KNOTS.);
#520 = CARTESIAN_POINT('',(-2.617993878047,1.016929222509E-07));
#521 = CARTESIAN_POINT('',(-2.526229294255,1.015749674049E-07));
#522 = CARTESIAN_POINT('',(-2.434465142371,0.235153629122));
#523 = CARTESIAN_POINT('',(-2.344088895536,0.705459954016));
#524 = CARTESIAN_POINT('',(-2.256505694479,1.416861999421));
#525 = CARTESIAN_POINT('',(-2.172705282219,2.381235184141));
#526 = CARTESIAN_POINT('',(-2.093285769129,3.617314215807));
#527 = ( GEOMETRIC_REPRESENTATION_CONTEXT(2) 
PARAMETRIC_REPRESENTATION_CONTEXT() REPRESENTATION_CONTEXT('2D SPACE',''
  ) );
#528 = PCURVE('',#529,#534);
#529 = PLANE('',#530);
#530 = AXIS2_PLACEMENT_3D('',#531,#532,#533);
#531 = CARTESIAN_POINT('',(0.,-7.79422866812,13.500000058994));
#532 = DIRECTION('',(0.,0.866025403784,-0.5));
#533 = DIRECTION('',(0.,-0.5,-0.866025403784));
#534 = DEFINITIONAL_REPRESENTATION('',(#535),#539);
#535 = ( BOUNDED_CURVE() B_SPLINE_CURVE(2,(#536,#537,#538),
.UNSPECIFIED.,.F.,.F.) B_SPLINE_CURVE_WITH_KNOTS((3,3),(
-5.523581141409E-11,0.550587502697),.PIECEWISE_BEZIER_KNOTS.) CURVE() 
GEOMETRIC_REPRESENTATION_ITEM() RATIONAL_B_SPLINE_CURVE((1.,
1.038133247505,1.)) REPRESENTATION_ITEM('') );
#536 = CARTESIAN_POINT('',(7.794228668866,-11.9999998983));
#537 = CARTESIAN_POINT('',(4.168887747358,-11.99999989865));
#538 = CARTESIAN_POINT('',(-1.998080422386E-02,-8.382685784193));
#539 = ( GEOMETRIC_REPRESENTATION_CONTEXT(2) 
PARAMETRIC_REPRESENTATION_CONTEXT() REPRESENTATION_CONTEXT('2D SPACE',''
  ) );
#540 = ADVANCED_FACE('',(#541),#426,.T.);
#541 = FACE_BOUND('',#542,.F.);
#542 = EDGE_LOOP('',(#543,#571,#572));
#543 = ORIENTED_EDGE('',*,*,#544,.T.);
#544 = EDGE_CURVE('',#545,#263,#547,.T.);
#545 = VERTEX_POINT('',#546);
#546 = CARTESIAN_POINT('',(8.399923753025,-15.58845733624,
    1.909035438047E-15));
#547 = SURFACE_CURVE('',#548,(#553,#564),.PCURVE_S1.);
#548 = HYPERBOLA('',#549,23.271258025336,13.500000058994);
#549 = AXIS2_PLACEMENT_3D('',#550,#551,#552);
#550 = CARTESIAN_POINT('',(35.271257923644,-11.69134300218,
    6.750000029497));
#551 = DIRECTION('',(0.,0.866025403784,-0.5));
#552 = DIRECTION('',(-1.,0.,-0.));
#553 = PCURVE('',#426,#554);
#554 = DEFINITIONAL_REPRESENTATION('',(#555),#563);
#555 = B_SPLINE_CURVE_WITH_KNOTS('',6,(#556,#557,#558,#559,#560,#561,
    #562),.UNSPECIFIED.,.F.,.F.,(7,7),(-0.550587502697,
    -5.523581141409E-11),.PIECEWISE_BEZIER_KNOTS.);
#556 = CARTESIAN_POINT('',(-3.142701986854,3.617314215807));
#557 = CARTESIAN_POINT('',(-3.06328247378,2.381235184389));
#558 = CARTESIAN_POINT('',(-2.979482061537,1.416861999808));
#559 = CARTESIAN_POINT('',(-2.891898860499,0.705459954444));
#560 = CARTESIAN_POINT('',(-2.801522613684,0.235153629499));
#561 = CARTESIAN_POINT('',(-2.70975846182,1.018108770968E-07));
#562 = CARTESIAN_POINT('',(-2.617993878047,1.016929222509E-07));
#563 = ( GEOMETRIC_REPRESENTATION_CONTEXT(2) 
PARAMETRIC_REPRESENTATION_CONTEXT() REPRESENTATION_CONTEXT('2D SPACE',''
  ) );
#564 = PCURVE('',#529,#565);
#565 = DEFINITIONAL_REPRESENTATION('',(#566),#570);
#566 = ( BOUNDED_CURVE() B_SPLINE_CURVE(2,(#567,#568,#569),
.UNSPECIFIED.,.F.,.F.) B_SPLINE_CURVE_WITH_KNOTS((3,3),(-0.550587502697,
-5.523581141409E-11),.PIECEWISE_BEZIER_KNOTS.) CURVE() 
GEOMETRIC_REPRESENTATION_ITEM() RATIONAL_B_SPLINE_CURVE((1.,
1.038133247489,1.)) REPRESENTATION_ITEM('') );
#567 = CARTESIAN_POINT('',(15.608438140464,-8.382685784193));
#568 = CARTESIAN_POINT('',(11.419569589682,-11.99999989796));
#569 = CARTESIAN_POINT('',(7.794228668866,-11.9999998983));
#570 = ( GEOMETRIC_REPRESENTATION_CONTEXT(2) 
PARAMETRIC_REPRESENTATION_CONTEXT() REPRESENTATION_CONTEXT('2D SPACE',''
  ) );
#571 = ORIENTED_EDGE('',*,*,#411,.T.);
#572 = ORIENTED_EDGE('',*,*,#573,.T.);
#573 = EDGE_CURVE('',#383,#545,#574,.T.);
#574 = SURFACE_CURVE('',#575,(#580,#591),.PCURVE_S1.);
#575 = HYPERBOLA('',#576,23.271258025336,13.500000058994);
#576 = AXIS2_PLACEMENT_3D('',#577,#578,#579);
#577 = CARTESIAN_POINT('',(35.271257923644,-11.69134300218,
    -6.750000029497));
#578 = DIRECTION('',(0.,0.866025403784,0.5));
#579 = DIRECTION('',(-1.,-0.,0.));
#580 = PCURVE('',#426,#581);
#581 = DEFINITIONAL_REPRESENTATION('',(#582),#590);
#582 = B_SPLINE_CURVE_WITH_KNOTS('',6,(#583,#584,#585,#586,#587,#588,
    #589),.UNSPECIFIED.,.F.,.F.,(7,7),(-3.900385566905E-11,
    0.550587502697),.PIECEWISE_BEZIER_KNOTS.);
#583 = CARTESIAN_POINT('',(-3.665191429227,1.016929195927E-07));
#584 = CARTESIAN_POINT('',(-3.573426845438,1.016096279295E-07));
#585 = CARTESIAN_POINT('',(-3.481662693557,0.235153629177));
#586 = CARTESIAN_POINT('',(-3.391286446725,0.705459954079));
#587 = CARTESIAN_POINT('',(-3.303703245671,1.416861999478));
#588 = CARTESIAN_POINT('',(-3.219902833414,2.381235184177));
#589 = CARTESIAN_POINT('',(-3.140483320325,3.617314215807));
#590 = ( GEOMETRIC_REPRESENTATION_CONTEXT(2) 
PARAMETRIC_REPRESENTATION_CONTEXT() REPRESENTATION_CONTEXT('2D SPACE',''
  ) );
#591 = PCURVE('',#592,#597);
#592 = PLANE('',#593);
#593 = AXIS2_PLACEMENT_3D('',#594,#595,#596);
#594 = CARTESIAN_POINT('',(0.,-15.58845733624,1.909035438047E-15));
#595 = DIRECTION('',(-0.,0.866025403784,0.5));
#596 = DIRECTION('',(0.,0.5,-0.866025403784));
#597 = DEFINITIONAL_REPRESENTATION('',(#598),#602);
#598 = ( BOUNDED_CURVE() B_SPLINE_CURVE(2,(#599,#600,#601),
.UNSPECIFIED.,.F.,.F.) B_SPLINE_CURVE_WITH_KNOTS((3,3),(
-3.900385566905E-11,0.550587502697),.PIECEWISE_BEZIER_KNOTS.) CURVE() 
GEOMETRIC_REPRESENTATION_ITEM() RATIONAL_B_SPLINE_CURVE((1.,
1.038133247502,1.)) REPRESENTATION_ITEM('') );
#599 = CARTESIAN_POINT('',(7.794228668646,-11.9999998983));
#600 = CARTESIAN_POINT('',(4.16888774724,-11.99999989855));
#601 = CARTESIAN_POINT('',(-1.998080422386E-02,-8.382685784193));
#602 = ( GEOMETRIC_REPRESENTATION_CONTEXT(2) 
PARAMETRIC_REPRESENTATION_CONTEXT() REPRESENTATION_CONTEXT('2D SPACE',''
  ) );
#603 = ADVANCED_FACE('',(#604),#399,.T.);
#604 = FACE_BOUND('',#605,.F.);
#605 = EDGE_LOOP('',(#606,#607,#640));
#606 = ORIENTED_EDGE('',*,*,#382,.T.);
#607 = ORIENTED_EDGE('',*,*,#608,.T.);
#608 = EDGE_CURVE('',#354,#609,#611,.T.);
#609 = VERTEX_POINT('',#610);
#610 = CARTESIAN_POINT('',(8.399923753025,-7.79422866812,-13.50000005899
    ));
#611 = SURFACE_CURVE('',#612,(#617,#628),.PCURVE_S1.);
#612 = HYPERBOLA('',#613,23.271258025336,13.500000058994);
#613 = AXIS2_PLACEMENT_3D('',#614,#615,#616);
#614 = CARTESIAN_POINT('',(35.271257923644,-7.691850745534E-15,
    -13.50000005899));
#615 = DIRECTION('',(0.,5.697667194016E-16,1.));
#616 = DIRECTION('',(-1.,-0.,0.));
#617 = PCURVE('',#399,#618);
#618 = DEFINITIONAL_REPRESENTATION('',(#619),#627);
#619 = B_SPLINE_CURVE_WITH_KNOTS('',6,(#620,#621,#622,#623,#624,#625,
    #626),.UNSPECIFIED.,.F.,.F.,(7,7),(1.293660653944E-14,0.550587502697
    ),.PIECEWISE_BEZIER_KNOTS.);
#620 = CARTESIAN_POINT('',(-4.712388980385,1.016929222509E-07));
#621 = CARTESIAN_POINT('',(-4.620624396602,1.016929498767E-07));
#622 = CARTESIAN_POINT('',(-4.528860244728,0.23515362931));
#623 = CARTESIAN_POINT('',(-4.438483997903,0.70545995423));
#624 = CARTESIAN_POINT('',(-4.350900796856,1.416861999614));
#625 = CARTESIAN_POINT('',(-4.267100384604,2.381235184265));
#626 = CARTESIAN_POINT('',(-4.187680871522,3.617314215807));
#627 = ( GEOMETRIC_REPRESENTATION_CONTEXT(2) 
PARAMETRIC_REPRESENTATION_CONTEXT() REPRESENTATION_CONTEXT('2D SPACE',''
  ) );
#628 = PCURVE('',#629,#634);
#629 = PLANE('',#630);
#630 = AXIS2_PLACEMENT_3D('',#631,#632,#633);
#631 = CARTESIAN_POINT('',(0.,-7.79422866812,-13.50000005899));
#632 = DIRECTION('',(-0.,5.697667194016E-16,1.));
#633 = DIRECTION('',(0.,1.,-5.697667194016E-16));
#634 = DEFINITIONAL_REPRESENTATION('',(#635),#639);
#635 = ( BOUNDED_CURVE() B_SPLINE_CURVE(2,(#636,#637,#638),
.UNSPECIFIED.,.F.,.F.) B_SPLINE_CURVE_WITH_KNOTS((3,3),(
1.293660653944E-14,0.550587502697),.PIECEWISE_BEZIER_KNOTS.) CURVE() 
GEOMETRIC_REPRESENTATION_ITEM() RATIONAL_B_SPLINE_CURVE((1.,
1.038133247497,1.)) REPRESENTATION_ITEM('') );
#636 = CARTESIAN_POINT('',(7.79422866812,-11.9999998983));
#637 = CARTESIAN_POINT('',(4.168887746958,-11.9999998983));
#638 = CARTESIAN_POINT('',(-1.998080422386E-02,-8.382685784193));
#639 = ( GEOMETRIC_REPRESENTATION_CONTEXT(2) 
PARAMETRIC_REPRESENTATION_CONTEXT() REPRESENTATION_CONTEXT('2D SPACE',''
  ) );
#640 = ORIENTED_EDGE('',*,*,#641,.T.);
#641 = EDGE_CURVE('',#609,#383,#642,.T.);
#642 = SURFACE_CURVE('',#643,(#648,#659),.PCURVE_S1.);
#643 = HYPERBOLA('',#644,23.271258025336,13.500000058994);
#644 = AXIS2_PLACEMENT_3D('',#645,#646,#647);
#645 = CARTESIAN_POINT('',(35.271257923644,-11.69134300218,
    -6.750000029497));
#646 = DIRECTION('',(0.,0.866025403784,0.5));
#647 = DIRECTION('',(-1.,-0.,0.));
#648 = PCURVE('',#399,#649);
#649 = DEFINITIONAL_REPRESENTATION('',(#650),#658);
#650 = B_SPLINE_CURVE_WITH_KNOTS('',6,(#651,#652,#653,#654,#655,#656,
    #657),.UNSPECIFIED.,.F.,.F.,(7,7),(-0.550587502697,
    -3.900385566905E-11),.PIECEWISE_BEZIER_KNOTS.);
#651 = CARTESIAN_POINT('',(-4.189899538051,3.617314215807));
#652 = CARTESIAN_POINT('',(-4.110480024974,2.381235184353));
#653 = CARTESIAN_POINT('',(-4.026679612729,1.416861999751));
#654 = CARTESIAN_POINT('',(-3.939096411688,0.705459954381));
#655 = CARTESIAN_POINT('',(-3.84872016487,0.235153629444));
#656 = CARTESIAN_POINT('',(-3.756956013003,1.017762112559E-07));
#657 = CARTESIAN_POINT('',(-3.665191429227,1.016929195927E-07));
#658 = ( GEOMETRIC_REPRESENTATION_CONTEXT(2) 
PARAMETRIC_REPRESENTATION_CONTEXT() REPRESENTATION_CONTEXT('2D SPACE',''
  ) );
#659 = PCURVE('',#592,#660);
#660 = DEFINITIONAL_REPRESENTATION('',(#661),#665);
#661 = ( BOUNDED_CURVE() B_SPLINE_CURVE(2,(#662,#663,#664),
.UNSPECIFIED.,.F.,.F.) B_SPLINE_CURVE_WITH_KNOTS((3,3),(-0.550587502697,
-3.900385566905E-11),.PIECEWISE_BEZIER_KNOTS.) CURVE() 
GEOMETRIC_REPRESENTATION_ITEM() RATIONAL_B_SPLINE_CURVE((1.,
1.038133247491,1.)) REPRESENTATION_ITEM('') );
#662 = CARTESIAN_POINT('',(15.608438140464,-8.382685784193));
#663 = CARTESIAN_POINT('',(11.419569589564,-11.99999989806));
#664 = CARTESIAN_POINT('',(7.794228668646,-11.9999998983));
#665 = ( GEOMETRIC_REPRESENTATION_CONTEXT(2) 
PARAMETRIC_REPRESENTATION_CONTEXT() REPRESENTATION_CONTEXT('2D SPACE',''
  ) );
#666 = ADVANCED_FACE('',(#667),#370,.T.);
#667 = FACE_BOUND('',#668,.F.);
#668 = EDGE_LOOP('',(#669,#670,#703));
#669 = ORIENTED_EDGE('',*,*,#353,.T.);
#670 = ORIENTED_EDGE('',*,*,#671,.T.);
#671 = EDGE_CURVE('',#321,#672,#674,.T.);
#672 = VERTEX_POINT('',#673);
#673 = CARTESIAN_POINT('',(8.399923753025,7.79422866812,-13.50000005899)
  );
#674 = SURFACE_CURVE('',#675,(#680,#691),.PCURVE_S1.);
#675 = HYPERBOLA('',#676,23.271258025336,13.500000058994);
#676 = AXIS2_PLACEMENT_3D('',#677,#678,#679);
#677 = CARTESIAN_POINT('',(35.271257923644,11.69134300218,
    -6.750000029497));
#678 = DIRECTION('',(0.,-0.866025403784,0.5));
#679 = DIRECTION('',(-1.,0.,0.));
#680 = PCURVE('',#370,#681);
#681 = DEFINITIONAL_REPRESENTATION('',(#682),#690);
#682 = B_SPLINE_CURVE_WITH_KNOTS('',6,(#683,#684,#685,#686,#687,#688,
    #689),.UNSPECIFIED.,.F.,.F.,(7,7),(-6.1518721904E-11,0.550587502697)
  ,.PIECEWISE_BEZIER_KNOTS.);
#683 = CARTESIAN_POINT('',(-5.759586531643,1.016929161635E-07));
#684 = CARTESIAN_POINT('',(-5.66782194785,1.01561544329E-07));
#685 = CARTESIAN_POINT('',(-5.576057795965,0.2351536291));
#686 = CARTESIAN_POINT('',(-5.485681549129,0.705459953991));
#687 = CARTESIAN_POINT('',(-5.398098348071,1.416861999399));
#688 = CARTESIAN_POINT('',(-5.31429793581,2.381235184127));
#689 = CARTESIAN_POINT('',(-5.234878422719,3.617314215807));
#690 = ( GEOMETRIC_REPRESENTATION_CONTEXT(2) 
PARAMETRIC_REPRESENTATION_CONTEXT() REPRESENTATION_CONTEXT('2D SPACE',''
  ) );
#691 = PCURVE('',#692,#697);
#692 = PLANE('',#693);
#693 = AXIS2_PLACEMENT_3D('',#694,#695,#696);
#694 = CARTESIAN_POINT('',(0.,7.79422866812,-13.50000005899));
#695 = DIRECTION('',(0.,-0.866025403784,0.5));
#696 = DIRECTION('',(0.,0.5,0.866025403784));
#697 = DEFINITIONAL_REPRESENTATION('',(#698),#702);
#698 = ( BOUNDED_CURVE() B_SPLINE_CURVE(2,(#699,#700,#701),
.UNSPECIFIED.,.F.,.F.) B_SPLINE_CURVE_WITH_KNOTS((3,3),(
-6.1518721904E-11,0.550587502697),.PIECEWISE_BEZIER_KNOTS.) CURVE() 
GEOMETRIC_REPRESENTATION_ITEM() RATIONAL_B_SPLINE_CURVE((1.,
1.038133247505,1.)) REPRESENTATION_ITEM('') );
#699 = CARTESIAN_POINT('',(7.79422866895,-11.9999998983));
#700 = CARTESIAN_POINT('',(4.168887747403,-11.99999989869));
#701 = CARTESIAN_POINT('',(-1.998080422385E-02,-8.382685784193));
#702 = ( GEOMETRIC_REPRESENTATION_CONTEXT(2) 
PARAMETRIC_REPRESENTATION_CONTEXT() REPRESENTATION_CONTEXT('2D SPACE',''
  ) );
#703 = ORIENTED_EDGE('',*,*,#704,.T.);
#704 = EDGE_CURVE('',#672,#354,#705,.T.);
#705 = SURFACE_CURVE('',#706,(#711,#722),.PCURVE_S1.);
#706 = HYPERBOLA('',#707,23.271258025336,13.500000058994);
#707 = AXIS2_PLACEMENT_3D('',#708,#709,#710);
#708 = CARTESIAN_POINT('',(35.271257923644,-7.691850745534E-15,
    -13.50000005899));
#709 = DIRECTION('',(0.,5.697667194016E-16,1.));
#710 = DIRECTION('',(-1.,-0.,0.));
#711 = PCURVE('',#370,#712);
#712 = DEFINITIONAL_REPRESENTATION('',(#713),#721);
#713 = B_SPLINE_CURVE_WITH_KNOTS('',6,(#714,#715,#716,#717,#718,#719,
    #720),.UNSPECIFIED.,.F.,.F.,(7,7),(-0.550587502697,
    1.293660653944E-14),.PIECEWISE_BEZIER_KNOTS.);
#714 = CARTESIAN_POINT('',(-5.237097089247,3.617314215807));
#715 = CARTESIAN_POINT('',(-5.157677576165,2.381235184265));
#716 = CARTESIAN_POINT('',(-5.073877163914,1.416861999614));
#717 = CARTESIAN_POINT('',(-4.986293962866,0.70545995423));
#718 = CARTESIAN_POINT('',(-4.895917716041,0.23515362931));
#719 = CARTESIAN_POINT('',(-4.804153564167,1.01692894625E-07));
#720 = CARTESIAN_POINT('',(-4.712388980385,1.016929222509E-07));
#721 = ( GEOMETRIC_REPRESENTATION_CONTEXT(2) 
PARAMETRIC_REPRESENTATION_CONTEXT() REPRESENTATION_CONTEXT('2D SPACE',''
  ) );
#722 = PCURVE('',#629,#723);
#723 = DEFINITIONAL_REPRESENTATION('',(#724),#728);
#724 = ( BOUNDED_CURVE() B_SPLINE_CURVE(2,(#725,#726,#727),
.UNSPECIFIED.,.F.,.F.) B_SPLINE_CURVE_WITH_KNOTS((3,3),(-0.550587502697,
1.293660653944E-14),.PIECEWISE_BEZIER_KNOTS.) CURVE() 
GEOMETRIC_REPRESENTATION_ITEM() RATIONAL_B_SPLINE_CURVE((1.,
1.038133247497,1.)) REPRESENTATION_ITEM('') );
#725 = CARTESIAN_POINT('',(15.608438140464,-8.382685784193));
#726 = CARTESIAN_POINT('',(11.419569589282,-11.9999998983));
#727 = CARTESIAN_POINT('',(7.79422866812,-11.9999998983));
#728 = ( GEOMETRIC_REPRESENTATION_CONTEXT(2) 
PARAMETRIC_REPRESENTATION_CONTEXT() REPRESENTATION_CONTEXT('2D SPACE',''
  ) );
#729 = ADVANCED_FACE('',(#730),#341,.T.);
#730 = FACE_BOUND('',#731,.F.);
#731 = EDGE_LOOP('',(#732,#765,#791));
#732 = ORIENTED_EDGE('',*,*,#733,.T.);
#733 = EDGE_CURVE('',#292,#734,#736,.T.);
#734 = VERTEX_POINT('',#735);
#735 = CARTESIAN_POINT('',(8.399923753025,15.58845733624,0.));
#736 = SURFACE_CURVE('',#737,(#742,#753),.PCURVE_S1.);
#737 = HYPERBOLA('',#738,23.271258025336,13.500000058994);
#738 = AXIS2_PLACEMENT_3D('',#739,#740,#741);
#739 = CARTESIAN_POINT('',(35.271257923644,11.69134300218,6.750000029497
    ));
#740 = DIRECTION('',(0.,-0.866025403784,-0.5));
#741 = DIRECTION('',(-1.,0.,-0.));
#742 = PCURVE('',#341,#743);
#743 = DEFINITIONAL_REPRESENTATION('',(#744),#752);
#744 = B_SPLINE_CURVE_WITH_KNOTS('',6,(#745,#746,#747,#748,#749,#750,
    #751),.UNSPECIFIED.,.F.,.F.,(7,7),(-3.901105362404E-11,
    0.549306144334),.PIECEWISE_BEZIER_KNOTS.);
#745 = CARTESIAN_POINT('',(-6.806784082817,1.016929180507E-07));
#746 = CARTESIAN_POINT('',(-6.715233058755,1.016098047196E-07));
#747 = CARTESIAN_POINT('',(-6.623682461821,0.234060376186));
#748 = CARTESIAN_POINT('',(-6.533510116899,0.702180208634));
#749 = CARTESIAN_POINT('',(-6.446111296375,1.410247369686));
#750 = CARTESIAN_POINT('',(-6.36247081976,2.370027166356));
#751 = CARTESIAN_POINT('',(-6.28318530718,3.600076246975));
#752 = ( GEOMETRIC_REPRESENTATION_CONTEXT(2) 
PARAMETRIC_REPRESENTATION_CONTEXT() REPRESENTATION_CONTEXT('2D SPACE',''
  ) );
#753 = PCURVE('',#754,#759);
#754 = PLANE('',#755);
#755 = AXIS2_PLACEMENT_3D('',#756,#757,#758);
#756 = CARTESIAN_POINT('',(0.,15.58845733624,0.));
#757 = DIRECTION('',(0.,-0.866025403784,-0.5));
#758 = DIRECTION('',(0.,-0.5,0.866025403784));
#759 = DEFINITIONAL_REPRESENTATION('',(#760),#764);
#760 = ( BOUNDED_CURVE() B_SPLINE_CURVE(2,(#761,#762,#763),
.UNSPECIFIED.,.F.,.F.) B_SPLINE_CURVE_WITH_KNOTS((3,3),(
-3.901105362404E-11,0.549306144334),.PIECEWISE_BEZIER_KNOTS.) CURVE() 
GEOMETRIC_REPRESENTATION_ITEM() RATIONAL_B_SPLINE_CURVE((1.,
1.037954849307,1.)) REPRESENTATION_ITEM('') );
#761 = CARTESIAN_POINT('',(7.794228668647,-11.9999998983));
#762 = CARTESIAN_POINT('',(4.176914554775,-11.99999989855));
#763 = CARTESIAN_POINT('',(0.,-8.399923753025));
#764 = ( GEOMETRIC_REPRESENTATION_CONTEXT(2) 
PARAMETRIC_REPRESENTATION_CONTEXT() REPRESENTATION_CONTEXT('2D SPACE',''
  ) );
#765 = ORIENTED_EDGE('',*,*,#766,.T.);
#766 = EDGE_CURVE('',#734,#321,#767,.T.);
#767 = SURFACE_CURVE('',#768,(#773,#784),.PCURVE_S1.);
#768 = HYPERBOLA('',#769,23.271258025336,13.500000058994);
#769 = AXIS2_PLACEMENT_3D('',#770,#771,#772);
#770 = CARTESIAN_POINT('',(35.271257923644,11.69134300218,
    -6.750000029497));
#771 = DIRECTION('',(0.,-0.866025403784,0.5));
#772 = DIRECTION('',(-1.,0.,0.));
#773 = PCURVE('',#341,#774);
#774 = DEFINITIONAL_REPRESENTATION('',(#775),#783);
#775 = B_SPLINE_CURVE_WITH_KNOTS('',6,(#776,#777,#778,#779,#780,#781,
    #782),.UNSPECIFIED.,.F.,.F.,(7,7),(-0.549306144334,
    -8.394005192849E-09),.PIECEWISE_BEZIER_KNOTS.);
#776 = CARTESIAN_POINT('',(-6.28318530718,3.600076246975));
#777 = CARTESIAN_POINT('',(-6.203899795816,2.37002718524));
#778 = CARTESIAN_POINT('',(-6.120259320552,1.410247399155));
#779 = CARTESIAN_POINT('',(-6.032860501486,0.702180241245));
#780 = CARTESIAN_POINT('',(-5.942688158076,0.234060404932));
#781 = CARTESIAN_POINT('',(-5.851137562632,1.195764155078E-07));
#782 = CARTESIAN_POINT('',(-5.759586539975,1.016929169833E-07));
#783 = ( GEOMETRIC_REPRESENTATION_CONTEXT(2) 
PARAMETRIC_REPRESENTATION_CONTEXT() REPRESENTATION_CONTEXT('2D SPACE',''
  ) );
#784 = PCURVE('',#692,#785);
#785 = DEFINITIONAL_REPRESENTATION('',(#786),#790);
#786 = ( BOUNDED_CURVE() B_SPLINE_CURVE(2,(#787,#788,#789),
.UNSPECIFIED.,.F.,.F.) B_SPLINE_CURVE_WITH_KNOTS((3,3),(-0.549306144334,
-6.1518721904E-11),.PIECEWISE_BEZIER_KNOTS.) CURVE() 
GEOMETRIC_REPRESENTATION_ITEM() RATIONAL_B_SPLINE_CURVE((1.,
1.037954849293,1.)) REPRESENTATION_ITEM('') );
#787 = CARTESIAN_POINT('',(15.58845733624,-8.399923753025));
#788 = CARTESIAN_POINT('',(11.411542782192,-11.99999989792));
#789 = CARTESIAN_POINT('',(7.79422866895,-11.9999998983));
#790 = ( GEOMETRIC_REPRESENTATION_CONTEXT(2) 
PARAMETRIC_REPRESENTATION_CONTEXT() REPRESENTATION_CONTEXT('2D SPACE',''
  ) );
#791 = ORIENTED_EDGE('',*,*,#320,.F.);
#792 = ADVANCED_FACE('',(#793),#308,.T.);
#793 = FACE_BOUND('',#794,.F.);
#794 = EDGE_LOOP('',(#795,#823,#824));
#795 = ORIENTED_EDGE('',*,*,#796,.T.);
#796 = EDGE_CURVE('',#797,#292,#799,.T.);
#797 = VERTEX_POINT('',#798);
#798 = CARTESIAN_POINT('',(8.399923753025,7.79422866812,13.500000058994)
  );
#799 = SURFACE_CURVE('',#800,(#805,#816),.PCURVE_S1.);
#800 = HYPERBOLA('',#801,23.271258025336,13.500000058994);
#801 = AXIS2_PLACEMENT_3D('',#802,#803,#804);
#802 = CARTESIAN_POINT('',(35.271257923644,11.69134300218,6.750000029497
    ));
#803 = DIRECTION('',(0.,-0.866025403784,-0.5));
#804 = DIRECTION('',(-1.,0.,-0.));
#805 = PCURVE('',#308,#806);
#806 = DEFINITIONAL_REPRESENTATION('',(#807),#815);
#807 = B_SPLINE_CURVE_WITH_KNOTS('',6,(#808,#809,#810,#811,#812,#813,
    #814),.UNSPECIFIED.,.F.,.F.,(7,7),(-0.550587502697,
    -3.901105362404E-11),.PIECEWISE_BEZIER_KNOTS.);
#808 = CARTESIAN_POINT('',(-1.048306884461,3.617314215807));
#809 = CARTESIAN_POINT('',(-0.968887371384,2.381235184353));
#810 = CARTESIAN_POINT('',(-0.885086959139,1.416861999751));
#811 = CARTESIAN_POINT('',(-0.797503758098,0.705459954381));
#812 = CARTESIAN_POINT('',(-0.707127511281,0.235153629444));
#813 = CARTESIAN_POINT('',(-0.615363359414,1.01776225259E-07));
#814 = CARTESIAN_POINT('',(-0.523598775637,1.016929180507E-07));
#815 = ( GEOMETRIC_REPRESENTATION_CONTEXT(2) 
PARAMETRIC_REPRESENTATION_CONTEXT() REPRESENTATION_CONTEXT('2D SPACE',''
  ) );
#816 = PCURVE('',#754,#817);
#817 = DEFINITIONAL_REPRESENTATION('',(#818),#822);
#818 = ( BOUNDED_CURVE() B_SPLINE_CURVE(2,(#819,#820,#821),
.UNSPECIFIED.,.F.,.F.) B_SPLINE_CURVE_WITH_KNOTS((3,3),(-0.550587502697,
-3.901105362404E-11),.PIECEWISE_BEZIER_KNOTS.) CURVE() 
GEOMETRIC_REPRESENTATION_ITEM() RATIONAL_B_SPLINE_CURVE((1.,
1.038133247491,1.)) REPRESENTATION_ITEM('') );
#819 = CARTESIAN_POINT('',(15.608438140464,-8.382685784193));
#820 = CARTESIAN_POINT('',(11.419569589564,-11.99999989806));
#821 = CARTESIAN_POINT('',(7.794228668647,-11.9999998983));
#822 = ( GEOMETRIC_REPRESENTATION_CONTEXT(2) 
PARAMETRIC_REPRESENTATION_CONTEXT() REPRESENTATION_CONTEXT('2D SPACE',''
  ) );
#823 = ORIENTED_EDGE('',*,*,#291,.T.);
#824 = ORIENTED_EDGE('',*,*,#825,.T.);
#825 = EDGE_CURVE('',#261,#797,#826,.T.);
#826 = SURFACE_CURVE('',#827,(#832,#843),.PCURVE_S1.);
#827 = HYPERBOLA('',#828,23.271258025336,13.500000058994);
#828 = AXIS2_PLACEMENT_3D('',#829,#830,#831);
#829 = CARTESIAN_POINT('',(35.271257923644,1.538370149107E-15,
    13.500000058994));
#830 = DIRECTION('',(0.,-1.139533438803E-16,-1.));
#831 = DIRECTION('',(-1.,0.,-0.));
#832 = PCURVE('',#308,#833);
#833 = DEFINITIONAL_REPRESENTATION('',(#834),#842);
#834 = B_SPLINE_CURVE_WITH_KNOTS('',6,(#835,#836,#837,#838,#839,#840,
    #841),.UNSPECIFIED.,.F.,.F.,(7,7),(5.314010598665E-11,0.550587502697
    ),.PIECEWISE_BEZIER_KNOTS.);
#835 = CARTESIAN_POINT('',(-1.570796326742,1.016929188217E-07));
#836 = CARTESIAN_POINT('',(-1.479031742968,1.018063983122E-07));
#837 = CARTESIAN_POINT('',(-1.387267591103,0.235153629492));
#838 = CARTESIAN_POINT('',(-1.296891344288,0.705459954436));
#839 = CARTESIAN_POINT('',(-1.20930814325,1.416861999801));
#840 = CARTESIAN_POINT('',(-1.125507731007,2.381235184384));
#841 = CARTESIAN_POINT('',(-1.046088217932,3.617314215807));
#842 = ( GEOMETRIC_REPRESENTATION_CONTEXT(2) 
PARAMETRIC_REPRESENTATION_CONTEXT() REPRESENTATION_CONTEXT('2D SPACE',''
  ) );
#843 = PCURVE('',#497,#844);
#844 = DEFINITIONAL_REPRESENTATION('',(#845),#849);
#845 = ( BOUNDED_CURVE() B_SPLINE_CURVE(2,(#846,#847,#848),
.UNSPECIFIED.,.F.,.F.) B_SPLINE_CURVE_WITH_KNOTS((3,3),(
5.314010598665E-11,0.550587502697),.PIECEWISE_BEZIER_KNOTS.) CURVE() 
GEOMETRIC_REPRESENTATION_ITEM() RATIONAL_B_SPLINE_CURVE((1.,
1.038133247489,1.)) REPRESENTATION_ITEM('') );
#846 = CARTESIAN_POINT('',(7.794228667403,-11.9999998983));
#847 = CARTESIAN_POINT('',(4.168887746573,-11.99999989797));
#848 = CARTESIAN_POINT('',(-1.998080422387E-02,-8.382685784193));
#849 = ( GEOMETRIC_REPRESENTATION_CONTEXT(2) 
PARAMETRIC_REPRESENTATION_CONTEXT() REPRESENTATION_CONTEXT('2D SPACE',''
  ) );
#850 = ADVANCED_FACE('',(#851),#461,.T.);
#851 = FACE_BOUND('',#852,.T.);
#852 = EDGE_LOOP('',(#853,#854,#877,#904));
#853 = ORIENTED_EDGE('',*,*,#444,.T.);
#854 = ORIENTED_EDGE('',*,*,#855,.T.);
#855 = EDGE_CURVE('',#445,#856,#858,.T.);
#856 = VERTEX_POINT('',#857);
#857 = CARTESIAN_POINT('',(18.35,12.8,0.));
#858 = SEAM_CURVE('',#859,(#863,#870),.PCURVE_S1.);
#859 = LINE('',#860,#861);
#860 = CARTESIAN_POINT('',(15.65,12.8,0.));
#861 = VECTOR('',#862,1.);
#862 = DIRECTION('',(1.,0.,0.));
#863 = PCURVE('',#461,#864);
#864 = DEFINITIONAL_REPRESENTATION('',(#865),#869);
#865 = LINE('',#866,#867);
#866 = CARTESIAN_POINT('',(0.,0.));
#867 = VECTOR('',#868,1.);
#868 = DIRECTION('',(0.,1.));
#869 = ( GEOMETRIC_REPRESENTATION_CONTEXT(2) 
PARAMETRIC_REPRESENTATION_CONTEXT() REPRESENTATION_CONTEXT('2D SPACE',''
  ) );
#870 = PCURVE('',#461,#871);
#871 = DEFINITIONAL_REPRESENTATION('',(#872),#876);
#872 = LINE('',#873,#874);
#873 = CARTESIAN_POINT('',(6.28318530718,0.));
#874 = VECTOR('',#875,1.);
#875 = DIRECTION('',(0.,1.));
#876 = ( GEOMETRIC_REPRESENTATION_CONTEXT(2) 
PARAMETRIC_REPRESENTATION_CONTEXT() REPRESENTATION_CONTEXT('2D SPACE',''
  ) );
#877 = ORIENTED_EDGE('',*,*,#878,.F.);
#878 = EDGE_CURVE('',#856,#856,#879,.T.);
#879 = SURFACE_CURVE('',#880,(#885,#892),.PCURVE_S1.);
#880 = CIRCLE('',#881,12.8);
#881 = AXIS2_PLACEMENT_3D('',#882,#883,#884);
#882 = CARTESIAN_POINT('',(18.35,0.,0.));
#883 = DIRECTION('',(1.,0.,0.));
#884 = DIRECTION('',(-0.,1.,0.));
#885 = PCURVE('',#461,#886);
#886 = DEFINITIONAL_REPRESENTATION('',(#887),#891);
#887 = LINE('',#888,#889);
#888 = CARTESIAN_POINT('',(0.,2.7));
#889 = VECTOR('',#890,1.);
#890 = DIRECTION('',(1.,0.));
#891 = ( GEOMETRIC_REPRESENTATION_CONTEXT(2) 
PARAMETRIC_REPRESENTATION_CONTEXT() REPRESENTATION_CONTEXT('2D SPACE',''
  ) );
#892 = PCURVE('',#893,#898);
#893 = PLANE('',#894);
#894 = AXIS2_PLACEMENT_3D('',#895,#896,#897);
#895 = CARTESIAN_POINT('',(18.35,0.,0.));
#896 = DIRECTION('',(1.,0.,0.));
#897 = DIRECTION('',(-0.,1.,0.));
#898 = DEFINITIONAL_REPRESENTATION('',(#899),#903);
#899 = CIRCLE('',#900,12.8);
#900 = AXIS2_PLACEMENT_2D('',#901,#902);
#901 = CARTESIAN_POINT('',(0.,0.));
#902 = DIRECTION('',(1.,-0.));
#903 = ( GEOMETRIC_REPRESENTATION_CONTEXT(2) 
PARAMETRIC_REPRESENTATION_CONTEXT() REPRESENTATION_CONTEXT('2D SPACE',''
  ) );
#904 = ORIENTED_EDGE('',*,*,#855,.F.);
#905 = ADVANCED_FACE('',(#906),#497,.F.);
#906 = FACE_BOUND('',#907,.F.);
#907 = EDGE_LOOP('',(#908,#943,#964,#965,#966,#989));
#908 = ORIENTED_EDGE('',*,*,#909,.F.);
#909 = EDGE_CURVE('',#910,#912,#914,.T.);
#910 = VERTEX_POINT('',#911);
#911 = CARTESIAN_POINT('',(3.600076246975,7.79422866812,13.500000058994)
  );
#912 = VERTEX_POINT('',#913);
#913 = CARTESIAN_POINT('',(0.,-2.352093759735E-12,13.500000029497));
#914 = SURFACE_CURVE('',#915,(#920,#927),.PCURVE_S1.);
#915 = HYPERBOLA('',#916,23.271258025337,13.500000058994);
#916 = AXIS2_PLACEMENT_3D('',#917,#918,#919);
#917 = CARTESIAN_POINT('',(-23.27125792364,1.538370149107E-15,
    13.500000058994));
#918 = DIRECTION('',(0.,-1.139533438803E-16,-1.));
#919 = DIRECTION('',(1.,0.,0.));
#920 = PCURVE('',#497,#921);
#921 = DEFINITIONAL_REPRESENTATION('',(#922),#926);
#922 = ( BOUNDED_CURVE() B_SPLINE_CURVE(2,(#923,#924,#925),
.UNSPECIFIED.,.F.,.F.) B_SPLINE_CURVE_WITH_KNOTS((3,3),(-0.550587502697,
-5.314143825427E-11),.PIECEWISE_BEZIER_KNOTS.) CURVE() 
GEOMETRIC_REPRESENTATION_ITEM() RATIONAL_B_SPLINE_CURVE((1.,
1.038133247489,1.)) REPRESENTATION_ITEM('') );
#923 = CARTESIAN_POINT('',(-1.998080422386E-02,-3.617314215807));
#924 = CARTESIAN_POINT('',(4.168887746573,-1.020250159911E-07));
#925 = CARTESIAN_POINT('',(7.794228667402,-1.016929154218E-07));
#926 = ( GEOMETRIC_REPRESENTATION_CONTEXT(2) 
PARAMETRIC_REPRESENTATION_CONTEXT() REPRESENTATION_CONTEXT('2D SPACE',''
  ) );
#927 = PCURVE('',#928,#933);
#928 = CONICAL_SURFACE('',#929,15.59845733624,0.525669655168);
#929 = AXIS2_PLACEMENT_3D('',#930,#931,#932);
#930 = CARTESIAN_POINT('',(3.617314215807,0.,0.));
#931 = DIRECTION('',(1.,0.,0.));
#932 = DIRECTION('',(0.,1.,0.));
#933 = DEFINITIONAL_REPRESENTATION('',(#934),#942);
#934 = B_SPLINE_CURVE_WITH_KNOTS('',6,(#935,#936,#937,#938,#939,#940,
    #941),.UNSPECIFIED.,.F.,.F.,(7,7),(-0.550587502697,
    -5.314143825427E-11),.PIECEWISE_BEZIER_KNOTS.);
#935 = CARTESIAN_POINT('',(1.046088217932,-3.322695125902E-16));
#936 = CARTESIAN_POINT('',(1.125507731007,-1.236079031423));
#937 = CARTESIAN_POINT('',(1.20930814325,-2.200452216007));
#938 = CARTESIAN_POINT('',(1.296891344288,-2.911854261371));
#939 = CARTESIAN_POINT('',(1.387267591103,-3.382160586315));
#940 = CARTESIAN_POINT('',(1.479031742968,-3.617314114001));
#941 = CARTESIAN_POINT('',(1.570796326742,-3.617314114114));
#942 = ( GEOMETRIC_REPRESENTATION_CONTEXT(2) 
PARAMETRIC_REPRESENTATION_CONTEXT() REPRESENTATION_CONTEXT('2D SPACE',''
  ) );
#943 = ORIENTED_EDGE('',*,*,#944,.T.);
#944 = EDGE_CURVE('',#910,#797,#945,.T.);
#945 = SURFACE_CURVE('',#946,(#950,#957),.PCURVE_S1.);
#946 = LINE('',#947,#948);
#947 = CARTESIAN_POINT('',(0.,7.79422866812,13.500000058994));
#948 = VECTOR('',#949,1.);
#949 = DIRECTION('',(1.,0.,0.));
#950 = PCURVE('',#497,#951);
#951 = DEFINITIONAL_REPRESENTATION('',(#952),#956);
#952 = LINE('',#953,#954);
#953 = CARTESIAN_POINT('',(0.,0.));
#954 = VECTOR('',#955,1.);
#955 = DIRECTION('',(0.,-1.));
#956 = ( GEOMETRIC_REPRESENTATION_CONTEXT(2) 
PARAMETRIC_REPRESENTATION_CONTEXT() REPRESENTATION_CONTEXT('2D SPACE',''
  ) );
#957 = PCURVE('',#754,#958);
#958 = DEFINITIONAL_REPRESENTATION('',(#959),#963);
#959 = LINE('',#960,#961);
#960 = CARTESIAN_POINT('',(15.58845733624,0.));
#961 = VECTOR('',#962,1.);
#962 = DIRECTION('',(0.,-1.));
#963 = ( GEOMETRIC_REPRESENTATION_CONTEXT(2) 
PARAMETRIC_REPRESENTATION_CONTEXT() REPRESENTATION_CONTEXT('2D SPACE',''
  ) );
#964 = ORIENTED_EDGE('',*,*,#825,.F.);
#965 = ORIENTED_EDGE('',*,*,#476,.F.);
#966 = ORIENTED_EDGE('',*,*,#967,.F.);
#967 = EDGE_CURVE('',#968,#477,#970,.T.);
#968 = VERTEX_POINT('',#969);
#969 = CARTESIAN_POINT('',(3.600076246975,-7.79422866812,13.500000058994
    ));
#970 = SURFACE_CURVE('',#971,(#975,#982),.PCURVE_S1.);
#971 = LINE('',#972,#973);
#972 = CARTESIAN_POINT('',(0.,-7.79422866812,13.500000058994));
#973 = VECTOR('',#974,1.);
#974 = DIRECTION('',(1.,0.,0.));
#975 = PCURVE('',#497,#976);
#976 = DEFINITIONAL_REPRESENTATION('',(#977),#981);
#977 = LINE('',#978,#979);
#978 = CARTESIAN_POINT('',(15.58845733624,0.));
#979 = VECTOR('',#980,1.);
#980 = DIRECTION('',(0.,-1.));
#981 = ( GEOMETRIC_REPRESENTATION_CONTEXT(2) 
PARAMETRIC_REPRESENTATION_CONTEXT() REPRESENTATION_CONTEXT('2D SPACE',''
  ) );
#982 = PCURVE('',#529,#983);
#983 = DEFINITIONAL_REPRESENTATION('',(#984),#988);
#984 = LINE('',#985,#986);
#985 = CARTESIAN_POINT('',(0.,0.));
#986 = VECTOR('',#987,1.);
#987 = DIRECTION('',(0.,-1.));
#988 = ( GEOMETRIC_REPRESENTATION_CONTEXT(2) 
PARAMETRIC_REPRESENTATION_CONTEXT() REPRESENTATION_CONTEXT('2D SPACE',''
  ) );
#989 = ORIENTED_EDGE('',*,*,#990,.F.);
#990 = EDGE_CURVE('',#912,#968,#991,.T.);
#991 = SURFACE_CURVE('',#992,(#997,#1004),.PCURVE_S1.);
#992 = HYPERBOLA('',#993,23.271258025337,13.500000058994);
#993 = AXIS2_PLACEMENT_3D('',#994,#995,#996);
#994 = CARTESIAN_POINT('',(-23.27125792364,1.538370149107E-15,
    13.500000058994));
#995 = DIRECTION('',(0.,-1.139533438803E-16,-1.));
#996 = DIRECTION('',(1.,0.,0.));
#997 = PCURVE('',#497,#998);
#998 = DEFINITIONAL_REPRESENTATION('',(#999),#1003);
#999 = ( BOUNDED_CURVE() B_SPLINE_CURVE(2,(#1000,#1001,#1002),
.UNSPECIFIED.,.F.,.F.) B_SPLINE_CURVE_WITH_KNOTS((3,3),(
-5.314143825427E-11,0.550587502697),.PIECEWISE_BEZIER_KNOTS.) CURVE() 
GEOMETRIC_REPRESENTATION_ITEM() RATIONAL_B_SPLINE_CURVE((1.,
1.038133247504,1.)) REPRESENTATION_ITEM('') );
#1000 = CARTESIAN_POINT('',(7.794228667402,-1.016929154218E-07));
#1001 = CARTESIAN_POINT('',(11.419569588897,-1.013608148526E-07));
#1002 = CARTESIAN_POINT('',(15.608438140464,-3.617314215807));
#1003 = ( GEOMETRIC_REPRESENTATION_CONTEXT(2) 
PARAMETRIC_REPRESENTATION_CONTEXT() REPRESENTATION_CONTEXT('2D SPACE',''
  ) );
#1004 = PCURVE('',#1005,#1010);
#1005 = CONICAL_SURFACE('',#1006,15.59845733624,0.525669655168);
#1006 = AXIS2_PLACEMENT_3D('',#1007,#1008,#1009);
#1007 = CARTESIAN_POINT('',(3.617314215807,0.,0.));
#1008 = DIRECTION('',(1.,0.,0.));
#1009 = DIRECTION('',(0.,1.,0.));
#1010 = DEFINITIONAL_REPRESENTATION('',(#1011),#1019);
#1011 = B_SPLINE_CURVE_WITH_KNOTS('',6,(#1012,#1013,#1014,#1015,#1016,
    #1017,#1018),.UNSPECIFIED.,.F.,.F.,(7,7),(-5.314143825427E-11,
    0.550587502697),.PIECEWISE_BEZIER_KNOTS.);
#1012 = CARTESIAN_POINT('',(1.570796326742,-3.617314114114));
#1013 = CARTESIAN_POINT('',(1.662560910533,-3.617314114228));
#1014 = CARTESIAN_POINT('',(1.754325062417,-3.382160586678));
#1015 = CARTESIAN_POINT('',(1.844701309251,-2.911854261783));
#1016 = CARTESIAN_POINT('',(1.932284510308,-2.200452216379));
#1017 = CARTESIAN_POINT('',(2.016084922567,-1.236079031662));
#1018 = CARTESIAN_POINT('',(2.095504435658,1.209766052375E-15));
#1019 = ( GEOMETRIC_REPRESENTATION_CONTEXT(2) 
PARAMETRIC_REPRESENTATION_CONTEXT() REPRESENTATION_CONTEXT('2D SPACE',''
  ) );
#1020 = ADVANCED_FACE('',(#1021),#529,.F.);
#1021 = FACE_BOUND('',#1022,.F.);
#1022 = EDGE_LOOP('',(#1023,#1051,#1052,#1053,#1054,#1077));
#1023 = ORIENTED_EDGE('',*,*,#1024,.F.);
#1024 = EDGE_CURVE('',#968,#1025,#1027,.T.);
#1025 = VERTEX_POINT('',#1026);
#1026 = CARTESIAN_POINT('',(0.,-11.69134299716,6.749999979198));
#1027 = SURFACE_CURVE('',#1028,(#1033,#1040),.PCURVE_S1.);
#1028 = HYPERBOLA('',#1029,23.271258025337,13.500000058994);
#1029 = AXIS2_PLACEMENT_3D('',#1030,#1031,#1032);
#1030 = CARTESIAN_POINT('',(-23.27125792364,-11.69134300218,
    6.750000029497));
#1031 = DIRECTION('',(0.,0.866025403784,-0.5));
#1032 = DIRECTION('',(1.,-0.,0.));
#1033 = PCURVE('',#529,#1034);
#1034 = DEFINITIONAL_REPRESENTATION('',(#1035),#1039);
#1035 = ( BOUNDED_CURVE() B_SPLINE_CURVE(2,(#1036,#1037,#1038),
.UNSPECIFIED.,.F.,.F.) B_SPLINE_CURVE_WITH_KNOTS((3,3),(-0.550587502697,
-3.898924948104E-11),.PIECEWISE_BEZIER_KNOTS.) CURVE() 
GEOMETRIC_REPRESENTATION_ITEM() RATIONAL_B_SPLINE_CURVE((1.,
1.038133247491,1.)) REPRESENTATION_ITEM('') );
#1036 = CARTESIAN_POINT('',(-1.998080422385E-02,-3.617314215807));
#1037 = CARTESIAN_POINT('',(4.168887746676,-1.019365818422E-07));
#1038 = CARTESIAN_POINT('',(7.794228667594,-1.016929189745E-07));
#1039 = ( GEOMETRIC_REPRESENTATION_CONTEXT(2) 
PARAMETRIC_REPRESENTATION_CONTEXT() REPRESENTATION_CONTEXT('2D SPACE',''
  ) );
#1040 = PCURVE('',#1005,#1041);
#1041 = DEFINITIONAL_REPRESENTATION('',(#1042),#1050);
#1042 = B_SPLINE_CURVE_WITH_KNOTS('',6,(#1043,#1044,#1045,#1046,#1047,
    #1048,#1049),.UNSPECIFIED.,.F.,.F.,(7,7),(-0.550587502697,
    -3.898924948104E-11),.PIECEWISE_BEZIER_KNOTS.);
#1043 = CARTESIAN_POINT('',(2.093285769129,-2.990425613311E-15));
#1044 = CARTESIAN_POINT('',(2.172705282206,-1.236079031455));
#1045 = CARTESIAN_POINT('',(2.25650569445,-2.200452216056));
#1046 = CARTESIAN_POINT('',(2.344088895491,-2.911854261426));
#1047 = CARTESIAN_POINT('',(2.434465142309,-3.382160586364));
#1048 = CARTESIAN_POINT('',(2.526229294176,-3.617314114031));
#1049 = CARTESIAN_POINT('',(2.617993877953,-3.617314114114));
#1050 = ( GEOMETRIC_REPRESENTATION_CONTEXT(2) 
PARAMETRIC_REPRESENTATION_CONTEXT() REPRESENTATION_CONTEXT('2D SPACE',''
  ) );
#1051 = ORIENTED_EDGE('',*,*,#967,.T.);
#1052 = ORIENTED_EDGE('',*,*,#510,.F.);
#1053 = ORIENTED_EDGE('',*,*,#544,.F.);
#1054 = ORIENTED_EDGE('',*,*,#1055,.F.);
#1055 = EDGE_CURVE('',#1056,#545,#1058,.T.);
#1056 = VERTEX_POINT('',#1057);
#1057 = CARTESIAN_POINT('',(3.600076246975,-15.58845733624,
    1.909035438047E-15));
#1058 = SURFACE_CURVE('',#1059,(#1063,#1070),.PCURVE_S1.);
#1059 = LINE('',#1060,#1061);
#1060 = CARTESIAN_POINT('',(0.,-15.58845733624,1.909035438047E-15));
#1061 = VECTOR('',#1062,1.);
#1062 = DIRECTION('',(1.,0.,0.));
#1063 = PCURVE('',#529,#1064);
#1064 = DEFINITIONAL_REPRESENTATION('',(#1065),#1069);
#1065 = LINE('',#1066,#1067);
#1066 = CARTESIAN_POINT('',(15.58845733624,0.));
#1067 = VECTOR('',#1068,1.);
#1068 = DIRECTION('',(0.,-1.));
#1069 = ( GEOMETRIC_REPRESENTATION_CONTEXT(2) 
PARAMETRIC_REPRESENTATION_CONTEXT() REPRESENTATION_CONTEXT('2D SPACE',''
  ) );
#1070 = PCURVE('',#592,#1071);
#1071 = DEFINITIONAL_REPRESENTATION('',(#1072),#1076);
#1072 = LINE('',#1073,#1074);
#1073 = CARTESIAN_POINT('',(0.,0.));
#1074 = VECTOR('',#1075,1.);
#1075 = DIRECTION('',(0.,-1.));
#1076 = ( GEOMETRIC_REPRESENTATION_CONTEXT(2) 
PARAMETRIC_REPRESENTATION_CONTEXT() REPRESENTATION_CONTEXT('2D SPACE',''
  ) );
#1077 = ORIENTED_EDGE('',*,*,#1078,.F.);
#1078 = EDGE_CURVE('',#1025,#1056,#1079,.T.);
#1079 = SURFACE_CURVE('',#1080,(#1085,#1092),.PCURVE_S1.);
#1080 = HYPERBOLA('',#1081,23.271258025337,13.500000058994);
#1081 = AXIS2_PLACEMENT_3D('',#1082,#1083,#1084);
#1082 = CARTESIAN_POINT('',(-23.27125792364,-11.69134300218,
    6.750000029497));
#1083 = DIRECTION('',(0.,0.866025403784,-0.5));
#1084 = DIRECTION('',(1.,-0.,0.));
#1085 = PCURVE('',#529,#1086);
#1086 = DEFINITIONAL_REPRESENTATION('',(#1087),#1091);
#1087 = ( BOUNDED_CURVE() B_SPLINE_CURVE(2,(#1088,#1089,#1090),
.UNSPECIFIED.,.F.,.F.) B_SPLINE_CURVE_WITH_KNOTS((3,3),(
-3.898924948104E-11,0.550587502697),.PIECEWISE_BEZIER_KNOTS.) CURVE() 
GEOMETRIC_REPRESENTATION_ITEM() RATIONAL_B_SPLINE_CURVE((1.,
1.038133247502,1.)) REPRESENTATION_ITEM('') );
#1088 = CARTESIAN_POINT('',(7.794228667594,-1.016929189745E-07));
#1089 = CARTESIAN_POINT('',(11.419569589,-1.014492632123E-07));
#1090 = CARTESIAN_POINT('',(15.608438140464,-3.617314215807));
#1091 = ( GEOMETRIC_REPRESENTATION_CONTEXT(2) 
PARAMETRIC_REPRESENTATION_CONTEXT() REPRESENTATION_CONTEXT('2D SPACE',''
  ) );
#1092 = PCURVE('',#1093,#1098);
#1093 = CONICAL_SURFACE('',#1094,15.59845733624,0.525669655168);
#1094 = AXIS2_PLACEMENT_3D('',#1095,#1096,#1097);
#1095 = CARTESIAN_POINT('',(3.617314215807,0.,0.));
#1096 = DIRECTION('',(1.,0.,0.));
#1097 = DIRECTION('',(0.,1.,0.));
#1098 = DEFINITIONAL_REPRESENTATION('',(#1099),#1107);
#1099 = B_SPLINE_CURVE_WITH_KNOTS('',6,(#1100,#1101,#1102,#1103,#1104,
    #1105,#1106),.UNSPECIFIED.,.F.,.F.,(7,7),(-3.898924948104E-11,
    0.550587502697),.PIECEWISE_BEZIER_KNOTS.);
#1100 = CARTESIAN_POINT('',(2.617993877953,-3.617314114114));
#1101 = CARTESIAN_POINT('',(2.709758461742,-3.617314114198));
#1102 = CARTESIAN_POINT('',(2.801522613623,-3.38216058663));
#1103 = CARTESIAN_POINT('',(2.891898860454,-2.911854261728));
#1104 = CARTESIAN_POINT('',(2.979482061509,-2.200452216329));
#1105 = CARTESIAN_POINT('',(3.063282473766,-1.23607903163));
#1106 = CARTESIAN_POINT('',(3.142701986854,-2.990425613311E-15));
#1107 = ( GEOMETRIC_REPRESENTATION_CONTEXT(2) 
PARAMETRIC_REPRESENTATION_CONTEXT() REPRESENTATION_CONTEXT('2D SPACE',''
  ) );
#1108 = ADVANCED_FACE('',(#1109),#592,.F.);
#1109 = FACE_BOUND('',#1110,.F.);
#1110 = EDGE_LOOP('',(#1111,#1139,#1140,#1141,#1142,#1165));
#1111 = ORIENTED_EDGE('',*,*,#1112,.F.);
#1112 = EDGE_CURVE('',#1056,#1113,#1115,.T.);
#1113 = VERTEX_POINT('',#1114);
#1114 = CARTESIAN_POINT('',(0.,-11.69134295301,-6.750000055666));
#1115 = SURFACE_CURVE('',#1116,(#1121,#1128),.PCURVE_S1.);
#1116 = HYPERBOLA('',#1117,23.271258025337,13.500000058994);
#1117 = AXIS2_PLACEMENT_3D('',#1118,#1119,#1120);
#1118 = CARTESIAN_POINT('',(-23.27125792364,-11.69134300218,
    -6.750000029497));
#1119 = DIRECTION('',(-0.,0.866025403784,0.5));
#1120 = DIRECTION('',(1.,0.,0.));
#1121 = PCURVE('',#592,#1122);
#1122 = DEFINITIONAL_REPRESENTATION('',(#1123),#1127);
#1123 = ( BOUNDED_CURVE() B_SPLINE_CURVE(2,(#1124,#1125,#1126),
.UNSPECIFIED.,.F.,.F.) B_SPLINE_CURVE_WITH_KNOTS((3,3),(-0.550587502697,
-5.733059129085E-11),.PIECEWISE_BEZIER_KNOTS.) CURVE() 
GEOMETRIC_REPRESENTATION_ITEM() RATIONAL_B_SPLINE_CURVE((1.,
1.038133247489,1.)) REPRESENTATION_ITEM('') );
#1124 = CARTESIAN_POINT('',(-1.998080422386E-02,-3.617314215807));
#1125 = CARTESIAN_POINT('',(4.168887746543,-1.020511923855E-07));
#1126 = CARTESIAN_POINT('',(7.794228667346,-1.016929154218E-07));
#1127 = ( GEOMETRIC_REPRESENTATION_CONTEXT(2) 
PARAMETRIC_REPRESENTATION_CONTEXT() REPRESENTATION_CONTEXT('2D SPACE',''
  ) );
#1128 = PCURVE('',#1093,#1129);
#1129 = DEFINITIONAL_REPRESENTATION('',(#1130),#1138);
#1130 = B_SPLINE_CURVE_WITH_KNOTS('',6,(#1131,#1132,#1133,#1134,#1135,
    #1136,#1137),.UNSPECIFIED.,.F.,.F.,(7,7),(-0.550587502697,
    -5.733059129085E-11),.PIECEWISE_BEZIER_KNOTS.);
#1131 = CARTESIAN_POINT('',(3.140483320325,-2.990425613311E-15));
#1132 = CARTESIAN_POINT('',(3.2199028334,-1.236079031414));
#1133 = CARTESIAN_POINT('',(3.303703245641,-2.200452215992));
#1134 = CARTESIAN_POINT('',(3.391286446679,-2.911854261355));
#1135 = CARTESIAN_POINT('',(3.481662693494,-3.382160586301));
#1136 = CARTESIAN_POINT('',(3.573426845358,-3.617314113992));
#1137 = CARTESIAN_POINT('',(3.665191429131,-3.617314114114));
#1138 = ( GEOMETRIC_REPRESENTATION_CONTEXT(2) 
PARAMETRIC_REPRESENTATION_CONTEXT() REPRESENTATION_CONTEXT('2D SPACE',''
  ) );
#1139 = ORIENTED_EDGE('',*,*,#1055,.T.);
#1140 = ORIENTED_EDGE('',*,*,#573,.F.);
#1141 = ORIENTED_EDGE('',*,*,#641,.F.);
#1142 = ORIENTED_EDGE('',*,*,#1143,.F.);
#1143 = EDGE_CURVE('',#1144,#609,#1146,.T.);
#1144 = VERTEX_POINT('',#1145);
#1145 = CARTESIAN_POINT('',(3.600076246975,-7.79422866812,
    -13.50000005899));
#1146 = SURFACE_CURVE('',#1147,(#1151,#1158),.PCURVE_S1.);
#1147 = LINE('',#1148,#1149);
#1148 = CARTESIAN_POINT('',(0.,-7.79422866812,-13.50000005899));
#1149 = VECTOR('',#1150,1.);
#1150 = DIRECTION('',(1.,0.,0.));
#1151 = PCURVE('',#592,#1152);
#1152 = DEFINITIONAL_REPRESENTATION('',(#1153),#1157);
#1153 = LINE('',#1154,#1155);
#1154 = CARTESIAN_POINT('',(15.58845733624,0.));
#1155 = VECTOR('',#1156,1.);
#1156 = DIRECTION('',(0.,-1.));
#1157 = ( GEOMETRIC_REPRESENTATION_CONTEXT(2) 
PARAMETRIC_REPRESENTATION_CONTEXT() REPRESENTATION_CONTEXT('2D SPACE',''
  ) );
#1158 = PCURVE('',#629,#1159);
#1159 = DEFINITIONAL_REPRESENTATION('',(#1160),#1164);
#1160 = LINE('',#1161,#1162);
#1161 = CARTESIAN_POINT('',(0.,0.));
#1162 = VECTOR('',#1163,1.);
#1163 = DIRECTION('',(0.,-1.));
#1164 = ( GEOMETRIC_REPRESENTATION_CONTEXT(2) 
PARAMETRIC_REPRESENTATION_CONTEXT() REPRESENTATION_CONTEXT('2D SPACE',''
  ) );
#1165 = ORIENTED_EDGE('',*,*,#1166,.F.);
#1166 = EDGE_CURVE('',#1113,#1144,#1167,.T.);
#1167 = SURFACE_CURVE('',#1168,(#1173,#1180),.PCURVE_S1.);
#1168 = HYPERBOLA('',#1169,23.271258025337,13.500000058994);
#1169 = AXIS2_PLACEMENT_3D('',#1170,#1171,#1172);
#1170 = CARTESIAN_POINT('',(-23.27125792364,-11.69134300218,
    -6.750000029497));
#1171 = DIRECTION('',(-0.,0.866025403784,0.5));
#1172 = DIRECTION('',(1.,0.,0.));
#1173 = PCURVE('',#592,#1174);
#1174 = DEFINITIONAL_REPRESENTATION('',(#1175),#1179);
#1175 = ( BOUNDED_CURVE() B_SPLINE_CURVE(2,(#1176,#1177,#1178),
.UNSPECIFIED.,.F.,.F.) B_SPLINE_CURVE_WITH_KNOTS((3,3),(
-5.733059129085E-11,0.550587502697),.PIECEWISE_BEZIER_KNOTS.) CURVE() 
GEOMETRIC_REPRESENTATION_ITEM() RATIONAL_B_SPLINE_CURVE((1.,
1.038133247505,1.)) REPRESENTATION_ITEM('') );
#1176 = CARTESIAN_POINT('',(7.794228667346,-1.016929154218E-07));
#1177 = CARTESIAN_POINT('',(11.419569588867,-1.013346420109E-07));
#1178 = CARTESIAN_POINT('',(15.608438140464,-3.617314215807));
#1179 = ( GEOMETRIC_REPRESENTATION_CONTEXT(2) 
PARAMETRIC_REPRESENTATION_CONTEXT() REPRESENTATION_CONTEXT('2D SPACE',''
  ) );
#1180 = PCURVE('',#1181,#1186);
#1181 = CONICAL_SURFACE('',#1182,15.59845733624,0.525669655168);
#1182 = AXIS2_PLACEMENT_3D('',#1183,#1184,#1185);
#1183 = CARTESIAN_POINT('',(3.617314215807,0.,0.));
#1184 = DIRECTION('',(1.,0.,0.));
#1185 = DIRECTION('',(0.,1.,0.));
#1186 = DEFINITIONAL_REPRESENTATION('',(#1187),#1195);
#1187 = B_SPLINE_CURVE_WITH_KNOTS('',6,(#1188,#1189,#1190,#1191,#1192,
    #1193,#1194),.UNSPECIFIED.,.F.,.F.,(7,7),(-5.733059129085E-11,
    0.550587502697),.PIECEWISE_BEZIER_KNOTS.);
#1188 = CARTESIAN_POINT('',(3.665191429131,-3.617314114114));
#1189 = CARTESIAN_POINT('',(3.756956012923,-3.617314114237));
#1190 = CARTESIAN_POINT('',(3.848720164807,-3.382160586693));
#1191 = CARTESIAN_POINT('',(3.939096411642,-2.9118542618));
#1192 = CARTESIAN_POINT('',(4.0266796127,-2.200452216394));
#1193 = CARTESIAN_POINT('',(4.11048002496,-1.236079031671));
#1194 = CARTESIAN_POINT('',(4.189899538051,-9.848773379719E-15));
#1195 = ( GEOMETRIC_REPRESENTATION_CONTEXT(2) 
PARAMETRIC_REPRESENTATION_CONTEXT() REPRESENTATION_CONTEXT('2D SPACE',''
  ) );
#1196 = ADVANCED_FACE('',(#1197),#629,.F.);
#1197 = FACE_BOUND('',#1198,.F.);
#1198 = EDGE_LOOP('',(#1199,#1227,#1228,#1229,#1230,#1253));
#1199 = ORIENTED_EDGE('',*,*,#1200,.F.);
#1200 = EDGE_CURVE('',#1144,#1201,#1203,.T.);
#1201 = VERTEX_POINT('',#1202);
#1202 = CARTESIAN_POINT('',(0.,-2.781295772257E-13,-13.50000002949));
#1203 = SURFACE_CURVE('',#1204,(#1209,#1216),.PCURVE_S1.);
#1204 = HYPERBOLA('',#1205,23.271258025337,13.500000058994);
#1205 = AXIS2_PLACEMENT_3D('',#1206,#1207,#1208);
#1206 = CARTESIAN_POINT('',(-23.27125792364,-7.691850745534E-15,
    -13.50000005899));
#1207 = DIRECTION('',(-0.,5.697667194016E-16,1.));
#1208 = DIRECTION('',(1.,0.,0.));
#1209 = PCURVE('',#629,#1210);
#1210 = DEFINITIONAL_REPRESENTATION('',(#1211),#1215);
#1211 = ( BOUNDED_CURVE() B_SPLINE_CURVE(2,(#1212,#1213,#1214),
.UNSPECIFIED.,.F.,.F.) B_SPLINE_CURVE_WITH_KNOTS((3,3),(-0.550587502697,
1.015603227185E-14),.PIECEWISE_BEZIER_KNOTS.) CURVE() 
GEOMETRIC_REPRESENTATION_ITEM() RATIONAL_B_SPLINE_CURVE((1.,
1.038133247497,1.)) REPRESENTATION_ITEM('') );
#1212 = CARTESIAN_POINT('',(-1.998080422386E-02,-3.617314215807));
#1213 = CARTESIAN_POINT('',(4.168887746958,-1.016928550257E-07));
#1214 = CARTESIAN_POINT('',(7.79422866812,-1.016929189745E-07));
#1215 = ( GEOMETRIC_REPRESENTATION_CONTEXT(2) 
PARAMETRIC_REPRESENTATION_CONTEXT() REPRESENTATION_CONTEXT('2D SPACE',''
  ) );
#1216 = PCURVE('',#1181,#1217);
#1217 = DEFINITIONAL_REPRESENTATION('',(#1218),#1226);
#1218 = B_SPLINE_CURVE_WITH_KNOTS('',6,(#1219,#1220,#1221,#1222,#1223,
    #1224,#1225),.UNSPECIFIED.,.F.,.F.,(7,7),(-0.550587502697,
    1.015603227185E-14),.PIECEWISE_BEZIER_KNOTS.);
#1219 = CARTESIAN_POINT('',(4.187680871522,3.867922153096E-15));
#1220 = CARTESIAN_POINT('',(4.267100384604,-1.236079031542));
#1221 = CARTESIAN_POINT('',(4.350900796856,-2.200452216193));
#1222 = CARTESIAN_POINT('',(4.438483997903,-2.911854261577));
#1223 = CARTESIAN_POINT('',(4.528860244728,-3.382160586497));
#1224 = CARTESIAN_POINT('',(4.620624396602,-3.617314114114));
#1225 = CARTESIAN_POINT('',(4.712388980385,-3.617314114114));
#1226 = ( GEOMETRIC_REPRESENTATION_CONTEXT(2) 
PARAMETRIC_REPRESENTATION_CONTEXT() REPRESENTATION_CONTEXT('2D SPACE',''
  ) );
#1227 = ORIENTED_EDGE('',*,*,#1143,.T.);
#1228 = ORIENTED_EDGE('',*,*,#608,.F.);
#1229 = ORIENTED_EDGE('',*,*,#704,.F.);
#1230 = ORIENTED_EDGE('',*,*,#1231,.F.);
#1231 = EDGE_CURVE('',#1232,#672,#1234,.T.);
#1232 = VERTEX_POINT('',#1233);
#1233 = CARTESIAN_POINT('',(3.600076246975,7.79422866812,-13.50000005899
    ));
#1234 = SURFACE_CURVE('',#1235,(#1239,#1246),.PCURVE_S1.);
#1235 = LINE('',#1236,#1237);
#1236 = CARTESIAN_POINT('',(0.,7.79422866812,-13.50000005899));
#1237 = VECTOR('',#1238,1.);
#1238 = DIRECTION('',(1.,0.,0.));
#1239 = PCURVE('',#629,#1240);
#1240 = DEFINITIONAL_REPRESENTATION('',(#1241),#1245);
#1241 = LINE('',#1242,#1243);
#1242 = CARTESIAN_POINT('',(15.58845733624,0.));
#1243 = VECTOR('',#1244,1.);
#1244 = DIRECTION('',(0.,-1.));
#1245 = ( GEOMETRIC_REPRESENTATION_CONTEXT(2) 
PARAMETRIC_REPRESENTATION_CONTEXT() REPRESENTATION_CONTEXT('2D SPACE',''
  ) );
#1246 = PCURVE('',#692,#1247);
#1247 = DEFINITIONAL_REPRESENTATION('',(#1248),#1252);
#1248 = LINE('',#1249,#1250);
#1249 = CARTESIAN_POINT('',(0.,0.));
#1250 = VECTOR('',#1251,1.);
#1251 = DIRECTION('',(0.,-1.));
#1252 = ( GEOMETRIC_REPRESENTATION_CONTEXT(2) 
PARAMETRIC_REPRESENTATION_CONTEXT() REPRESENTATION_CONTEXT('2D SPACE',''
  ) );
#1253 = ORIENTED_EDGE('',*,*,#1254,.F.);
#1254 = EDGE_CURVE('',#1201,#1232,#1255,.T.);
#1255 = SURFACE_CURVE('',#1256,(#1261,#1268),.PCURVE_S1.);
#1256 = HYPERBOLA('',#1257,23.271258025337,13.500000058994);
#1257 = AXIS2_PLACEMENT_3D('',#1258,#1259,#1260);
#1258 = CARTESIAN_POINT('',(-23.27125792364,-7.691850745534E-15,
    -13.50000005899));
#1259 = DIRECTION('',(-0.,5.697667194016E-16,1.));
#1260 = DIRECTION('',(1.,0.,0.));
#1261 = PCURVE('',#629,#1262);
#1262 = DEFINITIONAL_REPRESENTATION('',(#1263),#1267);
#1263 = ( BOUNDED_CURVE() B_SPLINE_CURVE(2,(#1264,#1265,#1266),
.UNSPECIFIED.,.F.,.F.) B_SPLINE_CURVE_WITH_KNOTS((3,3),(
1.015603227185E-14,0.550587502697),.PIECEWISE_BEZIER_KNOTS.) CURVE() 
GEOMETRIC_REPRESENTATION_ITEM() RATIONAL_B_SPLINE_CURVE((1.,
1.038133247497,1.)) REPRESENTATION_ITEM('') );
#1264 = CARTESIAN_POINT('',(7.79422866812,-1.016929189745E-07));
#1265 = CARTESIAN_POINT('',(11.419569589282,-1.016929793707E-07));
#1266 = CARTESIAN_POINT('',(15.608438140464,-3.617314215807));
#1267 = ( GEOMETRIC_REPRESENTATION_CONTEXT(2) 
PARAMETRIC_REPRESENTATION_CONTEXT() REPRESENTATION_CONTEXT('2D SPACE',''
  ) );
#1268 = PCURVE('',#1269,#1274);
#1269 = CONICAL_SURFACE('',#1270,15.59845733624,0.525669655168);
#1270 = AXIS2_PLACEMENT_3D('',#1271,#1272,#1273);
#1271 = CARTESIAN_POINT('',(3.617314215807,0.,0.));
#1272 = DIRECTION('',(1.,0.,0.));
#1273 = DIRECTION('',(0.,1.,0.));
#1274 = DEFINITIONAL_REPRESENTATION('',(#1275),#1283);
#1275 = B_SPLINE_CURVE_WITH_KNOTS('',6,(#1276,#1277,#1278,#1279,#1280,
    #1281,#1282),.UNSPECIFIED.,.F.,.F.,(7,7),(1.015603227185E-14,
    0.550587502697),.PIECEWISE_BEZIER_KNOTS.);
#1276 = CARTESIAN_POINT('',(4.712388980385,-3.617314114114));
#1277 = CARTESIAN_POINT('',(4.804153564167,-3.617314114114));
#1278 = CARTESIAN_POINT('',(4.895917716041,-3.382160586497));
#1279 = CARTESIAN_POINT('',(4.986293962866,-2.911854261577));
#1280 = CARTESIAN_POINT('',(5.073877163914,-2.200452216193));
#1281 = CARTESIAN_POINT('',(5.157677576165,-1.236079031542));
#1282 = CARTESIAN_POINT('',(5.237097089247,-3.761443395794E-15));
#1283 = ( GEOMETRIC_REPRESENTATION_CONTEXT(2) 
PARAMETRIC_REPRESENTATION_CONTEXT() REPRESENTATION_CONTEXT('2D SPACE',''
  ) );
#1284 = ADVANCED_FACE('',(#1285),#692,.F.);
#1285 = FACE_BOUND('',#1286,.F.);
#1286 = EDGE_LOOP('',(#1287,#1315,#1316,#1317,#1318,#1341));
#1287 = ORIENTED_EDGE('',*,*,#1288,.F.);
#1288 = EDGE_CURVE('',#1232,#1289,#1291,.T.);
#1289 = VERTEX_POINT('',#1290);
#1290 = CARTESIAN_POINT('',(0.,11.691343033294,-6.749999916611));
#1291 = SURFACE_CURVE('',#1292,(#1297,#1304),.PCURVE_S1.);
#1292 = HYPERBOLA('',#1293,23.271258025336,13.500000058994);
#1293 = AXIS2_PLACEMENT_3D('',#1294,#1295,#1296);
#1294 = CARTESIAN_POINT('',(-23.27125792364,11.69134300218,
    -6.750000029497));
#1295 = DIRECTION('',(0.,-0.866025403784,0.5));
#1296 = DIRECTION('',(1.,0.,0.));
#1297 = PCURVE('',#692,#1298);
#1298 = DEFINITIONAL_REPRESENTATION('',(#1299),#1303);
#1299 = ( BOUNDED_CURVE() B_SPLINE_CURVE(2,(#1300,#1301,#1302),
.UNSPECIFIED.,.F.,.F.) B_SPLINE_CURVE_WITH_KNOTS((3,3),(-0.550587502697,
7.802551538272E-11),.PIECEWISE_BEZIER_KNOTS.) CURVE() 
GEOMETRIC_REPRESENTATION_ITEM() RATIONAL_B_SPLINE_CURVE((1.,
1.038133247508,1.)) REPRESENTATION_ITEM('') );
#1300 = CARTESIAN_POINT('',(-1.998080422385E-02,-3.617314215807));
#1301 = CARTESIAN_POINT('',(4.168887747523,-1.012053019167E-07));
#1302 = CARTESIAN_POINT('',(7.794228669173,-1.016929118691E-07));
#1303 = ( GEOMETRIC_REPRESENTATION_CONTEXT(2) 
PARAMETRIC_REPRESENTATION_CONTEXT() REPRESENTATION_CONTEXT('2D SPACE',''
  ) );
#1304 = PCURVE('',#1269,#1305);
#1305 = DEFINITIONAL_REPRESENTATION('',(#1306),#1314);
#1306 = B_SPLINE_CURVE_WITH_KNOTS('',6,(#1307,#1308,#1309,#1310,#1311,
    #1312,#1313),.UNSPECIFIED.,.F.,.F.,(7,7),(-0.550587502697,
    7.802551538272E-11),.PIECEWISE_BEZIER_KNOTS.);
#1307 = CARTESIAN_POINT('',(5.234878422719,-5.648581714033E-15));
#1308 = CARTESIAN_POINT('',(5.314297935812,-1.236079031717));
#1309 = CARTESIAN_POINT('',(5.398098348076,-2.200452216466));
#1310 = CARTESIAN_POINT('',(5.485681549137,-2.91185426188));
#1311 = CARTESIAN_POINT('',(5.576057795976,-3.382160586764));
#1312 = CARTESIAN_POINT('',(5.667821947864,-3.617314114281));
#1313 = CARTESIAN_POINT('',(5.759586531659,-3.617314114114));
#1314 = ( GEOMETRIC_REPRESENTATION_CONTEXT(2) 
PARAMETRIC_REPRESENTATION_CONTEXT() REPRESENTATION_CONTEXT('2D SPACE',''
  ) );
#1315 = ORIENTED_EDGE('',*,*,#1231,.T.);
#1316 = ORIENTED_EDGE('',*,*,#671,.F.);
#1317 = ORIENTED_EDGE('',*,*,#766,.F.);
#1318 = ORIENTED_EDGE('',*,*,#1319,.F.);
#1319 = EDGE_CURVE('',#1320,#734,#1322,.T.);
#1320 = VERTEX_POINT('',#1321);
#1321 = CARTESIAN_POINT('',(3.600076246975,15.58845733624,0.));
#1322 = SURFACE_CURVE('',#1323,(#1327,#1334),.PCURVE_S1.);
#1323 = LINE('',#1324,#1325);
#1324 = CARTESIAN_POINT('',(0.,15.58845733624,0.));
#1325 = VECTOR('',#1326,1.);
#1326 = DIRECTION('',(1.,0.,0.));
#1327 = PCURVE('',#692,#1328);
#1328 = DEFINITIONAL_REPRESENTATION('',(#1329),#1333);
#1329 = LINE('',#1330,#1331);
#1330 = CARTESIAN_POINT('',(15.58845733624,0.));
#1331 = VECTOR('',#1332,1.);
#1332 = DIRECTION('',(0.,-1.));
#1333 = ( GEOMETRIC_REPRESENTATION_CONTEXT(2) 
PARAMETRIC_REPRESENTATION_CONTEXT() REPRESENTATION_CONTEXT('2D SPACE',''
  ) );
#1334 = PCURVE('',#754,#1335);
#1335 = DEFINITIONAL_REPRESENTATION('',(#1336),#1340);
#1336 = LINE('',#1337,#1338);
#1337 = CARTESIAN_POINT('',(0.,0.));
#1338 = VECTOR('',#1339,1.);
#1339 = DIRECTION('',(0.,-1.));
#1340 = ( GEOMETRIC_REPRESENTATION_CONTEXT(2) 
PARAMETRIC_REPRESENTATION_CONTEXT() REPRESENTATION_CONTEXT('2D SPACE',''
  ) );
#1341 = ORIENTED_EDGE('',*,*,#1342,.F.);
#1342 = EDGE_CURVE('',#1289,#1320,#1343,.T.);
#1343 = SURFACE_CURVE('',#1344,(#1349,#1356),.PCURVE_S1.);
#1344 = HYPERBOLA('',#1345,23.271258025336,13.500000058994);
#1345 = AXIS2_PLACEMENT_3D('',#1346,#1347,#1348);
#1346 = CARTESIAN_POINT('',(-23.27125792364,11.69134300218,
    -6.750000029497));
#1347 = DIRECTION('',(0.,-0.866025403784,0.5));
#1348 = DIRECTION('',(1.,0.,0.));
#1349 = PCURVE('',#692,#1350);
#1350 = DEFINITIONAL_REPRESENTATION('',(#1351),#1355);
#1351 = ( BOUNDED_CURVE() B_SPLINE_CURVE(2,(#1352,#1353,#1354),
.UNSPECIFIED.,.F.,.F.) B_SPLINE_CURVE_WITH_KNOTS((3,3),(
7.802551538272E-11,0.549306144334),.PIECEWISE_BEZIER_KNOTS.) CURVE() 
GEOMETRIC_REPRESENTATION_ITEM() RATIONAL_B_SPLINE_CURVE((1.,
1.037954849291,1.)) REPRESENTATION_ITEM('') );
#1352 = CARTESIAN_POINT('',(7.794228669173,-1.016929118691E-07));
#1353 = CARTESIAN_POINT('',(11.411542782312,-1.021794417966E-07));
#1354 = CARTESIAN_POINT('',(15.58845733624,-3.600076246975));
#1355 = ( GEOMETRIC_REPRESENTATION_CONTEXT(2) 
PARAMETRIC_REPRESENTATION_CONTEXT() REPRESENTATION_CONTEXT('2D SPACE',''
  ) );
#1356 = PCURVE('',#1357,#1362);
#1357 = CONICAL_SURFACE('',#1358,15.59845733624,0.525669655168);
#1358 = AXIS2_PLACEMENT_3D('',#1359,#1360,#1361);
#1359 = CARTESIAN_POINT('',(3.617314215807,0.,0.));
#1360 = DIRECTION('',(1.,0.,0.));
#1361 = DIRECTION('',(0.,1.,0.));
#1362 = DEFINITIONAL_REPRESENTATION('',(#1363),#1371);
#1363 = B_SPLINE_CURVE_WITH_KNOTS('',6,(#1364,#1365,#1366,#1367,#1368,
    #1369,#1370),.UNSPECIFIED.,.F.,.F.,(7,7),(8.394005233412E-09,
    0.549306144334),.PIECEWISE_BEZIER_KNOTS.);
#1364 = CARTESIAN_POINT('',(5.759586539975,-3.617314114114));
#1365 = CARTESIAN_POINT('',(5.851137562632,-3.617314096231));
#1366 = CARTESIAN_POINT('',(5.942688158076,-3.383253810875));
#1367 = CARTESIAN_POINT('',(6.032860501486,-2.915133974562));
#1368 = CARTESIAN_POINT('',(6.120259320552,-2.207066816652));
#1369 = CARTESIAN_POINT('',(6.203899795816,-1.247287030567));
#1370 = CARTESIAN_POINT('',(6.28318530718,-1.723796883233E-02));
#1371 = ( GEOMETRIC_REPRESENTATION_CONTEXT(2) 
PARAMETRIC_REPRESENTATION_CONTEXT() REPRESENTATION_CONTEXT('2D SPACE',''
  ) );
#1372 = ADVANCED_FACE('',(#1373),#754,.F.);
#1373 = FACE_BOUND('',#1374,.F.);
#1374 = EDGE_LOOP('',(#1375,#1403,#1404,#1405,#1406,#1407));
#1375 = ORIENTED_EDGE('',*,*,#1376,.F.);
#1376 = EDGE_CURVE('',#1320,#1377,#1379,.T.);
#1377 = VERTEX_POINT('',#1378);
#1378 = CARTESIAN_POINT('',(0.,11.691342917765,6.750000116714));
#1379 = SURFACE_CURVE('',#1380,(#1385,#1392),.PCURVE_S1.);
#1380 = HYPERBOLA('',#1381,23.271258025337,13.500000058994);
#1381 = AXIS2_PLACEMENT_3D('',#1382,#1383,#1384);
#1382 = CARTESIAN_POINT('',(-23.27125792364,11.69134300218,
    6.750000029497));
#1383 = DIRECTION('',(0.,-0.866025403784,-0.5));
#1384 = DIRECTION('',(1.,0.,0.));
#1385 = PCURVE('',#754,#1386);
#1386 = DEFINITIONAL_REPRESENTATION('',(#1387),#1391);
#1387 = ( BOUNDED_CURVE() B_SPLINE_CURVE(2,(#1388,#1389,#1390),
.UNSPECIFIED.,.F.,.F.) B_SPLINE_CURVE_WITH_KNOTS((3,3),(-0.549306144334,
5.104704676602E-11),.PIECEWISE_BEZIER_KNOTS.) CURVE() 
GEOMETRIC_REPRESENTATION_ITEM() RATIONAL_B_SPLINE_CURVE((1.,
1.037954849309,1.)) REPRESENTATION_ITEM('') );
#1388 = CARTESIAN_POINT('',(0.,-3.600076246975));
#1389 = CARTESIAN_POINT('',(4.176914554862,-1.013746135925E-07));
#1390 = CARTESIAN_POINT('',(7.794228668809,-1.016929154218E-07));
#1391 = ( GEOMETRIC_REPRESENTATION_CONTEXT(2) 
PARAMETRIC_REPRESENTATION_CONTEXT() REPRESENTATION_CONTEXT('2D SPACE',''
  ) );
#1392 = PCURVE('',#1357,#1393);
#1393 = DEFINITIONAL_REPRESENTATION('',(#1394),#1402);
#1394 = B_SPLINE_CURVE_WITH_KNOTS('',6,(#1395,#1396,#1397,#1398,#1399,
    #1400,#1401),.UNSPECIFIED.,.F.,.F.,(7,7),(-0.549306144334,
    5.104704676602E-11),.PIECEWISE_BEZIER_KNOTS.);
#1395 = CARTESIAN_POINT('',(6.28318530718,-1.723796883233E-02));
#1396 = CARTESIAN_POINT('',(6.362470819762,-1.247287049478));
#1397 = CARTESIAN_POINT('',(6.446111296379,-2.207066846163));
#1398 = CARTESIAN_POINT('',(6.533510116904,-2.91513400722));
#1399 = CARTESIAN_POINT('',(6.623682461829,-3.383253839663));
#1400 = CARTESIAN_POINT('',(6.715233058765,-3.617314114223));
#1401 = CARTESIAN_POINT('',(6.806784082829,-3.617314114114));
#1402 = ( GEOMETRIC_REPRESENTATION_CONTEXT(2) 
PARAMETRIC_REPRESENTATION_CONTEXT() REPRESENTATION_CONTEXT('2D SPACE',''
  ) );
#1403 = ORIENTED_EDGE('',*,*,#1319,.T.);
#1404 = ORIENTED_EDGE('',*,*,#733,.F.);
#1405 = ORIENTED_EDGE('',*,*,#796,.F.);
#1406 = ORIENTED_EDGE('',*,*,#944,.F.);
#1407 = ORIENTED_EDGE('',*,*,#1408,.F.);
#1408 = EDGE_CURVE('',#1377,#910,#1409,.T.);
#1409 = SURFACE_CURVE('',#1410,(#1415,#1422),.PCURVE_S1.);
#1410 = HYPERBOLA('',#1411,23.271258025337,13.500000058994);
#1411 = AXIS2_PLACEMENT_3D('',#1412,#1413,#1414);
#1412 = CARTESIAN_POINT('',(-23.27125792364,11.69134300218,
    6.750000029497));
#1413 = DIRECTION('',(0.,-0.866025403784,-0.5));
#1414 = DIRECTION('',(1.,0.,0.));
#1415 = PCURVE('',#754,#1416);
#1416 = DEFINITIONAL_REPRESENTATION('',(#1417),#1421);
#1417 = ( BOUNDED_CURVE() B_SPLINE_CURVE(2,(#1418,#1419,#1420),
.UNSPECIFIED.,.F.,.F.) B_SPLINE_CURVE_WITH_KNOTS((3,3),(
5.104704676602E-11,0.550587502697),.PIECEWISE_BEZIER_KNOTS.) CURVE() 
GEOMETRIC_REPRESENTATION_ITEM() RATIONAL_B_SPLINE_CURVE((1.,
1.03813324749,1.)) REPRESENTATION_ITEM('') );
#1418 = CARTESIAN_POINT('',(7.794228668809,-1.016929154218E-07));
#1419 = CARTESIAN_POINT('',(11.419569589651,-1.020119313466E-07));
#1420 = CARTESIAN_POINT('',(15.608438140464,-3.617314215807));
#1421 = ( GEOMETRIC_REPRESENTATION_CONTEXT(2) 
PARAMETRIC_REPRESENTATION_CONTEXT() REPRESENTATION_CONTEXT('2D SPACE',''
  ) );
#1422 = PCURVE('',#928,#1423);
#1423 = DEFINITIONAL_REPRESENTATION('',(#1424),#1432);
#1424 = B_SPLINE_CURVE_WITH_KNOTS('',6,(#1425,#1426,#1427,#1428,#1429,
    #1430,#1431),.UNSPECIFIED.,.F.,.F.,(7,7),(5.104704676602E-11,
    0.550587502697),.PIECEWISE_BEZIER_KNOTS.);
#1425 = CARTESIAN_POINT('',(0.523598775649,-3.617314114114));
#1426 = CARTESIAN_POINT('',(0.615363359424,-3.617314114005));
#1427 = CARTESIAN_POINT('',(0.707127511289,-3.382160586322));
#1428 = CARTESIAN_POINT('',(0.797503758104,-2.91185426138));
#1429 = CARTESIAN_POINT('',(0.885086959143,-2.200452216014));
#1430 = CARTESIAN_POINT('',(0.968887371386,-1.236079031428));
#1431 = CARTESIAN_POINT('',(1.048306884461,-9.077755597237E-15));
#1432 = ( GEOMETRIC_REPRESENTATION_CONTEXT(2) 
PARAMETRIC_REPRESENTATION_CONTEXT() REPRESENTATION_CONTEXT('2D SPACE',''
  ) );
#1433 = ADVANCED_FACE('',(#1434,#1469),#893,.F.);
#1434 = FACE_BOUND('',#1435,.T.);
#1435 = EDGE_LOOP('',(#1436));
#1436 = ORIENTED_EDGE('',*,*,#1437,.T.);
#1437 = EDGE_CURVE('',#1438,#1438,#1440,.T.);
#1438 = VERTEX_POINT('',#1439);
#1439 = CARTESIAN_POINT('',(18.35,14.5,0.));
#1440 = SURFACE_CURVE('',#1441,(#1446,#1457),.PCURVE_S1.);
#1441 = CIRCLE('',#1442,14.5);
#1442 = AXIS2_PLACEMENT_3D('',#1443,#1444,#1445);
#1443 = CARTESIAN_POINT('',(18.35,0.,0.));
#1444 = DIRECTION('',(-1.,0.,0.));
#1445 = DIRECTION('',(0.,1.,0.));
#1446 = PCURVE('',#893,#1447);
#1447 = DEFINITIONAL_REPRESENTATION('',(#1448),#1456);
#1448 = ( BOUNDED_CURVE() B_SPLINE_CURVE(2,(#1449,#1450,#1451,#1452,
#1453,#1454,#1455),.UNSPECIFIED.,.T.,.F.) B_SPLINE_CURVE_WITH_KNOTS((1,2
    ,2,2,2,1),(-2.094395102393,0.,2.094395102393,4.188790204786,
6.28318530718,8.377580409573),.UNSPECIFIED.) CURVE() 
GEOMETRIC_REPRESENTATION_ITEM() RATIONAL_B_SPLINE_CURVE((1.,0.5,1.,0.5,
1.,0.5,1.)) REPRESENTATION_ITEM('') );
#1449 = CARTESIAN_POINT('',(14.5,0.));
#1450 = CARTESIAN_POINT('',(14.5,-25.11473670974));
#1451 = CARTESIAN_POINT('',(-7.25,-12.55736835487));
#1452 = CARTESIAN_POINT('',(-29.,-3.551475717527E-15));
#1453 = CARTESIAN_POINT('',(-7.25,12.557368354874));
#1454 = CARTESIAN_POINT('',(14.5,25.114736709749));
#1455 = CARTESIAN_POINT('',(14.5,0.));
#1456 = ( GEOMETRIC_REPRESENTATION_CONTEXT(2) 
PARAMETRIC_REPRESENTATION_CONTEXT() REPRESENTATION_CONTEXT('2D SPACE',''
  ) );
#1457 = PCURVE('',#1458,#1463);
#1458 = CYLINDRICAL_SURFACE('',#1459,14.5);
#1459 = AXIS2_PLACEMENT_3D('',#1460,#1461,#1462);
#1460 = CARTESIAN_POINT('',(19.,0.,0.));
#1461 = DIRECTION('',(-1.,-0.,-0.));
#1462 = DIRECTION('',(0.,1.,0.));
#1463 = DEFINITIONAL_REPRESENTATION('',(#1464),#1468);
#1464 = LINE('',#1465,#1466);
#1465 = CARTESIAN_POINT('',(-6.28318530718,0.65));
#1466 = VECTOR('',#1467,1.);
#1467 = DIRECTION('',(1.,-0.));
#1468 = ( GEOMETRIC_REPRESENTATION_CONTEXT(2) 
PARAMETRIC_REPRESENTATION_CONTEXT() REPRESENTATION_CONTEXT('2D SPACE',''
  ) );
#1469 = FACE_BOUND('',#1470,.T.);
#1470 = EDGE_LOOP('',(#1471));
#1471 = ORIENTED_EDGE('',*,*,#878,.T.);
#1472 = ADVANCED_FACE('',(#1473),#928,.T.);
#1473 = FACE_BOUND('',#1474,.F.);
#1474 = EDGE_LOOP('',(#1475,#1502,#1503));
#1475 = ORIENTED_EDGE('',*,*,#1476,.F.);
#1476 = EDGE_CURVE('',#1377,#912,#1477,.T.);
#1477 = SURFACE_CURVE('',#1478,(#1483,#1490),.PCURVE_S1.);
#1478 = CIRCLE('',#1479,13.5);
#1479 = AXIS2_PLACEMENT_3D('',#1480,#1481,#1482);
#1480 = CARTESIAN_POINT('',(0.,0.,0.));
#1481 = DIRECTION('',(1.,0.,0.));
#1482 = DIRECTION('',(-0.,1.,0.));
#1483 = PCURVE('',#928,#1484);
#1484 = DEFINITIONAL_REPRESENTATION('',(#1485),#1489);
#1485 = LINE('',#1486,#1487);
#1486 = CARTESIAN_POINT('',(0.,-3.617314215807));
#1487 = VECTOR('',#1488,1.);
#1488 = DIRECTION('',(1.,-0.));
#1489 = ( GEOMETRIC_REPRESENTATION_CONTEXT(2) 
PARAMETRIC_REPRESENTATION_CONTEXT() REPRESENTATION_CONTEXT('2D SPACE',''
  ) );
#1490 = PCURVE('',#1491,#1496);
#1491 = PLANE('',#1492);
#1492 = AXIS2_PLACEMENT_3D('',#1493,#1494,#1495);
#1493 = CARTESIAN_POINT('',(0.,-4.558133755213E-16,-9.116267510426E-16)
  );
#1494 = DIRECTION('',(1.,0.,0.));
#1495 = DIRECTION('',(-0.,0.,1.));
#1496 = DEFINITIONAL_REPRESENTATION('',(#1497),#1501);
#1497 = CIRCLE('',#1498,13.5);
#1498 = AXIS2_PLACEMENT_2D('',#1499,#1500);
#1499 = CARTESIAN_POINT('',(9.116267510426E-16,-4.558133755213E-16));
#1500 = DIRECTION('',(0.,-1.));
#1501 = ( GEOMETRIC_REPRESENTATION_CONTEXT(2) 
PARAMETRIC_REPRESENTATION_CONTEXT() REPRESENTATION_CONTEXT('2D SPACE',''
  ) );
#1502 = ORIENTED_EDGE('',*,*,#1408,.T.);
#1503 = ORIENTED_EDGE('',*,*,#909,.T.);
#1504 = ADVANCED_FACE('',(#1505),#1005,.T.);
#1505 = FACE_BOUND('',#1506,.F.);
#1506 = EDGE_LOOP('',(#1507,#1529,#1530));
#1507 = ORIENTED_EDGE('',*,*,#1508,.F.);
#1508 = EDGE_CURVE('',#912,#1025,#1509,.T.);
#1509 = SURFACE_CURVE('',#1510,(#1515,#1522),.PCURVE_S1.);
#1510 = CIRCLE('',#1511,13.5);
#1511 = AXIS2_PLACEMENT_3D('',#1512,#1513,#1514);
#1512 = CARTESIAN_POINT('',(0.,0.,0.));
#1513 = DIRECTION('',(1.,0.,0.));
#1514 = DIRECTION('',(-0.,1.,0.));
#1515 = PCURVE('',#1005,#1516);
#1516 = DEFINITIONAL_REPRESENTATION('',(#1517),#1521);
#1517 = LINE('',#1518,#1519);
#1518 = CARTESIAN_POINT('',(0.,-3.617314215807));
#1519 = VECTOR('',#1520,1.);
#1520 = DIRECTION('',(1.,-0.));
#1521 = ( GEOMETRIC_REPRESENTATION_CONTEXT(2) 
PARAMETRIC_REPRESENTATION_CONTEXT() REPRESENTATION_CONTEXT('2D SPACE',''
  ) );
#1522 = PCURVE('',#1491,#1523);
#1523 = DEFINITIONAL_REPRESENTATION('',(#1524),#1528);
#1524 = CIRCLE('',#1525,13.5);
#1525 = AXIS2_PLACEMENT_2D('',#1526,#1527);
#1526 = CARTESIAN_POINT('',(9.116267510426E-16,-4.558133755213E-16));
#1527 = DIRECTION('',(0.,-1.));
#1528 = ( GEOMETRIC_REPRESENTATION_CONTEXT(2) 
PARAMETRIC_REPRESENTATION_CONTEXT() REPRESENTATION_CONTEXT('2D SPACE',''
  ) );
#1529 = ORIENTED_EDGE('',*,*,#990,.T.);
#1530 = ORIENTED_EDGE('',*,*,#1024,.T.);
#1531 = ADVANCED_FACE('',(#1532),#1093,.T.);
#1532 = FACE_BOUND('',#1533,.F.);
#1533 = EDGE_LOOP('',(#1534,#1556,#1557));
#1534 = ORIENTED_EDGE('',*,*,#1535,.F.);
#1535 = EDGE_CURVE('',#1025,#1113,#1536,.T.);
#1536 = SURFACE_CURVE('',#1537,(#1542,#1549),.PCURVE_S1.);
#1537 = CIRCLE('',#1538,13.5);
#1538 = AXIS2_PLACEMENT_3D('',#1539,#1540,#1541);
#1539 = CARTESIAN_POINT('',(0.,0.,0.));
#1540 = DIRECTION('',(1.,0.,0.));
#1541 = DIRECTION('',(-0.,1.,0.));
#1542 = PCURVE('',#1093,#1543);
#1543 = DEFINITIONAL_REPRESENTATION('',(#1544),#1548);
#1544 = LINE('',#1545,#1546);
#1545 = CARTESIAN_POINT('',(0.,-3.617314215807));
#1546 = VECTOR('',#1547,1.);
#1547 = DIRECTION('',(1.,-0.));
#1548 = ( GEOMETRIC_REPRESENTATION_CONTEXT(2) 
PARAMETRIC_REPRESENTATION_CONTEXT() REPRESENTATION_CONTEXT('2D SPACE',''
  ) );
#1549 = PCURVE('',#1491,#1550);
#1550 = DEFINITIONAL_REPRESENTATION('',(#1551),#1555);
#1551 = CIRCLE('',#1552,13.5);
#1552 = AXIS2_PLACEMENT_2D('',#1553,#1554);
#1553 = CARTESIAN_POINT('',(9.116267510426E-16,-4.558133755213E-16));
#1554 = DIRECTION('',(0.,-1.));
#1555 = ( GEOMETRIC_REPRESENTATION_CONTEXT(2) 
PARAMETRIC_REPRESENTATION_CONTEXT() REPRESENTATION_CONTEXT('2D SPACE',''
  ) );
#1556 = ORIENTED_EDGE('',*,*,#1078,.T.);
#1557 = ORIENTED_EDGE('',*,*,#1112,.T.);
#1558 = ADVANCED_FACE('',(#1559),#1181,.T.);
#1559 = FACE_BOUND('',#1560,.F.);
#1560 = EDGE_LOOP('',(#1561,#1562,#1584));
#1561 = ORIENTED_EDGE('',*,*,#1200,.T.);
#1562 = ORIENTED_EDGE('',*,*,#1563,.F.);
#1563 = EDGE_CURVE('',#1113,#1201,#1564,.T.);
#1564 = SURFACE_CURVE('',#1565,(#1570,#1577),.PCURVE_S1.);
#1565 = CIRCLE('',#1566,13.5);
#1566 = AXIS2_PLACEMENT_3D('',#1567,#1568,#1569);
#1567 = CARTESIAN_POINT('',(0.,0.,0.));
#1568 = DIRECTION('',(1.,0.,0.));
#1569 = DIRECTION('',(-0.,1.,0.));
#1570 = PCURVE('',#1181,#1571);
#1571 = DEFINITIONAL_REPRESENTATION('',(#1572),#1576);
#1572 = LINE('',#1573,#1574);
#1573 = CARTESIAN_POINT('',(0.,-3.617314215807));
#1574 = VECTOR('',#1575,1.);
#1575 = DIRECTION('',(1.,-0.));
#1576 = ( GEOMETRIC_REPRESENTATION_CONTEXT(2) 
PARAMETRIC_REPRESENTATION_CONTEXT() REPRESENTATION_CONTEXT('2D SPACE',''
  ) );
#1577 = PCURVE('',#1491,#1578);
#1578 = DEFINITIONAL_REPRESENTATION('',(#1579),#1583);
#1579 = CIRCLE('',#1580,13.5);
#1580 = AXIS2_PLACEMENT_2D('',#1581,#1582);
#1581 = CARTESIAN_POINT('',(9.116267510426E-16,-4.558133755213E-16));
#1582 = DIRECTION('',(0.,-1.));
#1583 = ( GEOMETRIC_REPRESENTATION_CONTEXT(2) 
PARAMETRIC_REPRESENTATION_CONTEXT() REPRESENTATION_CONTEXT('2D SPACE',''
  ) );
#1584 = ORIENTED_EDGE('',*,*,#1166,.T.);
#1585 = ADVANCED_FACE('',(#1586),#1269,.T.);
#1586 = FACE_BOUND('',#1587,.F.);
#1587 = EDGE_LOOP('',(#1588,#1589,#1611));
#1588 = ORIENTED_EDGE('',*,*,#1288,.T.);
#1589 = ORIENTED_EDGE('',*,*,#1590,.F.);
#1590 = EDGE_CURVE('',#1201,#1289,#1591,.T.);
#1591 = SURFACE_CURVE('',#1592,(#1597,#1604),.PCURVE_S1.);
#1592 = CIRCLE('',#1593,13.5);
#1593 = AXIS2_PLACEMENT_3D('',#1594,#1595,#1596);
#1594 = CARTESIAN_POINT('',(0.,0.,0.));
#1595 = DIRECTION('',(1.,0.,0.));
#1596 = DIRECTION('',(-0.,1.,0.));
#1597 = PCURVE('',#1269,#1598);
#1598 = DEFINITIONAL_REPRESENTATION('',(#1599),#1603);
#1599 = LINE('',#1600,#1601);
#1600 = CARTESIAN_POINT('',(0.,-3.617314215807));
#1601 = VECTOR('',#1602,1.);
#1602 = DIRECTION('',(1.,-0.));
#1603 = ( GEOMETRIC_REPRESENTATION_CONTEXT(2) 
PARAMETRIC_REPRESENTATION_CONTEXT() REPRESENTATION_CONTEXT('2D SPACE',''
  ) );
#1604 = PCURVE('',#1491,#1605);
#1605 = DEFINITIONAL_REPRESENTATION('',(#1606),#1610);
#1606 = CIRCLE('',#1607,13.5);
#1607 = AXIS2_PLACEMENT_2D('',#1608,#1609);
#1608 = CARTESIAN_POINT('',(9.116267510426E-16,-4.558133755213E-16));
#1609 = DIRECTION('',(0.,-1.));
#1610 = ( GEOMETRIC_REPRESENTATION_CONTEXT(2) 
PARAMETRIC_REPRESENTATION_CONTEXT() REPRESENTATION_CONTEXT('2D SPACE',''
  ) );
#1611 = ORIENTED_EDGE('',*,*,#1254,.T.);
#1612 = ADVANCED_FACE('',(#1613),#1357,.T.);
#1613 = FACE_BOUND('',#1614,.F.);
#1614 = EDGE_LOOP('',(#1615,#1637,#1638));
#1615 = ORIENTED_EDGE('',*,*,#1616,.F.);
#1616 = EDGE_CURVE('',#1289,#1377,#1617,.T.);
#1617 = SURFACE_CURVE('',#1618,(#1623,#1630),.PCURVE_S1.);
#1618 = CIRCLE('',#1619,13.5);
#1619 = AXIS2_PLACEMENT_3D('',#1620,#1621,#1622);
#1620 = CARTESIAN_POINT('',(0.,0.,0.));
#1621 = DIRECTION('',(1.,0.,0.));
#1622 = DIRECTION('',(0.,0.866025407981,-0.499999992731));
#1623 = PCURVE('',#1357,#1624);
#1624 = DEFINITIONAL_REPRESENTATION('',(#1625),#1629);
#1625 = LINE('',#1626,#1627);
#1626 = CARTESIAN_POINT('',(5.759586539975,-3.617314215807));
#1627 = VECTOR('',#1628,1.);
#1628 = DIRECTION('',(1.,-0.));
#1629 = ( GEOMETRIC_REPRESENTATION_CONTEXT(2) 
PARAMETRIC_REPRESENTATION_CONTEXT() REPRESENTATION_CONTEXT('2D SPACE',''
  ) );
#1630 = PCURVE('',#1491,#1631);
#1631 = DEFINITIONAL_REPRESENTATION('',(#1632),#1636);
#1632 = CIRCLE('',#1633,13.5);
#1633 = AXIS2_PLACEMENT_2D('',#1634,#1635);
#1634 = CARTESIAN_POINT('',(9.116267510426E-16,-4.558133755213E-16));
#1635 = DIRECTION('',(-0.499999992731,-0.866025407981));
#1636 = ( GEOMETRIC_REPRESENTATION_CONTEXT(2) 
PARAMETRIC_REPRESENTATION_CONTEXT() REPRESENTATION_CONTEXT('2D SPACE',''
  ) );
#1637 = ORIENTED_EDGE('',*,*,#1342,.T.);
#1638 = ORIENTED_EDGE('',*,*,#1376,.T.);
#1639 = ADVANCED_FACE('',(#1640),#1458,.T.);
#1640 = FACE_BOUND('',#1641,.F.);
#1641 = EDGE_LOOP('',(#1642,#1665,#1692,#1693));
#1642 = ORIENTED_EDGE('',*,*,#1643,.F.);
#1643 = EDGE_CURVE('',#1644,#1438,#1646,.T.);
#1644 = VERTEX_POINT('',#1645);
#1645 = CARTESIAN_POINT('',(19.,14.5,0.));
#1646 = SEAM_CURVE('',#1647,(#1651,#1658),.PCURVE_S1.);
#1647 = LINE('',#1648,#1649);
#1648 = CARTESIAN_POINT('',(19.,14.5,0.));
#1649 = VECTOR('',#1650,1.);
#1650 = DIRECTION('',(-1.,0.,0.));
#1651 = PCURVE('',#1458,#1652);
#1652 = DEFINITIONAL_REPRESENTATION('',(#1653),#1657);
#1653 = LINE('',#1654,#1655);
#1654 = CARTESIAN_POINT('',(-0.,0.));
#1655 = VECTOR('',#1656,1.);
#1656 = DIRECTION('',(-0.,1.));
#1657 = ( GEOMETRIC_REPRESENTATION_CONTEXT(2) 
PARAMETRIC_REPRESENTATION_CONTEXT() REPRESENTATION_CONTEXT('2D SPACE',''
  ) );
#1658 = PCURVE('',#1458,#1659);
#1659 = DEFINITIONAL_REPRESENTATION('',(#1660),#1664);
#1660 = LINE('',#1661,#1662);
#1661 = CARTESIAN_POINT('',(-6.28318530718,0.));
#1662 = VECTOR('',#1663,1.);
#1663 = DIRECTION('',(-0.,1.));
#1664 = ( GEOMETRIC_REPRESENTATION_CONTEXT(2) 
PARAMETRIC_REPRESENTATION_CONTEXT() REPRESENTATION_CONTEXT('2D SPACE',''
  ) );
#1665 = ORIENTED_EDGE('',*,*,#1666,.T.);
#1666 = EDGE_CURVE('',#1644,#1644,#1667,.T.);
#1667 = SURFACE_CURVE('',#1668,(#1673,#1680),.PCURVE_S1.);
#1668 = CIRCLE('',#1669,14.5);
#1669 = AXIS2_PLACEMENT_3D('',#1670,#1671,#1672);
#1670 = CARTESIAN_POINT('',(19.,0.,0.));
#1671 = DIRECTION('',(1.,0.,0.));
#1672 = DIRECTION('',(-0.,1.,0.));
#1673 = PCURVE('',#1458,#1674);
#1674 = DEFINITIONAL_REPRESENTATION('',(#1675),#1679);
#1675 = LINE('',#1676,#1677);
#1676 = CARTESIAN_POINT('',(-0.,0.));
#1677 = VECTOR('',#1678,1.);
#1678 = DIRECTION('',(-1.,0.));
#1679 = ( GEOMETRIC_REPRESENTATION_CONTEXT(2) 
PARAMETRIC_REPRESENTATION_CONTEXT() REPRESENTATION_CONTEXT('2D SPACE',''
  ) );
#1680 = PCURVE('',#1681,#1686);
#1681 = PLANE('',#1682);
#1682 = AXIS2_PLACEMENT_3D('',#1683,#1684,#1685);
#1683 = CARTESIAN_POINT('',(19.,0.,0.));
#1684 = DIRECTION('',(1.,0.,0.));
#1685 = DIRECTION('',(-0.,1.,0.));
#1686 = DEFINITIONAL_REPRESENTATION('',(#1687),#1691);
#1687 = CIRCLE('',#1688,14.5);
#1688 = AXIS2_PLACEMENT_2D('',#1689,#1690);
#1689 = CARTESIAN_POINT('',(0.,0.));
#1690 = DIRECTION('',(1.,-0.));
#1691 = ( GEOMETRIC_REPRESENTATION_CONTEXT(2) 
PARAMETRIC_REPRESENTATION_CONTEXT() REPRESENTATION_CONTEXT('2D SPACE',''
  ) );
#1692 = ORIENTED_EDGE('',*,*,#1643,.T.);
#1693 = ORIENTED_EDGE('',*,*,#1437,.T.);
#1694 = ADVANCED_FACE('',(#1695,#1703),#1491,.F.);
#1695 = FACE_BOUND('',#1696,.F.);
#1696 = EDGE_LOOP('',(#1697,#1698,#1699,#1700,#1701,#1702));
#1697 = ORIENTED_EDGE('',*,*,#1616,.T.);
#1698 = ORIENTED_EDGE('',*,*,#1476,.T.);
#1699 = ORIENTED_EDGE('',*,*,#1508,.T.);
#1700 = ORIENTED_EDGE('',*,*,#1535,.T.);
#1701 = ORIENTED_EDGE('',*,*,#1563,.T.);
#1702 = ORIENTED_EDGE('',*,*,#1590,.T.);
#1703 = FACE_BOUND('',#1704,.F.);
#1704 = EDGE_LOOP('',(#1705));
#1705 = ORIENTED_EDGE('',*,*,#1706,.F.);
#1706 = EDGE_CURVE('',#1707,#1707,#1709,.T.);
#1707 = VERTEX_POINT('',#1708);
#1708 = CARTESIAN_POINT('',(0.,9.2,0.));
#1709 = SURFACE_CURVE('',#1710,(#1715,#1722),.PCURVE_S1.);
#1710 = CIRCLE('',#1711,9.2);
#1711 = AXIS2_PLACEMENT_3D('',#1712,#1713,#1714);
#1712 = CARTESIAN_POINT('',(0.,0.,0.));
#1713 = DIRECTION('',(1.,0.,0.));
#1714 = DIRECTION('',(-0.,1.,0.));
#1715 = PCURVE('',#1491,#1716);
#1716 = DEFINITIONAL_REPRESENTATION('',(#1717),#1721);
#1717 = CIRCLE('',#1718,9.2);
#1718 = AXIS2_PLACEMENT_2D('',#1719,#1720);
#1719 = CARTESIAN_POINT('',(9.116267510426E-16,-4.558133755213E-16));
#1720 = DIRECTION('',(0.,-1.));
#1721 = ( GEOMETRIC_REPRESENTATION_CONTEXT(2) 
PARAMETRIC_REPRESENTATION_CONTEXT() REPRESENTATION_CONTEXT('2D SPACE',''
  ) );
#1722 = PCURVE('',#1723,#1728);
#1723 = CYLINDRICAL_SURFACE('',#1724,9.2);
#1724 = AXIS2_PLACEMENT_3D('',#1725,#1726,#1727);
#1725 = CARTESIAN_POINT('',(0.,0.,0.));
#1726 = DIRECTION('',(-1.,-0.,-0.));
#1727 = DIRECTION('',(0.,1.,0.));
#1728 = DEFINITIONAL_REPRESENTATION('',(#1729),#1733);
#1729 = LINE('',#1730,#1731);
#1730 = CARTESIAN_POINT('',(-0.,0.));
#1731 = VECTOR('',#1732,1.);
#1732 = DIRECTION('',(-1.,0.));
#1733 = ( GEOMETRIC_REPRESENTATION_CONTEXT(2) 
PARAMETRIC_REPRESENTATION_CONTEXT() REPRESENTATION_CONTEXT('2D SPACE',''
  ) );
#1734 = ADVANCED_FACE('',(#1735,#1738),#1681,.T.);
#1735 = FACE_BOUND('',#1736,.F.);
#1736 = EDGE_LOOP('',(#1737));
#1737 = ORIENTED_EDGE('',*,*,#1666,.F.);
#1738 = FACE_BOUND('',#1739,.F.);
#1739 = EDGE_LOOP('',(#1740));
#1740 = ORIENTED_EDGE('',*,*,#1741,.T.);
#1741 = EDGE_CURVE('',#1742,#1742,#1744,.T.);
#1742 = VERTEX_POINT('',#1743);
#1743 = CARTESIAN_POINT('',(19.,14.,0.));
#1744 = SURFACE_CURVE('',#1745,(#1750,#1757),.PCURVE_S1.);
#1745 = CIRCLE('',#1746,14.);
#1746 = AXIS2_PLACEMENT_3D('',#1747,#1748,#1749);
#1747 = CARTESIAN_POINT('',(19.,0.,0.));
#1748 = DIRECTION('',(1.,0.,0.));
#1749 = DIRECTION('',(-0.,1.,0.));
#1750 = PCURVE('',#1681,#1751);
#1751 = DEFINITIONAL_REPRESENTATION('',(#1752),#1756);
#1752 = CIRCLE('',#1753,14.);
#1753 = AXIS2_PLACEMENT_2D('',#1754,#1755);
#1754 = CARTESIAN_POINT('',(0.,0.));
#1755 = DIRECTION('',(1.,-0.));
#1756 = ( GEOMETRIC_REPRESENTATION_CONTEXT(2) 
PARAMETRIC_REPRESENTATION_CONTEXT() REPRESENTATION_CONTEXT('2D SPACE',''
  ) );
#1757 = PCURVE('',#1758,#1763);
#1758 = CYLINDRICAL_SURFACE('',#1759,14.);
#1759 = AXIS2_PLACEMENT_3D('',#1760,#1761,#1762);
#1760 = CARTESIAN_POINT('',(26.,0.,0.));
#1761 = DIRECTION('',(-1.,-0.,-0.));
#1762 = DIRECTION('',(0.,1.,0.));
#1763 = DEFINITIONAL_REPRESENTATION('',(#1764),#1768);
#1764 = LINE('',#1765,#1766);
#1765 = CARTESIAN_POINT('',(-0.,7.));
#1766 = VECTOR('',#1767,1.);
#1767 = DIRECTION('',(-1.,0.));
#1768 = ( GEOMETRIC_REPRESENTATION_CONTEXT(2) 
PARAMETRIC_REPRESENTATION_CONTEXT() REPRESENTATION_CONTEXT('2D SPACE',''
  ) );
#1769 = ADVANCED_FACE('',(#1770),#1723,.T.);
#1770 = FACE_BOUND('',#1771,.F.);
#1771 = EDGE_LOOP('',(#1772,#1773,#1796,#1823));
#1772 = ORIENTED_EDGE('',*,*,#1706,.T.);
#1773 = ORIENTED_EDGE('',*,*,#1774,.T.);
#1774 = EDGE_CURVE('',#1707,#1775,#1777,.T.);
#1775 = VERTEX_POINT('',#1776);
#1776 = CARTESIAN_POINT('',(-2.,9.2,0.));
#1777 = SEAM_CURVE('',#1778,(#1782,#1789),.PCURVE_S1.);
#1778 = LINE('',#1779,#1780);
#1779 = CARTESIAN_POINT('',(0.,9.2,0.));
#1780 = VECTOR('',#1781,1.);
#1781 = DIRECTION('',(-1.,0.,0.));
#1782 = PCURVE('',#1723,#1783);
#1783 = DEFINITIONAL_REPRESENTATION('',(#1784),#1788);
#1784 = LINE('',#1785,#1786);
#1785 = CARTESIAN_POINT('',(-0.,0.));
#1786 = VECTOR('',#1787,1.);
#1787 = DIRECTION('',(-0.,1.));
#1788 = ( GEOMETRIC_REPRESENTATION_CONTEXT(2) 
PARAMETRIC_REPRESENTATION_CONTEXT() REPRESENTATION_CONTEXT('2D SPACE',''
  ) );
#1789 = PCURVE('',#1723,#1790);
#1790 = DEFINITIONAL_REPRESENTATION('',(#1791),#1795);
#1791 = LINE('',#1792,#1793);
#1792 = CARTESIAN_POINT('',(-6.28318530718,0.));
#1793 = VECTOR('',#1794,1.);
#1794 = DIRECTION('',(-0.,1.));
#1795 = ( GEOMETRIC_REPRESENTATION_CONTEXT(2) 
PARAMETRIC_REPRESENTATION_CONTEXT() REPRESENTATION_CONTEXT('2D SPACE',''
  ) );
#1796 = ORIENTED_EDGE('',*,*,#1797,.F.);
#1797 = EDGE_CURVE('',#1775,#1775,#1798,.T.);
#1798 = SURFACE_CURVE('',#1799,(#1804,#1811),.PCURVE_S1.);
#1799 = CIRCLE('',#1800,9.2);
#1800 = AXIS2_PLACEMENT_3D('',#1801,#1802,#1803);
#1801 = CARTESIAN_POINT('',(-2.,0.,0.));
#1802 = DIRECTION('',(1.,0.,0.));
#1803 = DIRECTION('',(-0.,1.,0.));
#1804 = PCURVE('',#1723,#1805);
#1805 = DEFINITIONAL_REPRESENTATION('',(#1806),#1810);
#1806 = LINE('',#1807,#1808);
#1807 = CARTESIAN_POINT('',(-0.,2.));
#1808 = VECTOR('',#1809,1.);
#1809 = DIRECTION('',(-1.,0.));
#1810 = ( GEOMETRIC_REPRESENTATION_CONTEXT(2) 
PARAMETRIC_REPRESENTATION_CONTEXT() REPRESENTATION_CONTEXT('2D SPACE',''
  ) );
#1811 = PCURVE('',#1812,#1817);
#1812 = PLANE('',#1813);
#1813 = AXIS2_PLACEMENT_3D('',#1814,#1815,#1816);
#1814 = CARTESIAN_POINT('',(-2.,0.,0.));
#1815 = DIRECTION('',(1.,0.,0.));
#1816 = DIRECTION('',(-0.,1.,0.));
#1817 = DEFINITIONAL_REPRESENTATION('',(#1818),#1822);
#1818 = CIRCLE('',#1819,9.2);
#1819 = AXIS2_PLACEMENT_2D('',#1820,#1821);
#1820 = CARTESIAN_POINT('',(0.,0.));
#1821 = DIRECTION('',(1.,-0.));
#1822 = ( GEOMETRIC_REPRESENTATION_CONTEXT(2) 
PARAMETRIC_REPRESENTATION_CONTEXT() REPRESENTATION_CONTEXT('2D SPACE',''
  ) );
#1823 = ORIENTED_EDGE('',*,*,#1774,.F.);
#1824 = ADVANCED_FACE('',(#1825),#1758,.T.);
#1825 = FACE_BOUND('',#1826,.F.);
#1826 = EDGE_LOOP('',(#1827,#1856,#1877,#1878));
#1827 = ORIENTED_EDGE('',*,*,#1828,.T.);
#1828 = EDGE_CURVE('',#1829,#1829,#1831,.T.);
#1829 = VERTEX_POINT('',#1830);
#1830 = CARTESIAN_POINT('',(26.,14.,0.));
#1831 = SURFACE_CURVE('',#1832,(#1837,#1844),.PCURVE_S1.);
#1832 = CIRCLE('',#1833,14.);
#1833 = AXIS2_PLACEMENT_3D('',#1834,#1835,#1836);
#1834 = CARTESIAN_POINT('',(26.,0.,0.));
#1835 = DIRECTION('',(1.,0.,0.));
#1836 = DIRECTION('',(-0.,1.,0.));
#1837 = PCURVE('',#1758,#1838);
#1838 = DEFINITIONAL_REPRESENTATION('',(#1839),#1843);
#1839 = LINE('',#1840,#1841);
#1840 = CARTESIAN_POINT('',(-0.,0.));
#1841 = VECTOR('',#1842,1.);
#1842 = DIRECTION('',(-1.,0.));
#1843 = ( GEOMETRIC_REPRESENTATION_CONTEXT(2) 
PARAMETRIC_REPRESENTATION_CONTEXT() REPRESENTATION_CONTEXT('2D SPACE',''
  ) );
#1844 = PCURVE('',#1845,#1850);
#1845 = PLANE('',#1846);
#1846 = AXIS2_PLACEMENT_3D('',#1847,#1848,#1849);
#1847 = CARTESIAN_POINT('',(26.,0.,0.));
#1848 = DIRECTION('',(1.,0.,0.));
#1849 = DIRECTION('',(-0.,1.,0.));
#1850 = DEFINITIONAL_REPRESENTATION('',(#1851),#1855);
#1851 = CIRCLE('',#1852,14.);
#1852 = AXIS2_PLACEMENT_2D('',#1853,#1854);
#1853 = CARTESIAN_POINT('',(0.,0.));
#1854 = DIRECTION('',(1.,-0.));
#1855 = ( GEOMETRIC_REPRESENTATION_CONTEXT(2) 
PARAMETRIC_REPRESENTATION_CONTEXT() REPRESENTATION_CONTEXT('2D SPACE',''
  ) );
#1856 = ORIENTED_EDGE('',*,*,#1857,.T.);
#1857 = EDGE_CURVE('',#1829,#1742,#1858,.T.);
#1858 = SEAM_CURVE('',#1859,(#1863,#1870),.PCURVE_S1.);
#1859 = LINE('',#1860,#1861);
#1860 = CARTESIAN_POINT('',(26.,14.,0.));
#1861 = VECTOR('',#1862,1.);
#1862 = DIRECTION('',(-1.,0.,0.));
#1863 = PCURVE('',#1758,#1864);
#1864 = DEFINITIONAL_REPRESENTATION('',(#1865),#1869);
#1865 = LINE('',#1866,#1867);
#1866 = CARTESIAN_POINT('',(-0.,0.));
#1867 = VECTOR('',#1868,1.);
#1868 = DIRECTION('',(-0.,1.));
#1869 = ( GEOMETRIC_REPRESENTATION_CONTEXT(2) 
PARAMETRIC_REPRESENTATION_CONTEXT() REPRESENTATION_CONTEXT('2D SPACE',''
  ) );
#1870 = PCURVE('',#1758,#1871);
#1871 = DEFINITIONAL_REPRESENTATION('',(#1872),#1876);
#1872 = LINE('',#1873,#1874);
#1873 = CARTESIAN_POINT('',(-6.28318530718,0.));
#1874 = VECTOR('',#1875,1.);
#1875 = DIRECTION('',(-0.,1.));
#1876 = ( GEOMETRIC_REPRESENTATION_CONTEXT(2) 
PARAMETRIC_REPRESENTATION_CONTEXT() REPRESENTATION_CONTEXT('2D SPACE',''
  ) );
#1877 = ORIENTED_EDGE('',*,*,#1741,.F.);
#1878 = ORIENTED_EDGE('',*,*,#1857,.F.);
#1879 = ADVANCED_FACE('',(#1880,#1911),#1812,.T.);
#1880 = FACE_BOUND('',#1881,.F.);
#1881 = EDGE_LOOP('',(#1882));
#1882 = ORIENTED_EDGE('',*,*,#1883,.F.);
#1883 = EDGE_CURVE('',#1884,#1884,#1886,.T.);
#1884 = VERTEX_POINT('',#1885);
#1885 = CARTESIAN_POINT('',(-2.,10.4775,0.));
#1886 = SURFACE_CURVE('',#1887,(#1892,#1899),.PCURVE_S1.);
#1887 = CIRCLE('',#1888,10.4775);
#1888 = AXIS2_PLACEMENT_3D('',#1889,#1890,#1891);
#1889 = CARTESIAN_POINT('',(-2.,0.,0.));
#1890 = DIRECTION('',(1.,0.,0.));
#1891 = DIRECTION('',(-0.,1.,0.));
#1892 = PCURVE('',#1812,#1893);
#1893 = DEFINITIONAL_REPRESENTATION('',(#1894),#1898);
#1894 = CIRCLE('',#1895,10.4775);
#1895 = AXIS2_PLACEMENT_2D('',#1896,#1897);
#1896 = CARTESIAN_POINT('',(0.,0.));
#1897 = DIRECTION('',(1.,-0.));
#1898 = ( GEOMETRIC_REPRESENTATION_CONTEXT(2) 
PARAMETRIC_REPRESENTATION_CONTEXT() REPRESENTATION_CONTEXT('2D SPACE',''
  ) );
#1899 = PCURVE('',#1900,#1905);
#1900 = CYLINDRICAL_SURFACE('',#1901,10.4775);
#1901 = AXIS2_PLACEMENT_3D('',#1902,#1903,#1904);
#1902 = CARTESIAN_POINT('',(-2.,0.,0.));
#1903 = DIRECTION('',(-1.,-0.,-0.));
#1904 = DIRECTION('',(0.,1.,0.));
#1905 = DEFINITIONAL_REPRESENTATION('',(#1906),#1910);
#1906 = LINE('',#1907,#1908);
#1907 = CARTESIAN_POINT('',(-0.,0.));
#1908 = VECTOR('',#1909,1.);
#1909 = DIRECTION('',(-1.,0.));
#1910 = ( GEOMETRIC_REPRESENTATION_CONTEXT(2) 
PARAMETRIC_REPRESENTATION_CONTEXT() REPRESENTATION_CONTEXT('2D SPACE',''
  ) );
#1911 = FACE_BOUND('',#1912,.F.);
#1912 = EDGE_LOOP('',(#1913));
#1913 = ORIENTED_EDGE('',*,*,#1797,.T.);
#1914 = ADVANCED_FACE('',(#1915,#1918),#1845,.T.);
#1915 = FACE_BOUND('',#1916,.F.);
#1916 = EDGE_LOOP('',(#1917));
#1917 = ORIENTED_EDGE('',*,*,#1828,.F.);
#1918 = FACE_BOUND('',#1919,.F.);
#1919 = EDGE_LOOP('',(#1920));
#1920 = ORIENTED_EDGE('',*,*,#1921,.T.);
#1921 = EDGE_CURVE('',#1922,#1922,#1924,.T.);
#1922 = VERTEX_POINT('',#1923);
#1923 = CARTESIAN_POINT('',(26.,11.,0.));
#1924 = SURFACE_CURVE('',#1925,(#1930,#1937),.PCURVE_S1.);
#1925 = CIRCLE('',#1926,11.);
#1926 = AXIS2_PLACEMENT_3D('',#1927,#1928,#1929);
#1927 = CARTESIAN_POINT('',(26.,0.,0.));
#1928 = DIRECTION('',(1.,0.,0.));
#1929 = DIRECTION('',(-0.,1.,0.));
#1930 = PCURVE('',#1845,#1931);
#1931 = DEFINITIONAL_REPRESENTATION('',(#1932),#1936);
#1932 = CIRCLE('',#1933,11.);
#1933 = AXIS2_PLACEMENT_2D('',#1934,#1935);
#1934 = CARTESIAN_POINT('',(0.,0.));
#1935 = DIRECTION('',(1.,-0.));
#1936 = ( GEOMETRIC_REPRESENTATION_CONTEXT(2) 
PARAMETRIC_REPRESENTATION_CONTEXT() REPRESENTATION_CONTEXT('2D SPACE',''
  ) );
#1937 = PCURVE('',#1938,#1943);
#1938 = CYLINDRICAL_SURFACE('',#1939,11.);
#1939 = AXIS2_PLACEMENT_3D('',#1940,#1941,#1942);
#1940 = CARTESIAN_POINT('',(26.,0.,0.));
#1941 = DIRECTION('',(-1.,-0.,-0.));
#1942 = DIRECTION('',(0.,1.,0.));
#1943 = DEFINITIONAL_REPRESENTATION('',(#1944),#1948);
#1944 = LINE('',#1945,#1946);
#1945 = CARTESIAN_POINT('',(-0.,0.));
#1946 = VECTOR('',#1947,1.);
#1947 = DIRECTION('',(-1.,0.));
#1948 = ( GEOMETRIC_REPRESENTATION_CONTEXT(2) 
PARAMETRIC_REPRESENTATION_CONTEXT() REPRESENTATION_CONTEXT('2D SPACE',''
  ) );
#1949 = ADVANCED_FACE('',(#1950),#1900,.T.);
#1950 = FACE_BOUND('',#1951,.F.);
#1951 = EDGE_LOOP('',(#1952,#1953,#1976,#2003));
#1952 = ORIENTED_EDGE('',*,*,#1883,.T.);
#1953 = ORIENTED_EDGE('',*,*,#1954,.T.);
#1954 = EDGE_CURVE('',#1884,#1955,#1957,.T.);
#1955 = VERTEX_POINT('',#1956);
#1956 = CARTESIAN_POINT('',(-14.,10.4775,0.));
#1957 = SEAM_CURVE('',#1958,(#1962,#1969),.PCURVE_S1.);
#1958 = LINE('',#1959,#1960);
#1959 = CARTESIAN_POINT('',(-2.,10.4775,0.));
#1960 = VECTOR('',#1961,1.);
#1961 = DIRECTION('',(-1.,0.,0.));
#1962 = PCURVE('',#1900,#1963);
#1963 = DEFINITIONAL_REPRESENTATION('',(#1964),#1968);
#1964 = LINE('',#1965,#1966);
#1965 = CARTESIAN_POINT('',(-0.,0.));
#1966 = VECTOR('',#1967,1.);
#1967 = DIRECTION('',(-0.,1.));
#1968 = ( GEOMETRIC_REPRESENTATION_CONTEXT(2) 
PARAMETRIC_REPRESENTATION_CONTEXT() REPRESENTATION_CONTEXT('2D SPACE',''
  ) );
#1969 = PCURVE('',#1900,#1970);
#1970 = DEFINITIONAL_REPRESENTATION('',(#1971),#1975);
#1971 = LINE('',#1972,#1973);
#1972 = CARTESIAN_POINT('',(-6.28318530718,0.));
#1973 = VECTOR('',#1974,1.);
#1974 = DIRECTION('',(-0.,1.));
#1975 = ( GEOMETRIC_REPRESENTATION_CONTEXT(2) 
PARAMETRIC_REPRESENTATION_CONTEXT() REPRESENTATION_CONTEXT('2D SPACE',''
  ) );
#1976 = ORIENTED_EDGE('',*,*,#1977,.F.);
#1977 = EDGE_CURVE('',#1955,#1955,#1978,.T.);
#1978 = SURFACE_CURVE('',#1979,(#1984,#1991),.PCURVE_S1.);
#1979 = CIRCLE('',#1980,10.4775);
#1980 = AXIS2_PLACEMENT_3D('',#1981,#1982,#1983);
#1981 = CARTESIAN_POINT('',(-14.,0.,0.));
#1982 = DIRECTION('',(1.,0.,0.));
#1983 = DIRECTION('',(-0.,1.,0.));
#1984 = PCURVE('',#1900,#1985);
#1985 = DEFINITIONAL_REPRESENTATION('',(#1986),#1990);
#1986 = LINE('',#1987,#1988);
#1987 = CARTESIAN_POINT('',(-0.,12.));
#1988 = VECTOR('',#1989,1.);
#1989 = DIRECTION('',(-1.,0.));
#1990 = ( GEOMETRIC_REPRESENTATION_CONTEXT(2) 
PARAMETRIC_REPRESENTATION_CONTEXT() REPRESENTATION_CONTEXT('2D SPACE',''
  ) );
#1991 = PCURVE('',#1992,#1997);
#1992 = PLANE('',#1993);
#1993 = AXIS2_PLACEMENT_3D('',#1994,#1995,#1996);
#1994 = CARTESIAN_POINT('',(-14.,0.,0.));
#1995 = DIRECTION('',(1.,0.,0.));
#1996 = DIRECTION('',(-0.,1.,0.));
#1997 = DEFINITIONAL_REPRESENTATION('',(#1998),#2002);
#1998 = CIRCLE('',#1999,10.4775);
#1999 = AXIS2_PLACEMENT_2D('',#2000,#2001);
#2000 = CARTESIAN_POINT('',(0.,0.));
#2001 = DIRECTION('',(1.,0.));
#2002 = ( GEOMETRIC_REPRESENTATION_CONTEXT(2) 
PARAMETRIC_REPRESENTATION_CONTEXT() REPRESENTATION_CONTEXT('2D SPACE',''
  ) );
#2003 = ORIENTED_EDGE('',*,*,#1954,.F.);
#2004 = ADVANCED_FACE('',(#2005),#1938,.F.);
#2005 = FACE_BOUND('',#2006,.T.);
#2006 = EDGE_LOOP('',(#2007,#2008,#2031,#2058));
#2007 = ORIENTED_EDGE('',*,*,#1921,.T.);
#2008 = ORIENTED_EDGE('',*,*,#2009,.T.);
#2009 = EDGE_CURVE('',#1922,#2010,#2012,.T.);
#2010 = VERTEX_POINT('',#2011);
#2011 = CARTESIAN_POINT('',(12.,11.,0.));
#2012 = SEAM_CURVE('',#2013,(#2017,#2024),.PCURVE_S1.);
#2013 = LINE('',#2014,#2015);
#2014 = CARTESIAN_POINT('',(26.,11.,0.));
#2015 = VECTOR('',#2016,1.);
#2016 = DIRECTION('',(-1.,0.,0.));
#2017 = PCURVE('',#1938,#2018);
#2018 = DEFINITIONAL_REPRESENTATION('',(#2019),#2023);
#2019 = LINE('',#2020,#2021);
#2020 = CARTESIAN_POINT('',(-0.,0.));
#2021 = VECTOR('',#2022,1.);
#2022 = DIRECTION('',(-0.,1.));
#2023 = ( GEOMETRIC_REPRESENTATION_CONTEXT(2) 
PARAMETRIC_REPRESENTATION_CONTEXT() REPRESENTATION_CONTEXT('2D SPACE',''
  ) );
#2024 = PCURVE('',#1938,#2025);
#2025 = DEFINITIONAL_REPRESENTATION('',(#2026),#2030);
#2026 = LINE('',#2027,#2028);
#2027 = CARTESIAN_POINT('',(-6.28318530718,0.));
#2028 = VECTOR('',#2029,1.);
#2029 = DIRECTION('',(-0.,1.));
#2030 = ( GEOMETRIC_REPRESENTATION_CONTEXT(2) 
PARAMETRIC_REPRESENTATION_CONTEXT() REPRESENTATION_CONTEXT('2D SPACE',''
  ) );
#2031 = ORIENTED_EDGE('',*,*,#2032,.F.);
#2032 = EDGE_CURVE('',#2010,#2010,#2033,.T.);
#2033 = SURFACE_CURVE('',#2034,(#2039,#2046),.PCURVE_S1.);
#2034 = CIRCLE('',#2035,11.);
#2035 = AXIS2_PLACEMENT_3D('',#2036,#2037,#2038);
#2036 = CARTESIAN_POINT('',(12.,0.,0.));
#2037 = DIRECTION('',(1.,0.,0.));
#2038 = DIRECTION('',(-0.,1.,0.));
#2039 = PCURVE('',#1938,#2040);
#2040 = DEFINITIONAL_REPRESENTATION('',(#2041),#2045);
#2041 = LINE('',#2042,#2043);
#2042 = CARTESIAN_POINT('',(-0.,14.));
#2043 = VECTOR('',#2044,1.);
#2044 = DIRECTION('',(-1.,0.));
#2045 = ( GEOMETRIC_REPRESENTATION_CONTEXT(2) 
PARAMETRIC_REPRESENTATION_CONTEXT() REPRESENTATION_CONTEXT('2D SPACE',''
  ) );
#2046 = PCURVE('',#2047,#2052);
#2047 = PLANE('',#2048);
#2048 = AXIS2_PLACEMENT_3D('',#2049,#2050,#2051);
#2049 = CARTESIAN_POINT('',(12.,0.,0.));
#2050 = DIRECTION('',(1.,0.,0.));
#2051 = DIRECTION('',(-0.,1.,0.));
#2052 = DEFINITIONAL_REPRESENTATION('',(#2053),#2057);
#2053 = CIRCLE('',#2054,11.);
#2054 = AXIS2_PLACEMENT_2D('',#2055,#2056);
#2055 = CARTESIAN_POINT('',(0.,0.));
#2056 = DIRECTION('',(1.,0.));
#2057 = ( GEOMETRIC_REPRESENTATION_CONTEXT(2) 
PARAMETRIC_REPRESENTATION_CONTEXT() REPRESENTATION_CONTEXT('2D SPACE',''
  ) );
#2058 = ORIENTED_EDGE('',*,*,#2009,.F.);
#2059 = ADVANCED_FACE('',(#2060,#2063),#1992,.F.);
#2060 = FACE_BOUND('',#2061,.F.);
#2061 = EDGE_LOOP('',(#2062));
#2062 = ORIENTED_EDGE('',*,*,#1977,.T.);
#2063 = FACE_BOUND('',#2064,.F.);
#2064 = EDGE_LOOP('',(#2065));
#2065 = ORIENTED_EDGE('',*,*,#2066,.F.);
#2066 = EDGE_CURVE('',#2067,#2067,#2069,.T.);
#2067 = VERTEX_POINT('',#2068);
#2068 = CARTESIAN_POINT('',(-14.,6.,0.));
#2069 = SURFACE_CURVE('',#2070,(#2075,#2082),.PCURVE_S1.);
#2070 = CIRCLE('',#2071,6.);
#2071 = AXIS2_PLACEMENT_3D('',#2072,#2073,#2074);
#2072 = CARTESIAN_POINT('',(-14.,0.,0.));
#2073 = DIRECTION('',(1.,0.,0.));
#2074 = DIRECTION('',(-0.,1.,0.));
#2075 = PCURVE('',#1992,#2076);
#2076 = DEFINITIONAL_REPRESENTATION('',(#2077),#2081);
#2077 = CIRCLE('',#2078,6.);
#2078 = AXIS2_PLACEMENT_2D('',#2079,#2080);
#2079 = CARTESIAN_POINT('',(0.,0.));
#2080 = DIRECTION('',(1.,0.));
#2081 = ( GEOMETRIC_REPRESENTATION_CONTEXT(2) 
PARAMETRIC_REPRESENTATION_CONTEXT() REPRESENTATION_CONTEXT('2D SPACE',''
  ) );
#2082 = PCURVE('',#2083,#2088);
#2083 = CYLINDRICAL_SURFACE('',#2084,6.);
#2084 = AXIS2_PLACEMENT_3D('',#2085,#2086,#2087);
#2085 = CARTESIAN_POINT('',(-14.,0.,0.));
#2086 = DIRECTION('',(-1.,-0.,-0.));
#2087 = DIRECTION('',(0.,1.,0.));
#2088 = DEFINITIONAL_REPRESENTATION('',(#2089),#2093);
#2089 = LINE('',#2090,#2091);
#2090 = CARTESIAN_POINT('',(-0.,0.));
#2091 = VECTOR('',#2092,1.);
#2092 = DIRECTION('',(-1.,0.));
#2093 = ( GEOMETRIC_REPRESENTATION_CONTEXT(2) 
PARAMETRIC_REPRESENTATION_CONTEXT() REPRESENTATION_CONTEXT('2D SPACE',''
  ) );
#2094 = ADVANCED_FACE('',(#2095,#2098),#2047,.T.);
#2095 = FACE_BOUND('',#2096,.T.);
#2096 = EDGE_LOOP('',(#2097));
#2097 = ORIENTED_EDGE('',*,*,#2032,.T.);
#2098 = FACE_BOUND('',#2099,.T.);
#2099 = EDGE_LOOP('',(#2100));
#2100 = ORIENTED_EDGE('',*,*,#2101,.F.);
#2101 = EDGE_CURVE('',#2102,#2102,#2104,.T.);
#2102 = VERTEX_POINT('',#2103);
#2103 = CARTESIAN_POINT('',(12.,2.5,0.));
#2104 = SURFACE_CURVE('',#2105,(#2110,#2117),.PCURVE_S1.);
#2105 = CIRCLE('',#2106,2.5);
#2106 = AXIS2_PLACEMENT_3D('',#2107,#2108,#2109);
#2107 = CARTESIAN_POINT('',(12.,0.,0.));
#2108 = DIRECTION('',(1.,0.,0.));
#2109 = DIRECTION('',(-0.,1.,0.));
#2110 = PCURVE('',#2047,#2111);
#2111 = DEFINITIONAL_REPRESENTATION('',(#2112),#2116);
#2112 = CIRCLE('',#2113,2.5);
#2113 = AXIS2_PLACEMENT_2D('',#2114,#2115);
#2114 = CARTESIAN_POINT('',(0.,0.));
#2115 = DIRECTION('',(1.,0.));
#2116 = ( GEOMETRIC_REPRESENTATION_CONTEXT(2) 
PARAMETRIC_REPRESENTATION_CONTEXT() REPRESENTATION_CONTEXT('2D SPACE',''
  ) );
#2117 = PCURVE('',#2118,#2123);
#2118 = CYLINDRICAL_SURFACE('',#2119,2.5);
#2119 = AXIS2_PLACEMENT_3D('',#2120,#2121,#2122);
#2120 = CARTESIAN_POINT('',(12.,0.,0.));
#2121 = DIRECTION('',(-1.,-0.,-0.));
#2122 = DIRECTION('',(0.,1.,0.));
#2123 = DEFINITIONAL_REPRESENTATION('',(#2124),#2128);
#2124 = LINE('',#2125,#2126);
#2125 = CARTESIAN_POINT('',(-0.,0.));
#2126 = VECTOR('',#2127,1.);
#2127 = DIRECTION('',(-1.,0.));
#2128 = ( GEOMETRIC_REPRESENTATION_CONTEXT(2) 
PARAMETRIC_REPRESENTATION_CONTEXT() REPRESENTATION_CONTEXT('2D SPACE',''
  ) );
#2129 = ADVANCED_FACE('',(#2130),#2083,.T.);
#2130 = FACE_BOUND('',#2131,.F.);
#2131 = EDGE_LOOP('',(#2132,#2133,#2156,#2183));
#2132 = ORIENTED_EDGE('',*,*,#2066,.T.);
#2133 = ORIENTED_EDGE('',*,*,#2134,.T.);
#2134 = EDGE_CURVE('',#2067,#2135,#2137,.T.);
#2135 = VERTEX_POINT('',#2136);
#2136 = CARTESIAN_POINT('',(-26.,6.,0.));
#2137 = SEAM_CURVE('',#2138,(#2142,#2149),.PCURVE_S1.);
#2138 = LINE('',#2139,#2140);
#2139 = CARTESIAN_POINT('',(-14.,6.,0.));
#2140 = VECTOR('',#2141,1.);
#2141 = DIRECTION('',(-1.,0.,0.));
#2142 = PCURVE('',#2083,#2143);
#2143 = DEFINITIONAL_REPRESENTATION('',(#2144),#2148);
#2144 = LINE('',#2145,#2146);
#2145 = CARTESIAN_POINT('',(-0.,0.));
#2146 = VECTOR('',#2147,1.);
#2147 = DIRECTION('',(-0.,1.));
#2148 = ( GEOMETRIC_REPRESENTATION_CONTEXT(2) 
PARAMETRIC_REPRESENTATION_CONTEXT() REPRESENTATION_CONTEXT('2D SPACE',''
  ) );
#2149 = PCURVE('',#2083,#2150);
#2150 = DEFINITIONAL_REPRESENTATION('',(#2151),#2155);
#2151 = LINE('',#2152,#2153);
#2152 = CARTESIAN_POINT('',(-6.28318530718,0.));
#2153 = VECTOR('',#2154,1.);
#2154 = DIRECTION('',(-0.,1.));
#2155 = ( GEOMETRIC_REPRESENTATION_CONTEXT(2) 
PARAMETRIC_REPRESENTATION_CONTEXT() REPRESENTATION_CONTEXT('2D SPACE',''
  ) );
#2156 = ORIENTED_EDGE('',*,*,#2157,.F.);
#2157 = EDGE_CURVE('',#2135,#2135,#2158,.T.);
#2158 = SURFACE_CURVE('',#2159,(#2164,#2171),.PCURVE_S1.);
#2159 = CIRCLE('',#2160,6.);
#2160 = AXIS2_PLACEMENT_3D('',#2161,#2162,#2163);
#2161 = CARTESIAN_POINT('',(-26.,0.,0.));
#2162 = DIRECTION('',(1.,0.,0.));
#2163 = DIRECTION('',(-0.,1.,0.));
#2164 = PCURVE('',#2083,#2165);
#2165 = DEFINITIONAL_REPRESENTATION('',(#2166),#2170);
#2166 = LINE('',#2167,#2168);
#2167 = CARTESIAN_POINT('',(-0.,12.));
#2168 = VECTOR('',#2169,1.);
#2169 = DIRECTION('',(-1.,0.));
#2170 = ( GEOMETRIC_REPRESENTATION_CONTEXT(2) 
PARAMETRIC_REPRESENTATION_CONTEXT() REPRESENTATION_CONTEXT('2D SPACE',''
  ) );
#2171 = PCURVE('',#2172,#2177);
#2172 = PLANE('',#2173);
#2173 = AXIS2_PLACEMENT_3D('',#2174,#2175,#2176);
#2174 = CARTESIAN_POINT('',(-26.,0.,0.));
#2175 = DIRECTION('',(1.,0.,0.));
#2176 = DIRECTION('',(-0.,1.,0.));
#2177 = DEFINITIONAL_REPRESENTATION('',(#2178),#2182);
#2178 = CIRCLE('',#2179,6.);
#2179 = AXIS2_PLACEMENT_2D('',#2180,#2181);
#2180 = CARTESIAN_POINT('',(0.,0.));
#2181 = DIRECTION('',(1.,0.));
#2182 = ( GEOMETRIC_REPRESENTATION_CONTEXT(2) 
PARAMETRIC_REPRESENTATION_CONTEXT() REPRESENTATION_CONTEXT('2D SPACE',''
  ) );
#2183 = ORIENTED_EDGE('',*,*,#2134,.F.);
#2184 = ADVANCED_FACE('',(#2185),#2118,.F.);
#2185 = FACE_BOUND('',#2186,.T.);
#2186 = EDGE_LOOP('',(#2187,#2188,#2211,#2238));
#2187 = ORIENTED_EDGE('',*,*,#2101,.T.);
#2188 = ORIENTED_EDGE('',*,*,#2189,.T.);
#2189 = EDGE_CURVE('',#2102,#2190,#2192,.T.);
#2190 = VERTEX_POINT('',#2191);
#2191 = CARTESIAN_POINT('',(-27.,2.5,0.));
#2192 = SEAM_CURVE('',#2193,(#2197,#2204),.PCURVE_S1.);
#2193 = LINE('',#2194,#2195);
#2194 = CARTESIAN_POINT('',(12.,2.5,0.));
#2195 = VECTOR('',#2196,1.);
#2196 = DIRECTION('',(-1.,0.,0.));
#2197 = PCURVE('',#2118,#2198);
#2198 = DEFINITIONAL_REPRESENTATION('',(#2199),#2203);
#2199 = LINE('',#2200,#2201);
#2200 = CARTESIAN_POINT('',(-0.,0.));
#2201 = VECTOR('',#2202,1.);
#2202 = DIRECTION('',(-0.,1.));
#2203 = ( GEOMETRIC_REPRESENTATION_CONTEXT(2) 
PARAMETRIC_REPRESENTATION_CONTEXT() REPRESENTATION_CONTEXT('2D SPACE',''
  ) );
#2204 = PCURVE('',#2118,#2205);
#2205 = DEFINITIONAL_REPRESENTATION('',(#2206),#2210);
#2206 = LINE('',#2207,#2208);
#2207 = CARTESIAN_POINT('',(-6.28318530718,0.));
#2208 = VECTOR('',#2209,1.);
#2209 = DIRECTION('',(-0.,1.));
#2210 = ( GEOMETRIC_REPRESENTATION_CONTEXT(2) 
PARAMETRIC_REPRESENTATION_CONTEXT() REPRESENTATION_CONTEXT('2D SPACE',''
  ) );
#2211 = ORIENTED_EDGE('',*,*,#2212,.F.);
#2212 = EDGE_CURVE('',#2190,#2190,#2213,.T.);
#2213 = SURFACE_CURVE('',#2214,(#2219,#2226),.PCURVE_S1.);
#2214 = CIRCLE('',#2215,2.5);
#2215 = AXIS2_PLACEMENT_3D('',#2216,#2217,#2218);
#2216 = CARTESIAN_POINT('',(-27.,0.,0.));
#2217 = DIRECTION('',(1.,0.,0.));
#2218 = DIRECTION('',(-0.,1.,0.));
#2219 = PCURVE('',#2118,#2220);
#2220 = DEFINITIONAL_REPRESENTATION('',(#2221),#2225);
#2221 = LINE('',#2222,#2223);
#2222 = CARTESIAN_POINT('',(-0.,39.));
#2223 = VECTOR('',#2224,1.);
#2224 = DIRECTION('',(-1.,0.));
#2225 = ( GEOMETRIC_REPRESENTATION_CONTEXT(2) 
PARAMETRIC_REPRESENTATION_CONTEXT() REPRESENTATION_CONTEXT('2D SPACE',''
  ) );
#2226 = PCURVE('',#2227,#2232);
#2227 = PLANE('',#2228);
#2228 = AXIS2_PLACEMENT_3D('',#2229,#2230,#2231);
#2229 = CARTESIAN_POINT('',(-27.,0.,0.));
#2230 = DIRECTION('',(1.,0.,0.));
#2231 = DIRECTION('',(-0.,1.,0.));
#2232 = DEFINITIONAL_REPRESENTATION('',(#2233),#2237);
#2233 = CIRCLE('',#2234,2.5);
#2234 = AXIS2_PLACEMENT_2D('',#2235,#2236);
#2235 = CARTESIAN_POINT('',(0.,0.));
#2236 = DIRECTION('',(1.,-0.));
#2237 = ( GEOMETRIC_REPRESENTATION_CONTEXT(2) 
PARAMETRIC_REPRESENTATION_CONTEXT() REPRESENTATION_CONTEXT('2D SPACE',''
  ) );
#2238 = ORIENTED_EDGE('',*,*,#2189,.F.);
#2239 = ADVANCED_FACE('',(#2240,#2243),#2172,.F.);
#2240 = FACE_BOUND('',#2241,.F.);
#2241 = EDGE_LOOP('',(#2242));
#2242 = ORIENTED_EDGE('',*,*,#2157,.T.);
#2243 = FACE_BOUND('',#2244,.F.);
#2244 = EDGE_LOOP('',(#2245));
#2245 = ORIENTED_EDGE('',*,*,#2246,.F.);
#2246 = EDGE_CURVE('',#2247,#2247,#2249,.T.);
#2247 = VERTEX_POINT('',#2248);
#2248 = CARTESIAN_POINT('',(-26.,5.,0.));
#2249 = SURFACE_CURVE('',#2250,(#2255,#2262),.PCURVE_S1.);
#2250 = CIRCLE('',#2251,5.);
#2251 = AXIS2_PLACEMENT_3D('',#2252,#2253,#2254);
#2252 = CARTESIAN_POINT('',(-26.,0.,0.));
#2253 = DIRECTION('',(1.,0.,0.));
#2254 = DIRECTION('',(-0.,1.,0.));
#2255 = PCURVE('',#2172,#2256);
#2256 = DEFINITIONAL_REPRESENTATION('',(#2257),#2261);
#2257 = CIRCLE('',#2258,5.);
#2258 = AXIS2_PLACEMENT_2D('',#2259,#2260);
#2259 = CARTESIAN_POINT('',(0.,0.));
#2260 = DIRECTION('',(1.,0.));
#2261 = ( GEOMETRIC_REPRESENTATION_CONTEXT(2) 
PARAMETRIC_REPRESENTATION_CONTEXT() REPRESENTATION_CONTEXT('2D SPACE',''
  ) );
#2262 = PCURVE('',#2263,#2268);
#2263 = CYLINDRICAL_SURFACE('',#2264,5.);
#2264 = AXIS2_PLACEMENT_3D('',#2265,#2266,#2267);
#2265 = CARTESIAN_POINT('',(-26.,0.,0.));
#2266 = DIRECTION('',(-1.,-0.,-0.));
#2267 = DIRECTION('',(0.,1.,0.));
#2268 = DEFINITIONAL_REPRESENTATION('',(#2269),#2273);
#2269 = LINE('',#2270,#2271);
#2270 = CARTESIAN_POINT('',(-0.,0.));
#2271 = VECTOR('',#2272,1.);
#2272 = DIRECTION('',(-1.,0.));
#2273 = ( GEOMETRIC_REPRESENTATION_CONTEXT(2) 
PARAMETRIC_REPRESENTATION_CONTEXT() REPRESENTATION_CONTEXT('2D SPACE',''
  ) );
#2274 = ADVANCED_FACE('',(#2275,#2306),#2227,.F.);
#2275 = FACE_BOUND('',#2276,.T.);
#2276 = EDGE_LOOP('',(#2277));
#2277 = ORIENTED_EDGE('',*,*,#2278,.F.);
#2278 = EDGE_CURVE('',#2279,#2279,#2281,.T.);
#2279 = VERTEX_POINT('',#2280);
#2280 = CARTESIAN_POINT('',(-27.,4.,0.));
#2281 = SURFACE_CURVE('',#2282,(#2287,#2294),.PCURVE_S1.);
#2282 = CIRCLE('',#2283,4.);
#2283 = AXIS2_PLACEMENT_3D('',#2284,#2285,#2286);
#2284 = CARTESIAN_POINT('',(-27.,0.,0.));
#2285 = DIRECTION('',(1.,0.,0.));
#2286 = DIRECTION('',(-0.,1.,0.));
#2287 = PCURVE('',#2227,#2288);
#2288 = DEFINITIONAL_REPRESENTATION('',(#2289),#2293);
#2289 = CIRCLE('',#2290,4.);
#2290 = AXIS2_PLACEMENT_2D('',#2291,#2292);
#2291 = CARTESIAN_POINT('',(0.,0.));
#2292 = DIRECTION('',(1.,-0.));
#2293 = ( GEOMETRIC_REPRESENTATION_CONTEXT(2) 
PARAMETRIC_REPRESENTATION_CONTEXT() REPRESENTATION_CONTEXT('2D SPACE',''
  ) );
#2294 = PCURVE('',#2295,#2300);
#2295 = CYLINDRICAL_SURFACE('',#2296,4.);
#2296 = AXIS2_PLACEMENT_3D('',#2297,#2298,#2299);
#2297 = CARTESIAN_POINT('',(-27.,0.,0.));
#2298 = DIRECTION('',(-1.,-0.,-0.));
#2299 = DIRECTION('',(0.,1.,0.));
#2300 = DEFINITIONAL_REPRESENTATION('',(#2301),#2305);
#2301 = LINE('',#2302,#2303);
#2302 = CARTESIAN_POINT('',(-0.,0.));
#2303 = VECTOR('',#2304,1.);
#2304 = DIRECTION('',(-1.,0.));
#2305 = ( GEOMETRIC_REPRESENTATION_CONTEXT(2) 
PARAMETRIC_REPRESENTATION_CONTEXT() REPRESENTATION_CONTEXT('2D SPACE',''
  ) );
#2306 = FACE_BOUND('',#2307,.T.);
#2307 = EDGE_LOOP('',(#2308));
#2308 = ORIENTED_EDGE('',*,*,#2212,.T.);
#2309 = ADVANCED_FACE('',(#2310),#2263,.T.);
#2310 = FACE_BOUND('',#2311,.F.);
#2311 = EDGE_LOOP('',(#2312,#2313,#2336,#2363));
#2312 = ORIENTED_EDGE('',*,*,#2246,.T.);
#2313 = ORIENTED_EDGE('',*,*,#2314,.T.);
#2314 = EDGE_CURVE('',#2247,#2315,#2317,.T.);
#2315 = VERTEX_POINT('',#2316);
#2316 = CARTESIAN_POINT('',(-32.,5.,0.));
#2317 = SEAM_CURVE('',#2318,(#2322,#2329),.PCURVE_S1.);
#2318 = LINE('',#2319,#2320);
#2319 = CARTESIAN_POINT('',(-26.,5.,0.));
#2320 = VECTOR('',#2321,1.);
#2321 = DIRECTION('',(-1.,0.,0.));
#2322 = PCURVE('',#2263,#2323);
#2323 = DEFINITIONAL_REPRESENTATION('',(#2324),#2328);
#2324 = LINE('',#2325,#2326);
#2325 = CARTESIAN_POINT('',(-0.,0.));
#2326 = VECTOR('',#2327,1.);
#2327 = DIRECTION('',(-0.,1.));
#2328 = ( GEOMETRIC_REPRESENTATION_CONTEXT(2) 
PARAMETRIC_REPRESENTATION_CONTEXT() REPRESENTATION_CONTEXT('2D SPACE',''
  ) );
#2329 = PCURVE('',#2263,#2330);
#2330 = DEFINITIONAL_REPRESENTATION('',(#2331),#2335);
#2331 = LINE('',#2332,#2333);
#2332 = CARTESIAN_POINT('',(-6.28318530718,0.));
#2333 = VECTOR('',#2334,1.);
#2334 = DIRECTION('',(-0.,1.));
#2335 = ( GEOMETRIC_REPRESENTATION_CONTEXT(2) 
PARAMETRIC_REPRESENTATION_CONTEXT() REPRESENTATION_CONTEXT('2D SPACE',''
  ) );
#2336 = ORIENTED_EDGE('',*,*,#2337,.F.);
#2337 = EDGE_CURVE('',#2315,#2315,#2338,.T.);
#2338 = SURFACE_CURVE('',#2339,(#2344,#2351),.PCURVE_S1.);
#2339 = CIRCLE('',#2340,5.);
#2340 = AXIS2_PLACEMENT_3D('',#2341,#2342,#2343);
#2341 = CARTESIAN_POINT('',(-32.,0.,0.));
#2342 = DIRECTION('',(1.,0.,0.));
#2343 = DIRECTION('',(-0.,1.,0.));
#2344 = PCURVE('',#2263,#2345);
#2345 = DEFINITIONAL_REPRESENTATION('',(#2346),#2350);
#2346 = LINE('',#2347,#2348);
#2347 = CARTESIAN_POINT('',(-0.,6.));
#2348 = VECTOR('',#2349,1.);
#2349 = DIRECTION('',(-1.,0.));
#2350 = ( GEOMETRIC_REPRESENTATION_CONTEXT(2) 
PARAMETRIC_REPRESENTATION_CONTEXT() REPRESENTATION_CONTEXT('2D SPACE',''
  ) );
#2351 = PCURVE('',#2352,#2357);
#2352 = PLANE('',#2353);
#2353 = AXIS2_PLACEMENT_3D('',#2354,#2355,#2356);
#2354 = CARTESIAN_POINT('',(-32.,0.,0.));
#2355 = DIRECTION('',(1.,0.,0.));
#2356 = DIRECTION('',(-0.,1.,0.));
#2357 = DEFINITIONAL_REPRESENTATION('',(#2358),#2362);
#2358 = CIRCLE('',#2359,5.);
#2359 = AXIS2_PLACEMENT_2D('',#2360,#2361);
#2360 = CARTESIAN_POINT('',(0.,0.));
#2361 = DIRECTION('',(1.,0.));
#2362 = ( GEOMETRIC_REPRESENTATION_CONTEXT(2) 
PARAMETRIC_REPRESENTATION_CONTEXT() REPRESENTATION_CONTEXT('2D SPACE',''
  ) );
#2363 = ORIENTED_EDGE('',*,*,#2314,.F.);
#2364 = ADVANCED_FACE('',(#2365),#2295,.F.);
#2365 = FACE_BOUND('',#2366,.T.);
#2366 = EDGE_LOOP('',(#2367,#2368,#2391,#2413));
#2367 = ORIENTED_EDGE('',*,*,#2278,.T.);
#2368 = ORIENTED_EDGE('',*,*,#2369,.T.);
#2369 = EDGE_CURVE('',#2279,#2370,#2372,.T.);
#2370 = VERTEX_POINT('',#2371);
#2371 = CARTESIAN_POINT('',(-32.,4.,0.));
#2372 = SEAM_CURVE('',#2373,(#2377,#2384),.PCURVE_S1.);
#2373 = LINE('',#2374,#2375);
#2374 = CARTESIAN_POINT('',(-27.,4.,0.));
#2375 = VECTOR('',#2376,1.);
#2376 = DIRECTION('',(-1.,0.,0.));
#2377 = PCURVE('',#2295,#2378);
#2378 = DEFINITIONAL_REPRESENTATION('',(#2379),#2383);
#2379 = LINE('',#2380,#2381);
#2380 = CARTESIAN_POINT('',(-0.,0.));
#2381 = VECTOR('',#2382,1.);
#2382 = DIRECTION('',(-0.,1.));
#2383 = ( GEOMETRIC_REPRESENTATION_CONTEXT(2) 
PARAMETRIC_REPRESENTATION_CONTEXT() REPRESENTATION_CONTEXT('2D SPACE',''
  ) );
#2384 = PCURVE('',#2295,#2385);
#2385 = DEFINITIONAL_REPRESENTATION('',(#2386),#2390);
#2386 = LINE('',#2387,#2388);
#2387 = CARTESIAN_POINT('',(-6.28318530718,0.));
#2388 = VECTOR('',#2389,1.);
#2389 = DIRECTION('',(-0.,1.));
#2390 = ( GEOMETRIC_REPRESENTATION_CONTEXT(2) 
PARAMETRIC_REPRESENTATION_CONTEXT() REPRESENTATION_CONTEXT('2D SPACE',''
  ) );
#2391 = ORIENTED_EDGE('',*,*,#2392,.F.);
#2392 = EDGE_CURVE('',#2370,#2370,#2393,.T.);
#2393 = SURFACE_CURVE('',#2394,(#2399,#2406),.PCURVE_S1.);
#2394 = CIRCLE('',#2395,4.);
#2395 = AXIS2_PLACEMENT_3D('',#2396,#2397,#2398);
#2396 = CARTESIAN_POINT('',(-32.,0.,0.));
#2397 = DIRECTION('',(1.,0.,0.));
#2398 = DIRECTION('',(-0.,1.,0.));
#2399 = PCURVE('',#2295,#2400);
#2400 = DEFINITIONAL_REPRESENTATION('',(#2401),#2405);
#2401 = LINE('',#2402,#2403);
#2402 = CARTESIAN_POINT('',(-0.,5.));
#2403 = VECTOR('',#2404,1.);
#2404 = DIRECTION('',(-1.,0.));
#2405 = ( GEOMETRIC_REPRESENTATION_CONTEXT(2) 
PARAMETRIC_REPRESENTATION_CONTEXT() REPRESENTATION_CONTEXT('2D SPACE',''
  ) );
#2406 = PCURVE('',#2352,#2407);
#2407 = DEFINITIONAL_REPRESENTATION('',(#2408),#2412);
#2408 = CIRCLE('',#2409,4.);
#2409 = AXIS2_PLACEMENT_2D('',#2410,#2411);
#2410 = CARTESIAN_POINT('',(0.,0.));
#2411 = DIRECTION('',(1.,0.));
#2412 = ( GEOMETRIC_REPRESENTATION_CONTEXT(2) 
PARAMETRIC_REPRESENTATION_CONTEXT() REPRESENTATION_CONTEXT('2D SPACE',''
  ) );
#2413 = ORIENTED_EDGE('',*,*,#2369,.F.);
#2414 = ADVANCED_FACE('',(#2415,#2418),#2352,.F.);
#2415 = FACE_BOUND('',#2416,.F.);
#2416 = EDGE_LOOP('',(#2417));
#2417 = ORIENTED_EDGE('',*,*,#2337,.T.);
#2418 = FACE_BOUND('',#2419,.F.);
#2419 = EDGE_LOOP('',(#2420));
#2420 = ORIENTED_EDGE('',*,*,#2392,.F.);
#2421 = ( GEOMETRIC_REPRESENTATION_CONTEXT(3) 
GLOBAL_UNCERTAINTY_ASSIGNED_CONTEXT((#2425)) 
GLOBAL_UNIT_ASSIGNED_CONTEXT((#2422,#2423,#2424)) REPRESENTATION_CONTEXT
('Context #1','3D Context with UNIT and UNCERTAINTY') );
#2422 = ( LENGTH_UNIT() NAMED_UNIT(*) SI_UNIT(.MILLI.,.METRE.) );
#2423 = ( NAMED_UNIT(*) PLANE_ANGLE_UNIT() SI_UNIT($,.RADIAN.) );
#2424 = ( NAMED_UNIT(*) SI_UNIT($,.STERADIAN.) SOLID_ANGLE_UNIT() );
#2425 = UNCERTAINTY_MEASURE_WITH_UNIT(LENGTH_MEASURE(2.E-07),#2422,
  'distance_accuracy_value','confusion accuracy');
#2426 = CONTEXT_DEPENDENT_SHAPE_REPRESENTATION(#2427,#2429);
#2427 = ( REPRESENTATION_RELATIONSHIP('','',#68,#10) 
REPRESENTATION_RELATIONSHIP_WITH_TRANSFORMATION(#2428) 
SHAPE_REPRESENTATION_RELATIONSHIP() );
#2428 = ITEM_DEFINED_TRANSFORMATION('','',#11,#15);
#2429 = PRODUCT_DEFINITION_SHAPE('Placement','Placement of an item',
  #2430);
#2430 = NEXT_ASSEMBLY_USAGE_OCCURRENCE('1','M-101_body','',#5,#63,$);
#2431 = PRODUCT_RELATED_PRODUCT_CATEGORY('part',$,(#65));
#2432 = SHAPE_DEFINITION_REPRESENTATION(#2433,#2439);
#2433 = PRODUCT_DEFINITION_SHAPE('','',#2434);
#2434 = PRODUCT_DEFINITION('design','',#2435,#2438);
#2435 = PRODUCT_DEFINITION_FORMATION('','',#2436);
#2436 = PRODUCT('M-102_cap','M-102_cap','',(#2437));
#2437 = PRODUCT_CONTEXT('',#2,'mechanical');
#2438 = PRODUCT_DEFINITION_CONTEXT('part definition',#2,'design');
#2439 = ADVANCED_BREP_SHAPE_REPRESENTATION('',(#11,#2440),#6082);
#2440 = MANIFOLD_SOLID_BREP('',#2441);
#2441 = CLOSED_SHELL('',(#2442,#2514,#4113,#4168,#4384,#4595,#4634,#4848
    ,#5062,#5252,#5466,#5680,#5870,#5900,#6021,#6075));
#2442 = ADVANCED_FACE('',(#2443,#2479),#2456,.T.);
#2443 = FACE_BOUND('',#2444,.F.);
#2444 = EDGE_LOOP('',(#2445));
#2445 = ORIENTED_EDGE('',*,*,#2446,.F.);
#2446 = EDGE_CURVE('',#2447,#2447,#2449,.T.);
#2447 = VERTEX_POINT('',#2448);
#2448 = CARTESIAN_POINT('',(-26.,6.,0.));
#2449 = SURFACE_CURVE('',#2450,(#2455,#2467),.PCURVE_S1.);
#2450 = CIRCLE('',#2451,6.);
#2451 = AXIS2_PLACEMENT_3D('',#2452,#2453,#2454);
#2452 = CARTESIAN_POINT('',(-26.,0.,0.));
#2453 = DIRECTION('',(1.,0.,0.));
#2454 = DIRECTION('',(-0.,1.,0.));
#2455 = PCURVE('',#2456,#2461);
#2456 = PLANE('',#2457);
#2457 = AXIS2_PLACEMENT_3D('',#2458,#2459,#2460);
#2458 = CARTESIAN_POINT('',(-26.,0.,0.));
#2459 = DIRECTION('',(1.,0.,0.));
#2460 = DIRECTION('',(-0.,1.,0.));
#2461 = DEFINITIONAL_REPRESENTATION('',(#2462),#2466);
#2462 = CIRCLE('',#2463,6.);
#2463 = AXIS2_PLACEMENT_2D('',#2464,#2465);
#2464 = CARTESIAN_POINT('',(0.,0.));
#2465 = DIRECTION('',(1.,-0.));
#2466 = ( GEOMETRIC_REPRESENTATION_CONTEXT(2) 
PARAMETRIC_REPRESENTATION_CONTEXT() REPRESENTATION_CONTEXT('2D SPACE',''
  ) );
#2467 = PCURVE('',#2468,#2473);
#2468 = CYLINDRICAL_SURFACE('',#2469,6.);
#2469 = AXIS2_PLACEMENT_3D('',#2470,#2471,#2472);
#2470 = CARTESIAN_POINT('',(-26.,0.,0.));
#2471 = DIRECTION('',(-1.,-0.,-0.));
#2472 = DIRECTION('',(0.,1.,0.));
#2473 = DEFINITIONAL_REPRESENTATION('',(#2474),#2478);
#2474 = LINE('',#2475,#2476);
#2475 = CARTESIAN_POINT('',(-0.,0.));
#2476 = VECTOR('',#2477,1.);
#2477 = DIRECTION('',(-1.,0.));
#2478 = ( GEOMETRIC_REPRESENTATION_CONTEXT(2) 
PARAMETRIC_REPRESENTATION_CONTEXT() REPRESENTATION_CONTEXT('2D SPACE',''
  ) );
#2479 = FACE_BOUND('',#2480,.F.);
#2480 = EDGE_LOOP('',(#2481));
#2481 = ORIENTED_EDGE('',*,*,#2482,.F.);
#2482 = EDGE_CURVE('',#2483,#2483,#2485,.T.);
#2483 = VERTEX_POINT('',#2484);
#2484 = CARTESIAN_POINT('',(-26.,5.,0.));
#2485 = SURFACE_CURVE('',#2486,(#2491,#2502),.PCURVE_S1.);
#2486 = CIRCLE('',#2487,5.);
#2487 = AXIS2_PLACEMENT_3D('',#2488,#2489,#2490);
#2488 = CARTESIAN_POINT('',(-26.,0.,0.));
#2489 = DIRECTION('',(-1.,0.,0.));
#2490 = DIRECTION('',(0.,1.,0.));
#2491 = PCURVE('',#2456,#2492);
#2492 = DEFINITIONAL_REPRESENTATION('',(#2493),#2501);
#2493 = ( BOUNDED_CURVE() B_SPLINE_CURVE(2,(#2494,#2495,#2496,#2497,
#2498,#2499,#2500),.UNSPECIFIED.,.T.,.F.) B_SPLINE_CURVE_WITH_KNOTS((1,2
    ,2,2,2,1),(-2.094395102393,0.,2.094395102393,4.188790204786,
6.28318530718,8.377580409573),.UNSPECIFIED.) CURVE() 
GEOMETRIC_REPRESENTATION_ITEM() RATIONAL_B_SPLINE_CURVE((1.,0.5,1.,0.5,
1.,0.5,1.)) REPRESENTATION_ITEM('') );
#2494 = CARTESIAN_POINT('',(5.,0.));
#2495 = CARTESIAN_POINT('',(5.,-8.660254037844));
#2496 = CARTESIAN_POINT('',(-2.5,-4.330127018922));
#2497 = CARTESIAN_POINT('',(-10.,-1.224646799147E-15));
#2498 = CARTESIAN_POINT('',(-2.5,4.330127018922));
#2499 = CARTESIAN_POINT('',(5.,8.660254037844));
#2500 = CARTESIAN_POINT('',(5.,0.));
#2501 = ( GEOMETRIC_REPRESENTATION_CONTEXT(2) 
PARAMETRIC_REPRESENTATION_CONTEXT() REPRESENTATION_CONTEXT('2D SPACE',''
  ) );
#2502 = PCURVE('',#2503,#2508);
#2503 = CYLINDRICAL_SURFACE('',#2504,5.);
#2504 = AXIS2_PLACEMENT_3D('',#2505,#2506,#2507);
#2505 = CARTESIAN_POINT('',(-25.99,0.,0.));
#2506 = DIRECTION('',(-1.,-0.,-0.));
#2507 = DIRECTION('',(0.,1.,0.));
#2508 = DEFINITIONAL_REPRESENTATION('',(#2509),#2513);
#2509 = LINE('',#2510,#2511);
#2510 = CARTESIAN_POINT('',(-6.28318530718,1.E-02));
#2511 = VECTOR('',#2512,1.);
#2512 = DIRECTION('',(1.,-0.));
#2513 = ( GEOMETRIC_REPRESENTATION_CONTEXT(2) 
PARAMETRIC_REPRESENTATION_CONTEXT() REPRESENTATION_CONTEXT('2D SPACE',''
  ) );
#2514 = ADVANCED_FACE('',(#2515,#2991,#3186,#3381,#3552,#3747,#3942),
  #2468,.T.);
#2515 = FACE_BOUND('',#2516,.F.);
#2516 = EDGE_LOOP('',(#2517,#2518,#2541,#2638,#2661,#2758,#2781,#2808,
    #2809,#2899,#2900,#2990));
#2517 = ORIENTED_EDGE('',*,*,#2446,.T.);
#2518 = ORIENTED_EDGE('',*,*,#2519,.T.);
#2519 = EDGE_CURVE('',#2447,#2520,#2522,.T.);
#2520 = VERTEX_POINT('',#2521);
#2521 = CARTESIAN_POINT('',(-36.2,6.,0.));
#2522 = SEAM_CURVE('',#2523,(#2527,#2534),.PCURVE_S1.);
#2523 = LINE('',#2524,#2525);
#2524 = CARTESIAN_POINT('',(-26.,6.,0.));
#2525 = VECTOR('',#2526,1.);
#2526 = DIRECTION('',(-1.,0.,0.));
#2527 = PCURVE('',#2468,#2528);
#2528 = DEFINITIONAL_REPRESENTATION('',(#2529),#2533);
#2529 = LINE('',#2530,#2531);
#2530 = CARTESIAN_POINT('',(-0.,0.));
#2531 = VECTOR('',#2532,1.);
#2532 = DIRECTION('',(-0.,1.));
#2533 = ( GEOMETRIC_REPRESENTATION_CONTEXT(2) 
PARAMETRIC_REPRESENTATION_CONTEXT() REPRESENTATION_CONTEXT('2D SPACE',''
  ) );
#2534 = PCURVE('',#2468,#2535);
#2535 = DEFINITIONAL_REPRESENTATION('',(#2536),#2540);
#2536 = LINE('',#2537,#2538);
#2537 = CARTESIAN_POINT('',(-6.28318530718,0.));
#2538 = VECTOR('',#2539,1.);
#2539 = DIRECTION('',(-0.,1.));
#2540 = ( GEOMETRIC_REPRESENTATION_CONTEXT(2) 
PARAMETRIC_REPRESENTATION_CONTEXT() REPRESENTATION_CONTEXT('2D SPACE',''
  ) );
#2541 = ORIENTED_EDGE('',*,*,#2542,.T.);
#2542 = EDGE_CURVE('',#2520,#2543,#2545,.T.);
#2543 = VERTEX_POINT('',#2544);
#2544 = CARTESIAN_POINT('',(-38.8,6.,0.));
#2545 = SURFACE_CURVE('',#2546,(#2573,#2603),.PCURVE_S1.);
#2546 = B_SPLINE_CURVE_WITH_KNOTS('',7,(#2547,#2548,#2549,#2550,#2551,
    #2552,#2553,#2554,#2555,#2556,#2557,#2558,#2559,#2560,#2561,#2562,
    #2563,#2564,#2565,#2566,#2567,#2568,#2569,#2570,#2571,#2572),
  .UNSPECIFIED.,.F.,.F.,(8,6,6,6,8),(0.,0.250446615833,0.500062867849,
    0.749651815052,1.),.UNSPECIFIED.);
#2547 = CARTESIAN_POINT('',(-36.2,6.,-6.661338147751E-16));
#2548 = CARTESIAN_POINT('',(-36.2,6.,-0.169401739098));
#2549 = CARTESIAN_POINT('',(-36.22575349809,5.994419783096,
    -0.33527046006));
#2550 = CARTESIAN_POINT('',(-36.27532809592,5.983680160105,
    -0.492979190486));
#2551 = CARTESIAN_POINT('',(-36.34584035447,5.969062115578,-0.6384966925
    ));
#2552 = CARTESIAN_POINT('',(-36.43347865852,5.952459952447,
    -0.76856224641));
#2553 = CARTESIAN_POINT('',(-36.53350205457,5.935735348721,
    -0.880994118919));
#2554 = CARTESIAN_POINT('',(-36.74673302154,5.904771028571,
    -1.068982503864));
#2555 = CARTESIAN_POINT('',(-36.86208794412,5.890205197497,
    -1.146592507366));
#2556 = CARTESIAN_POINT('',(-36.98385072714,5.877577843788,
    -1.20823213843));
#2557 = CARTESIAN_POINT('',(-37.11008760619,5.867638022575,
    -1.25420318559));
#2558 = CARTESIAN_POINT('',(-37.2391675502,5.860859804638,
    -1.284743693182));
#2559 = CARTESIAN_POINT('',(-37.36961592464,5.857473858243,-1.3));
#2560 = CARTESIAN_POINT('',(-37.63036981301,5.857473858243,-1.3));
#2561 = CARTESIAN_POINT('',(-37.76081773928,5.860859058964,
    -1.284747039544));
#2562 = CARTESIAN_POINT('',(-37.88990415768,5.867637103079,
    -1.25420736966));
#2563 = CARTESIAN_POINT('',(-38.01614843323,5.877577507298,
    -1.208234102499));
#2564 = CARTESIAN_POINT('',(-38.13791582223,5.890205584062,
    -1.146590969117));
#2565 = CARTESIAN_POINT('',(-38.25327094617,5.904771604742,
    -1.068979005854));
#2566 = CARTESIAN_POINT('',(-38.4664636723,5.935730371753,
    -0.881024334734));
#2567 = CARTESIAN_POINT('',(-38.56650362515,5.952455954838,
    -0.768593446258));
#2568 = CARTESIAN_POINT('',(-38.65417098996,5.969063525349,
    -0.638499456596));
#2569 = CARTESIAN_POINT('',(-38.72469925683,5.983686059371,
    -0.492938547026));
#2570 = CARTESIAN_POINT('',(-38.77426706334,5.994424255112,
    -0.335196589868));
#2571 = CARTESIAN_POINT('',(-38.8,6.,-0.169334051093));
#2572 = CARTESIAN_POINT('',(-38.8,6.,-2.22044604925E-16));
#2573 = PCURVE('',#2468,#2574);
#2574 = DEFINITIONAL_REPRESENTATION('',(#2575),#2602);
#2575 = B_SPLINE_CURVE_WITH_KNOTS('',7,(#2576,#2577,#2578,#2579,#2580,
    #2581,#2582,#2583,#2584,#2585,#2586,#2587,#2588,#2589,#2590,#2591,
    #2592,#2593,#2594,#2595,#2596,#2597,#2598,#2599,#2600,#2601),
  .UNSPECIFIED.,.F.,.F.,(8,6,6,6,8),(0.,0.250446615833,0.500062867849,
    0.749651815052,1.),.UNSPECIFIED.);
#2576 = CARTESIAN_POINT('',(-6.28318530718,10.2));
#2577 = CARTESIAN_POINT('',(-6.254951683997,10.2));
#2578 = CARTESIAN_POINT('',(-6.227306856577,10.22575349809));
#2579 = CARTESIAN_POINT('',(-6.200985528909,10.275328095923));
#2580 = CARTESIAN_POINT('',(-6.176628605535,10.345840354479));
#2581 = CARTESIAN_POINT('',(-6.154782763095,10.433478658523));
#2582 = CARTESIAN_POINT('',(-6.135840265364,10.533502054576));
#2583 = CARTESIAN_POINT('',(-6.104086690763,10.746733021543));
#2584 = CARTESIAN_POINT('',(-6.090929117038,10.862087944128));
#2585 = CARTESIAN_POINT('',(-6.080443885006,10.983850727141));
#2586 = CARTESIAN_POINT('',(-6.072605108297,11.110087606192));
#2587 = CARTESIAN_POINT('',(-6.06739116681,11.239167550201));
#2588 = CARTESIAN_POINT('',(-6.064786579224,11.369615924647));
#2589 = CARTESIAN_POINT('',(-6.064786579224,11.63036981301));
#2590 = CARTESIAN_POINT('',(-6.067390595449,11.760817739281));
#2591 = CARTESIAN_POINT('',(-6.072604394166,11.889904157689));
#2592 = CARTESIAN_POINT('',(-6.080443553602,12.016148433236));
#2593 = CARTESIAN_POINT('',(-6.09092938048,12.137915822238));
#2594 = CARTESIAN_POINT('',(-6.104087281621,12.253270946171));
#2595 = CARTESIAN_POINT('',(-6.135835161537,12.466463672309));
#2596 = CARTESIAN_POINT('',(-6.154777522067,12.566503625159));
#2597 = CARTESIAN_POINT('',(-6.176628189689,12.654170989964));
#2598 = CARTESIAN_POINT('',(-6.20099234585,12.724699256835));
#2599 = CARTESIAN_POINT('',(-6.227319170014,12.774267063347));
#2600 = CARTESIAN_POINT('',(-6.254962965331,12.8));
#2601 = CARTESIAN_POINT('',(-6.28318530718,12.8));
#2602 = ( GEOMETRIC_REPRESENTATION_CONTEXT(2) 
PARAMETRIC_REPRESENTATION_CONTEXT() REPRESENTATION_CONTEXT('2D SPACE',''
  ) );
#2603 = PCURVE('',#2604,#2609);
#2604 = CYLINDRICAL_SURFACE('',#2605,1.3);
#2605 = AXIS2_PLACEMENT_3D('',#2606,#2607,#2608);
#2606 = CARTESIAN_POINT('',(-37.5,0.,0.));
#2607 = DIRECTION('',(0.,-1.,-0.));
#2608 = DIRECTION('',(1.,0.,0.));
#2609 = DEFINITIONAL_REPRESENTATION('',(#2610),#2637);
#2610 = B_SPLINE_CURVE_WITH_KNOTS('',7,(#2611,#2612,#2613,#2614,#2615,
    #2616,#2617,#2618,#2619,#2620,#2621,#2622,#2623,#2624,#2625,#2626,
    #2627,#2628,#2629,#2630,#2631,#2632,#2633,#2634,#2635,#2636),
  .UNSPECIFIED.,.F.,.F.,(8,6,6,6,8),(0.,0.250446615833,0.500062867849,
    0.749651815052,1.),.UNSPECIFIED.);
#2611 = CARTESIAN_POINT('',(0.,-6.));
#2612 = CARTESIAN_POINT('',(-0.130309030076,-6.));
#2613 = CARTESIAN_POINT('',(-0.257900281371,-5.994419783096));
#2614 = CARTESIAN_POINT('',(-0.3828290415,-5.983680160105));
#2615 = CARTESIAN_POINT('',(-0.50492934264,-5.969062115578));
#2616 = CARTESIAN_POINT('',(-0.623806783608,-5.952459952447));
#2617 = CARTESIAN_POINT('',(-0.738715444534,-5.935735348721));
#2618 = CARTESIAN_POINT('',(-0.957381489316,-5.904771028571));
#2619 = CARTESIAN_POINT('',(-1.063422686929,-5.890205197497));
#2620 = CARTESIAN_POINT('',(-1.167160409669,-5.877577843788));
#2621 = CARTESIAN_POINT('',(-1.269215470152,-5.867638022575));
#2622 = CARTESIAN_POINT('',(-1.370156079467,-5.860859804638));
#2623 = CARTESIAN_POINT('',(-1.470500884215,-5.857473858243));
#2624 = CARTESIAN_POINT('',(-1.671080798341,-5.857473858243));
#2625 = CARTESIAN_POINT('',(-1.771425246966,-5.860859058964));
#2626 = CARTESIAN_POINT('',(-1.872370330756,-5.867637103079));
#2627 = CARTESIAN_POINT('',(-1.974430984422,-5.877577507298));
#2628 = CARTESIAN_POINT('',(-2.078172926276,-5.890205584062));
#2629 = CARTESIAN_POINT('',(-2.184215233121,-5.904771604742));
#2630 = CARTESIAN_POINT('',(-2.402842062348,-5.935730371753));
#2631 = CARTESIAN_POINT('',(-2.517759789978,-5.952455954838));
#2632 = CARTESIAN_POINT('',(-2.636666323127,-5.969063525349));
#2633 = CARTESIAN_POINT('',(-2.758799157043,-5.983686059371));
#2634 = CARTESIAN_POINT('',(-2.883749201975,-5.994424255112));
#2635 = CARTESIAN_POINT('',(-3.01133569121,-6.));
#2636 = CARTESIAN_POINT('',(-3.14159265359,-6.));
#2637 = ( GEOMETRIC_REPRESENTATION_CONTEXT(2) 
PARAMETRIC_REPRESENTATION_CONTEXT() REPRESENTATION_CONTEXT('2D SPACE',''
  ) );
#2638 = ORIENTED_EDGE('',*,*,#2639,.T.);
#2639 = EDGE_CURVE('',#2543,#2640,#2642,.T.);
#2640 = VERTEX_POINT('',#2641);
#2641 = CARTESIAN_POINT('',(-43.2,6.,0.));
#2642 = SEAM_CURVE('',#2643,(#2647,#2654),.PCURVE_S1.);
#2643 = LINE('',#2644,#2645);
#2644 = CARTESIAN_POINT('',(-26.,6.,0.));
#2645 = VECTOR('',#2646,1.);
#2646 = DIRECTION('',(-1.,0.,0.));
#2647 = PCURVE('',#2468,#2648);
#2648 = DEFINITIONAL_REPRESENTATION('',(#2649),#2653);
#2649 = LINE('',#2650,#2651);
#2650 = CARTESIAN_POINT('',(-0.,0.));
#2651 = VECTOR('',#2652,1.);
#2652 = DIRECTION('',(-0.,1.));
#2653 = ( GEOMETRIC_REPRESENTATION_CONTEXT(2) 
PARAMETRIC_REPRESENTATION_CONTEXT() REPRESENTATION_CONTEXT('2D SPACE',''
  ) );
#2654 = PCURVE('',#2468,#2655);
#2655 = DEFINITIONAL_REPRESENTATION('',(#2656),#2660);
#2656 = LINE('',#2657,#2658);
#2657 = CARTESIAN_POINT('',(-6.28318530718,0.));
#2658 = VECTOR('',#2659,1.);
#2659 = DIRECTION('',(-0.,1.));
#2660 = ( GEOMETRIC_REPRESENTATION_CONTEXT(2) 
PARAMETRIC_REPRESENTATION_CONTEXT() REPRESENTATION_CONTEXT('2D SPACE',''
  ) );
#2661 = ORIENTED_EDGE('',*,*,#2662,.T.);
#2662 = EDGE_CURVE('',#2640,#2663,#2665,.T.);
#2663 = VERTEX_POINT('',#2664);
#2664 = CARTESIAN_POINT('',(-45.8,6.,0.));
#2665 = SURFACE_CURVE('',#2666,(#2693,#2723),.PCURVE_S1.);
#2666 = B_SPLINE_CURVE_WITH_KNOTS('',7,(#2667,#2668,#2669,#2670,#2671,
    #2672,#2673,#2674,#2675,#2676,#2677,#2678,#2679,#2680,#2681,#2682,
    #2683,#2684,#2685,#2686,#2687,#2688,#2689,#2690,#2691,#2692),
  .UNSPECIFIED.,.F.,.F.,(8,6,6,6,8),(0.,0.250446607753,0.500062858525,
    0.749651810383,1.),.UNSPECIFIED.);
#2667 = CARTESIAN_POINT('',(-43.2,6.,-6.661338147751E-16));
#2668 = CARTESIAN_POINT('',(-43.2,6.,-0.169401739098));
#2669 = CARTESIAN_POINT('',(-43.22575349809,5.994419783096,
    -0.33527046006));
#2670 = CARTESIAN_POINT('',(-43.27532809592,5.983680160105,
    -0.492979190486));
#2671 = CARTESIAN_POINT('',(-43.34584035448,5.969062115578,-0.6384966925
    ));
#2672 = CARTESIAN_POINT('',(-43.43347865852,5.952459952447,
    -0.76856224641));
#2673 = CARTESIAN_POINT('',(-43.53350205457,5.935735348721,
    -0.880994118919));
#2674 = CARTESIAN_POINT('',(-43.74673302444,5.904771028149,
    -1.068982506424));
#2675 = CARTESIAN_POINT('',(-43.86208793784,5.890205198595,
    -1.146592500792));
#2676 = CARTESIAN_POINT('',(-43.9838507296,5.877577842618,
    -1.208232145513));
#2677 = CARTESIAN_POINT('',(-44.11008761214,5.867638023144,
    -1.254203181982));
#2678 = CARTESIAN_POINT('',(-44.2391675426,5.860859804532,
    -1.284743693929));
#2679 = CARTESIAN_POINT('',(-44.36961592772,5.857473858243,-1.3));
#2680 = CARTESIAN_POINT('',(-44.63036981301,5.857473858243,-1.3));
#2681 = CARTESIAN_POINT('',(-44.76081773928,5.860859058964,
    -1.284747039544));
#2682 = CARTESIAN_POINT('',(-44.88990415768,5.867637103079,
    -1.25420736966));
#2683 = CARTESIAN_POINT('',(-45.01614843323,5.877577507298,
    -1.208234102499));
#2684 = CARTESIAN_POINT('',(-45.13791582223,5.890205584062,
    -1.146590969117));
#2685 = CARTESIAN_POINT('',(-45.25327094617,5.904771604742,
    -1.068979005854));
#2686 = CARTESIAN_POINT('',(-45.4664636723,5.935730371753,
    -0.881024334734));
#2687 = CARTESIAN_POINT('',(-45.56650362515,5.952455954838,
    -0.768593446258));
#2688 = CARTESIAN_POINT('',(-45.65417098996,5.969063525349,
    -0.638499456595));
#2689 = CARTESIAN_POINT('',(-45.72469925683,5.983686059371,
    -0.492938547026));
#2690 = CARTESIAN_POINT('',(-45.77426706334,5.994424255112,
    -0.335196589867));
#2691 = CARTESIAN_POINT('',(-45.8,6.,-0.169334051093));
#2692 = CARTESIAN_POINT('',(-45.8,6.,-2.22044604925E-16));
#2693 = PCURVE('',#2468,#2694);
#2694 = DEFINITIONAL_REPRESENTATION('',(#2695),#2722);
#2695 = B_SPLINE_CURVE_WITH_KNOTS('',7,(#2696,#2697,#2698,#2699,#2700,
    #2701,#2702,#2703,#2704,#2705,#2706,#2707,#2708,#2709,#2710,#2711,
    #2712,#2713,#2714,#2715,#2716,#2717,#2718,#2719,#2720,#2721),
  .UNSPECIFIED.,.F.,.F.,(8,6,6,6,8),(0.,0.250446607753,0.500062858525,
    0.749651810383,1.),.UNSPECIFIED.);
#2696 = CARTESIAN_POINT('',(-6.28318530718,17.2));
#2697 = CARTESIAN_POINT('',(-6.254951683997,17.2));
#2698 = CARTESIAN_POINT('',(-6.227306856577,17.22575349809));
#2699 = CARTESIAN_POINT('',(-6.200985528909,17.275328095923));
#2700 = CARTESIAN_POINT('',(-6.176628605535,17.34584035448));
#2701 = CARTESIAN_POINT('',(-6.154782763095,17.433478658523));
#2702 = CARTESIAN_POINT('',(-6.135840265364,17.533502054576));
#2703 = CARTESIAN_POINT('',(-6.104086690331,17.746733024446));
#2704 = CARTESIAN_POINT('',(-6.090929118148,17.86208793784));
#2705 = CARTESIAN_POINT('',(-6.080443883809,17.983850729603));
#2706 = CARTESIAN_POINT('',(-6.072605108906,18.110087612148));
#2707 = CARTESIAN_POINT('',(-6.067391166684,18.239167542604));
#2708 = CARTESIAN_POINT('',(-6.064786579224,18.369615927728));
#2709 = CARTESIAN_POINT('',(-6.064786579224,18.63036981301));
#2710 = CARTESIAN_POINT('',(-6.067390595449,18.760817739281));
#2711 = CARTESIAN_POINT('',(-6.072604394166,18.889904157689));
#2712 = CARTESIAN_POINT('',(-6.080443553602,19.016148433236));
#2713 = CARTESIAN_POINT('',(-6.09092938048,19.137915822238));
#2714 = CARTESIAN_POINT('',(-6.104087281621,19.253270946171));
#2715 = CARTESIAN_POINT('',(-6.135835161537,19.466463672309));
#2716 = CARTESIAN_POINT('',(-6.154777522067,19.566503625158));
#2717 = CARTESIAN_POINT('',(-6.176628189689,19.654170989964));
#2718 = CARTESIAN_POINT('',(-6.20099234585,19.724699256834));
#2719 = CARTESIAN_POINT('',(-6.227319170014,19.774267063348));
#2720 = CARTESIAN_POINT('',(-6.254962965331,19.8));
#2721 = CARTESIAN_POINT('',(-6.28318530718,19.8));
#2722 = ( GEOMETRIC_REPRESENTATION_CONTEXT(2) 
PARAMETRIC_REPRESENTATION_CONTEXT() REPRESENTATION_CONTEXT('2D SPACE',''
  ) );
#2723 = PCURVE('',#2724,#2729);
#2724 = CYLINDRICAL_SURFACE('',#2725,1.3);
#2725 = AXIS2_PLACEMENT_3D('',#2726,#2727,#2728);
#2726 = CARTESIAN_POINT('',(-44.5,0.,0.));
#2727 = DIRECTION('',(0.,-1.,-0.));
#2728 = DIRECTION('',(1.,0.,0.));
#2729 = DEFINITIONAL_REPRESENTATION('',(#2730),#2757);
#2730 = B_SPLINE_CURVE_WITH_KNOTS('',7,(#2731,#2732,#2733,#2734,#2735,
    #2736,#2737,#2738,#2739,#2740,#2741,#2742,#2743,#2744,#2745,#2746,
    #2747,#2748,#2749,#2750,#2751,#2752,#2753,#2754,#2755,#2756),
  .UNSPECIFIED.,.F.,.F.,(8,6,6,6,8),(0.,0.250446607753,0.500062858525,
    0.749651810383,1.),.UNSPECIFIED.);
#2731 = CARTESIAN_POINT('',(0.,-6.));
#2732 = CARTESIAN_POINT('',(-0.130309030076,-6.));
#2733 = CARTESIAN_POINT('',(-0.257900281371,-5.994419783096));
#2734 = CARTESIAN_POINT('',(-0.3828290415,-5.983680160105));
#2735 = CARTESIAN_POINT('',(-0.50492934264,-5.969062115578));
#2736 = CARTESIAN_POINT('',(-0.623806783608,-5.952459952447));
#2737 = CARTESIAN_POINT('',(-0.738715444534,-5.935735348721));
#2738 = CARTESIAN_POINT('',(-0.957381492293,-5.904771028149));
#2739 = CARTESIAN_POINT('',(-1.063422680236,-5.890205198595));
#2740 = CARTESIAN_POINT('',(-1.167160413596,-5.877577842618));
#2741 = CARTESIAN_POINT('',(-1.269215473608,-5.867638023144));
#2742 = CARTESIAN_POINT('',(-1.370156073898,-5.860859804532));
#2743 = CARTESIAN_POINT('',(-1.470500886586,-5.857473858243));
#2744 = CARTESIAN_POINT('',(-1.671080798341,-5.857473858243));
#2745 = CARTESIAN_POINT('',(-1.771425246965,-5.860859058964));
#2746 = CARTESIAN_POINT('',(-1.872370330756,-5.867637103079));
#2747 = CARTESIAN_POINT('',(-1.974430984422,-5.877577507298));
#2748 = CARTESIAN_POINT('',(-2.078172926276,-5.890205584062));
#2749 = CARTESIAN_POINT('',(-2.184215233122,-5.904771604742));
#2750 = CARTESIAN_POINT('',(-2.402842062348,-5.935730371753));
#2751 = CARTESIAN_POINT('',(-2.517759789978,-5.952455954838));
#2752 = CARTESIAN_POINT('',(-2.636666323127,-5.969063525349));
#2753 = CARTESIAN_POINT('',(-2.758799157043,-5.983686059371));
#2754 = CARTESIAN_POINT('',(-2.883749201975,-5.994424255112));
#2755 = CARTESIAN_POINT('',(-3.01133569121,-6.));
#2756 = CARTESIAN_POINT('',(-3.14159265359,-6.));
#2757 = ( GEOMETRIC_REPRESENTATION_CONTEXT(2) 
PARAMETRIC_REPRESENTATION_CONTEXT() REPRESENTATION_CONTEXT('2D SPACE',''
  ) );
#2758 = ORIENTED_EDGE('',*,*,#2759,.T.);
#2759 = EDGE_CURVE('',#2663,#2760,#2762,.T.);
#2760 = VERTEX_POINT('',#2761);
#2761 = CARTESIAN_POINT('',(-48.,6.,0.));
#2762 = SEAM_CURVE('',#2763,(#2767,#2774),.PCURVE_S1.);
#2763 = LINE('',#2764,#2765);
#2764 = CARTESIAN_POINT('',(-26.,6.,0.));
#2765 = VECTOR('',#2766,1.);
#2766 = DIRECTION('',(-1.,0.,0.));
#2767 = PCURVE('',#2468,#2768);
#2768 = DEFINITIONAL_REPRESENTATION('',(#2769),#2773);
#2769 = LINE('',#2770,#2771);
#2770 = CARTESIAN_POINT('',(-0.,0.));
#2771 = VECTOR('',#2772,1.);
#2772 = DIRECTION('',(-0.,1.));
#2773 = ( GEOMETRIC_REPRESENTATION_CONTEXT(2) 
PARAMETRIC_REPRESENTATION_CONTEXT() REPRESENTATION_CONTEXT('2D SPACE',''
  ) );
#2774 = PCURVE('',#2468,#2775);
#2775 = DEFINITIONAL_REPRESENTATION('',(#2776),#2780);
#2776 = LINE('',#2777,#2778);
#2777 = CARTESIAN_POINT('',(-6.28318530718,0.));
#2778 = VECTOR('',#2779,1.);
#2779 = DIRECTION('',(-0.,1.));
#2780 = ( GEOMETRIC_REPRESENTATION_CONTEXT(2) 
PARAMETRIC_REPRESENTATION_CONTEXT() REPRESENTATION_CONTEXT('2D SPACE',''
  ) );
#2781 = ORIENTED_EDGE('',*,*,#2782,.F.);
#2782 = EDGE_CURVE('',#2760,#2760,#2783,.T.);
#2783 = SURFACE_CURVE('',#2784,(#2789,#2796),.PCURVE_S1.);
#2784 = CIRCLE('',#2785,6.);
#2785 = AXIS2_PLACEMENT_3D('',#2786,#2787,#2788);
#2786 = CARTESIAN_POINT('',(-48.,0.,0.));
#2787 = DIRECTION('',(1.,0.,0.));
#2788 = DIRECTION('',(-0.,1.,0.));
#2789 = PCURVE('',#2468,#2790);
#2790 = DEFINITIONAL_REPRESENTATION('',(#2791),#2795);
#2791 = LINE('',#2792,#2793);
#2792 = CARTESIAN_POINT('',(-0.,22.));
#2793 = VECTOR('',#2794,1.);
#2794 = DIRECTION('',(-1.,0.));
#2795 = ( GEOMETRIC_REPRESENTATION_CONTEXT(2) 
PARAMETRIC_REPRESENTATION_CONTEXT() REPRESENTATION_CONTEXT('2D SPACE',''
  ) );
#2796 = PCURVE('',#2797,#2802);
#2797 = PLANE('',#2798);
#2798 = AXIS2_PLACEMENT_3D('',#2799,#2800,#2801);
#2799 = CARTESIAN_POINT('',(-48.,0.,0.));
#2800 = DIRECTION('',(1.,0.,0.));
#2801 = DIRECTION('',(-0.,1.,0.));
#2802 = DEFINITIONAL_REPRESENTATION('',(#2803),#2807);
#2803 = CIRCLE('',#2804,6.);
#2804 = AXIS2_PLACEMENT_2D('',#2805,#2806);
#2805 = CARTESIAN_POINT('',(0.,0.));
#2806 = DIRECTION('',(1.,0.));
#2807 = ( GEOMETRIC_REPRESENTATION_CONTEXT(2) 
PARAMETRIC_REPRESENTATION_CONTEXT() REPRESENTATION_CONTEXT('2D SPACE',''
  ) );
#2808 = ORIENTED_EDGE('',*,*,#2759,.F.);
#2809 = ORIENTED_EDGE('',*,*,#2810,.T.);
#2810 = EDGE_CURVE('',#2663,#2640,#2811,.T.);
#2811 = SURFACE_CURVE('',#2812,(#2839,#2869),.PCURVE_S1.);
#2812 = B_SPLINE_CURVE_WITH_KNOTS('',7,(#2813,#2814,#2815,#2816,#2817,
    #2818,#2819,#2820,#2821,#2822,#2823,#2824,#2825,#2826,#2827,#2828,
    #2829,#2830,#2831,#2832,#2833,#2834,#2835,#2836,#2837,#2838),
  .UNSPECIFIED.,.F.,.F.,(8,6,6,6,8),(0.,0.250438969035,0.50003830155,
    0.749637634064,1.),.UNSPECIFIED.);
#2813 = CARTESIAN_POINT('',(-45.8,6.,4.977139308605E-16));
#2814 = CARTESIAN_POINT('',(-45.8,6.,0.169401739098));
#2815 = CARTESIAN_POINT('',(-45.77424650191,5.994419783096,0.33527046006
    ));
#2816 = CARTESIAN_POINT('',(-45.72467190407,5.983680160105,
    0.492979190487));
#2817 = CARTESIAN_POINT('',(-45.65415964552,5.969062115578,0.6384966925)
  );
#2818 = CARTESIAN_POINT('',(-45.56652134147,5.952459952447,0.76856224641
    ));
#2819 = CARTESIAN_POINT('',(-45.46649794542,5.935735348721,
    0.880994118919));
#2820 = CARTESIAN_POINT('',(-45.25327094334,5.904771604332,
    1.068979008344));
#2821 = CARTESIAN_POINT('',(-45.13791582851,5.890205585151,
    1.146590962592));
#2822 = CARTESIAN_POINT('',(-45.01614843053,5.877577506105,1.20823410973
    ));
#2823 = CARTESIAN_POINT('',(-44.8899041518,5.867637103678,1.254207365845
    ));
#2824 = CARTESIAN_POINT('',(-44.76081774725,5.860859058855,
    1.284747040338));
#2825 = CARTESIAN_POINT('',(-44.63036980977,5.857473858243,1.3));
#2826 = CARTESIAN_POINT('',(-44.36963019022,5.857473858243,1.3));
#2827 = CARTESIAN_POINT('',(-44.23918225274,5.860859058855,
    1.284747040338));
#2828 = CARTESIAN_POINT('',(-44.11009584819,5.867637103678,
    1.254207365845));
#2829 = CARTESIAN_POINT('',(-43.98385156946,5.877577506106,1.20823410973
    ));
#2830 = CARTESIAN_POINT('',(-43.86208417148,5.890205585151,
    1.146590962592));
#2831 = CARTESIAN_POINT('',(-43.74672905665,5.904771604332,
    1.068979008344));
#2832 = CARTESIAN_POINT('',(-43.53353471977,5.935730605247,
    0.881022917163));
#2833 = CARTESIAN_POINT('',(-43.43349234752,5.952456611885,
    0.768589167199));
#2834 = CARTESIAN_POINT('',(-43.34582592084,5.969064210864,
    0.638493502666));
#2835 = CARTESIAN_POINT('',(-43.2753004609,5.983686161577,0.492934664963
    ));
#2836 = CARTESIAN_POINT('',(-43.22573413875,5.994423975944,
    0.335197397592));
#2837 = CARTESIAN_POINT('',(-43.2,6.,0.169338063437));
#2838 = CARTESIAN_POINT('',(-43.2,6.,1.592040838892E-16));
#2839 = PCURVE('',#2468,#2840);
#2840 = DEFINITIONAL_REPRESENTATION('',(#2841),#2868);
#2841 = B_SPLINE_CURVE_WITH_KNOTS('',7,(#2842,#2843,#2844,#2845,#2846,
    #2847,#2848,#2849,#2850,#2851,#2852,#2853,#2854,#2855,#2856,#2857,
    #2858,#2859,#2860,#2861,#2862,#2863,#2864,#2865,#2866,#2867),
  .UNSPECIFIED.,.F.,.F.,(8,6,6,6,8),(0.,0.250438969035,0.50003830155,
    0.749637634064,1.),.UNSPECIFIED.);
#2842 = CARTESIAN_POINT('',(0.,19.8));
#2843 = CARTESIAN_POINT('',(-2.823362318306E-02,19.8));
#2844 = CARTESIAN_POINT('',(-5.587845060257E-02,19.77424650191));
#2845 = CARTESIAN_POINT('',(-8.219977827032E-02,19.724671904077));
#2846 = CARTESIAN_POINT('',(-0.106556701645,19.654159645521));
#2847 = CARTESIAN_POINT('',(-0.128402544085,19.566521341477));
#2848 = CARTESIAN_POINT('',(-0.147345041816,19.466497945424));
#2849 = CARTESIAN_POINT('',(-0.17909802598,19.253270943347));
#2850 = CARTESIAN_POINT('',(-0.192255925597,19.137915828511));
#2851 = CARTESIAN_POINT('',(-0.202741754799,19.016148430533));
#2852 = CARTESIAN_POINT('',(-0.21058091237,18.889904151808));
#2853 = CARTESIAN_POINT('',(-0.215794711864,18.760817747259));
#2854 = CARTESIAN_POINT('',(-0.218398727956,18.630369809774));
#2855 = CARTESIAN_POINT('',(-0.218398727956,18.369630190227));
#2856 = CARTESIAN_POINT('',(-0.215794711864,18.239182252741));
#2857 = CARTESIAN_POINT('',(-0.21058091237,18.110095848192));
#2858 = CARTESIAN_POINT('',(-0.202741754799,17.983851569467));
#2859 = CARTESIAN_POINT('',(-0.192255925597,17.862084171489));
#2860 = CARTESIAN_POINT('',(-0.17909802598,17.746729056653));
#2861 = CARTESIAN_POINT('',(-0.147349906197,17.533534719772));
#2862 = CARTESIAN_POINT('',(-0.128407062502,17.433492347521));
#2863 = CARTESIAN_POINT('',(-0.106556122975,17.345825920849));
#2864 = CARTESIAN_POINT('',(-8.219231309671E-02,17.275300460908));
#2865 = CARTESIAN_POINT('',(-5.586627397017E-02,17.225734138757));
#2866 = CARTESIAN_POINT('',(-2.822301057283E-02,17.2));
#2867 = CARTESIAN_POINT('',(0.,17.2));
#2868 = ( GEOMETRIC_REPRESENTATION_CONTEXT(2) 
PARAMETRIC_REPRESENTATION_CONTEXT() REPRESENTATION_CONTEXT('2D SPACE',''
  ) );
#2869 = PCURVE('',#2724,#2870);
#2870 = DEFINITIONAL_REPRESENTATION('',(#2871),#2898);
#2871 = B_SPLINE_CURVE_WITH_KNOTS('',7,(#2872,#2873,#2874,#2875,#2876,
    #2877,#2878,#2879,#2880,#2881,#2882,#2883,#2884,#2885,#2886,#2887,
    #2888,#2889,#2890,#2891,#2892,#2893,#2894,#2895,#2896,#2897),
  .UNSPECIFIED.,.F.,.F.,(8,6,6,6,8),(0.,0.250438969035,0.50003830155,
    0.749637634064,1.),.UNSPECIFIED.);
#2872 = CARTESIAN_POINT('',(-3.14159265359,-6.));
#2873 = CARTESIAN_POINT('',(-3.271901683665,-6.));
#2874 = CARTESIAN_POINT('',(-3.399492934961,-5.994419783096));
#2875 = CARTESIAN_POINT('',(-3.52442169509,-5.983680160105));
#2876 = CARTESIAN_POINT('',(-3.64652199623,-5.969062115578));
#2877 = CARTESIAN_POINT('',(-3.765399437198,-5.952459952447));
#2878 = CARTESIAN_POINT('',(-3.880308098123,-5.935735348721));
#2879 = CARTESIAN_POINT('',(-4.098970076955,-5.904771604332));
#2880 = CARTESIAN_POINT('',(-4.205012374233,-5.890205585151));
#2881 = CARTESIAN_POINT('',(-4.30875432692,-5.877577506106));
#2882 = CARTESIAN_POINT('',(-4.410814979744,-5.867637103678));
#2883 = CARTESIAN_POINT('',(-4.511760054384,-5.860859058855));
#2884 = CARTESIAN_POINT('',(-4.612104511328,-5.857473858243));
#2885 = CARTESIAN_POINT('',(-4.812673449441,-5.857473858243));
#2886 = CARTESIAN_POINT('',(-4.913017906386,-5.860859058855));
#2887 = CARTESIAN_POINT('',(-5.013962981025,-5.867637103678));
#2888 = CARTESIAN_POINT('',(-5.116023633849,-5.877577506106));
#2889 = CARTESIAN_POINT('',(-5.219765586537,-5.890205585151));
#2890 = CARTESIAN_POINT('',(-5.325807883815,-5.904771604332));
#2891 = CARTESIAN_POINT('',(-5.544436364841,-5.935730605247));
#2892 = CARTESIAN_POINT('',(-5.659356939648,-5.952456611885));
#2893 = CARTESIAN_POINT('',(-5.778263902195,-5.969064210864));
#2894 = CARTESIAN_POINT('',(-5.900394544934,-5.983686161577));
#2895 = CARTESIAN_POINT('',(-6.025341236754,-5.994423975944));
#2896 = CARTESIAN_POINT('',(-6.152925258382,-6.));
#2897 = CARTESIAN_POINT('',(-6.28318530718,-6.));
#2898 = ( GEOMETRIC_REPRESENTATION_CONTEXT(2) 
PARAMETRIC_REPRESENTATION_CONTEXT() REPRESENTATION_CONTEXT('2D SPACE',''
  ) );
#2899 = ORIENTED_EDGE('',*,*,#2639,.F.);
#2900 = ORIENTED_EDGE('',*,*,#2901,.T.);
#2901 = EDGE_CURVE('',#2543,#2520,#2902,.T.);
#2902 = SURFACE_CURVE('',#2903,(#2930,#2960),.PCURVE_S1.);
#2903 = B_SPLINE_CURVE_WITH_KNOTS('',7,(#2904,#2905,#2906,#2907,#2908,
    #2909,#2910,#2911,#2912,#2913,#2914,#2915,#2916,#2917,#2918,#2919,
    #2920,#2921,#2922,#2923,#2924,#2925,#2926,#2927,#2928,#2929),
  .UNSPECIFIED.,.F.,.F.,(8,6,6,6,8),(0.,0.250438969035,0.50003830155,
    0.749637634064,1.),.UNSPECIFIED.);
#2904 = CARTESIAN_POINT('',(-38.8,6.,4.977139308605E-16));
#2905 = CARTESIAN_POINT('',(-38.8,6.,0.169401739098));
#2906 = CARTESIAN_POINT('',(-38.77424650191,5.994419783096,0.33527046006
    ));
#2907 = CARTESIAN_POINT('',(-38.72467190407,5.983680160105,
    0.492979190486));
#2908 = CARTESIAN_POINT('',(-38.65415964552,5.969062115578,0.6384966925)
  );
#2909 = CARTESIAN_POINT('',(-38.56652134147,5.952459952447,0.76856224641
    ));
#2910 = CARTESIAN_POINT('',(-38.46649794542,5.935735348721,
    0.880994118919));
#2911 = CARTESIAN_POINT('',(-38.25327094334,5.904771604332,
    1.068979008344));
#2912 = CARTESIAN_POINT('',(-38.13791582851,5.890205585151,
    1.146590962592));
#2913 = CARTESIAN_POINT('',(-38.01614843053,5.877577506106,1.20823410973
    ));
#2914 = CARTESIAN_POINT('',(-37.8899041518,5.867637103678,1.254207365845
    ));
#2915 = CARTESIAN_POINT('',(-37.76081774725,5.860859058855,
    1.284747040338));
#2916 = CARTESIAN_POINT('',(-37.63036980977,5.857473858243,1.3));
#2917 = CARTESIAN_POINT('',(-37.36963019022,5.857473858243,1.3));
#2918 = CARTESIAN_POINT('',(-37.23918225274,5.860859058855,
    1.284747040338));
#2919 = CARTESIAN_POINT('',(-37.11009584819,5.867637103678,
    1.254207365845));
#2920 = CARTESIAN_POINT('',(-36.98385156946,5.877577506106,1.20823410973
    ));
#2921 = CARTESIAN_POINT('',(-36.86208417148,5.890205585151,
    1.146590962592));
#2922 = CARTESIAN_POINT('',(-36.74672905665,5.904771604332,
    1.068979008344));
#2923 = CARTESIAN_POINT('',(-36.53353471977,5.935730605247,
    0.881022917163));
#2924 = CARTESIAN_POINT('',(-36.43349234752,5.952456611885,
    0.768589167199));
#2925 = CARTESIAN_POINT('',(-36.34582592084,5.969064210864,
    0.638493502666));
#2926 = CARTESIAN_POINT('',(-36.2753004609,5.983686161577,0.492934664963
    ));
#2927 = CARTESIAN_POINT('',(-36.22573413875,5.994423975945,
    0.335197397592));
#2928 = CARTESIAN_POINT('',(-36.2,6.,0.169338063437));
#2929 = CARTESIAN_POINT('',(-36.2,6.,1.592040838892E-16));
#2930 = PCURVE('',#2468,#2931);
#2931 = DEFINITIONAL_REPRESENTATION('',(#2932),#2959);
#2932 = B_SPLINE_CURVE_WITH_KNOTS('',7,(#2933,#2934,#2935,#2936,#2937,
    #2938,#2939,#2940,#2941,#2942,#2943,#2944,#2945,#2946,#2947,#2948,
    #2949,#2950,#2951,#2952,#2953,#2954,#2955,#2956,#2957,#2958),
  .UNSPECIFIED.,.F.,.F.,(8,6,6,6,8),(0.,0.250438969035,0.50003830155,
    0.749637634064,1.),.UNSPECIFIED.);
#2933 = CARTESIAN_POINT('',(0.,12.8));
#2934 = CARTESIAN_POINT('',(-2.823362318305E-02,12.8));
#2935 = CARTESIAN_POINT('',(-5.587845060259E-02,12.77424650191));
#2936 = CARTESIAN_POINT('',(-8.219977827029E-02,12.724671904077));
#2937 = CARTESIAN_POINT('',(-0.106556701645,12.65415964552));
#2938 = CARTESIAN_POINT('',(-0.128402544085,12.566521341477));
#2939 = CARTESIAN_POINT('',(-0.147345041816,12.466497945424));
#2940 = CARTESIAN_POINT('',(-0.17909802598,12.253270943347));
#2941 = CARTESIAN_POINT('',(-0.192255925597,12.137915828511));
#2942 = CARTESIAN_POINT('',(-0.202741754799,12.016148430533));
#2943 = CARTESIAN_POINT('',(-0.21058091237,11.889904151808));
#2944 = CARTESIAN_POINT('',(-0.215794711864,11.760817747259));
#2945 = CARTESIAN_POINT('',(-0.218398727956,11.630369809774));
#2946 = CARTESIAN_POINT('',(-0.218398727956,11.369630190227));
#2947 = CARTESIAN_POINT('',(-0.215794711864,11.23918225274));
#2948 = CARTESIAN_POINT('',(-0.21058091237,11.110095848193));
#2949 = CARTESIAN_POINT('',(-0.202741754799,10.983851569466));
#2950 = CARTESIAN_POINT('',(-0.192255925597,10.862084171489));
#2951 = CARTESIAN_POINT('',(-0.17909802598,10.746729056653));
#2952 = CARTESIAN_POINT('',(-0.147349906197,10.533534719772));
#2953 = CARTESIAN_POINT('',(-0.128407062502,10.433492347521));
#2954 = CARTESIAN_POINT('',(-0.106556122974,10.345825920849));
#2955 = CARTESIAN_POINT('',(-8.219231309679E-02,10.275300460908));
#2956 = CARTESIAN_POINT('',(-5.586627397013E-02,10.225734138757));
#2957 = CARTESIAN_POINT('',(-2.822301057285E-02,10.2));
#2958 = CARTESIAN_POINT('',(0.,10.2));
#2959 = ( GEOMETRIC_REPRESENTATION_CONTEXT(2) 
PARAMETRIC_REPRESENTATION_CONTEXT() REPRESENTATION_CONTEXT('2D SPACE',''
  ) );
#2960 = PCURVE('',#2604,#2961);
#2961 = DEFINITIONAL_REPRESENTATION('',(#2962),#2989);
#2962 = B_SPLINE_CURVE_WITH_KNOTS('',7,(#2963,#2964,#2965,#2966,#2967,
    #2968,#2969,#2970,#2971,#2972,#2973,#2974,#2975,#2976,#2977,#2978,
    #2979,#2980,#2981,#2982,#2983,#2984,#2985,#2986,#2987,#2988),
  .UNSPECIFIED.,.F.,.F.,(8,6,6,6,8),(0.,0.250438969035,0.50003830155,
    0.749637634064,1.),.UNSPECIFIED.);
#2963 = CARTESIAN_POINT('',(-3.14159265359,-6.));
#2964 = CARTESIAN_POINT('',(-3.271901683665,-6.));
#2965 = CARTESIAN_POINT('',(-3.399492934961,-5.994419783096));
#2966 = CARTESIAN_POINT('',(-3.52442169509,-5.983680160105));
#2967 = CARTESIAN_POINT('',(-3.64652199623,-5.969062115578));
#2968 = CARTESIAN_POINT('',(-3.765399437198,-5.952459952447));
#2969 = CARTESIAN_POINT('',(-3.880308098123,-5.935735348721));
#2970 = CARTESIAN_POINT('',(-4.098970076955,-5.904771604332));
#2971 = CARTESIAN_POINT('',(-4.205012374233,-5.890205585151));
#2972 = CARTESIAN_POINT('',(-4.30875432692,-5.877577506106));
#2973 = CARTESIAN_POINT('',(-4.410814979744,-5.867637103678));
#2974 = CARTESIAN_POINT('',(-4.511760054384,-5.860859058855));
#2975 = CARTESIAN_POINT('',(-4.612104511328,-5.857473858243));
#2976 = CARTESIAN_POINT('',(-4.812673449441,-5.857473858243));
#2977 = CARTESIAN_POINT('',(-4.913017906386,-5.860859058855));
#2978 = CARTESIAN_POINT('',(-5.013962981024,-5.867637103678));
#2979 = CARTESIAN_POINT('',(-5.11602363385,-5.877577506106));
#2980 = CARTESIAN_POINT('',(-5.219765586536,-5.890205585151));
#2981 = CARTESIAN_POINT('',(-5.325807883815,-5.904771604332));
#2982 = CARTESIAN_POINT('',(-5.544436364842,-5.935730605247));
#2983 = CARTESIAN_POINT('',(-5.659356939648,-5.952456611885));
#2984 = CARTESIAN_POINT('',(-5.778263902195,-5.969064210864));
#2985 = CARTESIAN_POINT('',(-5.900394544933,-5.983686161577));
#2986 = CARTESIAN_POINT('',(-6.025341236755,-5.994423975945));
#2987 = CARTESIAN_POINT('',(-6.152925258382,-6.));
#2988 = CARTESIAN_POINT('',(-6.28318530718,-6.));
#2989 = ( GEOMETRIC_REPRESENTATION_CONTEXT(2) 
PARAMETRIC_REPRESENTATION_CONTEXT() REPRESENTATION_CONTEXT('2D SPACE',''
  ) );
#2990 = ORIENTED_EDGE('',*,*,#2519,.F.);
#2991 = FACE_BOUND('',#2992,.F.);
#2992 = EDGE_LOOP('',(#2993));
#2993 = ORIENTED_EDGE('',*,*,#2994,.T.);
#2994 = EDGE_CURVE('',#2995,#2995,#2997,.T.);
#2995 = VERTEX_POINT('',#2996);
#2996 = CARTESIAN_POINT('',(-32.7,3.673940397442E-16,6.));
#2997 = SURFACE_CURVE('',#2998,(#3057,#3119),.PCURVE_S1.);
#2998 = B_SPLINE_CURVE_WITH_KNOTS('',8,(#2999,#3000,#3001,#3002,#3003,
    #3004,#3005,#3006,#3007,#3008,#3009,#3010,#3011,#3012,#3013,#3014,
    #3015,#3016,#3017,#3018,#3019,#3020,#3021,#3022,#3023,#3024,#3025,
    #3026,#3027,#3028,#3029,#3030,#3031,#3032,#3033,#3034,#3035,#3036,
    #3037,#3038,#3039,#3040,#3041,#3042,#3043,#3044,#3045,#3046,#3047,
    #3048,#3049,#3050,#3051,#3052,#3053,#3054,#3055,#3056),
  .UNSPECIFIED.,.T.,.F.,(9,7,7,7,7,7,7,7,9),(0.,0.136844752925,
    0.273235796386,0.437219409166,0.584420629414,0.680237086849,
    0.78562516565,0.892648993708,1.),.UNSPECIFIED.);
#2999 = CARTESIAN_POINT('',(-32.7,2.22044604925E-16,6.));
#3000 = CARTESIAN_POINT('',(-32.7,0.148226521711,6.));
#3001 = CARTESIAN_POINT('',(-32.71931512356,0.29380327982,5.995814837322
    ));
#3002 = CARTESIAN_POINT('',(-32.75673762173,0.433838416577,
    5.987707518727));
#3003 = CARTESIAN_POINT('',(-32.8105842252,0.565737941493,5.976371137842
    ));
#3004 = CARTESIAN_POINT('',(-32.87870471849,0.687271275216,
    5.962836304404));
#3005 = CARTESIAN_POINT('',(-32.95848450753,0.796670214537,
    5.948278801516));
#3006 = CARTESIAN_POINT('',(-33.04685111963,0.892762902869,
    5.933796865159));
#3007 = CARTESIAN_POINT('',(-33.23342821827,1.057252741936,
    5.906703084659));
#3008 = CARTESIAN_POINT('',(-33.33324920949,1.1271900022,5.893846655983)
  );
#3009 = CARTESIAN_POINT('',(-33.43818968269,1.185117278742,
    5.882313101109));
#3010 = CARTESIAN_POINT('',(-33.54696917087,1.231217663748,
    5.872607932881));
#3011 = CARTESIAN_POINT('',(-33.65849258606,1.265655873962,
    5.865096191165));
#3012 = CARTESIAN_POINT('',(-33.77177963888,1.288557770447,
    5.860013317959));
#3013 = CARTESIAN_POINT('',(-33.88591393676,1.3,5.857473858243));
#3014 = CARTESIAN_POINT('',(-34.13716622692,1.3,5.857473858243));
#3015 = CARTESIAN_POINT('',(-34.27432030195,1.283460046706,
    5.861144618232));
#3016 = CARTESIAN_POINT('',(-34.4099949349,1.250383295133,5.86848600366)
  );
#3017 = CARTESIAN_POINT('',(-34.54263417483,1.200592300328,
    5.879261551609));
#3018 = CARTESIAN_POINT('',(-34.67047740599,1.133804248068,
    5.892987155809));
#3019 = CARTESIAN_POINT('',(-34.79144037824,1.049691942844,
    5.908887586373));
#3020 = CARTESIAN_POINT('',(-34.90294719929,0.947983187223,
    5.925862376086));
#3021 = CARTESIAN_POINT('',(-35.09028403906,0.721531848358,
    5.957439841533));
#3022 = CARTESIAN_POINT('',(-35.17095417457,0.597362828631,
    5.972504814266));
#3023 = CARTESIAN_POINT('',(-35.2375992663,0.458070887545,5.986198726244
    ));
#3024 = CARTESIAN_POINT('',(-35.28575851078,0.307012026311,
    5.996793564805));
#3025 = CARTESIAN_POINT('',(-35.31254291488,0.148526674446,
    6.002821359316));
#3026 = CARTESIAN_POINT('',(-35.3166036171,-1.256819544539E-02,
    6.003634236399));
#3027 = CARTESIAN_POINT('',(-35.29817066299,-0.171352989199,
    5.999482670676));
#3028 = CARTESIAN_POINT('',(-35.23376399474,-0.422200400201,
    5.985946643325));
#3029 = CARTESIAN_POINT('',(-35.19949403784,-0.518813404075,
    5.978861957365));
#3030 = CARTESIAN_POINT('',(-35.15659081479,-0.612209700349,
    5.970224408774));
#3031 = CARTESIAN_POINT('',(-35.10540736369,-0.701500538087,
    5.960318311902));
#3032 = CARTESIAN_POINT('',(-35.046405413,-0.785841292479,5.949503095124
    ));
#3033 = CARTESIAN_POINT('',(-34.98015190234,-0.864443447112,
    5.938190932753));
#3034 = CARTESIAN_POINT('',(-34.90731379562,-0.93659184603,
    5.926816339944));
#3035 = CARTESIAN_POINT('',(-34.74213054656,-1.073243313919,
    5.90367841306));
#3036 = CARTESIAN_POINT('',(-34.64850821308,-1.136307462874,
    5.891982546769));
#3037 = CARTESIAN_POINT('',(-34.54880124301,-1.190000995001,
    5.881269547811));
#3038 = CARTESIAN_POINT('',(-34.44412159434,-1.23364497889,
    5.872077243435));
#3039 = CARTESIAN_POINT('',(-34.3356546467,-1.266729222558,
    5.864858362452));
#3040 = CARTESIAN_POINT('',(-34.22463650536,-1.288907642723,
    5.859935400226));
#3041 = CARTESIAN_POINT('',(-34.11233008881,-1.3,5.857473858243));
#3042 = CARTESIAN_POINT('',(-33.88592641361,-1.3,5.857473858243));
#3043 = CARTESIAN_POINT('',(-33.77179424228,-1.288560279658,
    5.860012758784));
#3044 = CARTESIAN_POINT('',(-33.65850324921,-1.265659745867,
    5.865095336536));
#3045 = CARTESIAN_POINT('',(-33.54697370453,-1.231220736079,
    5.872607305189));
#3046 = CARTESIAN_POINT('',(-33.43818879588,-1.18511792748,
    5.882313036085));
#3047 = CARTESIAN_POINT('',(-33.33324539677,-1.127187978301,
    5.893847089232));
#3048 = CARTESIAN_POINT('',(-33.23342474398,-1.057249678937,
    5.906703589178));
#3049 = CARTESIAN_POINT('',(-33.04687970168,-0.892788101332,
    5.93379271462));
#3050 = CARTESIAN_POINT('',(-32.95850294058,-0.79669760469,
    5.948275110226));
#3051 = CARTESIAN_POINT('',(-32.87870083085,-0.687279376866,
    5.962836361247));
#3052 = CARTESIAN_POINT('',(-32.81056319087,-0.565714083815,
    5.97637518622));
#3053 = CARTESIAN_POINT('',(-32.7567130901,-0.433783189699,
    5.987712841965));
#3054 = CARTESIAN_POINT('',(-32.71930060406,-0.293732564053,
    5.995817981958));
#3055 = CARTESIAN_POINT('',(-32.7,-0.148170805507,6.));
#3056 = CARTESIAN_POINT('',(-32.7,2.22044604925E-16,6.));
#3057 = PCURVE('',#2468,#3058);
#3058 = DEFINITIONAL_REPRESENTATION('',(#3059),#3118);
#3059 = B_SPLINE_CURVE_WITH_KNOTS('',8,(#3060,#3061,#3062,#3063,#3064,
    #3065,#3066,#3067,#3068,#3069,#3070,#3071,#3072,#3073,#3074,#3075,
    #3076,#3077,#3078,#3079,#3080,#3081,#3082,#3083,#3084,#3085,#3086,
    #3087,#3088,#3089,#3090,#3091,#3092,#3093,#3094,#3095,#3096,#3097,
    #3098,#3099,#3100,#3101,#3102,#3103,#3104,#3105,#3106,#3107,#3108,
    #3109,#3110,#3111,#3112,#3113,#3114,#3115,#3116,#3117),
  .UNSPECIFIED.,.T.,.F.,(9,7,7,7,7,7,7,7,9),(0.,0.136844752925,
    0.273235796386,0.437219409166,0.584420629414,0.680237086849,
    0.78562516565,0.892648993708,1.),.UNSPECIFIED.);
#3060 = CARTESIAN_POINT('',(-1.570796326795,6.7));
#3061 = CARTESIAN_POINT('',(-1.54609190651,6.7));
#3062 = CARTESIAN_POINT('',(-1.521829083047,6.719315123567));
#3063 = CARTESIAN_POINT('',(-1.4984670464,6.756737621736));
#3064 = CARTESIAN_POINT('',(-1.476418086837,6.810584225201));
#3065 = CARTESIAN_POINT('',(-1.456047434235,6.878704718496));
#3066 = CARTESIAN_POINT('',(-1.437658158277,6.958484507537));
#3067 = CARTESIAN_POINT('',(-1.421463391103,7.046851119639));
#3068 = CARTESIAN_POINT('',(-1.39367901295,7.233428218275));
#3069 = CARTESIAN_POINT('',(-1.381829530809,7.333249209491));
#3070 = CARTESIAN_POINT('',(-1.371986866302,7.438189682692));
#3071 = CARTESIAN_POINT('',(-1.364135515973,7.546969170876));
#3072 = CARTESIAN_POINT('',(-1.358260900188,7.658492586069));
#3073 = CARTESIAN_POINT('',(-1.354351039434,7.771779638885));
#3074 = CARTESIAN_POINT('',(-1.352397598839,7.885913936763));
#3075 = CARTESIAN_POINT('',(-1.352397598839,8.137166226922));
#3076 = CARTESIAN_POINT('',(-1.355221336678,8.274320301956));
#3077 = CARTESIAN_POINT('',(-1.360868257218,8.409994934901));
#3078 = CARTESIAN_POINT('',(-1.369358781236,8.542634174838));
#3079 = CARTESIAN_POINT('',(-1.380721350075,8.670477405995));
#3080 = CARTESIAN_POINT('',(-1.39498410124,8.791440378248));
#3081 = CARTESIAN_POINT('',(-1.412163835696,8.902947199297));
#3082 = CARTESIAN_POINT('',(-1.450270901677,9.090284039068));
#3083 = CARTESIAN_POINT('',(-1.471114177014,9.170954174577));
#3084 = CARTESIAN_POINT('',(-1.494431230187,9.237599266303));
#3085 = CARTESIAN_POINT('',(-1.519648620632,9.28575851078));
#3086 = CARTESIAN_POINT('',(-1.546053677875,9.312542914883));
#3087 = CARTESIAN_POINT('',(-1.572881469185,9.316603617109));
#3088 = CARTESIAN_POINT('',(-1.599344423439,9.298170662998));
#3089 = CARTESIAN_POINT('',(-1.641213149384,9.233763994741));
#3090 = CARTESIAN_POINT('',(-1.657355553086,9.199494037843));
#3091 = CARTESIAN_POINT('',(-1.672983398845,9.156590814798));
#3092 = CARTESIAN_POINT('',(-1.687951852528,9.105407363695));
#3093 = CARTESIAN_POINT('',(-1.702120195774,9.046405413008));
#3094 = CARTESIAN_POINT('',(-1.715353481999,8.980151902344));
#3095 = CARTESIAN_POINT('',(-1.727525954064,8.90731379562));
#3096 = CARTESIAN_POINT('',(-1.750625369242,8.742130546564));
#3097 = CARTESIAN_POINT('',(-1.761313945928,8.648508213086));
#3098 = CARTESIAN_POINT('',(-1.770438159341,8.548801243016));
#3099 = CARTESIAN_POINT('',(-1.777871231347,8.444121594348));
#3100 = CARTESIAN_POINT('',(-1.78351493685,8.335654646707));
#3101 = CARTESIAN_POINT('',(-1.787301386429,8.22463650536));
#3102 = CARTESIAN_POINT('',(-1.78919505475,8.112330088813));
#3103 = CARTESIAN_POINT('',(-1.78919505475,7.885926413617));
#3104 = CARTESIAN_POINT('',(-1.787242042582,7.771794242288));
#3105 = CARTESIAN_POINT('',(-1.783332414327,7.658503249215));
#3106 = CARTESIAN_POINT('',(-1.77745766009,7.546973704538));
#3107 = CARTESIAN_POINT('',(-1.769605895293,7.438188795888));
#3108 = CARTESIAN_POINT('',(-1.75976277821,7.333245396778));
#3109 = CARTESIAN_POINT('',(-1.747913123262,7.233424743985));
#3110 = CARTESIAN_POINT('',(-1.72013351882,7.046879701685));
#3111 = CARTESIAN_POINT('',(-1.70393910022,6.958502940584));
#3112 = CARTESIAN_POINT('',(-1.685546552092,6.878700830851));
#3113 = CARTESIAN_POINT('',(-1.665170544831,6.810563190879));
#3114 = CARTESIAN_POINT('',(-1.643116375219,6.756713090102));
#3115 = CARTESIAN_POINT('',(-1.619751784916,6.719300604068));
#3116 = CARTESIAN_POINT('',(-1.595491461046,6.7));
#3117 = CARTESIAN_POINT('',(-1.570796326795,6.7));
#3118 = ( GEOMETRIC_REPRESENTATION_CONTEXT(2) 
PARAMETRIC_REPRESENTATION_CONTEXT() REPRESENTATION_CONTEXT('2D SPACE',''
  ) );
#3119 = PCURVE('',#3120,#3125);
#3120 = CYLINDRICAL_SURFACE('',#3121,1.3);
#3121 = AXIS2_PLACEMENT_3D('',#3122,#3123,#3124);
#3122 = CARTESIAN_POINT('',(-34.,0.,0.));
#3123 = DIRECTION('',(-0.,-6.123233995737E-17,-1.));
#3124 = DIRECTION('',(1.,0.,-0.));
#3125 = DEFINITIONAL_REPRESENTATION('',(#3126),#3185);
#3126 = B_SPLINE_CURVE_WITH_KNOTS('',8,(#3127,#3128,#3129,#3130,#3131,
    #3132,#3133,#3134,#3135,#3136,#3137,#3138,#3139,#3140,#3141,#3142,
    #3143,#3144,#3145,#3146,#3147,#3148,#3149,#3150,#3151,#3152,#3153,
    #3154,#3155,#3156,#3157,#3158,#3159,#3160,#3161,#3162,#3163,#3164,
    #3165,#3166,#3167,#3168,#3169,#3170,#3171,#3172,#3173,#3174,#3175,
    #3176,#3177,#3178,#3179,#3180,#3181,#3182,#3183,#3184),
  .UNSPECIFIED.,.F.,.F.,(9,7,7,7,7,7,7,7,9),(0.,0.136844752925,
    0.273235796386,0.437219409166,0.584420629414,0.680237086849,
    0.78562516565,0.892648993708,1.),.UNSPECIFIED.);
#3127 = CARTESIAN_POINT('',(0.,-6.));
#3128 = CARTESIAN_POINT('',(-0.114020401316,-6.));
#3129 = CARTESIAN_POINT('',(-0.226002468547,-5.995814837322));
#3130 = CARTESIAN_POINT('',(-0.335980756452,-5.987707518727));
#3131 = CARTESIAN_POINT('',(-0.44387919207,-5.976371137842));
#3132 = CARTESIAN_POINT('',(-0.549508383003,-5.962836304404));
#3133 = CARTESIAN_POINT('',(-0.652533948839,-5.948278801516));
#3134 = CARTESIAN_POINT('',(-0.752404766026,-5.933796865159));
#3135 = CARTESIAN_POINT('',(-0.943737557815,-5.906703084659));
#3136 = CARTESIAN_POINT('',(-1.03691238325,-5.893846655983));
#3137 = CARTESIAN_POINT('',(-1.128258763586,-5.882313101109));
#3138 = CARTESIAN_POINT('',(-1.218187943602,-5.872607932881));
#3139 = CARTESIAN_POINT('',(-1.307068198717,-5.865096191165));
#3140 = CARTESIAN_POINT('',(-1.39524227707,-5.860013317959));
#3141 = CARTESIAN_POINT('',(-1.483037816612,-5.857473858243));
#3142 = CARTESIAN_POINT('',(-1.676308809043,-5.857473858243));
#3143 = CARTESIAN_POINT('',(-1.781811615567,-5.861144618232));
#3144 = CARTESIAN_POINT('',(-1.887967816783,-5.86848600366));
#3145 = CARTESIAN_POINT('',(-1.995365359035,-5.879261551609));
#3146 = CARTESIAN_POINT('',(-2.104611116326,-5.892987155809));
#3147 = CARTESIAN_POINT('',(-2.216350817276,-5.908887586373));
#3148 = CARTESIAN_POINT('',(-2.33130889028,-5.925862376086));
#3149 = CARTESIAN_POINT('',(-2.557383314337,-5.957439841533));
#3150 = CARTESIAN_POINT('',(-2.670533419898,-5.972504814266));
#3151 = CARTESIAN_POINT('',(-2.787632613702,-5.986198726244));
#3152 = CARTESIAN_POINT('',(-2.907282888741,-5.996793564805));
#3153 = CARTESIAN_POINT('',(-3.028492026842,-6.002821359316));
#3154 = CARTESIAN_POINT('',(-3.150417850823,-6.003634236399));
#3155 = CARTESIAN_POINT('',(-3.272249069143,-5.999482670676));
#3156 = CARTESIAN_POINT('',(-3.47146742712,-5.985946643325));
#3157 = CARTESIAN_POINT('',(-3.550006072333,-5.978861957365));
#3158 = CARTESIAN_POINT('',(-3.628538320761,-5.970224408774));
#3159 = CARTESIAN_POINT('',(-3.707071565052,-5.960318311902));
#3160 = CARTESIAN_POINT('',(-3.785611835234,-5.949503095124));
#3161 = CARTESIAN_POINT('',(-3.864159473085,-5.938190932753));
#3162 = CARTESIAN_POINT('',(-3.94270691689,-5.926816339944));
#3163 = CARTESIAN_POINT('',(-4.107615228236,-5.90367841306));
#3164 = CARTESIAN_POINT('',(-4.194027226103,-5.891982546769));
#3165 = CARTESIAN_POINT('',(-4.280433759903,-5.881269547811));
#3166 = CARTESIAN_POINT('',(-4.366826172132,-5.872077243435));
#3167 = CARTESIAN_POINT('',(-4.453209571533,-5.864858362452));
#3168 = CARTESIAN_POINT('',(-4.539592006687,-5.859935400226));
#3169 = CARTESIAN_POINT('',(-4.62598121976,-5.857473858243));
#3170 = CARTESIAN_POINT('',(-4.800137892987,-5.857473858243));
#3171 = CARTESIAN_POINT('',(-4.887931788399,-5.860012758784));
#3172 = CARTESIAN_POINT('',(-4.976108577924,-5.865095336536));
#3173 = CARTESIAN_POINT('',(-5.064993311179,-5.872607305189));
#3174 = CARTESIAN_POINT('',(-5.154926866208,-5.882313036085));
#3175 = CARTESIAN_POINT('',(-5.246276156578,-5.893847089232));
#3176 = CARTESIAN_POINT('',(-5.339451312211,-5.906703589178));
#3177 = CARTESIAN_POINT('',(-5.530751230575,-5.93379271462));
#3178 = CARTESIAN_POINT('',(-5.630626795946,-5.948275110226));
#3179 = CARTESIAN_POINT('',(-5.73367379124,-5.962836361247));
#3180 = CARTESIAN_POINT('',(-5.839329223564,-5.97637518622));
#3181 = CARTESIAN_POINT('',(-5.947249554366,-5.987712841965));
#3182 = CARTESIAN_POINT('',(-6.057237242161,-5.995817981958));
#3183 = CARTESIAN_POINT('',(-6.169207764482,-6.));
#3184 = CARTESIAN_POINT('',(-6.28318530718,-6.));
#3185 = ( GEOMETRIC_REPRESENTATION_CONTEXT(2) 
PARAMETRIC_REPRESENTATION_CONTEXT() REPRESENTATION_CONTEXT('2D SPACE',''
  ) );
#3186 = FACE_BOUND('',#3187,.F.);
#3187 = EDGE_LOOP('',(#3188));
#3188 = ORIENTED_EDGE('',*,*,#3189,.T.);
#3189 = EDGE_CURVE('',#3190,#3190,#3192,.T.);
#3190 = VERTEX_POINT('',#3191);
#3191 = CARTESIAN_POINT('',(-32.7,-1.102182119233E-15,-6.));
#3192 = SURFACE_CURVE('',#3193,(#3252,#3314),.PCURVE_S1.);
#3193 = B_SPLINE_CURVE_WITH_KNOTS('',8,(#3194,#3195,#3196,#3197,#3198,
    #3199,#3200,#3201,#3202,#3203,#3204,#3205,#3206,#3207,#3208,#3209,
    #3210,#3211,#3212,#3213,#3214,#3215,#3216,#3217,#3218,#3219,#3220,
    #3221,#3222,#3223,#3224,#3225,#3226,#3227,#3228,#3229,#3230,#3231,
    #3232,#3233,#3234,#3235,#3236,#3237,#3238,#3239,#3240,#3241,#3242,
    #3243,#3244,#3245,#3246,#3247,#3248,#3249,#3250,#3251),
  .UNSPECIFIED.,.T.,.F.,(9,7,7,7,7,7,7,7,9),(0.,0.136844754043,
    0.273235798618,0.437219412738,0.584420634188,0.680237092406,
    0.785625172068,0.892648998344,1.),.UNSPECIFIED.);
#3194 = CARTESIAN_POINT('',(-32.7,-8.881784197001E-16,-6.));
#3195 = CARTESIAN_POINT('',(-32.7,-0.148226521711,-6.));
#3196 = CARTESIAN_POINT('',(-32.71931512356,-0.29380327982,
    -5.995814837322));
#3197 = CARTESIAN_POINT('',(-32.75673762173,-0.433838416577,
    -5.987707518727));
#3198 = CARTESIAN_POINT('',(-32.8105842252,-0.565737941493,
    -5.976371137842));
#3199 = CARTESIAN_POINT('',(-32.87870471849,-0.687271275216,
    -5.962836304404));
#3200 = CARTESIAN_POINT('',(-32.95848450753,-0.796670214537,
    -5.948278801516));
#3201 = CARTESIAN_POINT('',(-33.04685111963,-0.892762902869,
    -5.933796865159));
#3202 = CARTESIAN_POINT('',(-33.23342821827,-1.057252741936,
    -5.906703084659));
#3203 = CARTESIAN_POINT('',(-33.33324920949,-1.1271900022,
    -5.893846655983));
#3204 = CARTESIAN_POINT('',(-33.43818968269,-1.185117278743,
    -5.882313101109));
#3205 = CARTESIAN_POINT('',(-33.54696917087,-1.231217663748,
    -5.872607932881));
#3206 = CARTESIAN_POINT('',(-33.65849258606,-1.265655873962,
    -5.865096191165));
#3207 = CARTESIAN_POINT('',(-33.77177963888,-1.288557770447,
    -5.860013317959));
#3208 = CARTESIAN_POINT('',(-33.88591393676,-1.3,-5.857473858243));
#3209 = CARTESIAN_POINT('',(-34.13716622692,-1.3,-5.857473858243));
#3210 = CARTESIAN_POINT('',(-34.27432030195,-1.283460046706,
    -5.861144618232));
#3211 = CARTESIAN_POINT('',(-34.4099949349,-1.250383295133,
    -5.86848600366));
#3212 = CARTESIAN_POINT('',(-34.54263417483,-1.200592300328,
    -5.879261551609));
#3213 = CARTESIAN_POINT('',(-34.67047740599,-1.133804248068,
    -5.892987155809));
#3214 = CARTESIAN_POINT('',(-34.79144037824,-1.049691942844,
    -5.908887586372));
#3215 = CARTESIAN_POINT('',(-34.90294719929,-0.947983187223,
    -5.925862376086));
#3216 = CARTESIAN_POINT('',(-35.09028403906,-0.721531848358,
    -5.957439841533));
#3217 = CARTESIAN_POINT('',(-35.17095417457,-0.597362828631,
    -5.972504814266));
#3218 = CARTESIAN_POINT('',(-35.2375992663,-0.458070887545,
    -5.986198726244));
#3219 = CARTESIAN_POINT('',(-35.28575851078,-0.307012026311,
    -5.996793564805));
#3220 = CARTESIAN_POINT('',(-35.31254291488,-0.148526674445,
    -6.002821359316));
#3221 = CARTESIAN_POINT('',(-35.3166036171,1.256819544534E-02,
    -6.003634236399));
#3222 = CARTESIAN_POINT('',(-35.29817066299,0.171352989199,
    -5.999482670676));
#3223 = CARTESIAN_POINT('',(-35.23376399474,0.422200400201,
    -5.985946643325));
#3224 = CARTESIAN_POINT('',(-35.19949403784,0.518813404075,
    -5.978861957365));
#3225 = CARTESIAN_POINT('',(-35.15659081479,0.612209700349,
    -5.970224408774));
#3226 = CARTESIAN_POINT('',(-35.10540736369,0.701500538087,
    -5.960318311902));
#3227 = CARTESIAN_POINT('',(-35.046405413,0.785841292479,-5.949503095124
    ));
#3228 = CARTESIAN_POINT('',(-34.98015190234,0.864443447112,
    -5.938190932753));
#3229 = CARTESIAN_POINT('',(-34.90731379562,0.93659184603,
    -5.926816339944));
#3230 = CARTESIAN_POINT('',(-34.74213054656,1.073243313919,
    -5.90367841306));
#3231 = CARTESIAN_POINT('',(-34.64850821308,1.136307462874,
    -5.891982546769));
#3232 = CARTESIAN_POINT('',(-34.54880124301,1.190000995001,
    -5.881269547811));
#3233 = CARTESIAN_POINT('',(-34.44412159434,1.23364497889,
    -5.872077243435));
#3234 = CARTESIAN_POINT('',(-34.3356546467,1.266729222558,
    -5.864858362452));
#3235 = CARTESIAN_POINT('',(-34.22463650536,1.288907642723,
    -5.859935400226));
#3236 = CARTESIAN_POINT('',(-34.11233008881,1.3,-5.857473858243));
#3237 = CARTESIAN_POINT('',(-33.88592641644,1.3,-5.857473858243));
#3238 = CARTESIAN_POINT('',(-33.77179423711,1.288560280253,
    -5.860012758702));
#3239 = CARTESIAN_POINT('',(-33.65850324989,1.26565974378,
    -5.865095336869));
#3240 = CARTESIAN_POINT('',(-33.54697370882,1.231220737787,
    -5.872607304892));
#3241 = CARTESIAN_POINT('',(-33.43818879522,1.185117929553,
    -5.882313035747));
#3242 = CARTESIAN_POINT('',(-33.33324539278,1.12718797403,
    -5.893847089946));
#3243 = CARTESIAN_POINT('',(-33.23342474645,1.057249681116,
    -5.906703588819));
#3244 = CARTESIAN_POINT('',(-33.04687970168,0.892788101332,
    -5.93379271462));
#3245 = CARTESIAN_POINT('',(-32.95850294058,0.79669760469,
    -5.948275110226));
#3246 = CARTESIAN_POINT('',(-32.87870083085,0.687279376866,
    -5.962836361247));
#3247 = CARTESIAN_POINT('',(-32.81056319087,0.565714083815,
    -5.97637518622));
#3248 = CARTESIAN_POINT('',(-32.7567130901,0.433783189699,
    -5.987712841965));
#3249 = CARTESIAN_POINT('',(-32.71930060406,0.293732564053,
    -5.995817981958));
#3250 = CARTESIAN_POINT('',(-32.7,0.148170805507,-6.));
#3251 = CARTESIAN_POINT('',(-32.7,-8.881784197001E-16,-6.));
#3252 = PCURVE('',#2468,#3253);
#3253 = DEFINITIONAL_REPRESENTATION('',(#3254),#3313);
#3254 = B_SPLINE_CURVE_WITH_KNOTS('',8,(#3255,#3256,#3257,#3258,#3259,
    #3260,#3261,#3262,#3263,#3264,#3265,#3266,#3267,#3268,#3269,#3270,
    #3271,#3272,#3273,#3274,#3275,#3276,#3277,#3278,#3279,#3280,#3281,
    #3282,#3283,#3284,#3285,#3286,#3287,#3288,#3289,#3290,#3291,#3292,
    #3293,#3294,#3295,#3296,#3297,#3298,#3299,#3300,#3301,#3302,#3303,
    #3304,#3305,#3306,#3307,#3308,#3309,#3310,#3311,#3312),
  .UNSPECIFIED.,.T.,.F.,(9,7,7,7,7,7,7,7,9),(0.,0.136844754043,
    0.273235798618,0.437219412738,0.584420634188,0.680237092406,
    0.785625172068,0.892648998344,1.),.UNSPECIFIED.);
#3255 = CARTESIAN_POINT('',(-4.712388980385,6.7));
#3256 = CARTESIAN_POINT('',(-4.6876845601,6.7));
#3257 = CARTESIAN_POINT('',(-4.663421736637,6.719315123567));
#3258 = CARTESIAN_POINT('',(-4.64005969999,6.756737621736));
#3259 = CARTESIAN_POINT('',(-4.618010740427,6.810584225201));
#3260 = CARTESIAN_POINT('',(-4.597640087825,6.878704718496));
#3261 = CARTESIAN_POINT('',(-4.579250811867,6.958484507537));
#3262 = CARTESIAN_POINT('',(-4.563056044693,7.046851119639));
#3263 = CARTESIAN_POINT('',(-4.535271666539,7.233428218275));
#3264 = CARTESIAN_POINT('',(-4.523422184399,7.333249209492));
#3265 = CARTESIAN_POINT('',(-4.513579519891,7.438189682692));
#3266 = CARTESIAN_POINT('',(-4.505728169562,7.546969170876));
#3267 = CARTESIAN_POINT('',(-4.499853553778,7.658492586069));
#3268 = CARTESIAN_POINT('',(-4.495943693024,7.771779638885));
#3269 = CARTESIAN_POINT('',(-4.493990252429,7.885913936763));
#3270 = CARTESIAN_POINT('',(-4.493990252429,8.137166226922));
#3271 = CARTESIAN_POINT('',(-4.496813990268,8.274320301956));
#3272 = CARTESIAN_POINT('',(-4.502460910808,8.409994934901));
#3273 = CARTESIAN_POINT('',(-4.510951434825,8.542634174838));
#3274 = CARTESIAN_POINT('',(-4.522314003664,8.670477405996));
#3275 = CARTESIAN_POINT('',(-4.53657675483,8.791440378247));
#3276 = CARTESIAN_POINT('',(-4.553756489285,8.902947199297));
#3277 = CARTESIAN_POINT('',(-4.591863555267,9.090284039068));
#3278 = CARTESIAN_POINT('',(-4.612706830604,9.170954174577));
#3279 = CARTESIAN_POINT('',(-4.636023883776,9.237599266302));
#3280 = CARTESIAN_POINT('',(-4.661241274222,9.285758510781));
#3281 = CARTESIAN_POINT('',(-4.687646331464,9.312542914883));
#3282 = CARTESIAN_POINT('',(-4.714474122775,9.316603617109));
#3283 = CARTESIAN_POINT('',(-4.740937077029,9.298170662998));
#3284 = CARTESIAN_POINT('',(-4.782805802974,9.233763994741));
#3285 = CARTESIAN_POINT('',(-4.798948206675,9.199494037843));
#3286 = CARTESIAN_POINT('',(-4.814576052435,9.156590814798));
#3287 = CARTESIAN_POINT('',(-4.829544506118,9.105407363695));
#3288 = CARTESIAN_POINT('',(-4.843712849364,9.046405413008));
#3289 = CARTESIAN_POINT('',(-4.856946135589,8.980151902344));
#3290 = CARTESIAN_POINT('',(-4.869118607654,8.90731379562));
#3291 = CARTESIAN_POINT('',(-4.892218022832,8.742130546563));
#3292 = CARTESIAN_POINT('',(-4.902906599518,8.648508213086));
#3293 = CARTESIAN_POINT('',(-4.912030812931,8.548801243016));
#3294 = CARTESIAN_POINT('',(-4.919463884937,8.444121594348));
#3295 = CARTESIAN_POINT('',(-4.92510759044,8.335654646707));
#3296 = CARTESIAN_POINT('',(-4.928894040019,8.22463650536));
#3297 = CARTESIAN_POINT('',(-4.93078770834,8.112330088813));
#3298 = CARTESIAN_POINT('',(-4.93078770834,7.885926416448));
#3299 = CARTESIAN_POINT('',(-4.928834696271,7.771794237112));
#3300 = CARTESIAN_POINT('',(-4.924925067565,7.658503249897));
#3301 = CARTESIAN_POINT('',(-4.919050313969,7.546973708829));
#3302 = CARTESIAN_POINT('',(-4.911198549233,7.438188795225));
#3303 = CARTESIAN_POINT('',(-4.901355431078,7.33324539278));
#3304 = CARTESIAN_POINT('',(-4.889505777219,7.233424746457));
#3305 = CARTESIAN_POINT('',(-4.86172617241,7.046879701686));
#3306 = CARTESIAN_POINT('',(-4.84553175381,6.958502940584));
#3307 = CARTESIAN_POINT('',(-4.827139205682,6.878700830851));
#3308 = CARTESIAN_POINT('',(-4.80676319842,6.810563190879));
#3309 = CARTESIAN_POINT('',(-4.784709028809,6.756713090102));
#3310 = CARTESIAN_POINT('',(-4.761344438505,6.719300604068));
#3311 = CARTESIAN_POINT('',(-4.737084114636,6.7));
#3312 = CARTESIAN_POINT('',(-4.712388980385,6.7));
#3313 = ( GEOMETRIC_REPRESENTATION_CONTEXT(2) 
PARAMETRIC_REPRESENTATION_CONTEXT() REPRESENTATION_CONTEXT('2D SPACE',''
  ) );
#3314 = PCURVE('',#3315,#3320);
#3315 = CYLINDRICAL_SURFACE('',#3316,1.3);
#3316 = AXIS2_PLACEMENT_3D('',#3317,#3318,#3319);
#3317 = CARTESIAN_POINT('',(-34.,0.,0.));
#3318 = DIRECTION('',(-0.,1.836970198721E-16,1.));
#3319 = DIRECTION('',(1.,0.,0.));
#3320 = DEFINITIONAL_REPRESENTATION('',(#3321),#3380);
#3321 = B_SPLINE_CURVE_WITH_KNOTS('',8,(#3322,#3323,#3324,#3325,#3326,
    #3327,#3328,#3329,#3330,#3331,#3332,#3333,#3334,#3335,#3336,#3337,
    #3338,#3339,#3340,#3341,#3342,#3343,#3344,#3345,#3346,#3347,#3348,
    #3349,#3350,#3351,#3352,#3353,#3354,#3355,#3356,#3357,#3358,#3359,
    #3360,#3361,#3362,#3363,#3364,#3365,#3366,#3367,#3368,#3369,#3370,
    #3371,#3372,#3373,#3374,#3375,#3376,#3377,#3378,#3379),
  .UNSPECIFIED.,.F.,.F.,(9,7,7,7,7,7,7,7,9),(0.,0.136844754043,
    0.273235798618,0.437219412738,0.584420634188,0.680237092406,
    0.785625172068,0.892648998344,1.),.UNSPECIFIED.);
#3322 = CARTESIAN_POINT('',(0.,-6.));
#3323 = CARTESIAN_POINT('',(-0.114020401316,-6.));
#3324 = CARTESIAN_POINT('',(-0.226002468547,-5.995814837322));
#3325 = CARTESIAN_POINT('',(-0.335980756452,-5.987707518727));
#3326 = CARTESIAN_POINT('',(-0.44387919207,-5.976371137842));
#3327 = CARTESIAN_POINT('',(-0.549508383003,-5.962836304404));
#3328 = CARTESIAN_POINT('',(-0.652533948839,-5.948278801516));
#3329 = CARTESIAN_POINT('',(-0.752404766026,-5.933796865159));
#3330 = CARTESIAN_POINT('',(-0.943737557815,-5.906703084659));
#3331 = CARTESIAN_POINT('',(-1.036912383251,-5.893846655983));
#3332 = CARTESIAN_POINT('',(-1.128258763586,-5.882313101109));
#3333 = CARTESIAN_POINT('',(-1.218187943602,-5.872607932881));
#3334 = CARTESIAN_POINT('',(-1.307068198717,-5.865096191165));
#3335 = CARTESIAN_POINT('',(-1.39524227707,-5.860013317959));
#3336 = CARTESIAN_POINT('',(-1.483037816612,-5.857473858243));
#3337 = CARTESIAN_POINT('',(-1.676308809043,-5.857473858243));
#3338 = CARTESIAN_POINT('',(-1.781811615568,-5.861144618232));
#3339 = CARTESIAN_POINT('',(-1.887967816783,-5.86848600366));
#3340 = CARTESIAN_POINT('',(-1.995365359035,-5.879261551609));
#3341 = CARTESIAN_POINT('',(-2.104611116326,-5.892987155809));
#3342 = CARTESIAN_POINT('',(-2.216350817276,-5.908887586372));
#3343 = CARTESIAN_POINT('',(-2.33130889028,-5.925862376086));
#3344 = CARTESIAN_POINT('',(-2.557383314337,-5.957439841533));
#3345 = CARTESIAN_POINT('',(-2.670533419898,-5.972504814266));
#3346 = CARTESIAN_POINT('',(-2.787632613701,-5.986198726244));
#3347 = CARTESIAN_POINT('',(-2.907282888742,-5.996793564805));
#3348 = CARTESIAN_POINT('',(-3.028492026842,-6.002821359316));
#3349 = CARTESIAN_POINT('',(-3.150417850823,-6.003634236399));
#3350 = CARTESIAN_POINT('',(-3.272249069143,-5.999482670676));
#3351 = CARTESIAN_POINT('',(-3.47146742712,-5.985946643325));
#3352 = CARTESIAN_POINT('',(-3.550006072333,-5.978861957365));
#3353 = CARTESIAN_POINT('',(-3.628538320761,-5.970224408774));
#3354 = CARTESIAN_POINT('',(-3.707071565052,-5.960318311902));
#3355 = CARTESIAN_POINT('',(-3.785611835234,-5.949503095124));
#3356 = CARTESIAN_POINT('',(-3.864159473085,-5.938190932753));
#3357 = CARTESIAN_POINT('',(-3.94270691689,-5.926816339944));
#3358 = CARTESIAN_POINT('',(-4.107615228236,-5.90367841306));
#3359 = CARTESIAN_POINT('',(-4.194027226103,-5.891982546769));
#3360 = CARTESIAN_POINT('',(-4.280433759903,-5.881269547811));
#3361 = CARTESIAN_POINT('',(-4.366826172132,-5.872077243435));
#3362 = CARTESIAN_POINT('',(-4.453209571533,-5.864858362452));
#3363 = CARTESIAN_POINT('',(-4.539592006687,-5.859935400226));
#3364 = CARTESIAN_POINT('',(-4.62598121976,-5.857473858243));
#3365 = CARTESIAN_POINT('',(-4.800137890809,-5.857473858243));
#3366 = CARTESIAN_POINT('',(-4.88793179215,-5.860012758702));
#3367 = CARTESIAN_POINT('',(-4.976108578036,-5.865095336869));
#3368 = CARTESIAN_POINT('',(-5.064993307437,-5.872607304892));
#3369 = CARTESIAN_POINT('',(-5.154926866107,-5.882313035747));
#3370 = CARTESIAN_POINT('',(-5.246276160856,-5.893847089946));
#3371 = CARTESIAN_POINT('',(-5.339451309677,-5.906703588819));
#3372 = CARTESIAN_POINT('',(-5.530751230575,-5.93379271462));
#3373 = CARTESIAN_POINT('',(-5.630626795946,-5.948275110226));
#3374 = CARTESIAN_POINT('',(-5.73367379124,-5.962836361247));
#3375 = CARTESIAN_POINT('',(-5.839329223564,-5.97637518622));
#3376 = CARTESIAN_POINT('',(-5.947249554366,-5.987712841965));
#3377 = CARTESIAN_POINT('',(-6.057237242161,-5.995817981958));
#3378 = CARTESIAN_POINT('',(-6.169207764482,-6.));
#3379 = CARTESIAN_POINT('',(-6.28318530718,-6.));
#3380 = ( GEOMETRIC_REPRESENTATION_CONTEXT(2) 
PARAMETRIC_REPRESENTATION_CONTEXT() REPRESENTATION_CONTEXT('2D SPACE',''
  ) );
#3381 = FACE_BOUND('',#3382,.F.);
#3382 = EDGE_LOOP('',(#3383));
#3383 = ORIENTED_EDGE('',*,*,#3384,.T.);
#3384 = EDGE_CURVE('',#3385,#3385,#3387,.T.);
#3385 = VERTEX_POINT('',#3386);
#3386 = CARTESIAN_POINT('',(-36.2,-6.,7.347880794884E-16));
#3387 = SURFACE_CURVE('',#3388,(#3439,#3493),.PCURVE_S1.);
#3388 = B_SPLINE_CURVE_WITH_KNOTS('',7,(#3389,#3390,#3391,#3392,#3393,
    #3394,#3395,#3396,#3397,#3398,#3399,#3400,#3401,#3402,#3403,#3404,
    #3405,#3406,#3407,#3408,#3409,#3410,#3411,#3412,#3413,#3414,#3415,
    #3416,#3417,#3418,#3419,#3420,#3421,#3422,#3423,#3424,#3425,#3426,
    #3427,#3428,#3429,#3430,#3431,#3432,#3433,#3434,#3435,#3436,#3437,
    #3438),.UNSPECIFIED.,.T.,.F.,(8,6,6,6,6,6,6,6,8),(0.,0.125322974443,
    0.250230436529,0.375124232243,0.500419888913,0.625740034556,
    0.749960784645,0.874789587769,1.),.UNSPECIFIED.);
#3389 = CARTESIAN_POINT('',(-36.2,-6.,6.661338147751E-16));
#3390 = CARTESIAN_POINT('',(-36.2,-6.,0.169401739098));
#3391 = CARTESIAN_POINT('',(-36.22575349809,-5.994419783096,
    0.33527046006));
#3392 = CARTESIAN_POINT('',(-36.27532809592,-5.983680160105,
    0.492979190486));
#3393 = CARTESIAN_POINT('',(-36.34584035448,-5.969062115578,0.6384966925
    ));
#3394 = CARTESIAN_POINT('',(-36.43347865852,-5.952459952447,
    0.76856224641));
#3395 = CARTESIAN_POINT('',(-36.53350205457,-5.935735348721,
    0.880994118919));
#3396 = CARTESIAN_POINT('',(-36.74673302154,-5.904771028571,
    1.068982503864));
#3397 = CARTESIAN_POINT('',(-36.86208794412,-5.890205197497,
    1.146592507365));
#3398 = CARTESIAN_POINT('',(-36.98385072714,-5.877577843788,
    1.208232138431));
#3399 = CARTESIAN_POINT('',(-37.11008760619,-5.867638022575,
    1.25420318559));
#3400 = CARTESIAN_POINT('',(-37.2391675502,-5.860859804638,
    1.284743693182));
#3401 = CARTESIAN_POINT('',(-37.36961592464,-5.857473858243,1.3));
#3402 = CARTESIAN_POINT('',(-37.63036980977,-5.857473858243,1.3));
#3403 = CARTESIAN_POINT('',(-37.76081774725,-5.860859058855,
    1.284747040338));
#3404 = CARTESIAN_POINT('',(-37.8899041518,-5.867637103678,
    1.254207365845));
#3405 = CARTESIAN_POINT('',(-38.01614843053,-5.877577506106,
    1.20823410973));
#3406 = CARTESIAN_POINT('',(-38.13791582851,-5.890205585151,
    1.146590962592));
#3407 = CARTESIAN_POINT('',(-38.25327094334,-5.904771604332,
    1.068979008344));
#3408 = CARTESIAN_POINT('',(-38.46648237236,-5.935733087281,
    0.881007848416));
#3409 = CARTESIAN_POINT('',(-38.56651236809,-5.952458004036,
    0.768577244775));
#3410 = CARTESIAN_POINT('',(-38.65416426568,-5.969062601307,0.6384991486
    ));
#3411 = CARTESIAN_POINT('',(-38.72468479913,-5.983682945875,
    0.492960945172));
#3412 = CARTESIAN_POINT('',(-38.77425656737,-5.9944219686,0.335235151976
    ));
#3413 = CARTESIAN_POINT('',(-38.8,-6.,0.169368636084));
#3414 = CARTESIAN_POINT('',(-38.8,-6.,-0.169401739098));
#3415 = CARTESIAN_POINT('',(-38.77424650191,-5.994419783096,
    -0.335270460061));
#3416 = CARTESIAN_POINT('',(-38.72467190407,-5.983680160105,
    -0.492979190486));
#3417 = CARTESIAN_POINT('',(-38.65415964552,-5.969062115578,
    -0.6384966925));
#3418 = CARTESIAN_POINT('',(-38.56652134147,-5.952459952447,
    -0.76856224641));
#3419 = CARTESIAN_POINT('',(-38.46649794542,-5.935735348721,
    -0.880994118919));
#3420 = CARTESIAN_POINT('',(-38.25384976274,-5.904855657551,
    -1.068468710399));
#3421 = CARTESIAN_POINT('',(-38.1385818817,-5.890278324626,
    -1.146264845474));
#3422 = CARTESIAN_POINT('',(-38.01644248165,-5.877581846658,
    -1.208242691133));
#3423 = CARTESIAN_POINT('',(-37.88964796754,-5.867594159346,
    -1.254396339549));
#3424 = CARTESIAN_POINT('',(-37.7601577139,-5.860826513717,
    -1.284895374631));
#3425 = CARTESIAN_POINT('',(-37.62973476918,-5.857473858243,-1.3));
#3426 = CARTESIAN_POINT('',(-37.36963018699,-5.857473858243,-1.3));
#3427 = CARTESIAN_POINT('',(-37.23918226072,-5.860859058964,
    -1.284747039544));
#3428 = CARTESIAN_POINT('',(-37.11009584231,-5.867637103079,
    -1.25420736966));
#3429 = CARTESIAN_POINT('',(-36.98385156676,-5.877577507298,
    -1.208234102499));
#3430 = CARTESIAN_POINT('',(-36.86208417776,-5.890205584062,
    -1.146590969117));
#3431 = CARTESIAN_POINT('',(-36.74672905382,-5.904771604742,
    -1.068979005853));
#3432 = CARTESIAN_POINT('',(-36.53353471977,-5.935730605247,
    -0.881022917163));
#3433 = CARTESIAN_POINT('',(-36.43349234752,-5.952456611885,
    -0.7685891672));
#3434 = CARTESIAN_POINT('',(-36.34582592084,-5.969064210864,
    -0.638493502665));
#3435 = CARTESIAN_POINT('',(-36.2753004609,-5.983686161577,
    -0.492934664964));
#3436 = CARTESIAN_POINT('',(-36.22573413875,-5.994423975945,
    -0.335197397592));
#3437 = CARTESIAN_POINT('',(-36.2,-6.,-0.169338063437));
#3438 = CARTESIAN_POINT('',(-36.2,-6.,6.661338147751E-16));
#3439 = PCURVE('',#2468,#3440);
#3440 = DEFINITIONAL_REPRESENTATION('',(#3441),#3492);
#3441 = B_SPLINE_CURVE_WITH_KNOTS('',7,(#3442,#3443,#3444,#3445,#3446,
    #3447,#3448,#3449,#3450,#3451,#3452,#3453,#3454,#3455,#3456,#3457,
    #3458,#3459,#3460,#3461,#3462,#3463,#3464,#3465,#3466,#3467,#3468,
    #3469,#3470,#3471,#3472,#3473,#3474,#3475,#3476,#3477,#3478,#3479,
    #3480,#3481,#3482,#3483,#3484,#3485,#3486,#3487,#3488,#3489,#3490,
    #3491),.UNSPECIFIED.,.T.,.F.,(8,6,6,6,6,6,6,6,8),(0.,0.125322974443,
    0.250230436529,0.375124232243,0.500419888913,0.625740034556,
    0.749960784645,0.874789587769,1.),.UNSPECIFIED.);
#3442 = CARTESIAN_POINT('',(-3.14159265359,10.2));
#3443 = CARTESIAN_POINT('',(-3.113359030407,10.2));
#3444 = CARTESIAN_POINT('',(-3.085714202987,10.22575349809));
#3445 = CARTESIAN_POINT('',(-3.05939287532,10.275328095923));
#3446 = CARTESIAN_POINT('',(-3.035035951945,10.34584035448));
#3447 = CARTESIAN_POINT('',(-3.013190109505,10.433478658523));
#3448 = CARTESIAN_POINT('',(-2.994247611774,10.533502054576));
#3449 = CARTESIAN_POINT('',(-2.962494037173,10.746733021543));
#3450 = CARTESIAN_POINT('',(-2.949336463448,10.862087944128));
#3451 = CARTESIAN_POINT('',(-2.938851231416,10.983850727141));
#3452 = CARTESIAN_POINT('',(-2.931012454707,11.110087606191));
#3453 = CARTESIAN_POINT('',(-2.92579851322,11.239167550201));
#3454 = CARTESIAN_POINT('',(-2.923193925634,11.369615924647));
#3455 = CARTESIAN_POINT('',(-2.923193925634,11.630369809773));
#3456 = CARTESIAN_POINT('',(-2.925797941726,11.760817747259));
#3457 = CARTESIAN_POINT('',(-2.93101174122,11.889904151808));
#3458 = CARTESIAN_POINT('',(-2.938850898791,12.016148430533));
#3459 = CARTESIAN_POINT('',(-2.949336727992,12.137915828511));
#3460 = CARTESIAN_POINT('',(-2.96249462761,12.253270943347));
#3461 = CARTESIAN_POINT('',(-2.994245292691,12.466482372366));
#3462 = CARTESIAN_POINT('',(-3.013187589394,12.566512368092));
#3463 = CARTESIAN_POINT('',(-3.035035561398,12.654164265681));
#3464 = CARTESIAN_POINT('',(-3.059395938438,12.724684799132));
#3465 = CARTESIAN_POINT('',(-3.085720087919,12.774256567373));
#3466 = CARTESIAN_POINT('',(-3.113364547576,12.8));
#3467 = CARTESIAN_POINT('',(-3.169826276773,12.8));
#3468 = CARTESIAN_POINT('',(-3.197471104192,12.77424650191));
#3469 = CARTESIAN_POINT('',(-3.22379243186,12.724671904077));
#3470 = CARTESIAN_POINT('',(-3.248149355235,12.65415964552));
#3471 = CARTESIAN_POINT('',(-3.269995197674,12.566521341477));
#3472 = CARTESIAN_POINT('',(-3.288937695406,12.466497945424));
#3473 = CARTESIAN_POINT('',(-3.320604483904,12.253849762747));
#3474 = CARTESIAN_POINT('',(-3.33379296047,12.138581881702));
#3475 = CARTESIAN_POINT('',(-3.344335650287,12.016442481651));
#3476 = CARTESIAN_POINT('',(-3.352205837537,11.889647967546));
#3477 = CARTESIAN_POINT('',(-3.357412689141,11.760157713907));
#3478 = CARTESIAN_POINT('',(-3.359991381545,11.629734769185));
#3479 = CARTESIAN_POINT('',(-3.359991381545,11.369630186991));
#3480 = CARTESIAN_POINT('',(-3.35738736532,11.23918226072));
#3481 = CARTESIAN_POINT('',(-3.352173566603,11.110095842311));
#3482 = CARTESIAN_POINT('',(-3.344334407167,10.983851566764));
#3483 = CARTESIAN_POINT('',(-3.33384858029,10.862084177761));
#3484 = CARTESIAN_POINT('',(-3.320690679149,10.746729053829));
#3485 = CARTESIAN_POINT('',(-3.288942559787,10.533534719772));
#3486 = CARTESIAN_POINT('',(-3.269999716091,10.433492347521));
#3487 = CARTESIAN_POINT('',(-3.248148776564,10.345825920849));
#3488 = CARTESIAN_POINT('',(-3.223784966687,10.275300460908));
#3489 = CARTESIAN_POINT('',(-3.19745892756,10.225734138757));
#3490 = CARTESIAN_POINT('',(-3.169815664163,10.2));
#3491 = CARTESIAN_POINT('',(-3.14159265359,10.2));
#3492 = ( GEOMETRIC_REPRESENTATION_CONTEXT(2) 
PARAMETRIC_REPRESENTATION_CONTEXT() REPRESENTATION_CONTEXT('2D SPACE',''
  ) );
#3493 = PCURVE('',#3494,#3499);
#3494 = CYLINDRICAL_SURFACE('',#3495,1.3);
#3495 = AXIS2_PLACEMENT_3D('',#3496,#3497,#3498);
#3496 = CARTESIAN_POINT('',(-37.5,0.,0.));
#3497 = DIRECTION('',(-0.,1.,-1.224646799147E-16));
#3498 = DIRECTION('',(1.,0.,0.));
#3499 = DEFINITIONAL_REPRESENTATION('',(#3500),#3551);
#3500 = B_SPLINE_CURVE_WITH_KNOTS('',7,(#3501,#3502,#3503,#3504,#3505,
    #3506,#3507,#3508,#3509,#3510,#3511,#3512,#3513,#3514,#3515,#3516,
    #3517,#3518,#3519,#3520,#3521,#3522,#3523,#3524,#3525,#3526,#3527,
    #3528,#3529,#3530,#3531,#3532,#3533,#3534,#3535,#3536,#3537,#3538,
    #3539,#3540,#3541,#3542,#3543,#3544,#3545,#3546,#3547,#3548,#3549,
    #3550),.UNSPECIFIED.,.F.,.F.,(8,6,6,6,6,6,6,6,8),(0.,0.125322974443,
    0.250230436529,0.375124232243,0.500419888913,0.625740034556,
    0.749960784645,0.874789587769,1.),.UNSPECIFIED.);
#3501 = CARTESIAN_POINT('',(0.,-6.));
#3502 = CARTESIAN_POINT('',(-0.130309030076,-6.));
#3503 = CARTESIAN_POINT('',(-0.257900281371,-5.994419783096));
#3504 = CARTESIAN_POINT('',(-0.3828290415,-5.983680160105));
#3505 = CARTESIAN_POINT('',(-0.50492934264,-5.969062115578));
#3506 = CARTESIAN_POINT('',(-0.623806783608,-5.952459952447));
#3507 = CARTESIAN_POINT('',(-0.738715444534,-5.935735348721));
#3508 = CARTESIAN_POINT('',(-0.957381489316,-5.904771028571));
#3509 = CARTESIAN_POINT('',(-1.063422686928,-5.890205197497));
#3510 = CARTESIAN_POINT('',(-1.16716040967,-5.877577843788));
#3511 = CARTESIAN_POINT('',(-1.269215470151,-5.867638022575));
#3512 = CARTESIAN_POINT('',(-1.370156079468,-5.860859804638));
#3513 = CARTESIAN_POINT('',(-1.470500884216,-5.857473858243));
#3514 = CARTESIAN_POINT('',(-1.671080795851,-5.857473858243));
#3515 = CARTESIAN_POINT('',(-1.771425252796,-5.860859058855));
#3516 = CARTESIAN_POINT('',(-1.872370327435,-5.867637103678));
#3517 = CARTESIAN_POINT('',(-1.97443098026,-5.877577506106));
#3518 = CARTESIAN_POINT('',(-2.078172932947,-5.890205585151));
#3519 = CARTESIAN_POINT('',(-2.184215230225,-5.904771604332));
#3520 = CARTESIAN_POINT('',(-2.402861239054,-5.935733087281));
#3521 = CARTESIAN_POINT('',(-2.517773066486,-5.952458004036));
#3522 = CARTESIAN_POINT('',(-2.636663768951,-5.969062601307));
#3523 = CARTESIAN_POINT('',(-2.758779738118,-5.983682945875));
#3524 = CARTESIAN_POINT('',(-2.883719537713,-5.9944219686));
#3525 = CARTESIAN_POINT('',(-3.011309087372,-6.));
#3526 = CARTESIAN_POINT('',(-3.271901683665,-6.));
#3527 = CARTESIAN_POINT('',(-3.399492934961,-5.994419783096));
#3528 = CARTESIAN_POINT('',(-3.52442169509,-5.983680160105));
#3529 = CARTESIAN_POINT('',(-3.64652199623,-5.969062115578));
#3530 = CARTESIAN_POINT('',(-3.765399437198,-5.952459952447));
#3531 = CARTESIAN_POINT('',(-3.880308098124,-5.935735348721));
#3532 = CARTESIAN_POINT('',(-4.098376503936,-5.904855657551));
#3533 = CARTESIAN_POINT('',(-4.204462671955,-5.890278324626));
#3534 = CARTESIAN_POINT('',(-4.308553455746,-5.877581846658));
#3535 = CARTESIAN_POINT('',(-4.411037610621,-5.867594159346));
#3536 = CARTESIAN_POINT('',(-4.512267177258,-5.860826513717));
#3537 = CARTESIAN_POINT('',(-4.612593004089,-5.857473858243));
#3538 = CARTESIAN_POINT('',(-4.81267345193,-5.857473858243));
#3539 = CARTESIAN_POINT('',(-4.913017900555,-5.860859058964));
#3540 = CARTESIAN_POINT('',(-5.013962984346,-5.867637103079));
#3541 = CARTESIAN_POINT('',(-5.116023638012,-5.877577507298));
#3542 = CARTESIAN_POINT('',(-5.219765579867,-5.890205584062));
#3543 = CARTESIAN_POINT('',(-5.325807886711,-5.904771604742));
#3544 = CARTESIAN_POINT('',(-5.544436364842,-5.935730605247));
#3545 = CARTESIAN_POINT('',(-5.659356939648,-5.952456611885));
#3546 = CARTESIAN_POINT('',(-5.778263902196,-5.969064210864));
#3547 = CARTESIAN_POINT('',(-5.900394544933,-5.983686161577));
#3548 = CARTESIAN_POINT('',(-6.025341236755,-5.994423975945));
#3549 = CARTESIAN_POINT('',(-6.152925258382,-6.));
#3550 = CARTESIAN_POINT('',(-6.28318530718,-6.));
#3551 = ( GEOMETRIC_REPRESENTATION_CONTEXT(2) 
PARAMETRIC_REPRESENTATION_CONTEXT() REPRESENTATION_CONTEXT('2D SPACE',''
  ) );
#3552 = FACE_BOUND('',#3553,.F.);
#3553 = EDGE_LOOP('',(#3554));
#3554 = ORIENTED_EDGE('',*,*,#3555,.T.);
#3555 = EDGE_CURVE('',#3556,#3556,#3558,.T.);
#3556 = VERTEX_POINT('',#3557);
#3557 = CARTESIAN_POINT('',(-39.7,3.673940397442E-16,6.));
#3558 = SURFACE_CURVE('',#3559,(#3618,#3680),.PCURVE_S1.);
#3559 = B_SPLINE_CURVE_WITH_KNOTS('',8,(#3560,#3561,#3562,#3563,#3564,
    #3565,#3566,#3567,#3568,#3569,#3570,#3571,#3572,#3573,#3574,#3575,
    #3576,#3577,#3578,#3579,#3580,#3581,#3582,#3583,#3584,#3585,#3586,
    #3587,#3588,#3589,#3590,#3591,#3592,#3593,#3594,#3595,#3596,#3597,
    #3598,#3599,#3600,#3601,#3602,#3603,#3604,#3605,#3606,#3607,#3608,
    #3609,#3610,#3611,#3612,#3613,#3614,#3615,#3616,#3617),
  .UNSPECIFIED.,.T.,.F.,(9,7,7,7,7,7,7,7,9),(0.,0.136844752924,
    0.273235796385,0.437219409164,0.584420629412,0.680237086848,
    0.785625165649,0.892648993708,1.),.UNSPECIFIED.);
#3560 = CARTESIAN_POINT('',(-39.7,2.22044604925E-16,6.));
#3561 = CARTESIAN_POINT('',(-39.7,0.148226521711,6.));
#3562 = CARTESIAN_POINT('',(-39.71931512356,0.29380327982,5.995814837322
    ));
#3563 = CARTESIAN_POINT('',(-39.75673762173,0.433838416577,
    5.987707518727));
#3564 = CARTESIAN_POINT('',(-39.8105842252,0.565737941493,5.976371137842
    ));
#3565 = CARTESIAN_POINT('',(-39.87870471849,0.687271275216,
    5.962836304404));
#3566 = CARTESIAN_POINT('',(-39.95848450753,0.796670214537,
    5.948278801516));
#3567 = CARTESIAN_POINT('',(-40.04685111963,0.892762902869,
    5.933796865159));
#3568 = CARTESIAN_POINT('',(-40.23342821827,1.057252741936,
    5.906703084659));
#3569 = CARTESIAN_POINT('',(-40.33324920949,1.1271900022,5.893846655983)
  );
#3570 = CARTESIAN_POINT('',(-40.43818968269,1.185117278743,
    5.882313101109));
#3571 = CARTESIAN_POINT('',(-40.54696917087,1.231217663748,
    5.872607932881));
#3572 = CARTESIAN_POINT('',(-40.65849258606,1.265655873962,
    5.865096191165));
#3573 = CARTESIAN_POINT('',(-40.77177963888,1.288557770447,
    5.860013317959));
#3574 = CARTESIAN_POINT('',(-40.88591393676,1.3,5.857473858243));
#3575 = CARTESIAN_POINT('',(-41.13716622692,1.3,5.857473858243));
#3576 = CARTESIAN_POINT('',(-41.27432030195,1.283460046706,
    5.861144618232));
#3577 = CARTESIAN_POINT('',(-41.4099949349,1.250383295133,5.86848600366)
  );
#3578 = CARTESIAN_POINT('',(-41.54263417483,1.200592300328,
    5.879261551609));
#3579 = CARTESIAN_POINT('',(-41.67047740599,1.133804248068,
    5.892987155809));
#3580 = CARTESIAN_POINT('',(-41.79144037824,1.049691942844,
    5.908887586373));
#3581 = CARTESIAN_POINT('',(-41.90294719929,0.947983187223,
    5.925862376086));
#3582 = CARTESIAN_POINT('',(-42.09028403906,0.721531848357,
    5.957439841533));
#3583 = CARTESIAN_POINT('',(-42.17095417457,0.597362828632,
    5.972504814266));
#3584 = CARTESIAN_POINT('',(-42.2375992663,0.458070887542,5.986198726245
    ));
#3585 = CARTESIAN_POINT('',(-42.28575851077,0.307012026315,
    5.996793564805));
#3586 = CARTESIAN_POINT('',(-42.31254291488,0.148526674442,
    6.002821359316));
#3587 = CARTESIAN_POINT('',(-42.3166036171,-1.256819544384E-02,
    6.003634236399));
#3588 = CARTESIAN_POINT('',(-42.29817066299,-0.1713529892,5.999482670676
    ));
#3589 = CARTESIAN_POINT('',(-42.23376399474,-0.422200400201,
    5.985946643325));
#3590 = CARTESIAN_POINT('',(-42.19949403784,-0.518813404075,
    5.978861957365));
#3591 = CARTESIAN_POINT('',(-42.15659081479,-0.612209700349,
    5.970224408774));
#3592 = CARTESIAN_POINT('',(-42.10540736369,-0.701500538087,
    5.960318311902));
#3593 = CARTESIAN_POINT('',(-42.046405413,-0.785841292479,5.949503095124
    ));
#3594 = CARTESIAN_POINT('',(-41.98015190234,-0.864443447112,
    5.938190932753));
#3595 = CARTESIAN_POINT('',(-41.90731379562,-0.93659184603,
    5.926816339944));
#3596 = CARTESIAN_POINT('',(-41.74213054656,-1.073243313919,
    5.90367841306));
#3597 = CARTESIAN_POINT('',(-41.64850821308,-1.136307462874,
    5.891982546769));
#3598 = CARTESIAN_POINT('',(-41.54880124301,-1.190000995001,
    5.881269547811));
#3599 = CARTESIAN_POINT('',(-41.44412159434,-1.23364497889,
    5.872077243435));
#3600 = CARTESIAN_POINT('',(-41.3356546467,-1.266729222558,
    5.864858362452));
#3601 = CARTESIAN_POINT('',(-41.22463650536,-1.288907642723,
    5.859935400226));
#3602 = CARTESIAN_POINT('',(-41.11233008881,-1.3,5.857473858243));
#3603 = CARTESIAN_POINT('',(-40.88592641361,-1.3,5.857473858243));
#3604 = CARTESIAN_POINT('',(-40.77179424228,-1.288560279658,
    5.860012758784));
#3605 = CARTESIAN_POINT('',(-40.65850324921,-1.265659745866,
    5.865095336536));
#3606 = CARTESIAN_POINT('',(-40.54697370453,-1.231220736079,
    5.872607305189));
#3607 = CARTESIAN_POINT('',(-40.43818879588,-1.185117927481,
    5.882313036085));
#3608 = CARTESIAN_POINT('',(-40.33324539677,-1.127187978301,
    5.893847089232));
#3609 = CARTESIAN_POINT('',(-40.23342474398,-1.057249678937,
    5.906703589178));
#3610 = CARTESIAN_POINT('',(-40.04687970168,-0.892788101333,
    5.93379271462));
#3611 = CARTESIAN_POINT('',(-39.95850294058,-0.79669760469,
    5.948275110226));
#3612 = CARTESIAN_POINT('',(-39.87870083085,-0.687279376866,
    5.962836361247));
#3613 = CARTESIAN_POINT('',(-39.81056319087,-0.565714083815,
    5.97637518622));
#3614 = CARTESIAN_POINT('',(-39.7567130901,-0.433783189699,
    5.987712841965));
#3615 = CARTESIAN_POINT('',(-39.71930060406,-0.293732564054,
    5.995817981958));
#3616 = CARTESIAN_POINT('',(-39.7,-0.148170805507,6.));
#3617 = CARTESIAN_POINT('',(-39.7,2.22044604925E-16,6.));
#3618 = PCURVE('',#2468,#3619);
#3619 = DEFINITIONAL_REPRESENTATION('',(#3620),#3679);
#3620 = B_SPLINE_CURVE_WITH_KNOTS('',8,(#3621,#3622,#3623,#3624,#3625,
    #3626,#3627,#3628,#3629,#3630,#3631,#3632,#3633,#3634,#3635,#3636,
    #3637,#3638,#3639,#3640,#3641,#3642,#3643,#3644,#3645,#3646,#3647,
    #3648,#3649,#3650,#3651,#3652,#3653,#3654,#3655,#3656,#3657,#3658,
    #3659,#3660,#3661,#3662,#3663,#3664,#3665,#3666,#3667,#3668,#3669,
    #3670,#3671,#3672,#3673,#3674,#3675,#3676,#3677,#3678),
  .UNSPECIFIED.,.T.,.F.,(9,7,7,7,7,7,7,7,9),(0.,0.136844752924,
    0.273235796385,0.437219409164,0.584420629412,0.680237086848,
    0.785625165649,0.892648993708,1.),.UNSPECIFIED.);
#3621 = CARTESIAN_POINT('',(-1.570796326795,13.7));
#3622 = CARTESIAN_POINT('',(-1.54609190651,13.7));
#3623 = CARTESIAN_POINT('',(-1.521829083047,13.719315123567));
#3624 = CARTESIAN_POINT('',(-1.4984670464,13.756737621736));
#3625 = CARTESIAN_POINT('',(-1.476418086837,13.810584225201));
#3626 = CARTESIAN_POINT('',(-1.456047434235,13.878704718496));
#3627 = CARTESIAN_POINT('',(-1.437658158277,13.958484507537));
#3628 = CARTESIAN_POINT('',(-1.421463391103,14.046851119639));
#3629 = CARTESIAN_POINT('',(-1.39367901295,14.233428218275));
#3630 = CARTESIAN_POINT('',(-1.381829530809,14.333249209492));
#3631 = CARTESIAN_POINT('',(-1.371986866302,14.438189682692));
#3632 = CARTESIAN_POINT('',(-1.364135515973,14.546969170876));
#3633 = CARTESIAN_POINT('',(-1.358260900188,14.658492586069));
#3634 = CARTESIAN_POINT('',(-1.354351039434,14.771779638885));
#3635 = CARTESIAN_POINT('',(-1.352397598839,14.885913936762));
#3636 = CARTESIAN_POINT('',(-1.352397598839,15.137166226922));
#3637 = CARTESIAN_POINT('',(-1.355221336678,15.274320301956));
#3638 = CARTESIAN_POINT('',(-1.360868257218,15.409994934901));
#3639 = CARTESIAN_POINT('',(-1.369358781236,15.542634174838));
#3640 = CARTESIAN_POINT('',(-1.380721350075,15.670477405995));
#3641 = CARTESIAN_POINT('',(-1.39498410124,15.791440378248));
#3642 = CARTESIAN_POINT('',(-1.412163835696,15.902947199297));
#3643 = CARTESIAN_POINT('',(-1.450270901677,16.090284039068));
#3644 = CARTESIAN_POINT('',(-1.471114177014,16.170954174576));
#3645 = CARTESIAN_POINT('',(-1.494431230187,16.237599266304));
#3646 = CARTESIAN_POINT('',(-1.519648620632,16.285758510778));
#3647 = CARTESIAN_POINT('',(-1.546053677875,16.312542914884));
#3648 = CARTESIAN_POINT('',(-1.572881469185,16.316603617109));
#3649 = CARTESIAN_POINT('',(-1.599344423439,16.298170662997));
#3650 = CARTESIAN_POINT('',(-1.641213149384,16.233763994741));
#3651 = CARTESIAN_POINT('',(-1.657355553086,16.199494037843));
#3652 = CARTESIAN_POINT('',(-1.672983398845,16.156590814798));
#3653 = CARTESIAN_POINT('',(-1.687951852528,16.105407363695));
#3654 = CARTESIAN_POINT('',(-1.702120195774,16.046405413008));
#3655 = CARTESIAN_POINT('',(-1.715353481999,15.980151902344));
#3656 = CARTESIAN_POINT('',(-1.727525954064,15.90731379562));
#3657 = CARTESIAN_POINT('',(-1.750625369242,15.742130546563));
#3658 = CARTESIAN_POINT('',(-1.761313945928,15.648508213086));
#3659 = CARTESIAN_POINT('',(-1.770438159341,15.548801243016));
#3660 = CARTESIAN_POINT('',(-1.777871231347,15.444121594348));
#3661 = CARTESIAN_POINT('',(-1.78351493685,15.335654646707));
#3662 = CARTESIAN_POINT('',(-1.787301386429,15.22463650536));
#3663 = CARTESIAN_POINT('',(-1.78919505475,15.112330088813));
#3664 = CARTESIAN_POINT('',(-1.78919505475,14.885926413616));
#3665 = CARTESIAN_POINT('',(-1.787242042582,14.771794242287));
#3666 = CARTESIAN_POINT('',(-1.783332414327,14.658503249214));
#3667 = CARTESIAN_POINT('',(-1.77745766009,14.546973704538));
#3668 = CARTESIAN_POINT('',(-1.769605895293,14.438188795889));
#3669 = CARTESIAN_POINT('',(-1.75976277821,14.333245396779));
#3670 = CARTESIAN_POINT('',(-1.747913123262,14.233424743985));
#3671 = CARTESIAN_POINT('',(-1.72013351882,14.046879701686));
#3672 = CARTESIAN_POINT('',(-1.70393910022,13.958502940584));
#3673 = CARTESIAN_POINT('',(-1.685546552092,13.878700830851));
#3674 = CARTESIAN_POINT('',(-1.665170544831,13.810563190879));
#3675 = CARTESIAN_POINT('',(-1.643116375219,13.756713090101));
#3676 = CARTESIAN_POINT('',(-1.619751784916,13.719300604068));
#3677 = CARTESIAN_POINT('',(-1.595491461046,13.7));
#3678 = CARTESIAN_POINT('',(-1.570796326795,13.7));
#3679 = ( GEOMETRIC_REPRESENTATION_CONTEXT(2) 
PARAMETRIC_REPRESENTATION_CONTEXT() REPRESENTATION_CONTEXT('2D SPACE',''
  ) );
#3680 = PCURVE('',#3681,#3686);
#3681 = CYLINDRICAL_SURFACE('',#3682,1.3);
#3682 = AXIS2_PLACEMENT_3D('',#3683,#3684,#3685);
#3683 = CARTESIAN_POINT('',(-41.,0.,0.));
#3684 = DIRECTION('',(-0.,-6.123233995737E-17,-1.));
#3685 = DIRECTION('',(1.,0.,-0.));
#3686 = DEFINITIONAL_REPRESENTATION('',(#3687),#3746);
#3687 = B_SPLINE_CURVE_WITH_KNOTS('',8,(#3688,#3689,#3690,#3691,#3692,
    #3693,#3694,#3695,#3696,#3697,#3698,#3699,#3700,#3701,#3702,#3703,
    #3704,#3705,#3706,#3707,#3708,#3709,#3710,#3711,#3712,#3713,#3714,
    #3715,#3716,#3717,#3718,#3719,#3720,#3721,#3722,#3723,#3724,#3725,
    #3726,#3727,#3728,#3729,#3730,#3731,#3732,#3733,#3734,#3735,#3736,
    #3737,#3738,#3739,#3740,#3741,#3742,#3743,#3744,#3745),
  .UNSPECIFIED.,.F.,.F.,(9,7,7,7,7,7,7,7,9),(0.,0.136844752924,
    0.273235796385,0.437219409164,0.584420629412,0.680237086848,
    0.785625165649,0.892648993708,1.),.UNSPECIFIED.);
#3688 = CARTESIAN_POINT('',(0.,-6.));
#3689 = CARTESIAN_POINT('',(-0.114020401316,-6.));
#3690 = CARTESIAN_POINT('',(-0.226002468547,-5.995814837322));
#3691 = CARTESIAN_POINT('',(-0.335980756452,-5.987707518727));
#3692 = CARTESIAN_POINT('',(-0.44387919207,-5.976371137842));
#3693 = CARTESIAN_POINT('',(-0.549508383003,-5.962836304404));
#3694 = CARTESIAN_POINT('',(-0.65253394884,-5.948278801516));
#3695 = CARTESIAN_POINT('',(-0.752404766026,-5.933796865159));
#3696 = CARTESIAN_POINT('',(-0.943737557815,-5.906703084659));
#3697 = CARTESIAN_POINT('',(-1.036912383251,-5.893846655983));
#3698 = CARTESIAN_POINT('',(-1.128258763586,-5.882313101109));
#3699 = CARTESIAN_POINT('',(-1.218187943602,-5.872607932881));
#3700 = CARTESIAN_POINT('',(-1.307068198717,-5.865096191165));
#3701 = CARTESIAN_POINT('',(-1.39524227707,-5.860013317959));
#3702 = CARTESIAN_POINT('',(-1.483037816612,-5.857473858243));
#3703 = CARTESIAN_POINT('',(-1.676308809043,-5.857473858243));
#3704 = CARTESIAN_POINT('',(-1.781811615567,-5.861144618232));
#3705 = CARTESIAN_POINT('',(-1.887967816783,-5.86848600366));
#3706 = CARTESIAN_POINT('',(-1.995365359035,-5.879261551609));
#3707 = CARTESIAN_POINT('',(-2.104611116326,-5.892987155809));
#3708 = CARTESIAN_POINT('',(-2.216350817276,-5.908887586373));
#3709 = CARTESIAN_POINT('',(-2.33130889028,-5.925862376086));
#3710 = CARTESIAN_POINT('',(-2.557383314337,-5.957439841533));
#3711 = CARTESIAN_POINT('',(-2.670533419896,-5.972504814266));
#3712 = CARTESIAN_POINT('',(-2.787632613705,-5.986198726245));
#3713 = CARTESIAN_POINT('',(-2.907282888737,-5.996793564805));
#3714 = CARTESIAN_POINT('',(-3.028492026845,-6.002821359316));
#3715 = CARTESIAN_POINT('',(-3.150417850822,-6.003634236399));
#3716 = CARTESIAN_POINT('',(-3.272249069143,-5.999482670676));
#3717 = CARTESIAN_POINT('',(-3.47146742712,-5.985946643325));
#3718 = CARTESIAN_POINT('',(-3.550006072333,-5.978861957365));
#3719 = CARTESIAN_POINT('',(-3.628538320761,-5.970224408774));
#3720 = CARTESIAN_POINT('',(-3.707071565052,-5.960318311902));
#3721 = CARTESIAN_POINT('',(-3.785611835234,-5.949503095124));
#3722 = CARTESIAN_POINT('',(-3.864159473085,-5.938190932753));
#3723 = CARTESIAN_POINT('',(-3.94270691689,-5.926816339944));
#3724 = CARTESIAN_POINT('',(-4.107615228236,-5.90367841306));
#3725 = CARTESIAN_POINT('',(-4.194027226103,-5.891982546769));
#3726 = CARTESIAN_POINT('',(-4.280433759903,-5.881269547811));
#3727 = CARTESIAN_POINT('',(-4.366826172132,-5.872077243435));
#3728 = CARTESIAN_POINT('',(-4.453209571533,-5.864858362452));
#3729 = CARTESIAN_POINT('',(-4.539592006687,-5.859935400226));
#3730 = CARTESIAN_POINT('',(-4.62598121976,-5.857473858243));
#3731 = CARTESIAN_POINT('',(-4.800137892988,-5.857473858243));
#3732 = CARTESIAN_POINT('',(-4.8879317884,-5.860012758784));
#3733 = CARTESIAN_POINT('',(-4.976108577925,-5.865095336536));
#3734 = CARTESIAN_POINT('',(-5.064993311179,-5.872607305189));
#3735 = CARTESIAN_POINT('',(-5.154926866207,-5.882313036085));
#3736 = CARTESIAN_POINT('',(-5.246276156577,-5.893847089232));
#3737 = CARTESIAN_POINT('',(-5.339451312211,-5.906703589178));
#3738 = CARTESIAN_POINT('',(-5.530751230575,-5.93379271462));
#3739 = CARTESIAN_POINT('',(-5.630626795947,-5.948275110226));
#3740 = CARTESIAN_POINT('',(-5.73367379124,-5.962836361247));
#3741 = CARTESIAN_POINT('',(-5.839329223564,-5.97637518622));
#3742 = CARTESIAN_POINT('',(-5.947249554367,-5.987712841965));
#3743 = CARTESIAN_POINT('',(-6.057237242161,-5.995817981958));
#3744 = CARTESIAN_POINT('',(-6.169207764482,-6.));
#3745 = CARTESIAN_POINT('',(-6.28318530718,-6.));
#3746 = ( GEOMETRIC_REPRESENTATION_CONTEXT(2) 
PARAMETRIC_REPRESENTATION_CONTEXT() REPRESENTATION_CONTEXT('2D SPACE',''
  ) );
#3747 = FACE_BOUND('',#3748,.F.);
#3748 = EDGE_LOOP('',(#3749));
#3749 = ORIENTED_EDGE('',*,*,#3750,.T.);
#3750 = EDGE_CURVE('',#3751,#3751,#3753,.T.);
#3751 = VERTEX_POINT('',#3752);
#3752 = CARTESIAN_POINT('',(-39.7,-1.102182119233E-15,-6.));
#3753 = SURFACE_CURVE('',#3754,(#3813,#3875),.PCURVE_S1.);
#3754 = B_SPLINE_CURVE_WITH_KNOTS('',8,(#3755,#3756,#3757,#3758,#3759,
    #3760,#3761,#3762,#3763,#3764,#3765,#3766,#3767,#3768,#3769,#3770,
    #3771,#3772,#3773,#3774,#3775,#3776,#3777,#3778,#3779,#3780,#3781,
    #3782,#3783,#3784,#3785,#3786,#3787,#3788,#3789,#3790,#3791,#3792,
    #3793,#3794,#3795,#3796,#3797,#3798,#3799,#3800,#3801,#3802,#3803,
    #3804,#3805,#3806,#3807,#3808,#3809,#3810,#3811,#3812),
  .UNSPECIFIED.,.T.,.F.,(9,7,7,7,7,7,7,7,9),(0.,0.136844758497,
    0.273235803792,0.437219414901,0.584420633649,0.680237090108,
    0.785625167834,0.892648994802,1.),.UNSPECIFIED.);
#3755 = CARTESIAN_POINT('',(-39.7,-8.881784197001E-16,-6.));
#3756 = CARTESIAN_POINT('',(-39.7,-0.148226521711,-6.));
#3757 = CARTESIAN_POINT('',(-39.71931512356,-0.29380327982,
    -5.995814837322));
#3758 = CARTESIAN_POINT('',(-39.75673762173,-0.433838416577,
    -5.987707518727));
#3759 = CARTESIAN_POINT('',(-39.8105842252,-0.565737941493,
    -5.976371137842));
#3760 = CARTESIAN_POINT('',(-39.87870471849,-0.687271275216,
    -5.962836304404));
#3761 = CARTESIAN_POINT('',(-39.95848450753,-0.796670214537,
    -5.948278801516));
#3762 = CARTESIAN_POINT('',(-40.04685111963,-0.892762902869,
    -5.933796865159));
#3763 = CARTESIAN_POINT('',(-40.23342821573,-1.057252739696,
    -5.906703085028));
#3764 = CARTESIAN_POINT('',(-40.33324921348,-1.12719000649,
    -5.893846655266));
#3765 = CARTESIAN_POINT('',(-40.43818968351,-1.185117276781,
    -5.882313101429));
#3766 = CARTESIAN_POINT('',(-40.54696916666,-1.23121766201,
    -5.872607933182));
#3767 = CARTESIAN_POINT('',(-40.65849258519,-1.265655875937,
    -5.865096190849));
#3768 = CARTESIAN_POINT('',(-40.77177964381,-1.288557769887,
    -5.860013318039));
#3769 = CARTESIAN_POINT('',(-40.88591393406,-1.3,-5.857473858243));
#3770 = CARTESIAN_POINT('',(-41.13716622692,-1.3,-5.857473858243));
#3771 = CARTESIAN_POINT('',(-41.27432030195,-1.283460046706,
    -5.861144618232));
#3772 = CARTESIAN_POINT('',(-41.4099949349,-1.250383295133,
    -5.86848600366));
#3773 = CARTESIAN_POINT('',(-41.54263417483,-1.200592300328,
    -5.879261551609));
#3774 = CARTESIAN_POINT('',(-41.67047740599,-1.133804248068,
    -5.892987155809));
#3775 = CARTESIAN_POINT('',(-41.79144037824,-1.049691942844,
    -5.908887586372));
#3776 = CARTESIAN_POINT('',(-41.90294719929,-0.947983187223,
    -5.925862376086));
#3777 = CARTESIAN_POINT('',(-42.09028403906,-0.721531848358,
    -5.957439841533));
#3778 = CARTESIAN_POINT('',(-42.17095417457,-0.597362828631,
    -5.972504814266));
#3779 = CARTESIAN_POINT('',(-42.2375992663,-0.458070887545,
    -5.986198726244));
#3780 = CARTESIAN_POINT('',(-42.28575851078,-0.307012026311,
    -5.996793564805));
#3781 = CARTESIAN_POINT('',(-42.31254291488,-0.148526674445,
    -6.002821359316));
#3782 = CARTESIAN_POINT('',(-42.3166036171,1.256819544542E-02,
    -6.003634236399));
#3783 = CARTESIAN_POINT('',(-42.29817066299,0.171352989199,
    -5.999482670676));
#3784 = CARTESIAN_POINT('',(-42.23376399474,0.422200400201,
    -5.985946643325));
#3785 = CARTESIAN_POINT('',(-42.19949403784,0.518813404075,
    -5.978861957365));
#3786 = CARTESIAN_POINT('',(-42.15659081479,0.612209700349,
    -5.970224408774));
#3787 = CARTESIAN_POINT('',(-42.10540736369,0.701500538087,
    -5.960318311902));
#3788 = CARTESIAN_POINT('',(-42.046405413,0.785841292479,-5.949503095124
    ));
#3789 = CARTESIAN_POINT('',(-41.98015190234,0.864443447112,
    -5.938190932753));
#3790 = CARTESIAN_POINT('',(-41.90731379562,0.93659184603,
    -5.926816339944));
#3791 = CARTESIAN_POINT('',(-41.74213054656,1.073243313919,
    -5.90367841306));
#3792 = CARTESIAN_POINT('',(-41.64850821308,1.136307462874,
    -5.891982546769));
#3793 = CARTESIAN_POINT('',(-41.54880124301,1.190000995001,
    -5.881269547811));
#3794 = CARTESIAN_POINT('',(-41.44412159434,1.23364497889,
    -5.872077243435));
#3795 = CARTESIAN_POINT('',(-41.3356546467,1.266729222558,
    -5.864858362452));
#3796 = CARTESIAN_POINT('',(-41.22463650536,1.288907642723,
    -5.859935400226));
#3797 = CARTESIAN_POINT('',(-41.11233008881,1.3,-5.857473858243));
#3798 = CARTESIAN_POINT('',(-40.88592641361,1.3,-5.857473858243));
#3799 = CARTESIAN_POINT('',(-40.77179424228,1.288560279658,
    -5.860012758784));
#3800 = CARTESIAN_POINT('',(-40.65850324921,1.265659745866,
    -5.865095336536));
#3801 = CARTESIAN_POINT('',(-40.54697370453,1.231220736079,
    -5.872607305189));
#3802 = CARTESIAN_POINT('',(-40.43818879588,1.185117927481,
    -5.882313036085));
#3803 = CARTESIAN_POINT('',(-40.33324539677,1.127187978301,
    -5.893847089232));
#3804 = CARTESIAN_POINT('',(-40.23342474398,1.057249678937,
    -5.906703589178));
#3805 = CARTESIAN_POINT('',(-40.04687970168,0.892788101333,
    -5.93379271462));
#3806 = CARTESIAN_POINT('',(-39.95850294058,0.79669760469,
    -5.948275110226));
#3807 = CARTESIAN_POINT('',(-39.87870083085,0.687279376866,
    -5.962836361247));
#3808 = CARTESIAN_POINT('',(-39.81056319087,0.565714083815,
    -5.97637518622));
#3809 = CARTESIAN_POINT('',(-39.7567130901,0.433783189699,
    -5.987712841965));
#3810 = CARTESIAN_POINT('',(-39.71930060406,0.293732564053,
    -5.995817981958));
#3811 = CARTESIAN_POINT('',(-39.7,0.148170805507,-6.));
#3812 = CARTESIAN_POINT('',(-39.7,-8.881784197001E-16,-6.));
#3813 = PCURVE('',#2468,#3814);
#3814 = DEFINITIONAL_REPRESENTATION('',(#3815),#3874);
#3815 = B_SPLINE_CURVE_WITH_KNOTS('',8,(#3816,#3817,#3818,#3819,#3820,
    #3821,#3822,#3823,#3824,#3825,#3826,#3827,#3828,#3829,#3830,#3831,
    #3832,#3833,#3834,#3835,#3836,#3837,#3838,#3839,#3840,#3841,#3842,
    #3843,#3844,#3845,#3846,#3847,#3848,#3849,#3850,#3851,#3852,#3853,
    #3854,#3855,#3856,#3857,#3858,#3859,#3860,#3861,#3862,#3863,#3864,
    #3865,#3866,#3867,#3868,#3869,#3870,#3871,#3872,#3873),
  .UNSPECIFIED.,.T.,.F.,(9,7,7,7,7,7,7,7,9),(0.,0.136844758497,
    0.273235803792,0.437219414901,0.584420633649,0.680237090108,
    0.785625167834,0.892648994802,1.),.UNSPECIFIED.);
#3816 = CARTESIAN_POINT('',(-4.712388980385,13.7));
#3817 = CARTESIAN_POINT('',(-4.6876845601,13.7));
#3818 = CARTESIAN_POINT('',(-4.663421736637,13.719315123567));
#3819 = CARTESIAN_POINT('',(-4.64005969999,13.756737621736));
#3820 = CARTESIAN_POINT('',(-4.618010740427,13.810584225201));
#3821 = CARTESIAN_POINT('',(-4.597640087825,13.878704718496));
#3822 = CARTESIAN_POINT('',(-4.579250811867,13.958484507537));
#3823 = CARTESIAN_POINT('',(-4.563056044693,14.046851119639));
#3824 = CARTESIAN_POINT('',(-4.535271666918,14.233428215735));
#3825 = CARTESIAN_POINT('',(-4.523422183674,14.333249213482));
#3826 = CARTESIAN_POINT('',(-4.513579520223,14.438189683511));
#3827 = CARTESIAN_POINT('',(-4.505728169856,14.546969166666));
#3828 = CARTESIAN_POINT('',(-4.499853553444,14.658492585195));
#3829 = CARTESIAN_POINT('',(-4.495943693118,14.771779643812));
#3830 = CARTESIAN_POINT('',(-4.493990252429,14.885913934066));
#3831 = CARTESIAN_POINT('',(-4.493990252429,15.137166226922));
#3832 = CARTESIAN_POINT('',(-4.496813990268,15.274320301956));
#3833 = CARTESIAN_POINT('',(-4.502460910808,15.409994934901));
#3834 = CARTESIAN_POINT('',(-4.510951434825,15.542634174838));
#3835 = CARTESIAN_POINT('',(-4.522314003664,15.670477405995));
#3836 = CARTESIAN_POINT('',(-4.53657675483,15.791440378248));
#3837 = CARTESIAN_POINT('',(-4.553756489285,15.902947199297));
#3838 = CARTESIAN_POINT('',(-4.591863555267,16.090284039068));
#3839 = CARTESIAN_POINT('',(-4.612706830604,16.170954174577));
#3840 = CARTESIAN_POINT('',(-4.636023883776,16.237599266302));
#3841 = CARTESIAN_POINT('',(-4.661241274222,16.28575851078));
#3842 = CARTESIAN_POINT('',(-4.687646331464,16.312542914883));
#3843 = CARTESIAN_POINT('',(-4.714474122775,16.316603617109));
#3844 = CARTESIAN_POINT('',(-4.740937077029,16.298170662998));
#3845 = CARTESIAN_POINT('',(-4.782805802974,16.233763994741));
#3846 = CARTESIAN_POINT('',(-4.798948206675,16.199494037843));
#3847 = CARTESIAN_POINT('',(-4.814576052435,16.156590814798));
#3848 = CARTESIAN_POINT('',(-4.829544506118,16.105407363695));
#3849 = CARTESIAN_POINT('',(-4.843712849364,16.046405413008));
#3850 = CARTESIAN_POINT('',(-4.856946135589,15.980151902344));
#3851 = CARTESIAN_POINT('',(-4.869118607654,15.90731379562));
#3852 = CARTESIAN_POINT('',(-4.892218022832,15.742130546564));
#3853 = CARTESIAN_POINT('',(-4.902906599518,15.648508213086));
#3854 = CARTESIAN_POINT('',(-4.912030812931,15.548801243016));
#3855 = CARTESIAN_POINT('',(-4.919463884937,15.444121594348));
#3856 = CARTESIAN_POINT('',(-4.92510759044,15.335654646707));
#3857 = CARTESIAN_POINT('',(-4.928894040019,15.22463650536));
#3858 = CARTESIAN_POINT('',(-4.93078770834,15.112330088813));
#3859 = CARTESIAN_POINT('',(-4.93078770834,14.885926413616));
#3860 = CARTESIAN_POINT('',(-4.928834696171,14.771794242287));
#3861 = CARTESIAN_POINT('',(-4.924925067917,14.658503249214));
#3862 = CARTESIAN_POINT('',(-4.91905031368,14.546973704538));
#3863 = CARTESIAN_POINT('',(-4.911198548883,14.438188795888));
#3864 = CARTESIAN_POINT('',(-4.901355431799,14.333245396779));
#3865 = CARTESIAN_POINT('',(-4.889505776851,14.233424743985));
#3866 = CARTESIAN_POINT('',(-4.86172617241,14.046879701686));
#3867 = CARTESIAN_POINT('',(-4.84553175381,13.958502940584));
#3868 = CARTESIAN_POINT('',(-4.827139205682,13.878700830851));
#3869 = CARTESIAN_POINT('',(-4.80676319842,13.810563190879));
#3870 = CARTESIAN_POINT('',(-4.784709028809,13.756713090101));
#3871 = CARTESIAN_POINT('',(-4.761344438506,13.719300604068));
#3872 = CARTESIAN_POINT('',(-4.737084114636,13.7));
#3873 = CARTESIAN_POINT('',(-4.712388980385,13.7));
#3874 = ( GEOMETRIC_REPRESENTATION_CONTEXT(2) 
PARAMETRIC_REPRESENTATION_CONTEXT() REPRESENTATION_CONTEXT('2D SPACE',''
  ) );
#3875 = PCURVE('',#3876,#3881);
#3876 = CYLINDRICAL_SURFACE('',#3877,1.3);
#3877 = AXIS2_PLACEMENT_3D('',#3878,#3879,#3880);
#3878 = CARTESIAN_POINT('',(-41.,0.,0.));
#3879 = DIRECTION('',(-0.,1.836970198721E-16,1.));
#3880 = DIRECTION('',(1.,0.,0.));
#3881 = DEFINITIONAL_REPRESENTATION('',(#3882),#3941);
#3882 = B_SPLINE_CURVE_WITH_KNOTS('',8,(#3883,#3884,#3885,#3886,#3887,
    #3888,#3889,#3890,#3891,#3892,#3893,#3894,#3895,#3896,#3897,#3898,
    #3899,#3900,#3901,#3902,#3903,#3904,#3905,#3906,#3907,#3908,#3909,
    #3910,#3911,#3912,#3913,#3914,#3915,#3916,#3917,#3918,#3919,#3920,
    #3921,#3922,#3923,#3924,#3925,#3926,#3927,#3928,#3929,#3930,#3931,
    #3932,#3933,#3934,#3935,#3936,#3937,#3938,#3939,#3940),
  .UNSPECIFIED.,.F.,.F.,(9,7,7,7,7,7,7,7,9),(0.,0.136844758497,
    0.273235803792,0.437219414901,0.584420633649,0.680237090108,
    0.785625167834,0.892648994802,1.),.UNSPECIFIED.);
#3883 = CARTESIAN_POINT('',(0.,-6.));
#3884 = CARTESIAN_POINT('',(-0.114020401316,-6.));
#3885 = CARTESIAN_POINT('',(-0.226002468547,-5.995814837322));
#3886 = CARTESIAN_POINT('',(-0.335980756452,-5.987707518727));
#3887 = CARTESIAN_POINT('',(-0.44387919207,-5.976371137842));
#3888 = CARTESIAN_POINT('',(-0.549508383003,-5.962836304404));
#3889 = CARTESIAN_POINT('',(-0.652533948839,-5.948278801516));
#3890 = CARTESIAN_POINT('',(-0.752404766026,-5.933796865159));
#3891 = CARTESIAN_POINT('',(-0.94373755521,-5.906703085028));
#3892 = CARTESIAN_POINT('',(-1.036912387525,-5.893846655266));
#3893 = CARTESIAN_POINT('',(-1.128258763642,-5.882313101429));
#3894 = CARTESIAN_POINT('',(-1.21818793991,-5.872607933182));
#3895 = CARTESIAN_POINT('',(-1.307068198645,-5.865096190849));
#3896 = CARTESIAN_POINT('',(-1.395242280655,-5.860013318039));
#3897 = CARTESIAN_POINT('',(-1.483037814538,-5.857473858243));
#3898 = CARTESIAN_POINT('',(-1.676308809043,-5.857473858243));
#3899 = CARTESIAN_POINT('',(-1.781811615567,-5.861144618232));
#3900 = CARTESIAN_POINT('',(-1.887967816783,-5.86848600366));
#3901 = CARTESIAN_POINT('',(-1.995365359035,-5.879261551609));
#3902 = CARTESIAN_POINT('',(-2.104611116326,-5.892987155809));
#3903 = CARTESIAN_POINT('',(-2.216350817276,-5.908887586372));
#3904 = CARTESIAN_POINT('',(-2.33130889028,-5.925862376086));
#3905 = CARTESIAN_POINT('',(-2.557383314337,-5.957439841533));
#3906 = CARTESIAN_POINT('',(-2.670533419898,-5.972504814266));
#3907 = CARTESIAN_POINT('',(-2.787632613701,-5.986198726244));
#3908 = CARTESIAN_POINT('',(-2.907282888742,-5.996793564805));
#3909 = CARTESIAN_POINT('',(-3.028492026842,-6.002821359316));
#3910 = CARTESIAN_POINT('',(-3.150417850823,-6.003634236399));
#3911 = CARTESIAN_POINT('',(-3.272249069143,-5.999482670676));
#3912 = CARTESIAN_POINT('',(-3.47146742712,-5.985946643325));
#3913 = CARTESIAN_POINT('',(-3.550006072333,-5.978861957365));
#3914 = CARTESIAN_POINT('',(-3.628538320761,-5.970224408774));
#3915 = CARTESIAN_POINT('',(-3.707071565052,-5.960318311902));
#3916 = CARTESIAN_POINT('',(-3.785611835234,-5.949503095124));
#3917 = CARTESIAN_POINT('',(-3.864159473085,-5.938190932753));
#3918 = CARTESIAN_POINT('',(-3.94270691689,-5.926816339944));
#3919 = CARTESIAN_POINT('',(-4.107615228236,-5.90367841306));
#3920 = CARTESIAN_POINT('',(-4.194027226103,-5.891982546769));
#3921 = CARTESIAN_POINT('',(-4.280433759903,-5.881269547811));
#3922 = CARTESIAN_POINT('',(-4.366826172132,-5.872077243435));
#3923 = CARTESIAN_POINT('',(-4.453209571533,-5.864858362452));
#3924 = CARTESIAN_POINT('',(-4.539592006687,-5.859935400226));
#3925 = CARTESIAN_POINT('',(-4.62598121976,-5.857473858243));
#3926 = CARTESIAN_POINT('',(-4.800137892988,-5.857473858243));
#3927 = CARTESIAN_POINT('',(-4.8879317884,-5.860012758784));
#3928 = CARTESIAN_POINT('',(-4.976108577924,-5.865095336536));
#3929 = CARTESIAN_POINT('',(-5.064993311179,-5.872607305189));
#3930 = CARTESIAN_POINT('',(-5.154926866207,-5.882313036085));
#3931 = CARTESIAN_POINT('',(-5.246276156577,-5.893847089232));
#3932 = CARTESIAN_POINT('',(-5.339451312211,-5.906703589178));
#3933 = CARTESIAN_POINT('',(-5.530751230575,-5.93379271462));
#3934 = CARTESIAN_POINT('',(-5.630626795947,-5.948275110226));
#3935 = CARTESIAN_POINT('',(-5.73367379124,-5.962836361247));
#3936 = CARTESIAN_POINT('',(-5.839329223564,-5.97637518622));
#3937 = CARTESIAN_POINT('',(-5.947249554366,-5.987712841965));
#3938 = CARTESIAN_POINT('',(-6.057237242161,-5.995817981958));
#3939 = CARTESIAN_POINT('',(-6.169207764482,-6.));
#3940 = CARTESIAN_POINT('',(-6.28318530718,-6.));
#3941 = ( GEOMETRIC_REPRESENTATION_CONTEXT(2) 
PARAMETRIC_REPRESENTATION_CONTEXT() REPRESENTATION_CONTEXT('2D SPACE',''
  ) );
#3942 = FACE_BOUND('',#3943,.F.);
#3943 = EDGE_LOOP('',(#3944));
#3944 = ORIENTED_EDGE('',*,*,#3945,.T.);
#3945 = EDGE_CURVE('',#3946,#3946,#3948,.T.);
#3946 = VERTEX_POINT('',#3947);
#3947 = CARTESIAN_POINT('',(-43.2,-6.,7.347880794884E-16));
#3948 = SURFACE_CURVE('',#3949,(#4000,#4054),.PCURVE_S1.);
#3949 = B_SPLINE_CURVE_WITH_KNOTS('',7,(#3950,#3951,#3952,#3953,#3954,
    #3955,#3956,#3957,#3958,#3959,#3960,#3961,#3962,#3963,#3964,#3965,
    #3966,#3967,#3968,#3969,#3970,#3971,#3972,#3973,#3974,#3975,#3976,
    #3977,#3978,#3979,#3980,#3981,#3982,#3983,#3984,#3985,#3986,#3987,
    #3988,#3989,#3990,#3991,#3992,#3993,#3994,#3995,#3996,#3997,#3998,
    #3999),.UNSPECIFIED.,.T.,.F.,(8,6,6,6,6,6,6,6,8),(0.,0.125322966014,
    0.250230423107,0.37512421988,0.500419880938,0.625740030969,
    0.749960785402,0.874789589807,1.),.UNSPECIFIED.);
#3950 = CARTESIAN_POINT('',(-43.2,-6.,6.661338147751E-16));
#3951 = CARTESIAN_POINT('',(-43.2,-6.,0.169401739098));
#3952 = CARTESIAN_POINT('',(-43.22575349809,-5.994419783096,
    0.33527046006));
#3953 = CARTESIAN_POINT('',(-43.27532809592,-5.983680160105,
    0.492979190487));
#3954 = CARTESIAN_POINT('',(-43.34584035447,-5.969062115578,0.6384966925
    ));
#3955 = CARTESIAN_POINT('',(-43.43347865852,-5.952459952447,
    0.76856224641));
#3956 = CARTESIAN_POINT('',(-43.53350205457,-5.935735348721,
    0.880994118919));
#3957 = CARTESIAN_POINT('',(-43.74673302444,-5.904771028149,
    1.068982506424));
#3958 = CARTESIAN_POINT('',(-43.86208793784,-5.890205198595,
    1.146592500792));
#3959 = CARTESIAN_POINT('',(-43.9838507296,-5.877577842618,
    1.208232145513));
#3960 = CARTESIAN_POINT('',(-44.11008761214,-5.867638023144,
    1.254203181982));
#3961 = CARTESIAN_POINT('',(-44.2391675426,-5.860859804532,
    1.284743693929));
#3962 = CARTESIAN_POINT('',(-44.36961592772,-5.857473858243,1.3));
#3963 = CARTESIAN_POINT('',(-44.63036981301,-5.857473858243,1.3));
#3964 = CARTESIAN_POINT('',(-44.76081773928,-5.860859058964,
    1.284747039544));
#3965 = CARTESIAN_POINT('',(-44.88990415768,-5.867637103079,
    1.25420736966));
#3966 = CARTESIAN_POINT('',(-45.01614843323,-5.877577507298,
    1.208234102499));
#3967 = CARTESIAN_POINT('',(-45.13791582223,-5.890205584062,
    1.146590969117));
#3968 = CARTESIAN_POINT('',(-45.25327094617,-5.904771604742,
    1.068979005854));
#3969 = CARTESIAN_POINT('',(-45.46648237236,-5.935733087281,
    0.881007848416));
#3970 = CARTESIAN_POINT('',(-45.56651236809,-5.952458004036,
    0.768577244776));
#3971 = CARTESIAN_POINT('',(-45.65416426568,-5.969062601307,
    0.638499148599));
#3972 = CARTESIAN_POINT('',(-45.72468479913,-5.983682945875,
    0.492960945173));
#3973 = CARTESIAN_POINT('',(-45.77425656737,-5.9944219686,0.335235151976
    ));
#3974 = CARTESIAN_POINT('',(-45.8,-6.,0.169368636084));
#3975 = CARTESIAN_POINT('',(-45.8,-6.,-0.169401739098));
#3976 = CARTESIAN_POINT('',(-45.77424650191,-5.994419783096,
    -0.335270460061));
#3977 = CARTESIAN_POINT('',(-45.72467190407,-5.983680160105,
    -0.492979190486));
#3978 = CARTESIAN_POINT('',(-45.65415964552,-5.969062115578,
    -0.6384966925));
#3979 = CARTESIAN_POINT('',(-45.56652134147,-5.952459952447,
    -0.76856224641));
#3980 = CARTESIAN_POINT('',(-45.46649794542,-5.935735348721,
    -0.880994118919));
#3981 = CARTESIAN_POINT('',(-45.25384976275,-5.904855657552,
    -1.068468710395));
#3982 = CARTESIAN_POINT('',(-45.13858188171,-5.890278324627,
    -1.146264845469));
#3983 = CARTESIAN_POINT('',(-45.01644248165,-5.877581846658,
    -1.208242691131));
#3984 = CARTESIAN_POINT('',(-44.88964796754,-5.867594159346,
    -1.254396339552));
#3985 = CARTESIAN_POINT('',(-44.76015771389,-5.860826513717,
    -1.284895374635));
#3986 = CARTESIAN_POINT('',(-44.62973476917,-5.857473858243,-1.3));
#3987 = CARTESIAN_POINT('',(-44.36963019022,-5.857473858243,-1.3));
#3988 = CARTESIAN_POINT('',(-44.23918225274,-5.860859058855,
    -1.284747040338));
#3989 = CARTESIAN_POINT('',(-44.11009584819,-5.867637103678,
    -1.254207365845));
#3990 = CARTESIAN_POINT('',(-43.98385156946,-5.877577506105,
    -1.20823410973));
#3991 = CARTESIAN_POINT('',(-43.86208417148,-5.890205585151,
    -1.146590962591));
#3992 = CARTESIAN_POINT('',(-43.74672905665,-5.904771604332,
    -1.068979008343));
#3993 = CARTESIAN_POINT('',(-43.53353471977,-5.935730605247,
    -0.881022917163));
#3994 = CARTESIAN_POINT('',(-43.43349234752,-5.952456611885,
    -0.7685891672));
#3995 = CARTESIAN_POINT('',(-43.34582592084,-5.969064210864,
    -0.638493502665));
#3996 = CARTESIAN_POINT('',(-43.2753004609,-5.983686161577,
    -0.492934664964));
#3997 = CARTESIAN_POINT('',(-43.22573413875,-5.994423975945,
    -0.335197397591));
#3998 = CARTESIAN_POINT('',(-43.2,-6.,-0.169338063437));
#3999 = CARTESIAN_POINT('',(-43.2,-6.,6.661338147751E-16));
#4000 = PCURVE('',#2468,#4001);
#4001 = DEFINITIONAL_REPRESENTATION('',(#4002),#4053);
#4002 = B_SPLINE_CURVE_WITH_KNOTS('',7,(#4003,#4004,#4005,#4006,#4007,
    #4008,#4009,#4010,#4011,#4012,#4013,#4014,#4015,#4016,#4017,#4018,
    #4019,#4020,#4021,#4022,#4023,#4024,#4025,#4026,#4027,#4028,#4029,
    #4030,#4031,#4032,#4033,#4034,#4035,#4036,#4037,#4038,#4039,#4040,
    #4041,#4042,#4043,#4044,#4045,#4046,#4047,#4048,#4049,#4050,#4051,
    #4052),.UNSPECIFIED.,.T.,.F.,(8,6,6,6,6,6,6,6,8),(0.,0.125322966014,
    0.250230423107,0.37512421988,0.500419880938,0.625740030969,
    0.749960785402,0.874789589807,1.),.UNSPECIFIED.);
#4003 = CARTESIAN_POINT('',(-3.14159265359,17.2));
#4004 = CARTESIAN_POINT('',(-3.113359030407,17.2));
#4005 = CARTESIAN_POINT('',(-3.085714202987,17.22575349809));
#4006 = CARTESIAN_POINT('',(-3.05939287532,17.275328095923));
#4007 = CARTESIAN_POINT('',(-3.035035951945,17.34584035448));
#4008 = CARTESIAN_POINT('',(-3.013190109505,17.433478658523));
#4009 = CARTESIAN_POINT('',(-2.994247611774,17.533502054576));
#4010 = CARTESIAN_POINT('',(-2.962494036741,17.746733024446));
#4011 = CARTESIAN_POINT('',(-2.949336464559,17.86208793784));
#4012 = CARTESIAN_POINT('',(-2.938851230219,17.983850729603));
#4013 = CARTESIAN_POINT('',(-2.931012455316,18.110087612148));
#4014 = CARTESIAN_POINT('',(-2.925798513094,18.239167542604));
#4015 = CARTESIAN_POINT('',(-2.923193925634,18.369615927729));
#4016 = CARTESIAN_POINT('',(-2.923193925634,18.63036981301));
#4017 = CARTESIAN_POINT('',(-2.925797941859,18.760817739281));
#4018 = CARTESIAN_POINT('',(-2.931011740576,18.889904157689));
#4019 = CARTESIAN_POINT('',(-2.938850900012,19.016148433236));
#4020 = CARTESIAN_POINT('',(-2.94933672689,19.137915822238));
#4021 = CARTESIAN_POINT('',(-2.962494628031,19.253270946171));
#4022 = CARTESIAN_POINT('',(-2.994245292691,19.466482372366));
#4023 = CARTESIAN_POINT('',(-3.013187589394,19.566512368092));
#4024 = CARTESIAN_POINT('',(-3.035035561398,19.654164265681));
#4025 = CARTESIAN_POINT('',(-3.059395938438,19.724684799132));
#4026 = CARTESIAN_POINT('',(-3.085720087919,19.774256567373));
#4027 = CARTESIAN_POINT('',(-3.113364547576,19.8));
#4028 = CARTESIAN_POINT('',(-3.169826276773,19.8));
#4029 = CARTESIAN_POINT('',(-3.197471104192,19.77424650191));
#4030 = CARTESIAN_POINT('',(-3.22379243186,19.724671904077));
#4031 = CARTESIAN_POINT('',(-3.248149355235,19.654159645521));
#4032 = CARTESIAN_POINT('',(-3.269995197674,19.566521341477));
#4033 = CARTESIAN_POINT('',(-3.288937695406,19.466497945424));
#4034 = CARTESIAN_POINT('',(-3.320604483904,19.253849762752));
#4035 = CARTESIAN_POINT('',(-3.333792960469,19.138581881711));
#4036 = CARTESIAN_POINT('',(-3.344335650287,19.016442481659));
#4037 = CARTESIAN_POINT('',(-3.352205837537,18.889647967545));
#4038 = CARTESIAN_POINT('',(-3.357412689142,18.760157713897));
#4039 = CARTESIAN_POINT('',(-3.359991381545,18.629734769171));
#4040 = CARTESIAN_POINT('',(-3.359991381545,18.369630190227));
#4041 = CARTESIAN_POINT('',(-3.357387365454,18.239182252742));
#4042 = CARTESIAN_POINT('',(-3.35217356596,18.110095848191));
#4043 = CARTESIAN_POINT('',(-3.344334408389,17.983851569467));
#4044 = CARTESIAN_POINT('',(-3.333848579187,17.862084171488));
#4045 = CARTESIAN_POINT('',(-3.320690679569,17.746729056653));
#4046 = CARTESIAN_POINT('',(-3.288942559787,17.533534719772));
#4047 = CARTESIAN_POINT('',(-3.269999716091,17.433492347521));
#4048 = CARTESIAN_POINT('',(-3.248148776564,17.345825920849));
#4049 = CARTESIAN_POINT('',(-3.223784966687,17.275300460908));
#4050 = CARTESIAN_POINT('',(-3.19745892756,17.225734138757));
#4051 = CARTESIAN_POINT('',(-3.169815664163,17.2));
#4052 = CARTESIAN_POINT('',(-3.14159265359,17.2));
#4053 = ( GEOMETRIC_REPRESENTATION_CONTEXT(2) 
PARAMETRIC_REPRESENTATION_CONTEXT() REPRESENTATION_CONTEXT('2D SPACE',''
  ) );
#4054 = PCURVE('',#4055,#4060);
#4055 = CYLINDRICAL_SURFACE('',#4056,1.3);
#4056 = AXIS2_PLACEMENT_3D('',#4057,#4058,#4059);
#4057 = CARTESIAN_POINT('',(-44.5,0.,0.));
#4058 = DIRECTION('',(-0.,1.,-1.224646799147E-16));
#4059 = DIRECTION('',(1.,0.,0.));
#4060 = DEFINITIONAL_REPRESENTATION('',(#4061),#4112);
#4061 = B_SPLINE_CURVE_WITH_KNOTS('',7,(#4062,#4063,#4064,#4065,#4066,
    #4067,#4068,#4069,#4070,#4071,#4072,#4073,#4074,#4075,#4076,#4077,
    #4078,#4079,#4080,#4081,#4082,#4083,#4084,#4085,#4086,#4087,#4088,
    #4089,#4090,#4091,#4092,#4093,#4094,#4095,#4096,#4097,#4098,#4099,
    #4100,#4101,#4102,#4103,#4104,#4105,#4106,#4107,#4108,#4109,#4110,
    #4111),.UNSPECIFIED.,.F.,.F.,(8,6,6,6,6,6,6,6,8),(0.,0.125322966014,
    0.250230423107,0.37512421988,0.500419880938,0.625740030969,
    0.749960785402,0.874789589807,1.),.UNSPECIFIED.);
#4062 = CARTESIAN_POINT('',(0.,-6.));
#4063 = CARTESIAN_POINT('',(-0.130309030076,-6.));
#4064 = CARTESIAN_POINT('',(-0.257900281371,-5.994419783096));
#4065 = CARTESIAN_POINT('',(-0.3828290415,-5.983680160105));
#4066 = CARTESIAN_POINT('',(-0.50492934264,-5.969062115578));
#4067 = CARTESIAN_POINT('',(-0.623806783608,-5.952459952447));
#4068 = CARTESIAN_POINT('',(-0.738715444534,-5.935735348721));
#4069 = CARTESIAN_POINT('',(-0.957381492293,-5.904771028149));
#4070 = CARTESIAN_POINT('',(-1.063422680236,-5.890205198595));
#4071 = CARTESIAN_POINT('',(-1.167160413596,-5.877577842618));
#4072 = CARTESIAN_POINT('',(-1.269215473608,-5.867638023144));
#4073 = CARTESIAN_POINT('',(-1.370156073898,-5.860859804532));
#4074 = CARTESIAN_POINT('',(-1.470500886586,-5.857473858243));
#4075 = CARTESIAN_POINT('',(-1.671080798341,-5.857473858243));
#4076 = CARTESIAN_POINT('',(-1.771425246966,-5.860859058964));
#4077 = CARTESIAN_POINT('',(-1.872370330756,-5.867637103079));
#4078 = CARTESIAN_POINT('',(-1.974430984423,-5.877577507298));
#4079 = CARTESIAN_POINT('',(-2.078172926276,-5.890205584062));
#4080 = CARTESIAN_POINT('',(-2.184215233122,-5.904771604742));
#4081 = CARTESIAN_POINT('',(-2.402861239054,-5.935733087281));
#4082 = CARTESIAN_POINT('',(-2.517773066486,-5.952458004036));
#4083 = CARTESIAN_POINT('',(-2.636663768951,-5.969062601307));
#4084 = CARTESIAN_POINT('',(-2.758779738117,-5.983682945875));
#4085 = CARTESIAN_POINT('',(-2.883719537713,-5.9944219686));
#4086 = CARTESIAN_POINT('',(-3.011309087372,-6.));
#4087 = CARTESIAN_POINT('',(-3.271901683665,-6.));
#4088 = CARTESIAN_POINT('',(-3.399492934961,-5.994419783096));
#4089 = CARTESIAN_POINT('',(-3.52442169509,-5.983680160105));
#4090 = CARTESIAN_POINT('',(-3.64652199623,-5.969062115578));
#4091 = CARTESIAN_POINT('',(-3.765399437198,-5.952459952447));
#4092 = CARTESIAN_POINT('',(-3.880308098123,-5.935735348721));
#4093 = CARTESIAN_POINT('',(-4.098376503931,-5.904855657552));
#4094 = CARTESIAN_POINT('',(-4.204462671947,-5.890278324627));
#4095 = CARTESIAN_POINT('',(-4.30855345574,-5.877581846658));
#4096 = CARTESIAN_POINT('',(-4.411037610621,-5.867594159346));
#4097 = CARTESIAN_POINT('',(-4.512267177266,-5.860826513717));
#4098 = CARTESIAN_POINT('',(-4.6125930041,-5.857473858243));
#4099 = CARTESIAN_POINT('',(-4.812673449441,-5.857473858243));
#4100 = CARTESIAN_POINT('',(-4.913017906385,-5.860859058855));
#4101 = CARTESIAN_POINT('',(-5.013962981026,-5.867637103678));
#4102 = CARTESIAN_POINT('',(-5.116023633849,-5.877577506105));
#4103 = CARTESIAN_POINT('',(-5.219765586538,-5.890205585151));
#4104 = CARTESIAN_POINT('',(-5.325807883815,-5.904771604332));
#4105 = CARTESIAN_POINT('',(-5.544436364842,-5.935730605247));
#4106 = CARTESIAN_POINT('',(-5.659356939648,-5.952456611885));
#4107 = CARTESIAN_POINT('',(-5.778263902196,-5.969064210864));
#4108 = CARTESIAN_POINT('',(-5.900394544933,-5.983686161577));
#4109 = CARTESIAN_POINT('',(-6.025341236755,-5.994423975945));
#4110 = CARTESIAN_POINT('',(-6.152925258382,-6.));
#4111 = CARTESIAN_POINT('',(-6.28318530718,-6.));
#4112 = ( GEOMETRIC_REPRESENTATION_CONTEXT(2) 
PARAMETRIC_REPRESENTATION_CONTEXT() REPRESENTATION_CONTEXT('2D SPACE',''
  ) );
#4113 = ADVANCED_FACE('',(#4114),#2503,.F.);
#4114 = FACE_BOUND('',#4115,.T.);
#4115 = EDGE_LOOP('',(#4116,#4117,#4140,#4167));
#4116 = ORIENTED_EDGE('',*,*,#2482,.F.);
#4117 = ORIENTED_EDGE('',*,*,#4118,.T.);
#4118 = EDGE_CURVE('',#2483,#4119,#4121,.T.);
#4119 = VERTEX_POINT('',#4120);
#4120 = CARTESIAN_POINT('',(-32.,5.,0.));
#4121 = SEAM_CURVE('',#4122,(#4126,#4133),.PCURVE_S1.);
#4122 = LINE('',#4123,#4124);
#4123 = CARTESIAN_POINT('',(-25.99,5.,0.));
#4124 = VECTOR('',#4125,1.);
#4125 = DIRECTION('',(-1.,0.,0.));
#4126 = PCURVE('',#2503,#4127);
#4127 = DEFINITIONAL_REPRESENTATION('',(#4128),#4132);
#4128 = LINE('',#4129,#4130);
#4129 = CARTESIAN_POINT('',(-0.,0.));
#4130 = VECTOR('',#4131,1.);
#4131 = DIRECTION('',(-0.,1.));
#4132 = ( GEOMETRIC_REPRESENTATION_CONTEXT(2) 
PARAMETRIC_REPRESENTATION_CONTEXT() REPRESENTATION_CONTEXT('2D SPACE',''
  ) );
#4133 = PCURVE('',#2503,#4134);
#4134 = DEFINITIONAL_REPRESENTATION('',(#4135),#4139);
#4135 = LINE('',#4136,#4137);
#4136 = CARTESIAN_POINT('',(-6.28318530718,0.));
#4137 = VECTOR('',#4138,1.);
#4138 = DIRECTION('',(-0.,1.));
#4139 = ( GEOMETRIC_REPRESENTATION_CONTEXT(2) 
PARAMETRIC_REPRESENTATION_CONTEXT() REPRESENTATION_CONTEXT('2D SPACE',''
  ) );
#4140 = ORIENTED_EDGE('',*,*,#4141,.F.);
#4141 = EDGE_CURVE('',#4119,#4119,#4142,.T.);
#4142 = SURFACE_CURVE('',#4143,(#4148,#4155),.PCURVE_S1.);
#4143 = CIRCLE('',#4144,5.);
#4144 = AXIS2_PLACEMENT_3D('',#4145,#4146,#4147);
#4145 = CARTESIAN_POINT('',(-32.,0.,0.));
#4146 = DIRECTION('',(1.,0.,0.));
#4147 = DIRECTION('',(-0.,1.,0.));
#4148 = PCURVE('',#2503,#4149);
#4149 = DEFINITIONAL_REPRESENTATION('',(#4150),#4154);
#4150 = LINE('',#4151,#4152);
#4151 = CARTESIAN_POINT('',(-0.,6.01));
#4152 = VECTOR('',#4153,1.);
#4153 = DIRECTION('',(-1.,0.));
#4154 = ( GEOMETRIC_REPRESENTATION_CONTEXT(2) 
PARAMETRIC_REPRESENTATION_CONTEXT() REPRESENTATION_CONTEXT('2D SPACE',''
  ) );
#4155 = PCURVE('',#4156,#4161);
#4156 = PLANE('',#4157);
#4157 = AXIS2_PLACEMENT_3D('',#4158,#4159,#4160);
#4158 = CARTESIAN_POINT('',(-32.,0.,0.));
#4159 = DIRECTION('',(1.,0.,0.));
#4160 = DIRECTION('',(-0.,1.,0.));
#4161 = DEFINITIONAL_REPRESENTATION('',(#4162),#4166);
#4162 = CIRCLE('',#4163,5.);
#4163 = AXIS2_PLACEMENT_2D('',#4164,#4165);
#4164 = CARTESIAN_POINT('',(0.,0.));
#4165 = DIRECTION('',(1.,0.));
#4166 = ( GEOMETRIC_REPRESENTATION_CONTEXT(2) 
PARAMETRIC_REPRESENTATION_CONTEXT() REPRESENTATION_CONTEXT('2D SPACE',''
  ) );
#4167 = ORIENTED_EDGE('',*,*,#4118,.F.);
#4168 = ADVANCED_FACE('',(#4169),#2604,.F.);
#4169 = FACE_BOUND('',#4170,.T.);
#4170 = EDGE_LOOP('',(#4171,#4270,#4291,#4292,#4293,#4294));
#4171 = ORIENTED_EDGE('',*,*,#4172,.F.);
#4172 = EDGE_CURVE('',#4173,#4175,#4177,.T.);
#4173 = VERTEX_POINT('',#4174);
#4174 = CARTESIAN_POINT('',(-36.2,4.5,0.));
#4175 = VERTEX_POINT('',#4176);
#4176 = CARTESIAN_POINT('',(-38.8,4.5,0.));
#4177 = SURFACE_CURVE('',#4178,(#4205,#4235),.PCURVE_S1.);
#4178 = B_SPLINE_CURVE_WITH_KNOTS('',7,(#4179,#4180,#4181,#4182,#4183,
    #4184,#4185,#4186,#4187,#4188,#4189,#4190,#4191,#4192,#4193,#4194,
    #4195,#4196,#4197,#4198,#4199,#4200,#4201,#4202,#4203,#4204),
  .UNSPECIFIED.,.F.,.F.,(8,6,6,6,8),(0.,0.240936889469,0.500027331214,
    0.75913217451,1.),.UNSPECIFIED.);
#4179 = CARTESIAN_POINT('',(-36.2,4.5,-4.440892098501E-16));
#4180 = CARTESIAN_POINT('',(-36.2,4.5,-0.162629836006));
#4181 = CARTESIAN_POINT('',(-36.2237356508,4.493142659883,
    -0.322010262042));
#4182 = CARTESIAN_POINT('',(-36.26950069178,4.479923586271,
    -0.474046427447));
#4183 = CARTESIAN_POINT('',(-36.33477998448,4.461783049202,
    -0.61513041355));
#4184 = CARTESIAN_POINT('',(-36.41624261106,4.440861226804,
    -0.742277242864));
#4185 = CARTESIAN_POINT('',(-36.50969823821,4.419392690845,
    -0.853386238546));
#4186 = CARTESIAN_POINT('',(-36.71804327805,4.377245602309,
    -1.049035253729));
#4187 = CARTESIAN_POINT('',(-36.83637532211,4.356271871894,
    -1.133157017775));
#4188 = CARTESIAN_POINT('',(-36.96219616472,4.337835605498,
    -1.200096978453));
#4189 = CARTESIAN_POINT('',(-37.09325167775,4.323193204008,
    -1.250087443287));
#4190 = CARTESIAN_POINT('',(-37.22766291704,4.313157288214,
    -1.283345941249));
#4191 = CARTESIAN_POINT('',(-37.36377400995,4.308131845708,-1.3));
#4192 = CARTESIAN_POINT('',(-37.63623356217,4.308131845708,-1.3));
#4193 = CARTESIAN_POINT('',(-37.77234459489,4.313157841666,
    -1.283344103148));
#4194 = CARTESIAN_POINT('',(-37.9067520466,4.323193878073,
    -1.250085221986));
#4195 = CARTESIAN_POINT('',(-38.03780344345,4.337835723876,
    -1.200096240421));
#4196 = CARTESIAN_POINT('',(-38.16362216455,4.356271476887,
    -1.133158355558));
#4197 = CARTESIAN_POINT('',(-38.28195470288,4.377245193863,
    -1.049037149756));
#4198 = CARTESIAN_POINT('',(-38.49026928373,4.419386120709,
    -0.853416737465));
#4199 = CARTESIAN_POINT('',(-38.58374101775,4.440856238928,
    -0.74230773914));
#4200 = CARTESIAN_POINT('',(-38.66523103618,4.461785086055,
    -0.615132229097));
#4201 = CARTESIAN_POINT('',(-38.73052510679,4.479931000765,
    -0.474005915705));
#4202 = CARTESIAN_POINT('',(-38.77628360029,4.493148244429,
    -0.321937901478));
#4203 = CARTESIAN_POINT('',(-38.8,4.5,-0.162563830668));
#4204 = CARTESIAN_POINT('',(-38.8,4.5,0.));
#4205 = PCURVE('',#2604,#4206);
#4206 = DEFINITIONAL_REPRESENTATION('',(#4207),#4234);
#4207 = B_SPLINE_CURVE_WITH_KNOTS('',7,(#4208,#4209,#4210,#4211,#4212,
    #4213,#4214,#4215,#4216,#4217,#4218,#4219,#4220,#4221,#4222,#4223,
    #4224,#4225,#4226,#4227,#4228,#4229,#4230,#4231,#4232,#4233),
  .UNSPECIFIED.,.F.,.F.,(8,6,6,6,8),(0.,0.240936889469,0.500027331214,
    0.75913217451,1.),.UNSPECIFIED.);
#4208 = CARTESIAN_POINT('',(0.,-4.5));
#4209 = CARTESIAN_POINT('',(-0.12509987385,-4.5));
#4210 = CARTESIAN_POINT('',(-0.247700145848,-4.493142659883));
#4211 = CARTESIAN_POINT('',(-0.36784899878,-4.479923586271));
#4212 = CARTESIAN_POINT('',(-0.485393328099,-4.461783049202));
#4213 = CARTESIAN_POINT('',(-0.599966820568,-4.440861226804));
#4214 = CARTESIAN_POINT('',(-0.710878831329,-4.419392690845));
#4215 = CARTESIAN_POINT('',(-0.930731111975,-4.377245602309));
#4216 = CARTESIAN_POINT('',(-1.041381704342,-4.356271871894));
#4217 = CARTESIAN_POINT('',(-1.149598020661,-4.337835605498));
#4218 = CARTESIAN_POINT('',(-1.256033285711,-4.323193204008));
#4219 = CARTESIAN_POINT('',(-1.361306342227,-4.313157288214));
#4220 = CARTESIAN_POINT('',(-1.46600710368,-4.308131845708));
#4221 = CARTESIAN_POINT('',(-1.675591374622,-4.308131845708));
#4222 = CARTESIAN_POINT('',(-1.780292081098,-4.313157841666));
#4223 = CARTESIAN_POINT('',(-1.885562557037,-4.323193878073));
#4224 = CARTESIAN_POINT('',(-1.991994648381,-4.337835723876));
#4225 = CARTESIAN_POINT('',(-2.100208839995,-4.356271476887));
#4226 = CARTESIAN_POINT('',(-2.210859411035,-4.377245193863));
#4227 = CARTESIAN_POINT('',(-2.430679550394,-4.419386120709));
#4228 = CARTESIAN_POINT('',(-2.541600605629,-4.440856238928));
#4229 = CARTESIAN_POINT('',(-2.656202613818,-4.461785086055));
#4230 = CARTESIAN_POINT('',(-2.773778667361,-4.479931000765));
#4231 = CARTESIAN_POINT('',(-2.893948175499,-4.493148244429));
#4232 = CARTESIAN_POINT('',(-3.016543553076,-4.5));
#4233 = CARTESIAN_POINT('',(-3.14159265359,-4.5));
#4234 = ( GEOMETRIC_REPRESENTATION_CONTEXT(2) 
PARAMETRIC_REPRESENTATION_CONTEXT() REPRESENTATION_CONTEXT('2D SPACE',''
  ) );
#4235 = PCURVE('',#4236,#4241);
#4236 = CYLINDRICAL_SURFACE('',#4237,4.5);
#4237 = AXIS2_PLACEMENT_3D('',#4238,#4239,#4240);
#4238 = CARTESIAN_POINT('',(-32.,0.,0.));
#4239 = DIRECTION('',(-1.,-0.,-0.));
#4240 = DIRECTION('',(0.,1.,0.));
#4241 = DEFINITIONAL_REPRESENTATION('',(#4242),#4269);
#4242 = B_SPLINE_CURVE_WITH_KNOTS('',7,(#4243,#4244,#4245,#4246,#4247,
    #4248,#4249,#4250,#4251,#4252,#4253,#4254,#4255,#4256,#4257,#4258,
    #4259,#4260,#4261,#4262,#4263,#4264,#4265,#4266,#4267,#4268),
  .UNSPECIFIED.,.F.,.F.,(8,6,6,6,8),(0.,0.240936889469,0.500027331214,
    0.75913217451,1.),.UNSPECIFIED.);
#4243 = CARTESIAN_POINT('',(-6.28318530718,4.2));
#4244 = CARTESIAN_POINT('',(-6.247045343623,4.2));
#4245 = CARTESIAN_POINT('',(-6.211627410344,4.223735650804));
#4246 = CARTESIAN_POINT('',(-6.177764822844,4.26950069178));
#4247 = CARTESIAN_POINT('',(-6.146194511372,4.334779984484));
#4248 = CARTESIAN_POINT('',(-6.117577840111,4.416242611067));
#4249 = CARTESIAN_POINT('',(-6.092436030619,4.509698238214));
#4250 = CARTESIAN_POINT('',(-6.047961088742,4.71804327805));
#4251 = CARTESIAN_POINT('',(-6.028705060897,4.836375322116));
#4252 = CARTESIAN_POINT('',(-6.013280309262,4.962196164728));
#4253 = CARTESIAN_POINT('',(-6.001704912823,5.093251677751));
#4254 = CARTESIAN_POINT('',(-5.993984999035,5.227662917046));
#4255 = CARTESIAN_POINT('',(-5.990119268856,5.363774009951));
#4256 = CARTESIAN_POINT('',(-5.990119268856,5.636233562175));
#4257 = CARTESIAN_POINT('',(-5.993985426073,5.772344594891));
#4258 = CARTESIAN_POINT('',(-6.001705427714,5.906752046605));
#4259 = CARTESIAN_POINT('',(-6.01328047455,6.037803443456));
#4260 = CARTESIAN_POINT('',(-6.028704751577,6.163622164557));
#4261 = CARTESIAN_POINT('',(-6.047960657737,6.281954702887));
#4262 = CARTESIAN_POINT('',(-6.092429097604,6.490269283736));
#4263 = CARTESIAN_POINT('',(-6.117570978795,6.58374101775));
#4264 = CARTESIAN_POINT('',(-6.146194207493,6.665231036188));
#4265 = CARTESIAN_POINT('',(-6.177773918223,6.730525106799));
#4266 = CARTESIAN_POINT('',(-6.211643493085,6.776283600293));
#4267 = CARTESIAN_POINT('',(-6.247060011476,6.8));
#4268 = CARTESIAN_POINT('',(-6.28318530718,6.8));
#4269 = ( GEOMETRIC_REPRESENTATION_CONTEXT(2) 
PARAMETRIC_REPRESENTATION_CONTEXT() REPRESENTATION_CONTEXT('2D SPACE',''
  ) );
#4270 = ORIENTED_EDGE('',*,*,#4271,.T.);
#4271 = EDGE_CURVE('',#4173,#2520,#4272,.T.);
#4272 = SEAM_CURVE('',#4273,(#4277,#4284),.PCURVE_S1.);
#4273 = LINE('',#4274,#4275);
#4274 = CARTESIAN_POINT('',(-36.2,0.,0.));
#4275 = VECTOR('',#4276,1.);
#4276 = DIRECTION('',(0.,1.,0.));
#4277 = PCURVE('',#2604,#4278);
#4278 = DEFINITIONAL_REPRESENTATION('',(#4279),#4283);
#4279 = LINE('',#4280,#4281);
#4280 = CARTESIAN_POINT('',(-6.28318530718,0.));
#4281 = VECTOR('',#4282,1.);
#4282 = DIRECTION('',(-0.,-1.));
#4283 = ( GEOMETRIC_REPRESENTATION_CONTEXT(2) 
PARAMETRIC_REPRESENTATION_CONTEXT() REPRESENTATION_CONTEXT('2D SPACE',''
  ) );
#4284 = PCURVE('',#2604,#4285);
#4285 = DEFINITIONAL_REPRESENTATION('',(#4286),#4290);
#4286 = LINE('',#4287,#4288);
#4287 = CARTESIAN_POINT('',(-0.,0.));
#4288 = VECTOR('',#4289,1.);
#4289 = DIRECTION('',(-0.,-1.));
#4290 = ( GEOMETRIC_REPRESENTATION_CONTEXT(2) 
PARAMETRIC_REPRESENTATION_CONTEXT() REPRESENTATION_CONTEXT('2D SPACE',''
  ) );
#4291 = ORIENTED_EDGE('',*,*,#2542,.T.);
#4292 = ORIENTED_EDGE('',*,*,#2901,.T.);
#4293 = ORIENTED_EDGE('',*,*,#4271,.F.);
#4294 = ORIENTED_EDGE('',*,*,#4295,.F.);
#4295 = EDGE_CURVE('',#4175,#4173,#4296,.T.);
#4296 = SURFACE_CURVE('',#4297,(#4324,#4354),.PCURVE_S1.);
#4297 = B_SPLINE_CURVE_WITH_KNOTS('',7,(#4298,#4299,#4300,#4301,#4302,
    #4303,#4304,#4305,#4306,#4307,#4308,#4309,#4310,#4311,#4312,#4313,
    #4314,#4315,#4316,#4317,#4318,#4319,#4320,#4321,#4322,#4323),
  .UNSPECIFIED.,.F.,.F.,(8,6,6,6,8),(0.,0.240938118945,0.500034728573,
    0.759131334269,1.),.UNSPECIFIED.);
#4298 = CARTESIAN_POINT('',(-38.8,4.5,4.977139308605E-16));
#4299 = CARTESIAN_POINT('',(-38.8,4.5,0.162629836006));
#4300 = CARTESIAN_POINT('',(-38.77626434919,4.493142659883,
    0.322010262042));
#4301 = CARTESIAN_POINT('',(-38.73049930822,4.479923586271,
    0.474046427447));
#4302 = CARTESIAN_POINT('',(-38.66522001551,4.461783049202,0.61513041355
    ));
#4303 = CARTESIAN_POINT('',(-38.58375738893,4.440861226804,
    0.742277242864));
#4304 = CARTESIAN_POINT('',(-38.49030176178,4.419392690845,
    0.853386238546));
#4305 = CARTESIAN_POINT('',(-38.28195470288,4.377245193863,
    1.049037149756));
#4306 = CARTESIAN_POINT('',(-38.16362216455,4.356271476887,
    1.133158355558));
#4307 = CARTESIAN_POINT('',(-38.03780344345,4.337835723876,
    1.200096240422));
#4308 = CARTESIAN_POINT('',(-37.9067520466,4.323193878073,1.250085221986
    ));
#4309 = CARTESIAN_POINT('',(-37.77234459489,4.313157841666,
    1.283344103148));
#4310 = CARTESIAN_POINT('',(-37.63623356217,4.308131845708,1.3));
#4311 = CARTESIAN_POINT('',(-37.36376643989,4.308131845708,1.3));
#4312 = CARTESIAN_POINT('',(-37.22765539995,4.313157841576,
    1.283344103672));
#4313 = CARTESIAN_POINT('',(-37.09324795729,4.323193878588,
    1.250085219449));
#4314 = CARTESIAN_POINT('',(-36.96219655812,4.337835722835,
    1.200096245255));
#4315 = CARTESIAN_POINT('',(-36.83637783151,4.356271477844,1.13315835118
    ));
#4316 = CARTESIAN_POINT('',(-36.71804529889,4.377245193502,
    1.049037151432));
#4317 = CARTESIAN_POINT('',(-36.50972717376,4.419386837337,0.85341341084
    ));
#4318 = CARTESIAN_POINT('',(-36.4162541694,4.440857403573,0.742301569618
    ));
#4319 = CARTESIAN_POINT('',(-36.33476672796,4.461785817119,
    0.615126261872));
#4320 = CARTESIAN_POINT('',(-36.26947616518,4.479930686174,
    0.474004540744));
#4321 = CARTESIAN_POINT('',(-36.22371863872,4.493147571385,
    0.321942978444));
#4322 = CARTESIAN_POINT('',(-36.2,4.5,0.162571552268));
#4323 = CARTESIAN_POINT('',(-36.2,4.5,1.592040838892E-16));
#4324 = PCURVE('',#2604,#4325);
#4325 = DEFINITIONAL_REPRESENTATION('',(#4326),#4353);
#4326 = B_SPLINE_CURVE_WITH_KNOTS('',7,(#4327,#4328,#4329,#4330,#4331,
    #4332,#4333,#4334,#4335,#4336,#4337,#4338,#4339,#4340,#4341,#4342,
    #4343,#4344,#4345,#4346,#4347,#4348,#4349,#4350,#4351,#4352),
  .UNSPECIFIED.,.F.,.F.,(8,6,6,6,8),(0.,0.240938118945,0.500034728573,
    0.759131334269,1.),.UNSPECIFIED.);
#4327 = CARTESIAN_POINT('',(-3.14159265359,-4.5));
#4328 = CARTESIAN_POINT('',(-3.26669252744,-4.5));
#4329 = CARTESIAN_POINT('',(-3.389292799438,-4.493142659883));
#4330 = CARTESIAN_POINT('',(-3.50944165237,-4.479923586271));
#4331 = CARTESIAN_POINT('',(-3.626985981689,-4.461783049202));
#4332 = CARTESIAN_POINT('',(-3.741559474158,-4.440861226804));
#4333 = CARTESIAN_POINT('',(-3.852471484918,-4.419392690845));
#4334 = CARTESIAN_POINT('',(-4.072325896145,-4.377245193863));
#4335 = CARTESIAN_POINT('',(-4.182976467185,-4.356271476887));
#4336 = CARTESIAN_POINT('',(-4.291190658798,-4.337835723876));
#4337 = CARTESIAN_POINT('',(-4.397622750143,-4.323193878073));
#4338 = CARTESIAN_POINT('',(-4.502893226082,-4.313157841666));
#4339 = CARTESIAN_POINT('',(-4.607593932557,-4.308131845708));
#4340 = CARTESIAN_POINT('',(-4.817184026622,-4.308131845708));
#4341 = CARTESIAN_POINT('',(-4.921884738435,-4.313157841576));
#4342 = CARTESIAN_POINT('',(-5.027155208472,-4.323193878588));
#4343 = CARTESIAN_POINT('',(-5.133587299296,-4.337835722835));
#4344 = CARTESIAN_POINT('',(-5.241801497904,-4.356271477844));
#4345 = CARTESIAN_POINT('',(-5.352452062741,-4.377245193502));
#4346 = CARTESIAN_POINT('',(-5.572275942139,-4.419386837337));
#4347 = CARTESIAN_POINT('',(-5.683199203144,-4.440857403573));
#4348 = CARTESIAN_POINT('',(-5.797799883369,-4.461785817119));
#4349 = CARTESIAN_POINT('',(-5.915371929451,-4.479930686174));
#4350 = CARTESIAN_POINT('',(-6.03553692562,-4.493147571385));
#4351 = CARTESIAN_POINT('',(-6.158130266973,-4.5));
#4352 = CARTESIAN_POINT('',(-6.28318530718,-4.5));
#4353 = ( GEOMETRIC_REPRESENTATION_CONTEXT(2) 
PARAMETRIC_REPRESENTATION_CONTEXT() REPRESENTATION_CONTEXT('2D SPACE',''
  ) );
#4354 = PCURVE('',#4236,#4355);
#4355 = DEFINITIONAL_REPRESENTATION('',(#4356),#4383);
#4356 = B_SPLINE_CURVE_WITH_KNOTS('',7,(#4357,#4358,#4359,#4360,#4361,
    #4362,#4363,#4364,#4365,#4366,#4367,#4368,#4369,#4370,#4371,#4372,
    #4373,#4374,#4375,#4376,#4377,#4378,#4379,#4380,#4381,#4382),
  .UNSPECIFIED.,.F.,.F.,(8,6,6,6,8),(0.,0.240938118945,0.500034728573,
    0.759131334269,1.),.UNSPECIFIED.);
#4357 = CARTESIAN_POINT('',(0.,6.8));
#4358 = CARTESIAN_POINT('',(-3.613996355679E-02,6.8));
#4359 = CARTESIAN_POINT('',(-7.155789683557E-02,6.776264349196));
#4360 = CARTESIAN_POINT('',(-0.105420484336,6.73049930822));
#4361 = CARTESIAN_POINT('',(-0.136990795807,6.665220015516));
#4362 = CARTESIAN_POINT('',(-0.165607467069,6.583757388933));
#4363 = CARTESIAN_POINT('',(-0.19074927656,6.490301761786));
#4364 = CARTESIAN_POINT('',(-0.235224649443,6.281954702886));
#4365 = CARTESIAN_POINT('',(-0.254480555603,6.163622164557));
#4366 = CARTESIAN_POINT('',(-0.269904832629,6.037803443455));
#4367 = CARTESIAN_POINT('',(-0.281479879465,5.906752046606));
#4368 = CARTESIAN_POINT('',(-0.289199881106,5.772344594891));
#4369 = CARTESIAN_POINT('',(-0.293066038324,5.636233562175));
#4370 = CARTESIAN_POINT('',(-0.293066038324,5.363766439892));
#4371 = CARTESIAN_POINT('',(-0.289199881224,5.227655399958));
#4372 = CARTESIAN_POINT('',(-0.28147987889,5.093247957293));
#4373 = CARTESIAN_POINT('',(-0.269904833728,4.96219655812));
#4374 = CARTESIAN_POINT('',(-0.254480554607,4.836377831516));
#4375 = CARTESIAN_POINT('',(-0.235224649824,4.718045298898));
#4376 = CARTESIAN_POINT('',(-0.190755453367,4.509727173768));
#4377 = CARTESIAN_POINT('',(-0.165612931815,4.416254169403));
#4378 = CARTESIAN_POINT('',(-0.136989773341,4.334766727965));
#4379 = CARTESIAN_POINT('',(-0.105411088547,4.269476165183));
#4380 = CARTESIAN_POINT('',(-7.154294596317E-02,4.223718638721));
#4381 = CARTESIAN_POINT('',(-3.61270116151E-02,4.2));
#4382 = CARTESIAN_POINT('',(0.,4.2));
#4383 = ( GEOMETRIC_REPRESENTATION_CONTEXT(2) 
PARAMETRIC_REPRESENTATION_CONTEXT() REPRESENTATION_CONTEXT('2D SPACE',''
  ) );
#4384 = ADVANCED_FACE('',(#4385),#2724,.F.);
#4385 = FACE_BOUND('',#4386,.T.);
#4386 = EDGE_LOOP('',(#4387,#4481,#4502,#4503,#4504,#4505));
#4387 = ORIENTED_EDGE('',*,*,#4388,.F.);
#4388 = EDGE_CURVE('',#4389,#4391,#4393,.T.);
#4389 = VERTEX_POINT('',#4390);
#4390 = CARTESIAN_POINT('',(-43.2,4.5,0.));
#4391 = VERTEX_POINT('',#4392);
#4392 = CARTESIAN_POINT('',(-45.8,4.5,0.));
#4393 = SURFACE_CURVE('',#4394,(#4421,#4451),.PCURVE_S1.);
#4394 = B_SPLINE_CURVE_WITH_KNOTS('',7,(#4395,#4396,#4397,#4398,#4399,
    #4400,#4401,#4402,#4403,#4404,#4405,#4406,#4407,#4408,#4409,#4410,
    #4411,#4412,#4413,#4414,#4415,#4416,#4417,#4418,#4419,#4420),
  .UNSPECIFIED.,.F.,.F.,(8,6,6,6,8),(0.,0.240936892257,0.500027336999,
    0.75913217936,1.),.UNSPECIFIED.);
#4395 = CARTESIAN_POINT('',(-43.2,4.5,-4.440892098501E-16));
#4396 = CARTESIAN_POINT('',(-43.2,4.5,-0.162629836006));
#4397 = CARTESIAN_POINT('',(-43.2237356508,4.493142659883,
    -0.322010262042));
#4398 = CARTESIAN_POINT('',(-43.26950069178,4.479923586271,
    -0.474046427447));
#4399 = CARTESIAN_POINT('',(-43.33477998448,4.461783049202,
    -0.615130413549));
#4400 = CARTESIAN_POINT('',(-43.41624261106,4.440861226804,
    -0.742277242864));
#4401 = CARTESIAN_POINT('',(-43.50969823821,4.419392690845,
    -0.853386238546));
#4402 = CARTESIAN_POINT('',(-43.71804327804,4.377245602309,
    -1.049035253729));
#4403 = CARTESIAN_POINT('',(-43.83637532211,4.356271871894,
    -1.133157017775));
#4404 = CARTESIAN_POINT('',(-43.96219616472,4.337835605498,
    -1.200096978453));
#4405 = CARTESIAN_POINT('',(-44.09325167775,4.323193204008,
    -1.250087443287));
#4406 = CARTESIAN_POINT('',(-44.22766291704,4.313157288214,
    -1.283345941249));
#4407 = CARTESIAN_POINT('',(-44.36377400995,4.308131845708,-1.3));
#4408 = CARTESIAN_POINT('',(-44.6362335601,4.308131845708,-1.3));
#4409 = CARTESIAN_POINT('',(-44.77234460004,4.313157841576,
    -1.283344103672));
#4410 = CARTESIAN_POINT('',(-44.9067520427,4.323193878588,
    -1.250085219449));
#4411 = CARTESIAN_POINT('',(-45.03780344188,4.337835722835,
    -1.200096245255));
#4412 = CARTESIAN_POINT('',(-45.16362216848,4.356271477844,
    -1.13315835118));
#4413 = CARTESIAN_POINT('',(-45.2819547011,4.377245193502,
    -1.049037151432));
#4414 = CARTESIAN_POINT('',(-45.49026928373,4.419386120709,
    -0.853416737465));
#4415 = CARTESIAN_POINT('',(-45.58374101775,4.440856238928,
    -0.742307739141));
#4416 = CARTESIAN_POINT('',(-45.66523103618,4.461785086055,
    -0.615132229097));
#4417 = CARTESIAN_POINT('',(-45.73052510679,4.479931000765,
    -0.474005915706));
#4418 = CARTESIAN_POINT('',(-45.77628360029,4.493148244429,
    -0.321937901477));
#4419 = CARTESIAN_POINT('',(-45.8,4.5,-0.162563830668));
#4420 = CARTESIAN_POINT('',(-45.8,4.5,0.));
#4421 = PCURVE('',#2724,#4422);
#4422 = DEFINITIONAL_REPRESENTATION('',(#4423),#4450);
#4423 = B_SPLINE_CURVE_WITH_KNOTS('',7,(#4424,#4425,#4426,#4427,#4428,
    #4429,#4430,#4431,#4432,#4433,#4434,#4435,#4436,#4437,#4438,#4439,
    #4440,#4441,#4442,#4443,#4444,#4445,#4446,#4447,#4448,#4449),
  .UNSPECIFIED.,.F.,.F.,(8,6,6,6,8),(0.,0.240936892257,0.500027336999,
    0.75913217936,1.),.UNSPECIFIED.);
#4424 = CARTESIAN_POINT('',(0.,-4.5));
#4425 = CARTESIAN_POINT('',(-0.12509987385,-4.5));
#4426 = CARTESIAN_POINT('',(-0.247700145848,-4.493142659883));
#4427 = CARTESIAN_POINT('',(-0.36784899878,-4.479923586271));
#4428 = CARTESIAN_POINT('',(-0.485393328099,-4.461783049202));
#4429 = CARTESIAN_POINT('',(-0.599966820568,-4.440861226804));
#4430 = CARTESIAN_POINT('',(-0.710878831328,-4.419392690845));
#4431 = CARTESIAN_POINT('',(-0.930731111975,-4.377245602309));
#4432 = CARTESIAN_POINT('',(-1.041381704342,-4.356271871894));
#4433 = CARTESIAN_POINT('',(-1.149598020661,-4.337835605498));
#4434 = CARTESIAN_POINT('',(-1.256033285711,-4.323193204008));
#4435 = CARTESIAN_POINT('',(-1.361306342227,-4.313157288214));
#4436 = CARTESIAN_POINT('',(-1.46600710368,-4.308131845708));
#4437 = CARTESIAN_POINT('',(-1.675591373032,-4.308131845708));
#4438 = CARTESIAN_POINT('',(-1.780292084845,-4.313157841576));
#4439 = CARTESIAN_POINT('',(-1.885562554881,-4.323193878588));
#4440 = CARTESIAN_POINT('',(-1.991994645706,-4.337835722835));
#4441 = CARTESIAN_POINT('',(-2.100208844314,-4.356271477844));
#4442 = CARTESIAN_POINT('',(-2.210859409152,-4.377245193502));
#4443 = CARTESIAN_POINT('',(-2.430679550394,-4.419386120709));
#4444 = CARTESIAN_POINT('',(-2.541600605629,-4.440856238928));
#4445 = CARTESIAN_POINT('',(-2.656202613818,-4.461785086055));
#4446 = CARTESIAN_POINT('',(-2.77377866736,-4.479931000765));
#4447 = CARTESIAN_POINT('',(-2.893948175499,-4.493148244429));
#4448 = CARTESIAN_POINT('',(-3.016543553076,-4.5));
#4449 = CARTESIAN_POINT('',(-3.14159265359,-4.5));
#4450 = ( GEOMETRIC_REPRESENTATION_CONTEXT(2) 
PARAMETRIC_REPRESENTATION_CONTEXT() REPRESENTATION_CONTEXT('2D SPACE',''
  ) );
#4451 = PCURVE('',#4236,#4452);
#4452 = DEFINITIONAL_REPRESENTATION('',(#4453),#4480);
#4453 = B_SPLINE_CURVE_WITH_KNOTS('',7,(#4454,#4455,#4456,#4457,#4458,
    #4459,#4460,#4461,#4462,#4463,#4464,#4465,#4466,#4467,#4468,#4469,
    #4470,#4471,#4472,#4473,#4474,#4475,#4476,#4477,#4478,#4479),
  .UNSPECIFIED.,.F.,.F.,(8,6,6,6,8),(0.,0.240936892257,0.500027336999,
    0.75913217936,1.),.UNSPECIFIED.);
#4454 = CARTESIAN_POINT('',(-6.28318530718,11.2));
#4455 = CARTESIAN_POINT('',(-6.247045343623,11.2));
#4456 = CARTESIAN_POINT('',(-6.211627410344,11.223735650804));
#4457 = CARTESIAN_POINT('',(-6.177764822844,11.26950069178));
#4458 = CARTESIAN_POINT('',(-6.146194511372,11.334779984484));
#4459 = CARTESIAN_POINT('',(-6.117577840111,11.416242611067));
#4460 = CARTESIAN_POINT('',(-6.092436030619,11.509698238214));
#4461 = CARTESIAN_POINT('',(-6.047961088742,11.718043278049));
#4462 = CARTESIAN_POINT('',(-6.028705060897,11.836375322117));
#4463 = CARTESIAN_POINT('',(-6.013280309262,11.962196164727));
#4464 = CARTESIAN_POINT('',(-6.001704912823,12.093251677751));
#4465 = CARTESIAN_POINT('',(-5.993984999035,12.227662917046));
#4466 = CARTESIAN_POINT('',(-5.990119268856,12.363774009951));
#4467 = CARTESIAN_POINT('',(-5.990119268856,12.636233560108));
#4468 = CARTESIAN_POINT('',(-5.993985425955,12.772344600042));
#4469 = CARTESIAN_POINT('',(-6.001705428289,12.906752042707));
#4470 = CARTESIAN_POINT('',(-6.013280473452,13.03780344188));
#4471 = CARTESIAN_POINT('',(-6.028704752573,13.163622168484));
#4472 = CARTESIAN_POINT('',(-6.047960657356,13.281954701102));
#4473 = CARTESIAN_POINT('',(-6.092429097604,13.490269283736));
#4474 = CARTESIAN_POINT('',(-6.117570978795,13.58374101775));
#4475 = CARTESIAN_POINT('',(-6.146194207493,13.665231036188));
#4476 = CARTESIAN_POINT('',(-6.177773918223,13.730525106798));
#4477 = CARTESIAN_POINT('',(-6.211643493085,13.776283600294));
#4478 = CARTESIAN_POINT('',(-6.247060011476,13.8));
#4479 = CARTESIAN_POINT('',(-6.28318530718,13.8));
#4480 = ( GEOMETRIC_REPRESENTATION_CONTEXT(2) 
PARAMETRIC_REPRESENTATION_CONTEXT() REPRESENTATION_CONTEXT('2D SPACE',''
  ) );
#4481 = ORIENTED_EDGE('',*,*,#4482,.T.);
#4482 = EDGE_CURVE('',#4389,#2640,#4483,.T.);
#4483 = SEAM_CURVE('',#4484,(#4488,#4495),.PCURVE_S1.);
#4484 = LINE('',#4485,#4486);
#4485 = CARTESIAN_POINT('',(-43.2,0.,0.));
#4486 = VECTOR('',#4487,1.);
#4487 = DIRECTION('',(0.,1.,0.));
#4488 = PCURVE('',#2724,#4489);
#4489 = DEFINITIONAL_REPRESENTATION('',(#4490),#4494);
#4490 = LINE('',#4491,#4492);
#4491 = CARTESIAN_POINT('',(-6.28318530718,0.));
#4492 = VECTOR('',#4493,1.);
#4493 = DIRECTION('',(-0.,-1.));
#4494 = ( GEOMETRIC_REPRESENTATION_CONTEXT(2) 
PARAMETRIC_REPRESENTATION_CONTEXT() REPRESENTATION_CONTEXT('2D SPACE',''
  ) );
#4495 = PCURVE('',#2724,#4496);
#4496 = DEFINITIONAL_REPRESENTATION('',(#4497),#4501);
#4497 = LINE('',#4498,#4499);
#4498 = CARTESIAN_POINT('',(-0.,0.));
#4499 = VECTOR('',#4500,1.);
#4500 = DIRECTION('',(-0.,-1.));
#4501 = ( GEOMETRIC_REPRESENTATION_CONTEXT(2) 
PARAMETRIC_REPRESENTATION_CONTEXT() REPRESENTATION_CONTEXT('2D SPACE',''
  ) );
#4502 = ORIENTED_EDGE('',*,*,#2662,.T.);
#4503 = ORIENTED_EDGE('',*,*,#2810,.T.);
#4504 = ORIENTED_EDGE('',*,*,#4482,.F.);
#4505 = ORIENTED_EDGE('',*,*,#4506,.F.);
#4506 = EDGE_CURVE('',#4391,#4389,#4507,.T.);
#4507 = SURFACE_CURVE('',#4508,(#4535,#4565),.PCURVE_S1.);
#4508 = B_SPLINE_CURVE_WITH_KNOTS('',7,(#4509,#4510,#4511,#4512,#4513,
    #4514,#4515,#4516,#4517,#4518,#4519,#4520,#4521,#4522,#4523,#4524,
    #4525,#4526,#4527,#4528,#4529,#4530,#4531,#4532,#4533,#4534),
  .UNSPECIFIED.,.F.,.F.,(8,6,6,6,8),(0.,0.240938116158,0.500034722789,
    0.759131329419,1.),.UNSPECIFIED.);
#4509 = CARTESIAN_POINT('',(-45.8,4.5,4.977139308605E-16));
#4510 = CARTESIAN_POINT('',(-45.8,4.5,0.162629836006));
#4511 = CARTESIAN_POINT('',(-45.77626434919,4.493142659883,
    0.322010262042));
#4512 = CARTESIAN_POINT('',(-45.73049930822,4.479923586271,
    0.474046427447));
#4513 = CARTESIAN_POINT('',(-45.66522001551,4.461783049202,0.61513041355
    ));
#4514 = CARTESIAN_POINT('',(-45.58375738893,4.440861226804,
    0.742277242864));
#4515 = CARTESIAN_POINT('',(-45.49030176178,4.419392690845,
    0.853386238546));
#4516 = CARTESIAN_POINT('',(-45.28195470288,4.377245193863,
    1.049037149756));
#4517 = CARTESIAN_POINT('',(-45.16362216455,4.356271476887,
    1.133158355558));
#4518 = CARTESIAN_POINT('',(-45.03780344345,4.337835723876,
    1.200096240422));
#4519 = CARTESIAN_POINT('',(-44.9067520466,4.323193878073,1.250085221986
    ));
#4520 = CARTESIAN_POINT('',(-44.77234459489,4.313157841666,
    1.283344103148));
#4521 = CARTESIAN_POINT('',(-44.63623356217,4.308131845708,1.3));
#4522 = CARTESIAN_POINT('',(-44.36376643782,4.308131845708,1.3));
#4523 = CARTESIAN_POINT('',(-44.2276554051,4.313157841666,1.283344103148
    ));
#4524 = CARTESIAN_POINT('',(-44.09324795339,4.323193878073,
    1.250085221986));
#4525 = CARTESIAN_POINT('',(-43.96219655654,4.337835723876,
    1.200096240421));
#4526 = CARTESIAN_POINT('',(-43.83637783544,4.356271476887,
    1.133158355558));
#4527 = CARTESIAN_POINT('',(-43.71804529711,4.377245193863,
    1.049037149756));
#4528 = CARTESIAN_POINT('',(-43.50972717376,4.419386837337,0.85341341084
    ));
#4529 = CARTESIAN_POINT('',(-43.4162541694,4.440857403573,0.742301569619
    ));
#4530 = CARTESIAN_POINT('',(-43.33476672796,4.461785817119,
    0.615126261871));
#4531 = CARTESIAN_POINT('',(-43.26947616518,4.479930686174,
    0.474004540744));
#4532 = CARTESIAN_POINT('',(-43.22371863872,4.493147571385,
    0.321942978444));
#4533 = CARTESIAN_POINT('',(-43.2,4.5,0.162571552268));
#4534 = CARTESIAN_POINT('',(-43.2,4.5,1.592040838892E-16));
#4535 = PCURVE('',#2724,#4536);
#4536 = DEFINITIONAL_REPRESENTATION('',(#4537),#4564);
#4537 = B_SPLINE_CURVE_WITH_KNOTS('',7,(#4538,#4539,#4540,#4541,#4542,
    #4543,#4544,#4545,#4546,#4547,#4548,#4549,#4550,#4551,#4552,#4553,
    #4554,#4555,#4556,#4557,#4558,#4559,#4560,#4561,#4562,#4563),
  .UNSPECIFIED.,.F.,.F.,(8,6,6,6,8),(0.,0.240938116158,0.500034722789,
    0.759131329419,1.),.UNSPECIFIED.);
#4538 = CARTESIAN_POINT('',(-3.14159265359,-4.5));
#4539 = CARTESIAN_POINT('',(-3.26669252744,-4.5));
#4540 = CARTESIAN_POINT('',(-3.389292799438,-4.493142659883));
#4541 = CARTESIAN_POINT('',(-3.50944165237,-4.479923586271));
#4542 = CARTESIAN_POINT('',(-3.626985981689,-4.461783049202));
#4543 = CARTESIAN_POINT('',(-3.741559474158,-4.440861226804));
#4544 = CARTESIAN_POINT('',(-3.852471484918,-4.419392690845));
#4545 = CARTESIAN_POINT('',(-4.072325896145,-4.377245193863));
#4546 = CARTESIAN_POINT('',(-4.182976467185,-4.356271476887));
#4547 = CARTESIAN_POINT('',(-4.291190658798,-4.337835723876));
#4548 = CARTESIAN_POINT('',(-4.397622750143,-4.323193878073));
#4549 = CARTESIAN_POINT('',(-4.502893226082,-4.313157841666));
#4550 = CARTESIAN_POINT('',(-4.607593932557,-4.308131845708));
#4551 = CARTESIAN_POINT('',(-4.817184028212,-4.308131845708));
#4552 = CARTESIAN_POINT('',(-4.921884734688,-4.313157841666));
#4553 = CARTESIAN_POINT('',(-5.027155210627,-4.323193878073));
#4554 = CARTESIAN_POINT('',(-5.133587301971,-4.337835723876));
#4555 = CARTESIAN_POINT('',(-5.241801493584,-4.356271476887));
#4556 = CARTESIAN_POINT('',(-5.352452064625,-4.377245193863));
#4557 = CARTESIAN_POINT('',(-5.572275942139,-4.419386837337));
#4558 = CARTESIAN_POINT('',(-5.683199203144,-4.440857403573));
#4559 = CARTESIAN_POINT('',(-5.79779988337,-4.461785817119));
#4560 = CARTESIAN_POINT('',(-5.915371929451,-4.479930686174));
#4561 = CARTESIAN_POINT('',(-6.03553692562,-4.493147571385));
#4562 = CARTESIAN_POINT('',(-6.158130266973,-4.5));
#4563 = CARTESIAN_POINT('',(-6.28318530718,-4.5));
#4564 = ( GEOMETRIC_REPRESENTATION_CONTEXT(2) 
PARAMETRIC_REPRESENTATION_CONTEXT() REPRESENTATION_CONTEXT('2D SPACE',''
  ) );
#4565 = PCURVE('',#4236,#4566);
#4566 = DEFINITIONAL_REPRESENTATION('',(#4567),#4594);
#4567 = B_SPLINE_CURVE_WITH_KNOTS('',7,(#4568,#4569,#4570,#4571,#4572,
    #4573,#4574,#4575,#4576,#4577,#4578,#4579,#4580,#4581,#4582,#4583,
    #4584,#4585,#4586,#4587,#4588,#4589,#4590,#4591,#4592,#4593),
  .UNSPECIFIED.,.F.,.F.,(8,6,6,6,8),(0.,0.240938116158,0.500034722789,
    0.759131329419,1.),.UNSPECIFIED.);
#4568 = CARTESIAN_POINT('',(0.,13.8));
#4569 = CARTESIAN_POINT('',(-3.613996355679E-02,13.8));
#4570 = CARTESIAN_POINT('',(-7.155789683557E-02,13.776264349196));
#4571 = CARTESIAN_POINT('',(-0.105420484336,13.73049930822));
#4572 = CARTESIAN_POINT('',(-0.136990795807,13.665220015516));
#4573 = CARTESIAN_POINT('',(-0.165607467069,13.583757388933));
#4574 = CARTESIAN_POINT('',(-0.19074927656,13.490301761786));
#4575 = CARTESIAN_POINT('',(-0.235224649443,13.281954702887));
#4576 = CARTESIAN_POINT('',(-0.254480555603,13.163622164557));
#4577 = CARTESIAN_POINT('',(-0.269904832629,13.037803443455));
#4578 = CARTESIAN_POINT('',(-0.281479879465,12.906752046606));
#4579 = CARTESIAN_POINT('',(-0.289199881106,12.772344594891));
#4580 = CARTESIAN_POINT('',(-0.293066038324,12.636233562175));
#4581 = CARTESIAN_POINT('',(-0.293066038324,12.363766437825));
#4582 = CARTESIAN_POINT('',(-0.289199881106,12.227655405109));
#4583 = CARTESIAN_POINT('',(-0.281479879465,12.093247953395));
#4584 = CARTESIAN_POINT('',(-0.269904832629,11.962196556545));
#4585 = CARTESIAN_POINT('',(-0.254480555603,11.836377835443));
#4586 = CARTESIAN_POINT('',(-0.235224649443,11.718045297113));
#4587 = CARTESIAN_POINT('',(-0.190755453367,11.509727173768));
#4588 = CARTESIAN_POINT('',(-0.165612931815,11.416254169403));
#4589 = CARTESIAN_POINT('',(-0.136989773341,11.334766727964));
#4590 = CARTESIAN_POINT('',(-0.105411088547,11.269476165183));
#4591 = CARTESIAN_POINT('',(-7.154294596306E-02,11.223718638721));
#4592 = CARTESIAN_POINT('',(-3.612701161513E-02,11.2));
#4593 = CARTESIAN_POINT('',(0.,11.2));
#4594 = ( GEOMETRIC_REPRESENTATION_CONTEXT(2) 
PARAMETRIC_REPRESENTATION_CONTEXT() REPRESENTATION_CONTEXT('2D SPACE',''
  ) );
#4595 = ADVANCED_FACE('',(#4596,#4599),#2797,.F.);
#4596 = FACE_BOUND('',#4597,.F.);
#4597 = EDGE_LOOP('',(#4598));
#4598 = ORIENTED_EDGE('',*,*,#2782,.T.);
#4599 = FACE_BOUND('',#4600,.F.);
#4600 = EDGE_LOOP('',(#4601));
#4601 = ORIENTED_EDGE('',*,*,#4602,.T.);
#4602 = EDGE_CURVE('',#4603,#4603,#4605,.T.);
#4603 = VERTEX_POINT('',#4604);
#4604 = CARTESIAN_POINT('',(-48.,1.5,0.));
#4605 = SURFACE_CURVE('',#4606,(#4611,#4622),.PCURVE_S1.);
#4606 = CIRCLE('',#4607,1.5);
#4607 = AXIS2_PLACEMENT_3D('',#4608,#4609,#4610);
#4608 = CARTESIAN_POINT('',(-48.,0.,0.));
#4609 = DIRECTION('',(-1.,0.,0.));
#4610 = DIRECTION('',(0.,1.,0.));
#4611 = PCURVE('',#2797,#4612);
#4612 = DEFINITIONAL_REPRESENTATION('',(#4613),#4621);
#4613 = ( BOUNDED_CURVE() B_SPLINE_CURVE(2,(#4614,#4615,#4616,#4617,
#4618,#4619,#4620),.UNSPECIFIED.,.T.,.F.) B_SPLINE_CURVE_WITH_KNOTS((1,2
    ,2,2,2,1),(-2.094395102393,0.,2.094395102393,4.188790204786,
6.28318530718,8.377580409573),.UNSPECIFIED.) CURVE() 
GEOMETRIC_REPRESENTATION_ITEM() RATIONAL_B_SPLINE_CURVE((1.,0.5,1.,0.5,
1.,0.5,1.)) REPRESENTATION_ITEM('') );
#4614 = CARTESIAN_POINT('',(1.5,0.));
#4615 = CARTESIAN_POINT('',(1.5,-2.598076211353));
#4616 = CARTESIAN_POINT('',(-0.75,-1.299038105677));
#4617 = CARTESIAN_POINT('',(-3.,-3.673940397442E-16));
#4618 = CARTESIAN_POINT('',(-0.75,1.299038105677));
#4619 = CARTESIAN_POINT('',(1.5,2.598076211353));
#4620 = CARTESIAN_POINT('',(1.5,0.));
#4621 = ( GEOMETRIC_REPRESENTATION_CONTEXT(2) 
PARAMETRIC_REPRESENTATION_CONTEXT() REPRESENTATION_CONTEXT('2D SPACE',''
  ) );
#4622 = PCURVE('',#4623,#4628);
#4623 = CYLINDRICAL_SURFACE('',#4624,1.5);
#4624 = AXIS2_PLACEMENT_3D('',#4625,#4626,#4627);
#4625 = CARTESIAN_POINT('',(-46.7,0.,0.));
#4626 = DIRECTION('',(-1.,-0.,-0.));
#4627 = DIRECTION('',(0.,1.,0.));
#4628 = DEFINITIONAL_REPRESENTATION('',(#4629),#4633);
#4629 = LINE('',#4630,#4631);
#4630 = CARTESIAN_POINT('',(-6.28318530718,1.3));
#4631 = VECTOR('',#4632,1.);
#4632 = DIRECTION('',(1.,-0.));
#4633 = ( GEOMETRIC_REPRESENTATION_CONTEXT(2) 
PARAMETRIC_REPRESENTATION_CONTEXT() REPRESENTATION_CONTEXT('2D SPACE',''
  ) );
#4634 = ADVANCED_FACE('',(#4635),#3120,.F.);
#4635 = FACE_BOUND('',#4636,.T.);
#4636 = EDGE_LOOP('',(#4637,#4825,#4846,#4847));
#4637 = ORIENTED_EDGE('',*,*,#4638,.F.);
#4638 = EDGE_CURVE('',#4639,#4639,#4641,.T.);
#4639 = VERTEX_POINT('',#4640);
#4640 = CARTESIAN_POINT('',(-32.7,2.755455298082E-16,4.5));
#4641 = SURFACE_CURVE('',#4642,(#4701,#4763),.PCURVE_S1.);
#4642 = B_SPLINE_CURVE_WITH_KNOTS('',8,(#4643,#4644,#4645,#4646,#4647,
    #4648,#4649,#4650,#4651,#4652,#4653,#4654,#4655,#4656,#4657,#4658,
    #4659,#4660,#4661,#4662,#4663,#4664,#4665,#4666,#4667,#4668,#4669,
    #4670,#4671,#4672,#4673,#4674,#4675,#4676,#4677,#4678,#4679,#4680,
    #4681,#4682,#4683,#4684,#4685,#4686,#4687,#4688,#4689,#4690,#4691,
    #4692,#4693,#4694,#4695,#4696,#4697,#4698,#4699,#4700),
  .UNSPECIFIED.,.T.,.F.,(9,7,7,7,7,7,7,7,9),(0.,0.131488347976,
    0.272883774125,0.436280520353,0.583477033192,0.67920142254,
    0.784471901233,0.896164855863,1.),.UNSPECIFIED.);
#4643 = CARTESIAN_POINT('',(-32.7,2.22044604925E-16,4.5));
#4644 = CARTESIAN_POINT('',(-32.7,0.142301106505,4.5));
#4645 = CARTESIAN_POINT('',(-32.7178017381,0.282165155533,4.494856994912
    ));
#4646 = CARTESIAN_POINT('',(-32.75233880141,0.41703286542,4.484880738876
    ));
#4647 = CARTESIAN_POINT('',(-32.80214033813,0.544588420498,
    4.470853317737));
#4648 = CARTESIAN_POINT('',(-32.86532846945,0.662810474543,
    4.453937365803));
#4649 = CARTESIAN_POINT('',(-32.93960651785,0.770054491784,
    4.435494092814));
#4650 = CARTESIAN_POINT('',(-33.02224705372,0.865170360684,
    4.416854132506));
#4651 = CARTESIAN_POINT('',(-33.20454896358,1.036363248969,
    4.379975430037));
#4652 = CARTESIAN_POINT('',(-33.3067923111,1.112126576763,4.361515304498
    ));
#4653 = CARTESIAN_POINT('',(-33.41501334874,1.174994493199,
    4.344749205396));
#4654 = CARTESIAN_POINT('',(-33.52772392123,1.22509221087,4.330514404753
    ));
#4655 = CARTESIAN_POINT('',(-33.64365589248,1.262559380023,
    4.319429735585));
#4656 = CARTESIAN_POINT('',(-33.76169069027,1.287509455937,
    4.311900927587));
#4657 = CARTESIAN_POINT('',(-33.8808022587,1.3,4.308131845708));
#4658 = CARTESIAN_POINT('',(-34.1377450715,1.3,4.308131845708));
#4659 = CARTESIAN_POINT('',(-34.2753205804,1.283320105468,4.313165051443
    ));
#4660 = CARTESIAN_POINT('',(-34.41125221571,1.250030450032,4.32321048033
    ));
#4661 = CARTESIAN_POINT('',(-34.543977612,1.200008683385,4.337910161945)
  );
#4662 = CARTESIAN_POINT('',(-34.67172534336,1.133035020882,
    4.356549359291));
#4663 = CARTESIAN_POINT('',(-34.7924037371,1.048869802945,4.378019256296
    ));
#4664 = CARTESIAN_POINT('',(-34.90345963323,0.947363760997,
    4.400805520027));
#4665 = CARTESIAN_POINT('',(-35.09013784916,0.721708561598,
    4.443081689568));
#4666 = CARTESIAN_POINT('',(-35.17082211753,0.59761042812,4.463272268452
    ));
#4667 = CARTESIAN_POINT('',(-35.23750342721,0.458335690364,
    4.481586746283));
#4668 = CARTESIAN_POINT('',(-35.28569393387,0.307282906335,
    4.495712739561));
#4669 = CARTESIAN_POINT('',(-35.3125168418,0.148796544613,4.503747553723
    ));
#4670 = CARTESIAN_POINT('',(-35.31662094009,-1.23312986021E-02,
    4.504850016966));
#4671 = CARTESIAN_POINT('',(-35.29820860299,-0.171205222652,
    4.499326688626));
#4672 = CARTESIAN_POINT('',(-35.23376291106,-0.422204620825,
    4.481247232689));
#4673 = CARTESIAN_POINT('',(-35.19949268336,-0.518815619507,
    4.471784439797));
#4674 = CARTESIAN_POINT('',(-35.15659070527,-0.612208448173,
    4.460237387366));
#4675 = CARTESIAN_POINT('',(-35.10540901814,-0.701497515908,
    4.446976058168));
#4676 = CARTESIAN_POINT('',(-35.04640758325,-0.78583920712,
    4.432472075915));
#4677 = CARTESIAN_POINT('',(-34.98015221347,-0.864443912807,
    4.417272203289));
#4678 = CARTESIAN_POINT('',(-34.90731127891,-0.936593928033,
    4.401959460834));
#4679 = CARTESIAN_POINT('',(-34.74214673759,-1.073229919531,
    4.37076260302));
#4680 = CARTESIAN_POINT('',(-34.64851646307,-1.136306888229,
    4.354957678114));
#4681 = CARTESIAN_POINT('',(-34.54878951059,-1.190009720647,
    4.340449189595));
#4682 = CARTESIAN_POINT('',(-34.44410069349,-1.233651641191,
    4.327978327062));
#4683 = CARTESIAN_POINT('',(-34.33564536782,-1.2667281195,4.318172500702
    ));
#4684 = CARTESIAN_POINT('',(-34.22464879293,-1.288902979825,
    4.311479951875));
#4685 = CARTESIAN_POINT('',(-34.11234997594,-1.3,4.308131845708));
#4686 = CARTESIAN_POINT('',(-33.88079563309,-1.3,4.308131845708));
#4687 = CARTESIAN_POINT('',(-33.76168316328,-1.287508077361,
    4.311901342676));
#4688 = CARTESIAN_POINT('',(-33.64365074778,-1.262557302422,
    4.31943036442));
#4689 = CARTESIAN_POINT('',(-33.52772225497,-1.225090731204,
    4.330514800975));
#4690 = CARTESIAN_POINT('',(-33.41501453613,-1.174994533598,
    4.344749131255));
#4691 = CARTESIAN_POINT('',(-33.30679470086,-1.112128054108,
    4.361514906131));
#4692 = CARTESIAN_POINT('',(-33.20455073026,-1.036364907993,
    4.379975072647));
#4693 = CARTESIAN_POINT('',(-33.02227237233,-0.865194136441,
    4.416849010686));
#4694 = CARTESIAN_POINT('',(-32.93962242049,-0.770079529924,
    4.435489762014));
#4695 = CARTESIAN_POINT('',(-32.8653245185,-0.662817002277,
    4.453937662039));
#4696 = CARTESIAN_POINT('',(-32.80212144657,-0.544565401308,
    4.470858251646));
#4697 = CARTESIAN_POINT('',(-32.75231709276,-0.416981454881,
    4.484887018128));
#4698 = CARTESIAN_POINT('',(-32.71778897904,-0.282100121901,
    4.494860678539));
#4699 = CARTESIAN_POINT('',(-32.7,-0.142250108234,4.5));
#4700 = CARTESIAN_POINT('',(-32.7,2.22044604925E-16,4.5));
#4701 = PCURVE('',#3120,#4702);
#4702 = DEFINITIONAL_REPRESENTATION('',(#4703),#4762);
#4703 = B_SPLINE_CURVE_WITH_KNOTS('',8,(#4704,#4705,#4706,#4707,#4708,
    #4709,#4710,#4711,#4712,#4713,#4714,#4715,#4716,#4717,#4718,#4719,
    #4720,#4721,#4722,#4723,#4724,#4725,#4726,#4727,#4728,#4729,#4730,
    #4731,#4732,#4733,#4734,#4735,#4736,#4737,#4738,#4739,#4740,#4741,
    #4742,#4743,#4744,#4745,#4746,#4747,#4748,#4749,#4750,#4751,#4752,
    #4753,#4754,#4755,#4756,#4757,#4758,#4759,#4760,#4761),
  .UNSPECIFIED.,.F.,.F.,(9,7,7,7,7,7,7,7,9),(0.,0.131488347976,
    0.272883774125,0.436280520353,0.583477033192,0.67920142254,
    0.784471901233,0.896164855863,1.),.UNSPECIFIED.);
#4704 = CARTESIAN_POINT('',(0.,-4.5));
#4705 = CARTESIAN_POINT('',(-0.109462389619,-4.5));
#4706 = CARTESIAN_POINT('',(-0.217050077849,-4.494856994912));
#4707 = CARTESIAN_POINT('',(-0.32279317893,-4.484880738876));
#4708 = CARTESIAN_POINT('',(-0.42662116344,-4.470853317737));
#4709 = CARTESIAN_POINT('',(-0.528358387775,-4.453937365803));
#4710 = CARTESIAN_POINT('',(-0.627694823258,-4.435494092814));
#4711 = CARTESIAN_POINT('',(-0.724120738654,-4.416854132506));
#4712 = CARTESIAN_POINT('',(-0.91649148422,-4.379975430037));
#4713 = CARTESIAN_POINT('',(-1.01371905625,-4.361515304498));
#4714 = CARTESIAN_POINT('',(-1.109016902042,-4.344749205396));
#4715 = CARTESIAN_POINT('',(-1.202815653186,-4.330514404753));
#4716 = CARTESIAN_POINT('',(-1.295510681904,-4.319429735585));
#4717 = CARTESIAN_POINT('',(-1.387481532591,-4.311900927587));
#4718 = CARTESIAN_POINT('',(-1.47910575657,-4.308131845708));
#4719 = CARTESIAN_POINT('',(-1.676754074105,-4.308131845708));
#4720 = CARTESIAN_POINT('',(-1.782581172709,-4.313165051443));
#4721 = CARTESIAN_POINT('',(-1.888957389745,-4.32321048033));
#4722 = CARTESIAN_POINT('',(-1.996472738043,-4.337910161945));
#4723 = CARTESIAN_POINT('',(-2.105718467748,-4.356549359291));
#4724 = CARTESIAN_POINT('',(-2.217310564322,-4.378019256296));
#4725 = CARTESIAN_POINT('',(-2.331927285508,-4.400805520027));
#4726 = CARTESIAN_POINT('',(-2.557206895226,-4.443081689568));
#4727 = CARTESIAN_POINT('',(-2.670321927163,-4.463272268452));
#4728 = CARTESIAN_POINT('',(-2.787419385388,-4.481586746283));
#4729 = CARTESIAN_POINT('',(-2.907071804048,-4.495712739561));
#4730 = CARTESIAN_POINT('',(-3.028288218388,-4.503747553723));
#4731 = CARTESIAN_POINT('',(-3.15023801086,-4.504850016966));
#4732 = CARTESIAN_POINT('',(-3.272131715693,-4.499326688626));
#4733 = CARTESIAN_POINT('',(-3.471470779062,-4.481247232689));
#4734 = CARTESIAN_POINT('',(-3.550007962988,-4.471784439797));
#4735 = CARTESIAN_POINT('',(-3.628537528534,-4.460237387366));
#4736 = CARTESIAN_POINT('',(-3.707069009786,-4.446976058168));
#4737 = CARTESIAN_POINT('',(-3.785609569745,-4.432472075915));
#4738 = CARTESIAN_POINT('',(-3.864159530726,-4.417272203289));
#4739 = CARTESIAN_POINT('',(-3.942709429411,-4.401959460834));
#4740 = CARTESIAN_POINT('',(-4.107599064152,-4.37076260302));
#4741 = CARTESIAN_POINT('',(-4.194021822066,-4.354957678114));
#4742 = CARTESIAN_POINT('',(-4.28044470683,-4.340449189595));
#4743 = CARTESIAN_POINT('',(-4.366842495049,-4.327978327062));
#4744 = CARTESIAN_POINT('',(-4.453216090344,-4.318172500702));
#4745 = CARTESIAN_POINT('',(-4.539582545801,-4.311479951875));
#4746 = CARTESIAN_POINT('',(-4.625965921964,-4.308131845708));
#4747 = CARTESIAN_POINT('',(-4.804084647234,-4.308131845708));
#4748 = CARTESIAN_POINT('',(-4.895709558069,-4.311901342676));
#4749 = CARTESIAN_POINT('',(-4.98767878215,-4.31943036442));
#4750 = CARTESIAN_POINT('',(-5.080371256299,-4.330514800975));
#4751 = CARTESIAN_POINT('',(-5.174167623826,-4.344749131255));
#4752 = CARTESIAN_POINT('',(-5.269464136344,-4.361514906131));
#4753 = CARTESIAN_POINT('',(-5.366691958702,-4.379975072647));
#4754 = CARTESIAN_POINT('',(-5.559037851527,-4.416849010686));
#4755 = CARTESIAN_POINT('',(-5.655468387893,-4.435489762014));
#4756 = CARTESIAN_POINT('',(-5.754824628285,-4.453937662039));
#4757 = CARTESIAN_POINT('',(-5.85658590641,-4.470858251646));
#4758 = CARTESIAN_POINT('',(-5.960433803015,-4.484887018128));
#4759 = CARTESIAN_POINT('',(-6.066185260958,-4.494860678539));
#4760 = CARTESIAN_POINT('',(-6.173762146999,-4.5));
#4761 = CARTESIAN_POINT('',(-6.28318530718,-4.5));
#4762 = ( GEOMETRIC_REPRESENTATION_CONTEXT(2) 
PARAMETRIC_REPRESENTATION_CONTEXT() REPRESENTATION_CONTEXT('2D SPACE',''
  ) );
#4763 = PCURVE('',#4236,#4764);
#4764 = DEFINITIONAL_REPRESENTATION('',(#4765),#4824);
#4765 = B_SPLINE_CURVE_WITH_KNOTS('',8,(#4766,#4767,#4768,#4769,#4770,
    #4771,#4772,#4773,#4774,#4775,#4776,#4777,#4778,#4779,#4780,#4781,
    #4782,#4783,#4784,#4785,#4786,#4787,#4788,#4789,#4790,#4791,#4792,
    #4793,#4794,#4795,#4796,#4797,#4798,#4799,#4800,#4801,#4802,#4803,
    #4804,#4805,#4806,#4807,#4808,#4809,#4810,#4811,#4812,#4813,#4814,
    #4815,#4816,#4817,#4818,#4819,#4820,#4821,#4822,#4823),
  .UNSPECIFIED.,.T.,.F.,(9,7,7,7,7,7,7,7,9),(0.,0.131488347976,
    0.272883774125,0.436280520353,0.583477033192,0.67920142254,
    0.784471901233,0.896164855863,1.),.UNSPECIFIED.);
#4766 = CARTESIAN_POINT('',(-1.570796326795,0.7));
#4767 = CARTESIAN_POINT('',(-1.539173858683,0.7));
#4768 = CARTESIAN_POINT('',(-1.508092913279,0.717801738103));
#4769 = CARTESIAN_POINT('',(-1.478074312772,0.752338801414));
#4770 = CARTESIAN_POINT('',(-1.449590686723,0.802140338132));
#4771 = CARTESIAN_POINT('',(-1.423074279265,0.865328469452));
#4772 = CARTESIAN_POINT('',(-1.398903407353,0.939606517853));
#4773 = CARTESIAN_POINT('',(-1.377368283124,1.022247053724));
#4774 = CARTESIAN_POINT('',(-1.338452708981,1.20454896358));
#4775 = CARTESIAN_POINT('',(-1.321130087474,1.3067923111));
#4776 = CARTESIAN_POINT('',(-1.306675610741,1.415013348749));
#4777 = CARTESIAN_POINT('',(-1.295103630658,1.527723921239));
#4778 = CARTESIAN_POINT('',(-1.286420964768,1.643655892486));
#4779 = CARTESIAN_POINT('',(-1.280629586106,1.761690690272));
#4780 = CARTESIAN_POINT('',(-1.277730288471,1.880802258707));
#4781 = CARTESIAN_POINT('',(-1.277730288471,2.137745071503));
#4782 = CARTESIAN_POINT('',(-1.28160202765,2.275320580406));
#4783 = CARTESIAN_POINT('',(-1.289329130898,2.411252215711));
#4784 = CARTESIAN_POINT('',(-1.30091491832,2.543977612005));
#4785 = CARTESIAN_POINT('',(-1.316359919943,2.671725343368));
#4786 = CARTESIAN_POINT('',(-1.335651584111,2.792403737108));
#4787 = CARTESIAN_POINT('',(-1.358755156675,2.903459633237));
#4788 = CARTESIAN_POINT('',(-1.409773208928,3.090137849162));
#4789 = CARTESIAN_POINT('',(-1.43770517128,3.170822117539));
#4790 = CARTESIAN_POINT('',(-1.468896969099,3.237503427213));
#4791 = CARTESIAN_POINT('',(-1.502560556283,3.285693933875));
#4792 = CARTESIAN_POINT('',(-1.537758532283,3.312516841806));
#4793 = CARTESIAN_POINT('',(-1.573514084263,3.316620940093));
#4794 = CARTESIAN_POINT('',(-1.608816315618,3.298208602999));
#4795 = CARTESIAN_POINT('',(-1.664738468127,3.233762911069));
#4796 = CARTESIAN_POINT('',(-1.686303193805,3.199492683361));
#4797 = CARTESIAN_POINT('',(-1.7072041355,3.156590705278));
#4798 = CARTESIAN_POINT('',(-1.727252624012,3.105409018148));
#4799 = CARTESIAN_POINT('',(-1.746261738525,3.046407583257));
#4800 = CARTESIAN_POINT('',(-1.764048023284,2.980152213472));
#4801 = CARTESIAN_POINT('',(-1.780436564757,2.90731127891));
#4802 = CARTESIAN_POINT('',(-1.811581497254,2.742146737597));
#4803 = CARTESIAN_POINT('',(-1.826028625523,2.648516463073));
#4804 = CARTESIAN_POINT('',(-1.838387722611,2.548789510591));
#4805 = CARTESIAN_POINT('',(-1.848472807952,2.444100693497));
#4806 = CARTESIAN_POINT('',(-1.856139154454,2.335645367826));
#4807 = CARTESIAN_POINT('',(-1.861286648175,2.224648792935));
#4808 = CARTESIAN_POINT('',(-1.863862365119,2.112349975947));
#4809 = CARTESIAN_POINT('',(-1.863862365119,1.880795633097));
#4810 = CARTESIAN_POINT('',(-1.860962747206,1.761683163288));
#4811 = CARTESIAN_POINT('',(-1.855171206876,1.643650747787));
#4812 = CARTESIAN_POINT('',(-1.846488682842,1.52772225497));
#4813 = CARTESIAN_POINT('',(-1.834917055539,1.415014536132));
#4814 = CARTESIAN_POINT('',(-1.820462905858,1.30679470086));
#4815 = CARTESIAN_POINT('',(-1.803140321738,1.204550730261));
#4816 = CARTESIAN_POINT('',(-1.764229775172,1.022272372334));
#4817 = CARTESIAN_POINT('',(-1.742694888998,0.939622420494));
#4818 = CARTESIAN_POINT('',(-1.718519784563,0.865324518504));
#4819 = CARTESIAN_POINT('',(-1.691996757739,0.802121446574));
#4820 = CARTESIAN_POINT('',(-1.663506861873,0.75231709276));
#4821 = CARTESIAN_POINT('',(-1.633485289171,0.717788979041));
#4822 = CARTESIAN_POINT('',(-1.602407461958,0.7));
#4823 = CARTESIAN_POINT('',(-1.570796326795,0.7));
#4824 = ( GEOMETRIC_REPRESENTATION_CONTEXT(2) 
PARAMETRIC_REPRESENTATION_CONTEXT() REPRESENTATION_CONTEXT('2D SPACE',''
  ) );
#4825 = ORIENTED_EDGE('',*,*,#4826,.T.);
#4826 = EDGE_CURVE('',#4639,#2995,#4827,.T.);
#4827 = SEAM_CURVE('',#4828,(#4832,#4839),.PCURVE_S1.);
#4828 = LINE('',#4829,#4830);
#4829 = CARTESIAN_POINT('',(-32.7,0.,0.));
#4830 = VECTOR('',#4831,1.);
#4831 = DIRECTION('',(0.,6.123233995737E-17,1.));
#4832 = PCURVE('',#3120,#4833);
#4833 = DEFINITIONAL_REPRESENTATION('',(#4834),#4838);
#4834 = LINE('',#4835,#4836);
#4835 = CARTESIAN_POINT('',(-6.28318530718,0.));
#4836 = VECTOR('',#4837,1.);
#4837 = DIRECTION('',(-0.,-1.));
#4838 = ( GEOMETRIC_REPRESENTATION_CONTEXT(2) 
PARAMETRIC_REPRESENTATION_CONTEXT() REPRESENTATION_CONTEXT('2D SPACE',''
  ) );
#4839 = PCURVE('',#3120,#4840);
#4840 = DEFINITIONAL_REPRESENTATION('',(#4841),#4845);
#4841 = LINE('',#4842,#4843);
#4842 = CARTESIAN_POINT('',(-0.,0.));
#4843 = VECTOR('',#4844,1.);
#4844 = DIRECTION('',(-0.,-1.));
#4845 = ( GEOMETRIC_REPRESENTATION_CONTEXT(2) 
PARAMETRIC_REPRESENTATION_CONTEXT() REPRESENTATION_CONTEXT('2D SPACE',''
  ) );
#4846 = ORIENTED_EDGE('',*,*,#2994,.T.);
#4847 = ORIENTED_EDGE('',*,*,#4826,.F.);
#4848 = ADVANCED_FACE('',(#4849),#3315,.F.);
#4849 = FACE_BOUND('',#4850,.T.);
#4850 = EDGE_LOOP('',(#4851,#5039,#5060,#5061));
#4851 = ORIENTED_EDGE('',*,*,#4852,.F.);
#4852 = EDGE_CURVE('',#4853,#4853,#4855,.T.);
#4853 = VERTEX_POINT('',#4854);
#4854 = CARTESIAN_POINT('',(-32.7,-8.266365894245E-16,-4.5));
#4855 = SURFACE_CURVE('',#4856,(#4915,#4977),.PCURVE_S1.);
#4856 = B_SPLINE_CURVE_WITH_KNOTS('',8,(#4857,#4858,#4859,#4860,#4861,
    #4862,#4863,#4864,#4865,#4866,#4867,#4868,#4869,#4870,#4871,#4872,
    #4873,#4874,#4875,#4876,#4877,#4878,#4879,#4880,#4881,#4882,#4883,
    #4884,#4885,#4886,#4887,#4888,#4889,#4890,#4891,#4892,#4893,#4894,
    #4895,#4896,#4897,#4898,#4899,#4900,#4901,#4902,#4903,#4904,#4905,
    #4906,#4907,#4908,#4909,#4910,#4911,#4912,#4913,#4914),
  .UNSPECIFIED.,.T.,.F.,(9,7,7,7,7,7,7,7,9),(0.,0.131488347976,
    0.272883774124,0.436280520352,0.583477033191,0.67920142254,
    0.784471901232,0.896164855862,1.),.UNSPECIFIED.);
#4857 = CARTESIAN_POINT('',(-32.7,-6.661338147751E-16,-4.5));
#4858 = CARTESIAN_POINT('',(-32.7,-0.142301106505,-4.5));
#4859 = CARTESIAN_POINT('',(-32.7178017381,-0.282165155533,
    -4.494856994912));
#4860 = CARTESIAN_POINT('',(-32.75233880141,-0.41703286542,
    -4.484880738876));
#4861 = CARTESIAN_POINT('',(-32.80214033813,-0.544588420498,
    -4.470853317737));
#4862 = CARTESIAN_POINT('',(-32.86532846945,-0.662810474542,
    -4.453937365803));
#4863 = CARTESIAN_POINT('',(-32.93960651785,-0.770054491784,
    -4.435494092814));
#4864 = CARTESIAN_POINT('',(-33.02224705372,-0.865170360684,
    -4.416854132506));
#4865 = CARTESIAN_POINT('',(-33.20454896358,-1.036363248969,
    -4.379975430037));
#4866 = CARTESIAN_POINT('',(-33.3067923111,-1.112126576763,
    -4.361515304498));
#4867 = CARTESIAN_POINT('',(-33.41501334874,-1.174994493199,
    -4.344749205396));
#4868 = CARTESIAN_POINT('',(-33.52772392123,-1.22509221087,
    -4.330514404753));
#4869 = CARTESIAN_POINT('',(-33.64365589248,-1.262559380023,
    -4.319429735585));
#4870 = CARTESIAN_POINT('',(-33.76169069027,-1.287509455937,
    -4.311900927587));
#4871 = CARTESIAN_POINT('',(-33.8808022587,-1.3,-4.308131845708));
#4872 = CARTESIAN_POINT('',(-34.1377450715,-1.3,-4.308131845708));
#4873 = CARTESIAN_POINT('',(-34.2753205804,-1.283320105468,
    -4.313165051443));
#4874 = CARTESIAN_POINT('',(-34.41125221571,-1.250030450032,
    -4.32321048033));
#4875 = CARTESIAN_POINT('',(-34.543977612,-1.200008683385,
    -4.337910161945));
#4876 = CARTESIAN_POINT('',(-34.67172534336,-1.133035020883,
    -4.356549359291));
#4877 = CARTESIAN_POINT('',(-34.7924037371,-1.048869802945,
    -4.378019256296));
#4878 = CARTESIAN_POINT('',(-34.90345963323,-0.947363760997,
    -4.400805520027));
#4879 = CARTESIAN_POINT('',(-35.09013784916,-0.721708561597,
    -4.443081689568));
#4880 = CARTESIAN_POINT('',(-35.17082211753,-0.597610428121,
    -4.463272268452));
#4881 = CARTESIAN_POINT('',(-35.23750342721,-0.458335690362,
    -4.481586746284));
#4882 = CARTESIAN_POINT('',(-35.28569393387,-0.307282906337,
    -4.495712739561));
#4883 = CARTESIAN_POINT('',(-35.3125168418,-0.14879654461,
    -4.503747553723));
#4884 = CARTESIAN_POINT('',(-35.31662094009,1.233129860077E-02,
    -4.504850016966));
#4885 = CARTESIAN_POINT('',(-35.29820860299,0.171205222652,
    -4.499326688626));
#4886 = CARTESIAN_POINT('',(-35.23376291106,0.422204620825,
    -4.481247232689));
#4887 = CARTESIAN_POINT('',(-35.19949268336,0.518815619507,
    -4.471784439797));
#4888 = CARTESIAN_POINT('',(-35.15659070527,0.612208448173,
    -4.460237387366));
#4889 = CARTESIAN_POINT('',(-35.10540901814,0.701497515908,
    -4.446976058168));
#4890 = CARTESIAN_POINT('',(-35.04640758325,0.78583920712,
    -4.432472075915));
#4891 = CARTESIAN_POINT('',(-34.98015221347,0.864443912807,
    -4.417272203289));
#4892 = CARTESIAN_POINT('',(-34.90731127891,0.936593928033,
    -4.401959460834));
#4893 = CARTESIAN_POINT('',(-34.74214673759,1.073229919531,
    -4.37076260302));
#4894 = CARTESIAN_POINT('',(-34.64851646307,1.136306888229,
    -4.354957678114));
#4895 = CARTESIAN_POINT('',(-34.54878951059,1.190009720647,
    -4.340449189595));
#4896 = CARTESIAN_POINT('',(-34.44410069349,1.233651641191,
    -4.327978327062));
#4897 = CARTESIAN_POINT('',(-34.33564536782,1.2667281195,-4.318172500702
    ));
#4898 = CARTESIAN_POINT('',(-34.22464879293,1.288902979825,
    -4.311479951875));
#4899 = CARTESIAN_POINT('',(-34.11234997594,1.3,-4.308131845708));
#4900 = CARTESIAN_POINT('',(-33.88079563309,1.3,-4.308131845708));
#4901 = CARTESIAN_POINT('',(-33.76168316328,1.287508077361,
    -4.311901342676));
#4902 = CARTESIAN_POINT('',(-33.64365074778,1.262557302422,
    -4.31943036442));
#4903 = CARTESIAN_POINT('',(-33.52772225497,1.225090731204,
    -4.330514800975));
#4904 = CARTESIAN_POINT('',(-33.41501453613,1.174994533598,
    -4.344749131255));
#4905 = CARTESIAN_POINT('',(-33.30679470086,1.112128054108,
    -4.361514906131));
#4906 = CARTESIAN_POINT('',(-33.20455073026,1.036364907992,
    -4.379975072647));
#4907 = CARTESIAN_POINT('',(-33.02227237233,0.865194136441,
    -4.416849010686));
#4908 = CARTESIAN_POINT('',(-32.93962242049,0.770079529924,
    -4.435489762014));
#4909 = CARTESIAN_POINT('',(-32.8653245185,0.662817002276,
    -4.453937662039));
#4910 = CARTESIAN_POINT('',(-32.80212144657,0.544565401308,
    -4.470858251646));
#4911 = CARTESIAN_POINT('',(-32.75231709276,0.416981454882,
    -4.484887018128));
#4912 = CARTESIAN_POINT('',(-32.71778897904,0.2821001219,-4.494860678539
    ));
#4913 = CARTESIAN_POINT('',(-32.7,0.142250108235,-4.5));
#4914 = CARTESIAN_POINT('',(-32.7,-6.661338147751E-16,-4.5));
#4915 = PCURVE('',#3315,#4916);
#4916 = DEFINITIONAL_REPRESENTATION('',(#4917),#4976);
#4917 = B_SPLINE_CURVE_WITH_KNOTS('',8,(#4918,#4919,#4920,#4921,#4922,
    #4923,#4924,#4925,#4926,#4927,#4928,#4929,#4930,#4931,#4932,#4933,
    #4934,#4935,#4936,#4937,#4938,#4939,#4940,#4941,#4942,#4943,#4944,
    #4945,#4946,#4947,#4948,#4949,#4950,#4951,#4952,#4953,#4954,#4955,
    #4956,#4957,#4958,#4959,#4960,#4961,#4962,#4963,#4964,#4965,#4966,
    #4967,#4968,#4969,#4970,#4971,#4972,#4973,#4974,#4975),
  .UNSPECIFIED.,.F.,.F.,(9,7,7,7,7,7,7,7,9),(0.,0.131488347976,
    0.272883774124,0.436280520352,0.583477033191,0.67920142254,
    0.784471901232,0.896164855862,1.),.UNSPECIFIED.);
#4918 = CARTESIAN_POINT('',(0.,-4.5));
#4919 = CARTESIAN_POINT('',(-0.109462389619,-4.5));
#4920 = CARTESIAN_POINT('',(-0.217050077849,-4.494856994912));
#4921 = CARTESIAN_POINT('',(-0.322793178931,-4.484880738876));
#4922 = CARTESIAN_POINT('',(-0.42662116344,-4.470853317737));
#4923 = CARTESIAN_POINT('',(-0.528358387775,-4.453937365803));
#4924 = CARTESIAN_POINT('',(-0.627694823258,-4.435494092814));
#4925 = CARTESIAN_POINT('',(-0.724120738654,-4.416854132506));
#4926 = CARTESIAN_POINT('',(-0.91649148422,-4.379975430037));
#4927 = CARTESIAN_POINT('',(-1.01371905625,-4.361515304498));
#4928 = CARTESIAN_POINT('',(-1.109016902041,-4.344749205396));
#4929 = CARTESIAN_POINT('',(-1.202815653186,-4.330514404753));
#4930 = CARTESIAN_POINT('',(-1.295510681904,-4.319429735585));
#4931 = CARTESIAN_POINT('',(-1.38748153259,-4.311900927587));
#4932 = CARTESIAN_POINT('',(-1.47910575657,-4.308131845708));
#4933 = CARTESIAN_POINT('',(-1.676754074105,-4.308131845708));
#4934 = CARTESIAN_POINT('',(-1.782581172709,-4.313165051443));
#4935 = CARTESIAN_POINT('',(-1.888957389745,-4.32321048033));
#4936 = CARTESIAN_POINT('',(-1.996472738043,-4.337910161945));
#4937 = CARTESIAN_POINT('',(-2.105718467748,-4.356549359291));
#4938 = CARTESIAN_POINT('',(-2.217310564322,-4.378019256296));
#4939 = CARTESIAN_POINT('',(-2.331927285508,-4.400805520027));
#4940 = CARTESIAN_POINT('',(-2.557206895226,-4.443081689568));
#4941 = CARTESIAN_POINT('',(-2.670321927163,-4.463272268452));
#4942 = CARTESIAN_POINT('',(-2.787419385389,-4.481586746284));
#4943 = CARTESIAN_POINT('',(-2.907071804047,-4.495712739561));
#4944 = CARTESIAN_POINT('',(-3.028288218388,-4.503747553723));
#4945 = CARTESIAN_POINT('',(-3.15023801086,-4.504850016966));
#4946 = CARTESIAN_POINT('',(-3.272131715694,-4.499326688626));
#4947 = CARTESIAN_POINT('',(-3.471470779062,-4.481247232689));
#4948 = CARTESIAN_POINT('',(-3.550007962988,-4.471784439797));
#4949 = CARTESIAN_POINT('',(-3.628537528535,-4.460237387366));
#4950 = CARTESIAN_POINT('',(-3.707069009786,-4.446976058168));
#4951 = CARTESIAN_POINT('',(-3.785609569745,-4.432472075915));
#4952 = CARTESIAN_POINT('',(-3.864159530726,-4.417272203289));
#4953 = CARTESIAN_POINT('',(-3.942709429411,-4.401959460834));
#4954 = CARTESIAN_POINT('',(-4.107599064152,-4.37076260302));
#4955 = CARTESIAN_POINT('',(-4.194021822066,-4.354957678114));
#4956 = CARTESIAN_POINT('',(-4.28044470683,-4.340449189595));
#4957 = CARTESIAN_POINT('',(-4.366842495049,-4.327978327062));
#4958 = CARTESIAN_POINT('',(-4.453216090344,-4.318172500702));
#4959 = CARTESIAN_POINT('',(-4.539582545801,-4.311479951875));
#4960 = CARTESIAN_POINT('',(-4.625965921964,-4.308131845708));
#4961 = CARTESIAN_POINT('',(-4.804084647233,-4.308131845708));
#4962 = CARTESIAN_POINT('',(-4.895709558069,-4.311901342676));
#4963 = CARTESIAN_POINT('',(-4.98767878215,-4.31943036442));
#4964 = CARTESIAN_POINT('',(-5.080371256299,-4.330514800975));
#4965 = CARTESIAN_POINT('',(-5.174167623826,-4.344749131255));
#4966 = CARTESIAN_POINT('',(-5.269464136345,-4.361514906131));
#4967 = CARTESIAN_POINT('',(-5.366691958702,-4.379975072647));
#4968 = CARTESIAN_POINT('',(-5.559037851527,-4.416849010686));
#4969 = CARTESIAN_POINT('',(-5.655468387892,-4.435489762014));
#4970 = CARTESIAN_POINT('',(-5.754824628286,-4.453937662039));
#4971 = CARTESIAN_POINT('',(-5.85658590641,-4.470858251646));
#4972 = CARTESIAN_POINT('',(-5.960433803014,-4.484887018128));
#4973 = CARTESIAN_POINT('',(-6.066185260959,-4.494860678539));
#4974 = CARTESIAN_POINT('',(-6.173762146999,-4.5));
#4975 = CARTESIAN_POINT('',(-6.28318530718,-4.5));
#4976 = ( GEOMETRIC_REPRESENTATION_CONTEXT(2) 
PARAMETRIC_REPRESENTATION_CONTEXT() REPRESENTATION_CONTEXT('2D SPACE',''
  ) );
#4977 = PCURVE('',#4236,#4978);
#4978 = DEFINITIONAL_REPRESENTATION('',(#4979),#5038);
#4979 = B_SPLINE_CURVE_WITH_KNOTS('',8,(#4980,#4981,#4982,#4983,#4984,
    #4985,#4986,#4987,#4988,#4989,#4990,#4991,#4992,#4993,#4994,#4995,
    #4996,#4997,#4998,#4999,#5000,#5001,#5002,#5003,#5004,#5005,#5006,
    #5007,#5008,#5009,#5010,#5011,#5012,#5013,#5014,#5015,#5016,#5017,
    #5018,#5019,#5020,#5021,#5022,#5023,#5024,#5025,#5026,#5027,#5028,
    #5029,#5030,#5031,#5032,#5033,#5034,#5035,#5036,#5037),
  .UNSPECIFIED.,.T.,.F.,(9,7,7,7,7,7,7,7,9),(0.,0.131488347976,
    0.272883774124,0.436280520352,0.583477033191,0.67920142254,
    0.784471901232,0.896164855862,1.),.UNSPECIFIED.);
#4980 = CARTESIAN_POINT('',(-4.712388980385,0.7));
#4981 = CARTESIAN_POINT('',(-4.680766512273,0.7));
#4982 = CARTESIAN_POINT('',(-4.649685566869,0.717801738103));
#4983 = CARTESIAN_POINT('',(-4.619666966362,0.752338801414));
#4984 = CARTESIAN_POINT('',(-4.591183340313,0.802140338132));
#4985 = CARTESIAN_POINT('',(-4.564666932854,0.865328469452));
#4986 = CARTESIAN_POINT('',(-4.540496060943,0.939606517853));
#4987 = CARTESIAN_POINT('',(-4.518960936714,1.022247053724));
#4988 = CARTESIAN_POINT('',(-4.480045362571,1.20454896358));
#4989 = CARTESIAN_POINT('',(-4.462722741063,1.3067923111));
#4990 = CARTESIAN_POINT('',(-4.44826826433,1.415013348748));
#4991 = CARTESIAN_POINT('',(-4.436696284248,1.527723921239));
#4992 = CARTESIAN_POINT('',(-4.428013618358,1.643655892486));
#4993 = CARTESIAN_POINT('',(-4.422222239695,1.761690690272));
#4994 = CARTESIAN_POINT('',(-4.419322942061,1.880802258707));
#4995 = CARTESIAN_POINT('',(-4.419322942061,2.137745071503));
#4996 = CARTESIAN_POINT('',(-4.42319468124,2.275320580405));
#4997 = CARTESIAN_POINT('',(-4.430921784488,2.411252215711));
#4998 = CARTESIAN_POINT('',(-4.44250757191,2.543977612005));
#4999 = CARTESIAN_POINT('',(-4.457952573532,2.671725343368));
#5000 = CARTESIAN_POINT('',(-4.477244237701,2.792403737108));
#5001 = CARTESIAN_POINT('',(-4.500347810265,2.903459633237));
#5002 = CARTESIAN_POINT('',(-4.551365862518,3.090137849162));
#5003 = CARTESIAN_POINT('',(-4.57929782487,3.170822117539));
#5004 = CARTESIAN_POINT('',(-4.610489622689,3.237503427212));
#5005 = CARTESIAN_POINT('',(-4.644153209873,3.285693933877));
#5006 = CARTESIAN_POINT('',(-4.679351185873,3.312516841805));
#5007 = CARTESIAN_POINT('',(-4.715106737852,3.316620940093));
#5008 = CARTESIAN_POINT('',(-4.750408969208,3.298208602998));
#5009 = CARTESIAN_POINT('',(-4.806331121717,3.233762911069));
#5010 = CARTESIAN_POINT('',(-4.827895847395,3.199492683361));
#5011 = CARTESIAN_POINT('',(-4.848796789089,3.156590705278));
#5012 = CARTESIAN_POINT('',(-4.868845277602,3.105409018148));
#5013 = CARTESIAN_POINT('',(-4.887854392115,3.046407583257));
#5014 = CARTESIAN_POINT('',(-4.905640676874,2.980152213472));
#5015 = CARTESIAN_POINT('',(-4.922029218347,2.90731127891));
#5016 = CARTESIAN_POINT('',(-4.953174150844,2.742146737597));
#5017 = CARTESIAN_POINT('',(-4.967621279113,2.648516463073));
#5018 = CARTESIAN_POINT('',(-4.979980376201,2.548789510591));
#5019 = CARTESIAN_POINT('',(-4.990065461542,2.444100693497));
#5020 = CARTESIAN_POINT('',(-4.997731808043,2.335645367826));
#5021 = CARTESIAN_POINT('',(-5.002879301765,2.224648792935));
#5022 = CARTESIAN_POINT('',(-5.005455018709,2.112349975947));
#5023 = CARTESIAN_POINT('',(-5.005455018709,1.880795633097));
#5024 = CARTESIAN_POINT('',(-5.002555400795,1.761683163288));
#5025 = CARTESIAN_POINT('',(-4.996763860465,1.643650747787));
#5026 = CARTESIAN_POINT('',(-4.988081336432,1.52772225497));
#5027 = CARTESIAN_POINT('',(-4.976509709129,1.415014536132));
#5028 = CARTESIAN_POINT('',(-4.962055559448,1.30679470086));
#5029 = CARTESIAN_POINT('',(-4.944732975328,1.204550730261));
#5030 = CARTESIAN_POINT('',(-4.905822428762,1.022272372333));
#5031 = CARTESIAN_POINT('',(-4.884287542588,0.939622420495));
#5032 = CARTESIAN_POINT('',(-4.860112438153,0.865324518504));
#5033 = CARTESIAN_POINT('',(-4.833589411329,0.802121446574));
#5034 = CARTESIAN_POINT('',(-4.805099515463,0.75231709276));
#5035 = CARTESIAN_POINT('',(-4.775077942761,0.717788979041));
#5036 = CARTESIAN_POINT('',(-4.744000115548,0.7));
#5037 = CARTESIAN_POINT('',(-4.712388980385,0.7));
#5038 = ( GEOMETRIC_REPRESENTATION_CONTEXT(2) 
PARAMETRIC_REPRESENTATION_CONTEXT() REPRESENTATION_CONTEXT('2D SPACE',''
  ) );
#5039 = ORIENTED_EDGE('',*,*,#5040,.T.);
#5040 = EDGE_CURVE('',#4853,#3190,#5041,.T.);
#5041 = SEAM_CURVE('',#5042,(#5046,#5053),.PCURVE_S1.);
#5042 = LINE('',#5043,#5044);
#5043 = CARTESIAN_POINT('',(-32.7,0.,0.));
#5044 = VECTOR('',#5045,1.);
#5045 = DIRECTION('',(0.,-1.836970198721E-16,-1.));
#5046 = PCURVE('',#3315,#5047);
#5047 = DEFINITIONAL_REPRESENTATION('',(#5048),#5052);
#5048 = LINE('',#5049,#5050);
#5049 = CARTESIAN_POINT('',(-6.28318530718,0.));
#5050 = VECTOR('',#5051,1.);
#5051 = DIRECTION('',(-0.,-1.));
#5052 = ( GEOMETRIC_REPRESENTATION_CONTEXT(2) 
PARAMETRIC_REPRESENTATION_CONTEXT() REPRESENTATION_CONTEXT('2D SPACE',''
  ) );
#5053 = PCURVE('',#3315,#5054);
#5054 = DEFINITIONAL_REPRESENTATION('',(#5055),#5059);
#5055 = LINE('',#5056,#5057);
#5056 = CARTESIAN_POINT('',(-0.,0.));
#5057 = VECTOR('',#5058,1.);
#5058 = DIRECTION('',(-0.,-1.));
#5059 = ( GEOMETRIC_REPRESENTATION_CONTEXT(2) 
PARAMETRIC_REPRESENTATION_CONTEXT() REPRESENTATION_CONTEXT('2D SPACE',''
  ) );
#5060 = ORIENTED_EDGE('',*,*,#3189,.T.);
#5061 = ORIENTED_EDGE('',*,*,#5040,.F.);
#5062 = ADVANCED_FACE('',(#5063),#3494,.F.);
#5063 = FACE_BOUND('',#5064,.T.);
#5064 = EDGE_LOOP('',(#5065,#5229,#5250,#5251));
#5065 = ORIENTED_EDGE('',*,*,#5066,.F.);
#5066 = EDGE_CURVE('',#5067,#5067,#5069,.T.);
#5067 = VERTEX_POINT('',#5068);
#5068 = CARTESIAN_POINT('',(-36.2,-4.5,5.510910596163E-16));
#5069 = SURFACE_CURVE('',#5070,(#5121,#5175),.PCURVE_S1.);
#5070 = B_SPLINE_CURVE_WITH_KNOTS('',7,(#5071,#5072,#5073,#5074,#5075,
    #5076,#5077,#5078,#5079,#5080,#5081,#5082,#5083,#5084,#5085,#5086,
    #5087,#5088,#5089,#5090,#5091,#5092,#5093,#5094,#5095,#5096,#5097,
    #5098,#5099,#5100,#5101,#5102,#5103,#5104,#5105,#5106,#5107,#5108,
    #5109,#5110,#5111,#5112,#5113,#5114,#5115,#5116,#5117,#5118,#5119,
    #5120),.UNSPECIFIED.,.T.,.F.,(8,6,6,6,6,6,6,6,8),(0.,0.120461678972,
    0.249999626348,0.379544774096,0.499992500912,0.620465077812,
    0.750014082255,0.879564084916,1.),.UNSPECIFIED.);
#5071 = CARTESIAN_POINT('',(-36.2,-4.5,4.440892098501E-16));
#5072 = CARTESIAN_POINT('',(-36.2,-4.5,0.162629838713));
#5073 = CARTESIAN_POINT('',(-36.22373565136,-4.493142659787,
    0.322010255487));
#5074 = CARTESIAN_POINT('',(-36.269500689,-4.479923586829,0.474046432645
    ));
#5075 = CARTESIAN_POINT('',(-36.33477998963,-4.461783048125,
    0.615130414292));
#5076 = CARTESIAN_POINT('',(-36.41624260664,-4.440861227727,
    0.74227723956));
#5077 = CARTESIAN_POINT('',(-36.50969823979,-4.419392690525,
    0.853386240029));
#5078 = CARTESIAN_POINT('',(-36.71804327805,-4.377245602309,
    1.049035253729));
#5079 = CARTESIAN_POINT('',(-36.83637532211,-4.356271871894,
    1.133157017774));
#5080 = CARTESIAN_POINT('',(-36.96219616472,-4.337835605497,
    1.200096978453));
#5081 = CARTESIAN_POINT('',(-37.09325167775,-4.323193204008,
    1.250087443287));
#5082 = CARTESIAN_POINT('',(-37.22766291704,-4.313157288214,
    1.283345941249));
#5083 = CARTESIAN_POINT('',(-37.36377400995,-4.308131845708,1.3));
#5084 = CARTESIAN_POINT('',(-37.63623356217,-4.308131845708,1.3));
#5085 = CARTESIAN_POINT('',(-37.77234459489,-4.313157841666,
    1.283344103148));
#5086 = CARTESIAN_POINT('',(-37.9067520466,-4.323193878073,
    1.250085221986));
#5087 = CARTESIAN_POINT('',(-38.03780344345,-4.337835723876,
    1.200096240421));
#5088 = CARTESIAN_POINT('',(-38.16362216455,-4.356271476887,
    1.133158355558));
#5089 = CARTESIAN_POINT('',(-38.28195470288,-4.377245193863,
    1.049037149756));
#5090 = CARTESIAN_POINT('',(-38.49028643075,-4.41938958946,
    0.853400635339));
#5091 = CARTESIAN_POINT('',(-38.58374861025,-4.440858661299,
    0.742292630735));
#5092 = CARTESIAN_POINT('',(-38.66522465076,-4.461783792525,
    0.615132664641));
#5093 = CARTESIAN_POINT('',(-38.73051198672,-4.479927239352,
    0.474027506149));
#5094 = CARTESIAN_POINT('',(-38.77627414013,-4.493145494679,
    0.321974263249));
#5095 = CARTESIAN_POINT('',(-38.8,-4.5,0.162596292777));
#5096 = CARTESIAN_POINT('',(-38.8,-4.5,-0.162629838712));
#5097 = CARTESIAN_POINT('',(-38.77626434863,-4.493142659787,
    -0.322010255488));
#5098 = CARTESIAN_POINT('',(-38.73049931099,-4.479923586829,
    -0.474046432644));
#5099 = CARTESIAN_POINT('',(-38.66522001036,-4.461783048125,
    -0.615130414292));
#5100 = CARTESIAN_POINT('',(-38.58375739335,-4.440861227727,
    -0.74227723956));
#5101 = CARTESIAN_POINT('',(-38.4903017602,-4.419392690525,
    -0.853386240029));
#5102 = CARTESIAN_POINT('',(-38.28195727357,-4.3772457139,
    -1.049034735717));
#5103 = CARTESIAN_POINT('',(-38.16362364817,-4.356271635399,
    -1.133158248901));
#5104 = CARTESIAN_POINT('',(-38.03780188078,-4.337835316852,
    -1.200097633677));
#5105 = CARTESIAN_POINT('',(-37.90674861362,-4.323193527381,
    -1.25008638359));
#5106 = CARTESIAN_POINT('',(-37.7723416311,-4.313157766099,
    -1.283344353977));
#5107 = CARTESIAN_POINT('',(-37.63623251245,-4.308131845708,-1.3));
#5108 = CARTESIAN_POINT('',(-37.36376643782,-4.308131845708,-1.3));
#5109 = CARTESIAN_POINT('',(-37.2276554051,-4.313157841666,
    -1.283344103148));
#5110 = CARTESIAN_POINT('',(-37.09324795339,-4.323193878073,
    -1.250085221986));
#5111 = CARTESIAN_POINT('',(-36.96219655654,-4.337835723876,
    -1.200096240421));
#5112 = CARTESIAN_POINT('',(-36.83637783544,-4.356271476887,
    -1.133158355558));
#5113 = CARTESIAN_POINT('',(-36.71804529711,-4.377245193863,
    -1.049037149756));
#5114 = CARTESIAN_POINT('',(-36.50972717376,-4.419386837337,
    -0.85341341084));
#5115 = CARTESIAN_POINT('',(-36.4162541694,-4.440857403573,
    -0.742301569618));
#5116 = CARTESIAN_POINT('',(-36.33476672796,-4.461785817119,
    -0.615126261872));
#5117 = CARTESIAN_POINT('',(-36.26947616518,-4.479930686174,
    -0.474004540744));
#5118 = CARTESIAN_POINT('',(-36.22371863872,-4.493147571385,
    -0.321942978445));
#5119 = CARTESIAN_POINT('',(-36.2,-4.5,-0.162571552268));
#5120 = CARTESIAN_POINT('',(-36.2,-4.5,4.440892098501E-16));
#5121 = PCURVE('',#3494,#5122);
#5122 = DEFINITIONAL_REPRESENTATION('',(#5123),#5174);
#5123 = B_SPLINE_CURVE_WITH_KNOTS('',7,(#5124,#5125,#5126,#5127,#5128,
    #5129,#5130,#5131,#5132,#5133,#5134,#5135,#5136,#5137,#5138,#5139,
    #5140,#5141,#5142,#5143,#5144,#5145,#5146,#5147,#5148,#5149,#5150,
    #5151,#5152,#5153,#5154,#5155,#5156,#5157,#5158,#5159,#5160,#5161,
    #5162,#5163,#5164,#5165,#5166,#5167,#5168,#5169,#5170,#5171,#5172,
    #5173),.UNSPECIFIED.,.F.,.F.,(8,6,6,6,6,6,6,6,8),(0.,0.120461678972,
    0.249999626348,0.379544774096,0.499992500912,0.620465077812,
    0.750014082255,0.879564084916,1.),.UNSPECIFIED.);
#5124 = CARTESIAN_POINT('',(0.,-4.5));
#5125 = CARTESIAN_POINT('',(-0.125099875933,-4.5));
#5126 = CARTESIAN_POINT('',(-0.247700141035,-4.493142659787));
#5127 = CARTESIAN_POINT('',(-0.367849001853,-4.479923586829));
#5128 = CARTESIAN_POINT('',(-0.485393330281,-4.461783048125));
#5129 = CARTESIAN_POINT('',(-0.599966816631,-4.440861227727));
#5130 = CARTESIAN_POINT('',(-0.710878832995,-4.419392690525));
#5131 = CARTESIAN_POINT('',(-0.930731111975,-4.377245602309));
#5132 = CARTESIAN_POINT('',(-1.041381704341,-4.356271871894));
#5133 = CARTESIAN_POINT('',(-1.149598020662,-4.337835605497));
#5134 = CARTESIAN_POINT('',(-1.25603328571,-4.323193204008));
#5135 = CARTESIAN_POINT('',(-1.361306342227,-4.313157288214));
#5136 = CARTESIAN_POINT('',(-1.46600710368,-4.308131845708));
#5137 = CARTESIAN_POINT('',(-1.675591374622,-4.308131845708));
#5138 = CARTESIAN_POINT('',(-1.780292081098,-4.313157841666));
#5139 = CARTESIAN_POINT('',(-1.885562557037,-4.323193878073));
#5140 = CARTESIAN_POINT('',(-1.991994648382,-4.337835723876));
#5141 = CARTESIAN_POINT('',(-2.100208839995,-4.356271476887));
#5142 = CARTESIAN_POINT('',(-2.210859411035,-4.377245193863));
#5143 = CARTESIAN_POINT('',(-2.430697644476,-4.41938958946));
#5144 = CARTESIAN_POINT('',(-2.541612811256,-4.440858661299));
#5145 = CARTESIAN_POINT('',(-2.656199831179,-4.461783792525));
#5146 = CARTESIAN_POINT('',(-2.773760164269,-4.479927239352));
#5147 = CARTESIAN_POINT('',(-2.89392020384,-4.493145494679));
#5148 = CARTESIAN_POINT('',(-3.016518582223,-4.5));
#5149 = CARTESIAN_POINT('',(-3.266692529522,-4.5));
#5150 = CARTESIAN_POINT('',(-3.389292794625,-4.493142659787));
#5151 = CARTESIAN_POINT('',(-3.509441655442,-4.479923586829));
#5152 = CARTESIAN_POINT('',(-3.626985983871,-4.461783048125));
#5153 = CARTESIAN_POINT('',(-3.74155947022,-4.440861227727));
#5154 = CARTESIAN_POINT('',(-3.852471486585,-4.419392690525));
#5155 = CARTESIAN_POINT('',(-4.072323183471,-4.3772457139));
#5156 = CARTESIAN_POINT('',(-4.182975576553,-4.356271635399));
#5157 = CARTESIAN_POINT('',(-4.29119210887,-4.337835316852));
#5158 = CARTESIAN_POINT('',(-4.397625453139,-4.323193527381));
#5159 = CARTESIAN_POINT('',(-4.502895499619,-4.313157766099));
#5160 = CARTESIAN_POINT('',(-4.607594740031,-4.308131845708));
#5161 = CARTESIAN_POINT('',(-4.817184028212,-4.308131845708));
#5162 = CARTESIAN_POINT('',(-4.921884734688,-4.313157841666));
#5163 = CARTESIAN_POINT('',(-5.027155210626,-4.323193878073));
#5164 = CARTESIAN_POINT('',(-5.133587301972,-4.337835723876));
#5165 = CARTESIAN_POINT('',(-5.241801493584,-4.356271476887));
#5166 = CARTESIAN_POINT('',(-5.352452064625,-4.377245193863));
#5167 = CARTESIAN_POINT('',(-5.572275942138,-4.419386837337));
#5168 = CARTESIAN_POINT('',(-5.683199203144,-4.440857403573));
#5169 = CARTESIAN_POINT('',(-5.79779988337,-4.461785817119));
#5170 = CARTESIAN_POINT('',(-5.915371929451,-4.479930686174));
#5171 = CARTESIAN_POINT('',(-6.03553692562,-4.493147571385));
#5172 = CARTESIAN_POINT('',(-6.158130266974,-4.5));
#5173 = CARTESIAN_POINT('',(-6.28318530718,-4.5));
#5174 = ( GEOMETRIC_REPRESENTATION_CONTEXT(2) 
PARAMETRIC_REPRESENTATION_CONTEXT() REPRESENTATION_CONTEXT('2D SPACE',''
  ) );
#5175 = PCURVE('',#4236,#5176);
#5176 = DEFINITIONAL_REPRESENTATION('',(#5177),#5228);
#5177 = B_SPLINE_CURVE_WITH_KNOTS('',7,(#5178,#5179,#5180,#5181,#5182,
    #5183,#5184,#5185,#5186,#5187,#5188,#5189,#5190,#5191,#5192,#5193,
    #5194,#5195,#5196,#5197,#5198,#5199,#5200,#5201,#5202,#5203,#5204,
    #5205,#5206,#5207,#5208,#5209,#5210,#5211,#5212,#5213,#5214,#5215,
    #5216,#5217,#5218,#5219,#5220,#5221,#5222,#5223,#5224,#5225,#5226,
    #5227),.UNSPECIFIED.,.T.,.F.,(8,6,6,6,6,6,6,6,8),(0.,0.120461678972,
    0.249999626348,0.379544774096,0.499992500912,0.620465077812,
    0.750014082255,0.879564084916,1.),.UNSPECIFIED.);
#5178 = CARTESIAN_POINT('',(-3.14159265359,4.2));
#5179 = CARTESIAN_POINT('',(-3.105452689431,4.2));
#5180 = CARTESIAN_POINT('',(-3.070034758208,4.223735651364));
#5181 = CARTESIAN_POINT('',(-3.036172168112,4.269500689002));
#5182 = CARTESIAN_POINT('',(-3.004601857594,4.334779989635));
#5183 = CARTESIAN_POINT('',(-2.975985187275,4.416242606641));
#5184 = CARTESIAN_POINT('',(-2.950843376693,4.509698239793));
#5185 = CARTESIAN_POINT('',(-2.906368435152,4.71804327805));
#5186 = CARTESIAN_POINT('',(-2.887112407307,4.836375322116));
#5187 = CARTESIAN_POINT('',(-2.871687655672,4.962196164728));
#5188 = CARTESIAN_POINT('',(-2.860112259233,5.09325167775));
#5189 = CARTESIAN_POINT('',(-2.852392345445,5.227662917046));
#5190 = CARTESIAN_POINT('',(-2.848526615266,5.363774009951));
#5191 = CARTESIAN_POINT('',(-2.848526615266,5.636233562175));
#5192 = CARTESIAN_POINT('',(-2.852392772483,5.772344594891));
#5193 = CARTESIAN_POINT('',(-2.860112774124,5.906752046605));
#5194 = CARTESIAN_POINT('',(-2.871687820961,6.037803443456));
#5195 = CARTESIAN_POINT('',(-2.887112097987,6.163622164557));
#5196 = CARTESIAN_POINT('',(-2.906368004147,6.281954702887));
#5197 = CARTESIAN_POINT('',(-2.95084010435,6.490286430759));
#5198 = CARTESIAN_POINT('',(-2.97598172214,6.583748610254));
#5199 = CARTESIAN_POINT('',(-3.004601401733,6.665224650768));
#5200 = CARTESIAN_POINT('',(-3.036176423205,6.73051198672));
#5201 = CARTESIAN_POINT('',(-3.070042756849,6.77627414013));
#5202 = CARTESIAN_POINT('',(-3.105460144084,6.8));
#5203 = CARTESIAN_POINT('',(-3.177732617748,6.8));
#5204 = CARTESIAN_POINT('',(-3.213150548972,6.776264348636));
#5205 = CARTESIAN_POINT('',(-3.247013139067,6.730499310998));
#5206 = CARTESIAN_POINT('',(-3.278583449586,6.665220010365));
#5207 = CARTESIAN_POINT('',(-3.307200119904,6.583757393359));
#5208 = CARTESIAN_POINT('',(-3.332341930487,6.490301760207));
#5209 = CARTESIAN_POINT('',(-3.376816754273,6.281957273577));
#5210 = CARTESIAN_POINT('',(-3.396073178321,6.163623648176));
#5211 = CARTESIAN_POINT('',(-3.411497807687,6.03780188078));
#5212 = CARTESIAN_POINT('',(-3.42307280299,5.906748613628));
#5213 = CARTESIAN_POINT('',(-3.430792592926,5.772341631106));
#5214 = CARTESIAN_POINT('',(-3.434658691914,5.636232512459));
#5215 = CARTESIAN_POINT('',(-3.434658691914,5.363766437825));
#5216 = CARTESIAN_POINT('',(-3.430792534696,5.227655405109));
#5217 = CARTESIAN_POINT('',(-3.423072533055,5.093247953395));
#5218 = CARTESIAN_POINT('',(-3.411497486219,4.962196556544));
#5219 = CARTESIAN_POINT('',(-3.396073209193,4.836377835443));
#5220 = CARTESIAN_POINT('',(-3.376817303033,4.718045297113));
#5221 = CARTESIAN_POINT('',(-3.332348106957,4.509727173768));
#5222 = CARTESIAN_POINT('',(-3.307205585405,4.416254169403));
#5223 = CARTESIAN_POINT('',(-3.278582426931,4.334766727965));
#5224 = CARTESIAN_POINT('',(-3.247003742137,4.269476165183));
#5225 = CARTESIAN_POINT('',(-3.213135599553,4.223718638721));
#5226 = CARTESIAN_POINT('',(-3.177719665205,4.2));
#5227 = CARTESIAN_POINT('',(-3.14159265359,4.2));
#5228 = ( GEOMETRIC_REPRESENTATION_CONTEXT(2) 
PARAMETRIC_REPRESENTATION_CONTEXT() REPRESENTATION_CONTEXT('2D SPACE',''
  ) );
#5229 = ORIENTED_EDGE('',*,*,#5230,.T.);
#5230 = EDGE_CURVE('',#5067,#3385,#5231,.T.);
#5231 = SEAM_CURVE('',#5232,(#5236,#5243),.PCURVE_S1.);
#5232 = LINE('',#5233,#5234);
#5233 = CARTESIAN_POINT('',(-36.2,0.,0.));
#5234 = VECTOR('',#5235,1.);
#5235 = DIRECTION('',(0.,-1.,1.224646799147E-16));
#5236 = PCURVE('',#3494,#5237);
#5237 = DEFINITIONAL_REPRESENTATION('',(#5238),#5242);
#5238 = LINE('',#5239,#5240);
#5239 = CARTESIAN_POINT('',(-6.28318530718,0.));
#5240 = VECTOR('',#5241,1.);
#5241 = DIRECTION('',(-0.,-1.));
#5242 = ( GEOMETRIC_REPRESENTATION_CONTEXT(2) 
PARAMETRIC_REPRESENTATION_CONTEXT() REPRESENTATION_CONTEXT('2D SPACE',''
  ) );
#5243 = PCURVE('',#3494,#5244);
#5244 = DEFINITIONAL_REPRESENTATION('',(#5245),#5249);
#5245 = LINE('',#5246,#5247);
#5246 = CARTESIAN_POINT('',(-0.,0.));
#5247 = VECTOR('',#5248,1.);
#5248 = DIRECTION('',(-0.,-1.));
#5249 = ( GEOMETRIC_REPRESENTATION_CONTEXT(2) 
PARAMETRIC_REPRESENTATION_CONTEXT() REPRESENTATION_CONTEXT('2D SPACE',''
  ) );
#5250 = ORIENTED_EDGE('',*,*,#3384,.T.);
#5251 = ORIENTED_EDGE('',*,*,#5230,.F.);
#5252 = ADVANCED_FACE('',(#5253),#3681,.F.);
#5253 = FACE_BOUND('',#5254,.T.);
#5254 = EDGE_LOOP('',(#5255,#5443,#5464,#5465));
#5255 = ORIENTED_EDGE('',*,*,#5256,.F.);
#5256 = EDGE_CURVE('',#5257,#5257,#5259,.T.);
#5257 = VERTEX_POINT('',#5258);
#5258 = CARTESIAN_POINT('',(-39.7,2.755455298082E-16,4.5));
#5259 = SURFACE_CURVE('',#5260,(#5319,#5381),.PCURVE_S1.);
#5260 = B_SPLINE_CURVE_WITH_KNOTS('',8,(#5261,#5262,#5263,#5264,#5265,
    #5266,#5267,#5268,#5269,#5270,#5271,#5272,#5273,#5274,#5275,#5276,
    #5277,#5278,#5279,#5280,#5281,#5282,#5283,#5284,#5285,#5286,#5287,
    #5288,#5289,#5290,#5291,#5292,#5293,#5294,#5295,#5296,#5297,#5298,
    #5299,#5300,#5301,#5302,#5303,#5304,#5305,#5306,#5307,#5308,#5309,
    #5310,#5311,#5312,#5313,#5314,#5315,#5316,#5317,#5318),
  .UNSPECIFIED.,.T.,.F.,(9,7,7,7,7,7,7,7,9),(0.,0.131488342737,
    0.272883765674,0.436280510565,0.583477022199,0.679201410765,
    0.784471891467,0.896164851158,1.),.UNSPECIFIED.);
#5261 = CARTESIAN_POINT('',(-39.7,2.22044604925E-16,4.5));
#5262 = CARTESIAN_POINT('',(-39.7,0.142301106505,4.5));
#5263 = CARTESIAN_POINT('',(-39.7178017381,0.282165155533,4.494856994912
    ));
#5264 = CARTESIAN_POINT('',(-39.75233880141,0.41703286542,4.484880738876
    ));
#5265 = CARTESIAN_POINT('',(-39.80214033813,0.544588420498,
    4.470853317737));
#5266 = CARTESIAN_POINT('',(-39.86532846945,0.662810474542,
    4.453937365803));
#5267 = CARTESIAN_POINT('',(-39.93960651785,0.770054491784,
    4.435494092814));
#5268 = CARTESIAN_POINT('',(-40.02224705372,0.865170360684,
    4.416854132506));
#5269 = CARTESIAN_POINT('',(-40.20454896519,1.036363250488,4.37997542971
    ));
#5270 = CARTESIAN_POINT('',(-40.30679230858,1.11212657386,4.361515305134
    ));
#5271 = CARTESIAN_POINT('',(-40.41501334816,1.174994494519,
    4.344749205116));
#5272 = CARTESIAN_POINT('',(-40.52772392394,1.225092212048,
    4.330514404484));
#5273 = CARTESIAN_POINT('',(-40.64365589311,1.262559378692,
    4.319429735862));
#5274 = CARTESIAN_POINT('',(-40.76169068704,1.287509456309,4.31190092752
    ));
#5275 = CARTESIAN_POINT('',(-40.88080226044,1.3,4.308131845708));
#5276 = CARTESIAN_POINT('',(-41.1377450715,1.3,4.308131845708));
#5277 = CARTESIAN_POINT('',(-41.2753205804,1.283320105468,4.313165051443
    ));
#5278 = CARTESIAN_POINT('',(-41.41125221571,1.250030450032,4.32321048033
    ));
#5279 = CARTESIAN_POINT('',(-41.543977612,1.200008683385,4.337910161945)
  );
#5280 = CARTESIAN_POINT('',(-41.67172534336,1.133035020883,
    4.356549359291));
#5281 = CARTESIAN_POINT('',(-41.7924037371,1.048869802945,4.378019256296
    ));
#5282 = CARTESIAN_POINT('',(-41.90345963323,0.947363760997,
    4.400805520027));
#5283 = CARTESIAN_POINT('',(-42.09013784916,0.721708561597,
    4.443081689568));
#5284 = CARTESIAN_POINT('',(-42.17082211753,0.597610428122,
    4.463272268452));
#5285 = CARTESIAN_POINT('',(-42.23750342721,0.458335690361,
    4.481586746284));
#5286 = CARTESIAN_POINT('',(-42.28569393387,0.307282906339,
    4.495712739561));
#5287 = CARTESIAN_POINT('',(-42.3125168418,0.14879654461,4.503747553723)
  );
#5288 = CARTESIAN_POINT('',(-42.31662094009,-1.23312986006E-02,
    4.504850016966));
#5289 = CARTESIAN_POINT('',(-42.29820860299,-0.171205222652,
    4.499326688626));
#5290 = CARTESIAN_POINT('',(-42.23376291106,-0.422204620825,
    4.481247232689));
#5291 = CARTESIAN_POINT('',(-42.19949268336,-0.518815619507,
    4.471784439797));
#5292 = CARTESIAN_POINT('',(-42.15659070527,-0.612208448173,
    4.460237387366));
#5293 = CARTESIAN_POINT('',(-42.10540901814,-0.701497515908,
    4.446976058168));
#5294 = CARTESIAN_POINT('',(-42.04640758325,-0.78583920712,
    4.432472075915));
#5295 = CARTESIAN_POINT('',(-41.98015221347,-0.864443912807,
    4.417272203289));
#5296 = CARTESIAN_POINT('',(-41.90731127891,-0.936593928033,
    4.401959460834));
#5297 = CARTESIAN_POINT('',(-41.74214673523,-1.073229921482,
    4.370762602574));
#5298 = CARTESIAN_POINT('',(-41.64851646751,-1.136306886088,
    4.354957678621));
#5299 = CARTESIAN_POINT('',(-41.54878951031,-1.190009719772,
    4.340449189792));
#5300 = CARTESIAN_POINT('',(-41.4441006892,-1.233651642763,
    4.327978326683));
#5301 = CARTESIAN_POINT('',(-41.33564536808,-1.266728120381,
    4.318172500497));
#5302 = CARTESIAN_POINT('',(-41.22464879766,-1.288902978605,
    4.311479952171));
#5303 = CARTESIAN_POINT('',(-41.112349973,-1.3,4.308131845708));
#5304 = CARTESIAN_POINT('',(-40.88079563309,-1.3,4.308131845708));
#5305 = CARTESIAN_POINT('',(-40.76168316328,-1.287508077361,
    4.311901342676));
#5306 = CARTESIAN_POINT('',(-40.64365074778,-1.262557302422,
    4.31943036442));
#5307 = CARTESIAN_POINT('',(-40.52772225497,-1.225090731204,
    4.330514800975));
#5308 = CARTESIAN_POINT('',(-40.41501453613,-1.174994533598,
    4.344749131255));
#5309 = CARTESIAN_POINT('',(-40.30679470086,-1.112128054108,
    4.361514906131));
#5310 = CARTESIAN_POINT('',(-40.20455073026,-1.036364907993,
    4.379975072647));
#5311 = CARTESIAN_POINT('',(-40.02227237233,-0.865194136441,
    4.416849010686));
#5312 = CARTESIAN_POINT('',(-39.93962242049,-0.770079529924,
    4.435489762014));
#5313 = CARTESIAN_POINT('',(-39.8653245185,-0.662817002277,
    4.453937662039));
#5314 = CARTESIAN_POINT('',(-39.80212144657,-0.544565401308,
    4.470858251646));
#5315 = CARTESIAN_POINT('',(-39.75231709276,-0.416981454881,
    4.484887018128));
#5316 = CARTESIAN_POINT('',(-39.71778897904,-0.2821001219,4.494860678539
    ));
#5317 = CARTESIAN_POINT('',(-39.7,-0.142250108234,4.5));
#5318 = CARTESIAN_POINT('',(-39.7,2.22044604925E-16,4.5));
#5319 = PCURVE('',#3681,#5320);
#5320 = DEFINITIONAL_REPRESENTATION('',(#5321),#5380);
#5321 = B_SPLINE_CURVE_WITH_KNOTS('',8,(#5322,#5323,#5324,#5325,#5326,
    #5327,#5328,#5329,#5330,#5331,#5332,#5333,#5334,#5335,#5336,#5337,
    #5338,#5339,#5340,#5341,#5342,#5343,#5344,#5345,#5346,#5347,#5348,
    #5349,#5350,#5351,#5352,#5353,#5354,#5355,#5356,#5357,#5358,#5359,
    #5360,#5361,#5362,#5363,#5364,#5365,#5366,#5367,#5368,#5369,#5370,
    #5371,#5372,#5373,#5374,#5375,#5376,#5377,#5378,#5379),
  .UNSPECIFIED.,.F.,.F.,(9,7,7,7,7,7,7,7,9),(0.,0.131488342737,
    0.272883765674,0.436280510565,0.583477022199,0.679201410765,
    0.784471891467,0.896164851158,1.),.UNSPECIFIED.);
#5322 = CARTESIAN_POINT('',(0.,-4.5));
#5323 = CARTESIAN_POINT('',(-0.109462389619,-4.5));
#5324 = CARTESIAN_POINT('',(-0.217050077849,-4.494856994912));
#5325 = CARTESIAN_POINT('',(-0.32279317893,-4.484880738876));
#5326 = CARTESIAN_POINT('',(-0.42662116344,-4.470853317737));
#5327 = CARTESIAN_POINT('',(-0.528358387775,-4.453937365803));
#5328 = CARTESIAN_POINT('',(-0.627694823258,-4.435494092814));
#5329 = CARTESIAN_POINT('',(-0.724120738654,-4.416854132506));
#5330 = CARTESIAN_POINT('',(-0.916491485926,-4.37997542971));
#5331 = CARTESIAN_POINT('',(-1.013719053459,-4.361515305134));
#5332 = CARTESIAN_POINT('',(-1.109016901997,-4.344749205116));
#5333 = CARTESIAN_POINT('',(-1.202815655593,-4.330514404484));
#5334 = CARTESIAN_POINT('',(-1.29551068196,-4.319429735862));
#5335 = CARTESIAN_POINT('',(-1.387481530254,-4.31190092752));
#5336 = CARTESIAN_POINT('',(-1.479105757902,-4.308131845708));
#5337 = CARTESIAN_POINT('',(-1.676754074105,-4.308131845708));
#5338 = CARTESIAN_POINT('',(-1.782581172709,-4.313165051443));
#5339 = CARTESIAN_POINT('',(-1.888957389745,-4.32321048033));
#5340 = CARTESIAN_POINT('',(-1.996472738043,-4.337910161945));
#5341 = CARTESIAN_POINT('',(-2.105718467748,-4.356549359291));
#5342 = CARTESIAN_POINT('',(-2.217310564322,-4.378019256296));
#5343 = CARTESIAN_POINT('',(-2.331927285508,-4.400805520027));
#5344 = CARTESIAN_POINT('',(-2.557206895226,-4.443081689568));
#5345 = CARTESIAN_POINT('',(-2.670321927162,-4.463272268452));
#5346 = CARTESIAN_POINT('',(-2.78741938539,-4.481586746284));
#5347 = CARTESIAN_POINT('',(-2.907071804046,-4.495712739561));
#5348 = CARTESIAN_POINT('',(-3.02828821839,-4.503747553723));
#5349 = CARTESIAN_POINT('',(-3.150238010859,-4.504850016966));
#5350 = CARTESIAN_POINT('',(-3.272131715694,-4.499326688626));
#5351 = CARTESIAN_POINT('',(-3.471470779062,-4.481247232689));
#5352 = CARTESIAN_POINT('',(-3.550007962988,-4.471784439797));
#5353 = CARTESIAN_POINT('',(-3.628537528534,-4.460237387366));
#5354 = CARTESIAN_POINT('',(-3.707069009786,-4.446976058168));
#5355 = CARTESIAN_POINT('',(-3.785609569745,-4.432472075915));
#5356 = CARTESIAN_POINT('',(-3.864159530726,-4.417272203289));
#5357 = CARTESIAN_POINT('',(-3.942709429411,-4.401959460834));
#5358 = CARTESIAN_POINT('',(-4.107599066506,-4.370762602574));
#5359 = CARTESIAN_POINT('',(-4.1940218181,-4.354957678621));
#5360 = CARTESIAN_POINT('',(-4.280444706791,-4.340449189792));
#5361 = CARTESIAN_POINT('',(-4.366842498732,-4.327978326683));
#5362 = CARTESIAN_POINT('',(-4.453216090378,-4.318172500497));
#5363 = CARTESIAN_POINT('',(-4.539582541869,-4.311479952171));
#5364 = CARTESIAN_POINT('',(-4.62596592423,-4.308131845708));
#5365 = CARTESIAN_POINT('',(-4.804084647234,-4.308131845708));
#5366 = CARTESIAN_POINT('',(-4.895709558069,-4.311901342676));
#5367 = CARTESIAN_POINT('',(-4.98767878215,-4.31943036442));
#5368 = CARTESIAN_POINT('',(-5.080371256299,-4.330514800975));
#5369 = CARTESIAN_POINT('',(-5.174167623826,-4.344749131255));
#5370 = CARTESIAN_POINT('',(-5.269464136345,-4.361514906131));
#5371 = CARTESIAN_POINT('',(-5.366691958702,-4.379975072647));
#5372 = CARTESIAN_POINT('',(-5.559037851527,-4.416849010686));
#5373 = CARTESIAN_POINT('',(-5.655468387893,-4.435489762014));
#5374 = CARTESIAN_POINT('',(-5.754824628285,-4.453937662039));
#5375 = CARTESIAN_POINT('',(-5.85658590641,-4.470858251646));
#5376 = CARTESIAN_POINT('',(-5.960433803015,-4.484887018128));
#5377 = CARTESIAN_POINT('',(-6.066185260958,-4.494860678539));
#5378 = CARTESIAN_POINT('',(-6.173762146999,-4.5));
#5379 = CARTESIAN_POINT('',(-6.28318530718,-4.5));
#5380 = ( GEOMETRIC_REPRESENTATION_CONTEXT(2) 
PARAMETRIC_REPRESENTATION_CONTEXT() REPRESENTATION_CONTEXT('2D SPACE',''
  ) );
#5381 = PCURVE('',#4236,#5382);
#5382 = DEFINITIONAL_REPRESENTATION('',(#5383),#5442);
#5383 = B_SPLINE_CURVE_WITH_KNOTS('',8,(#5384,#5385,#5386,#5387,#5388,
    #5389,#5390,#5391,#5392,#5393,#5394,#5395,#5396,#5397,#5398,#5399,
    #5400,#5401,#5402,#5403,#5404,#5405,#5406,#5407,#5408,#5409,#5410,
    #5411,#5412,#5413,#5414,#5415,#5416,#5417,#5418,#5419,#5420,#5421,
    #5422,#5423,#5424,#5425,#5426,#5427,#5428,#5429,#5430,#5431,#5432,
    #5433,#5434,#5435,#5436,#5437,#5438,#5439,#5440,#5441),
  .UNSPECIFIED.,.T.,.F.,(9,7,7,7,7,7,7,7,9),(0.,0.131488342737,
    0.272883765674,0.436280510565,0.583477022199,0.679201410765,
    0.784471891467,0.896164851158,1.),.UNSPECIFIED.);
#5384 = CARTESIAN_POINT('',(-1.570796326795,7.7));
#5385 = CARTESIAN_POINT('',(-1.539173858683,7.7));
#5386 = CARTESIAN_POINT('',(-1.508092913279,7.717801738103));
#5387 = CARTESIAN_POINT('',(-1.478074312772,7.752338801414));
#5388 = CARTESIAN_POINT('',(-1.449590686723,7.802140338132));
#5389 = CARTESIAN_POINT('',(-1.423074279265,7.865328469452));
#5390 = CARTESIAN_POINT('',(-1.398903407353,7.939606517853));
#5391 = CARTESIAN_POINT('',(-1.377368283124,8.022247053724));
#5392 = CARTESIAN_POINT('',(-1.338452708636,8.204548965197));
#5393 = CARTESIAN_POINT('',(-1.321130088134,8.306792308584));
#5394 = CARTESIAN_POINT('',(-1.306675610441,8.415013348161));
#5395 = CARTESIAN_POINT('',(-1.295103630389,8.527723923949));
#5396 = CARTESIAN_POINT('',(-1.28642096507,8.643655893112));
#5397 = CARTESIAN_POINT('',(-1.280629586022,8.761690687046));
#5398 = CARTESIAN_POINT('',(-1.277730288471,8.88080226044));
#5399 = CARTESIAN_POINT('',(-1.277730288471,9.137745071503));
#5400 = CARTESIAN_POINT('',(-1.28160202765,9.275320580406));
#5401 = CARTESIAN_POINT('',(-1.289329130898,9.411252215711));
#5402 = CARTESIAN_POINT('',(-1.30091491832,9.543977612005));
#5403 = CARTESIAN_POINT('',(-1.316359919943,9.671725343368));
#5404 = CARTESIAN_POINT('',(-1.335651584111,9.792403737108));
#5405 = CARTESIAN_POINT('',(-1.358755156675,9.903459633237));
#5406 = CARTESIAN_POINT('',(-1.409773208928,10.090137849162));
#5407 = CARTESIAN_POINT('',(-1.43770517128,10.170822117539));
#5408 = CARTESIAN_POINT('',(-1.4688969691,10.237503427214));
#5409 = CARTESIAN_POINT('',(-1.502560556283,10.285693933874));
#5410 = CARTESIAN_POINT('',(-1.537758532283,10.312516841806));
#5411 = CARTESIAN_POINT('',(-1.573514084262,10.316620940093));
#5412 = CARTESIAN_POINT('',(-1.608816315618,10.298208602998));
#5413 = CARTESIAN_POINT('',(-1.664738468127,10.233762911069));
#5414 = CARTESIAN_POINT('',(-1.686303193805,10.199492683361));
#5415 = CARTESIAN_POINT('',(-1.7072041355,10.156590705278));
#5416 = CARTESIAN_POINT('',(-1.727252624012,10.105409018148));
#5417 = CARTESIAN_POINT('',(-1.746261738525,10.046407583257));
#5418 = CARTESIAN_POINT('',(-1.764048023284,9.980152213472));
#5419 = CARTESIAN_POINT('',(-1.780436564757,9.90731127891));
#5420 = CARTESIAN_POINT('',(-1.811581497699,9.742146735238));
#5421 = CARTESIAN_POINT('',(-1.826028625034,9.648516467517));
#5422 = CARTESIAN_POINT('',(-1.838387722412,9.548789510312));
#5423 = CARTESIAN_POINT('',(-1.848472808311,9.444100689207));
#5424 = CARTESIAN_POINT('',(-1.856139154654,9.335645368086));
#5425 = CARTESIAN_POINT('',(-1.861286647896,9.224648797666));
#5426 = CARTESIAN_POINT('',(-1.863862365119,9.112349973001));
#5427 = CARTESIAN_POINT('',(-1.863862365119,8.880795633096));
#5428 = CARTESIAN_POINT('',(-1.860962747206,8.761683163288));
#5429 = CARTESIAN_POINT('',(-1.855171206876,8.643650747788));
#5430 = CARTESIAN_POINT('',(-1.846488682842,8.52772225497));
#5431 = CARTESIAN_POINT('',(-1.834917055539,8.415014536131));
#5432 = CARTESIAN_POINT('',(-1.820462905858,8.30679470086));
#5433 = CARTESIAN_POINT('',(-1.803140321738,8.204550730261));
#5434 = CARTESIAN_POINT('',(-1.764229775172,8.022272372334));
#5435 = CARTESIAN_POINT('',(-1.742694888998,7.939622420494));
#5436 = CARTESIAN_POINT('',(-1.718519784563,7.865324518504));
#5437 = CARTESIAN_POINT('',(-1.691996757739,7.802121446574));
#5438 = CARTESIAN_POINT('',(-1.663506861873,7.75231709276));
#5439 = CARTESIAN_POINT('',(-1.633485289171,7.717788979041));
#5440 = CARTESIAN_POINT('',(-1.602407461958,7.7));
#5441 = CARTESIAN_POINT('',(-1.570796326795,7.7));
#5442 = ( GEOMETRIC_REPRESENTATION_CONTEXT(2) 
PARAMETRIC_REPRESENTATION_CONTEXT() REPRESENTATION_CONTEXT('2D SPACE',''
  ) );
#5443 = ORIENTED_EDGE('',*,*,#5444,.T.);
#5444 = EDGE_CURVE('',#5257,#3556,#5445,.T.);
#5445 = SEAM_CURVE('',#5446,(#5450,#5457),.PCURVE_S1.);
#5446 = LINE('',#5447,#5448);
#5447 = CARTESIAN_POINT('',(-39.7,0.,0.));
#5448 = VECTOR('',#5449,1.);
#5449 = DIRECTION('',(0.,6.123233995737E-17,1.));
#5450 = PCURVE('',#3681,#5451);
#5451 = DEFINITIONAL_REPRESENTATION('',(#5452),#5456);
#5452 = LINE('',#5453,#5454);
#5453 = CARTESIAN_POINT('',(-6.28318530718,0.));
#5454 = VECTOR('',#5455,1.);
#5455 = DIRECTION('',(-0.,-1.));
#5456 = ( GEOMETRIC_REPRESENTATION_CONTEXT(2) 
PARAMETRIC_REPRESENTATION_CONTEXT() REPRESENTATION_CONTEXT('2D SPACE',''
  ) );
#5457 = PCURVE('',#3681,#5458);
#5458 = DEFINITIONAL_REPRESENTATION('',(#5459),#5463);
#5459 = LINE('',#5460,#5461);
#5460 = CARTESIAN_POINT('',(-0.,0.));
#5461 = VECTOR('',#5462,1.);
#5462 = DIRECTION('',(-0.,-1.));
#5463 = ( GEOMETRIC_REPRESENTATION_CONTEXT(2) 
PARAMETRIC_REPRESENTATION_CONTEXT() REPRESENTATION_CONTEXT('2D SPACE',''
  ) );
#5464 = ORIENTED_EDGE('',*,*,#3555,.T.);
#5465 = ORIENTED_EDGE('',*,*,#5444,.F.);
#5466 = ADVANCED_FACE('',(#5467),#3876,.F.);
#5467 = FACE_BOUND('',#5468,.T.);
#5468 = EDGE_LOOP('',(#5469,#5657,#5678,#5679));
#5469 = ORIENTED_EDGE('',*,*,#5470,.F.);
#5470 = EDGE_CURVE('',#5471,#5471,#5473,.T.);
#5471 = VERTEX_POINT('',#5472);
#5472 = CARTESIAN_POINT('',(-39.7,-8.266365894245E-16,-4.5));
#5473 = SURFACE_CURVE('',#5474,(#5533,#5595),.PCURVE_S1.);
#5474 = B_SPLINE_CURVE_WITH_KNOTS('',8,(#5475,#5476,#5477,#5478,#5479,
    #5480,#5481,#5482,#5483,#5484,#5485,#5486,#5487,#5488,#5489,#5490,
    #5491,#5492,#5493,#5494,#5495,#5496,#5497,#5498,#5499,#5500,#5501,
    #5502,#5503,#5504,#5505,#5506,#5507,#5508,#5509,#5510,#5511,#5512,
    #5513,#5514,#5515,#5516,#5517,#5518,#5519,#5520,#5521,#5522,#5523,
    #5524,#5525,#5526,#5527,#5528,#5529,#5530,#5531,#5532),
  .UNSPECIFIED.,.T.,.F.,(9,7,7,7,7,7,7,7,9),(0.,0.131488344942,
    0.272883770052,0.43628051508,0.583477026837,0.679201415483,
    0.784471896273,0.896164854363,1.),.UNSPECIFIED.);
#5475 = CARTESIAN_POINT('',(-39.7,-6.661338147751E-16,-4.5));
#5476 = CARTESIAN_POINT('',(-39.7,-0.142301108874,-4.5));
#5477 = CARTESIAN_POINT('',(-39.71780173852,-0.282165151294,
    -4.49485699484));
#5478 = CARTESIAN_POINT('',(-39.75233879988,-0.417032866211,
    -4.484880739188));
#5479 = CARTESIAN_POINT('',(-39.80214033931,-0.544588423468,
    -4.470853317477));
#5480 = CARTESIAN_POINT('',(-39.86532847101,-0.662810473767,
    -4.453937365476));
#5481 = CARTESIAN_POINT('',(-39.93960651492,-0.770054489677,
    -4.435494093426));
#5482 = CARTESIAN_POINT('',(-40.0222470551,-0.865170361981,
    -4.416854132226));
#5483 = CARTESIAN_POINT('',(-40.20454896358,-1.036363248969,
    -4.379975430037));
#5484 = CARTESIAN_POINT('',(-40.3067923111,-1.112126576763,
    -4.361515304498));
#5485 = CARTESIAN_POINT('',(-40.41501334874,-1.174994493199,
    -4.344749205396));
#5486 = CARTESIAN_POINT('',(-40.52772392123,-1.22509221087,
    -4.330514404753));
#5487 = CARTESIAN_POINT('',(-40.64365589248,-1.262559380023,
    -4.319429735585));
#5488 = CARTESIAN_POINT('',(-40.76169069027,-1.287509455937,
    -4.311900927587));
#5489 = CARTESIAN_POINT('',(-40.8808022587,-1.3,-4.308131845708));
#5490 = CARTESIAN_POINT('',(-41.1377450715,-1.3,-4.308131845708));
#5491 = CARTESIAN_POINT('',(-41.2753205804,-1.283320105468,
    -4.313165051443));
#5492 = CARTESIAN_POINT('',(-41.41125221571,-1.250030450032,
    -4.32321048033));
#5493 = CARTESIAN_POINT('',(-41.543977612,-1.200008683385,
    -4.337910161945));
#5494 = CARTESIAN_POINT('',(-41.67172534336,-1.133035020883,
    -4.356549359291));
#5495 = CARTESIAN_POINT('',(-41.7924037371,-1.048869802945,
    -4.378019256296));
#5496 = CARTESIAN_POINT('',(-41.90345963323,-0.947363760997,
    -4.400805520027));
#5497 = CARTESIAN_POINT('',(-42.09013784916,-0.721708561597,
    -4.443081689568));
#5498 = CARTESIAN_POINT('',(-42.17082211753,-0.597610428122,
    -4.463272268452));
#5499 = CARTESIAN_POINT('',(-42.23750342721,-0.458335690361,
    -4.481586746284));
#5500 = CARTESIAN_POINT('',(-42.28569393387,-0.307282906339,
    -4.495712739561));
#5501 = CARTESIAN_POINT('',(-42.3125168418,-0.14879654461,
    -4.503747553723));
#5502 = CARTESIAN_POINT('',(-42.31662094009,1.233129860074E-02,
    -4.504850016966));
#5503 = CARTESIAN_POINT('',(-42.29820860299,0.171205222652,
    -4.499326688626));
#5504 = CARTESIAN_POINT('',(-42.23376291106,0.422204620825,
    -4.481247232689));
#5505 = CARTESIAN_POINT('',(-42.19949268336,0.518815619507,
    -4.471784439797));
#5506 = CARTESIAN_POINT('',(-42.15659070527,0.612208448173,
    -4.460237387366));
#5507 = CARTESIAN_POINT('',(-42.10540901814,0.701497515908,
    -4.446976058168));
#5508 = CARTESIAN_POINT('',(-42.04640758325,0.78583920712,
    -4.432472075915));
#5509 = CARTESIAN_POINT('',(-41.98015221347,0.864443912808,
    -4.417272203289));
#5510 = CARTESIAN_POINT('',(-41.90731127891,0.936593928033,
    -4.401959460834));
#5511 = CARTESIAN_POINT('',(-41.74214673523,1.073229921482,
    -4.370762602574));
#5512 = CARTESIAN_POINT('',(-41.64851646751,1.136306886088,
    -4.354957678621));
#5513 = CARTESIAN_POINT('',(-41.54878951031,1.190009719772,
    -4.340449189792));
#5514 = CARTESIAN_POINT('',(-41.4441006892,1.233651642763,
    -4.327978326683));
#5515 = CARTESIAN_POINT('',(-41.33564536808,1.266728120381,
    -4.318172500497));
#5516 = CARTESIAN_POINT('',(-41.22464879766,1.288902978605,
    -4.311479952171));
#5517 = CARTESIAN_POINT('',(-41.112349973,1.3,-4.308131845708));
#5518 = CARTESIAN_POINT('',(-40.8807956349,1.3,-4.308131845708));
#5519 = CARTESIAN_POINT('',(-40.76168315994,1.287508077754,
    -4.311901342609));
#5520 = CARTESIAN_POINT('',(-40.64365074829,1.262557301033,
    -4.319430364709));
#5521 = CARTESIAN_POINT('',(-40.5277222577,1.225090732352,
    -4.330514800712));
#5522 = CARTESIAN_POINT('',(-40.41501453564,1.174994534977,
    -4.344749130963));
#5523 = CARTESIAN_POINT('',(-40.30679469836,1.112128051243,
    -4.361514906758));
#5524 = CARTESIAN_POINT('',(-40.20455073182,1.036364909459,
    -4.379975072331));
#5525 = CARTESIAN_POINT('',(-40.02227237233,0.865194136441,
    -4.416849010686));
#5526 = CARTESIAN_POINT('',(-39.93962242049,0.770079529924,
    -4.435489762014));
#5527 = CARTESIAN_POINT('',(-39.8653245185,0.662817002277,
    -4.453937662039));
#5528 = CARTESIAN_POINT('',(-39.80212144657,0.544565401308,
    -4.470858251646));
#5529 = CARTESIAN_POINT('',(-39.75231709276,0.416981454882,
    -4.484887018128));
#5530 = CARTESIAN_POINT('',(-39.71778897904,0.2821001219,-4.494860678539
    ));
#5531 = CARTESIAN_POINT('',(-39.7,0.142250108234,-4.5));
#5532 = CARTESIAN_POINT('',(-39.7,-6.661338147751E-16,-4.5));
#5533 = PCURVE('',#3876,#5534);
#5534 = DEFINITIONAL_REPRESENTATION('',(#5535),#5594);
#5535 = B_SPLINE_CURVE_WITH_KNOTS('',8,(#5536,#5537,#5538,#5539,#5540,
    #5541,#5542,#5543,#5544,#5545,#5546,#5547,#5548,#5549,#5550,#5551,
    #5552,#5553,#5554,#5555,#5556,#5557,#5558,#5559,#5560,#5561,#5562,
    #5563,#5564,#5565,#5566,#5567,#5568,#5569,#5570,#5571,#5572,#5573,
    #5574,#5575,#5576,#5577,#5578,#5579,#5580,#5581,#5582,#5583,#5584,
    #5585,#5586,#5587,#5588,#5589,#5590,#5591,#5592,#5593),
  .UNSPECIFIED.,.F.,.F.,(9,7,7,7,7,7,7,7,9),(0.,0.131488344942,
    0.272883770052,0.43628051508,0.583477026837,0.679201415483,
    0.784471896273,0.896164854363,1.),.UNSPECIFIED.);
#5536 = CARTESIAN_POINT('',(0.,-4.5));
#5537 = CARTESIAN_POINT('',(-0.109462391441,-4.5));
#5538 = CARTESIAN_POINT('',(-0.217050074759,-4.49485699484));
#5539 = CARTESIAN_POINT('',(-0.322793179046,-4.484880739188));
#5540 = CARTESIAN_POINT('',(-0.426621166067,-4.470853317477));
#5541 = CARTESIAN_POINT('',(-0.528358387662,-4.453937365476));
#5542 = CARTESIAN_POINT('',(-0.627694820722,-4.435494093426));
#5543 = CARTESIAN_POINT('',(-0.724120740112,-4.416854132226));
#5544 = CARTESIAN_POINT('',(-0.91649148422,-4.379975430037));
#5545 = CARTESIAN_POINT('',(-1.01371905625,-4.361515304498));
#5546 = CARTESIAN_POINT('',(-1.109016902041,-4.344749205396));
#5547 = CARTESIAN_POINT('',(-1.202815653186,-4.330514404753));
#5548 = CARTESIAN_POINT('',(-1.295510681904,-4.319429735585));
#5549 = CARTESIAN_POINT('',(-1.38748153259,-4.311900927587));
#5550 = CARTESIAN_POINT('',(-1.47910575657,-4.308131845708));
#5551 = CARTESIAN_POINT('',(-1.676754074105,-4.308131845708));
#5552 = CARTESIAN_POINT('',(-1.782581172709,-4.313165051443));
#5553 = CARTESIAN_POINT('',(-1.888957389745,-4.32321048033));
#5554 = CARTESIAN_POINT('',(-1.996472738043,-4.337910161945));
#5555 = CARTESIAN_POINT('',(-2.105718467748,-4.356549359291));
#5556 = CARTESIAN_POINT('',(-2.217310564322,-4.378019256296));
#5557 = CARTESIAN_POINT('',(-2.331927285508,-4.400805520027));
#5558 = CARTESIAN_POINT('',(-2.557206895226,-4.443081689568));
#5559 = CARTESIAN_POINT('',(-2.670321927162,-4.463272268452));
#5560 = CARTESIAN_POINT('',(-2.78741938539,-4.481586746284));
#5561 = CARTESIAN_POINT('',(-2.907071804046,-4.495712739561));
#5562 = CARTESIAN_POINT('',(-3.028288218389,-4.503747553723));
#5563 = CARTESIAN_POINT('',(-3.15023801086,-4.504850016966));
#5564 = CARTESIAN_POINT('',(-3.272131715694,-4.499326688626));
#5565 = CARTESIAN_POINT('',(-3.471470779062,-4.481247232689));
#5566 = CARTESIAN_POINT('',(-3.550007962988,-4.471784439797));
#5567 = CARTESIAN_POINT('',(-3.628537528535,-4.460237387366));
#5568 = CARTESIAN_POINT('',(-3.707069009786,-4.446976058168));
#5569 = CARTESIAN_POINT('',(-3.785609569745,-4.432472075915));
#5570 = CARTESIAN_POINT('',(-3.864159530726,-4.417272203289));
#5571 = CARTESIAN_POINT('',(-3.942709429411,-4.401959460834));
#5572 = CARTESIAN_POINT('',(-4.107599066506,-4.370762602574));
#5573 = CARTESIAN_POINT('',(-4.1940218181,-4.354957678621));
#5574 = CARTESIAN_POINT('',(-4.280444706791,-4.340449189792));
#5575 = CARTESIAN_POINT('',(-4.366842498732,-4.327978326683));
#5576 = CARTESIAN_POINT('',(-4.453216090378,-4.318172500497));
#5577 = CARTESIAN_POINT('',(-4.539582541869,-4.311479952171));
#5578 = CARTESIAN_POINT('',(-4.62596592423,-4.308131845708));
#5579 = CARTESIAN_POINT('',(-4.804084645842,-4.308131845708));
#5580 = CARTESIAN_POINT('',(-4.895709560481,-4.311901342609));
#5581 = CARTESIAN_POINT('',(-4.987678782208,-4.319430364709));
#5582 = CARTESIAN_POINT('',(-5.080371253884,-4.330514800712));
#5583 = CARTESIAN_POINT('',(-5.174167623773,-4.344749130963));
#5584 = CARTESIAN_POINT('',(-5.269464139114,-4.361514906758));
#5585 = CARTESIAN_POINT('',(-5.366691957055,-4.379975072331));
#5586 = CARTESIAN_POINT('',(-5.559037851527,-4.416849010686));
#5587 = CARTESIAN_POINT('',(-5.655468387893,-4.435489762014));
#5588 = CARTESIAN_POINT('',(-5.754824628285,-4.453937662039));
#5589 = CARTESIAN_POINT('',(-5.85658590641,-4.470858251646));
#5590 = CARTESIAN_POINT('',(-5.960433803014,-4.484887018128));
#5591 = CARTESIAN_POINT('',(-6.066185260958,-4.494860678539));
#5592 = CARTESIAN_POINT('',(-6.173762146999,-4.5));
#5593 = CARTESIAN_POINT('',(-6.28318530718,-4.5));
#5594 = ( GEOMETRIC_REPRESENTATION_CONTEXT(2) 
PARAMETRIC_REPRESENTATION_CONTEXT() REPRESENTATION_CONTEXT('2D SPACE',''
  ) );
#5595 = PCURVE('',#4236,#5596);
#5596 = DEFINITIONAL_REPRESENTATION('',(#5597),#5656);
#5597 = B_SPLINE_CURVE_WITH_KNOTS('',8,(#5598,#5599,#5600,#5601,#5602,
    #5603,#5604,#5605,#5606,#5607,#5608,#5609,#5610,#5611,#5612,#5613,
    #5614,#5615,#5616,#5617,#5618,#5619,#5620,#5621,#5622,#5623,#5624,
    #5625,#5626,#5627,#5628,#5629,#5630,#5631,#5632,#5633,#5634,#5635,
    #5636,#5637,#5638,#5639,#5640,#5641,#5642,#5643,#5644,#5645,#5646,
    #5647,#5648,#5649,#5650,#5651,#5652,#5653,#5654,#5655),
  .UNSPECIFIED.,.T.,.F.,(9,7,7,7,7,7,7,7,9),(0.,0.131488344942,
    0.272883770052,0.43628051508,0.583477026837,0.679201415483,
    0.784471896273,0.896164854363,1.),.UNSPECIFIED.);
#5598 = CARTESIAN_POINT('',(-4.712388980385,7.7));
#5599 = CARTESIAN_POINT('',(-4.680766511746,7.7));
#5600 = CARTESIAN_POINT('',(-4.649685567809,7.717801738523));
#5601 = CARTESIAN_POINT('',(-4.619666966193,7.752338799887));
#5602 = CARTESIAN_POINT('',(-4.591183339648,7.802140339318));
#5603 = CARTESIAN_POINT('',(-4.56466693302,7.865328471013));
#5604 = CARTESIAN_POINT('',(-4.540496061425,7.939606514929));
#5605 = CARTESIAN_POINT('',(-4.518960936419,8.022247055105));
#5606 = CARTESIAN_POINT('',(-4.480045362571,8.20454896358));
#5607 = CARTESIAN_POINT('',(-4.462722741063,8.3067923111));
#5608 = CARTESIAN_POINT('',(-4.44826826433,8.415013348748));
#5609 = CARTESIAN_POINT('',(-4.436696284248,8.527723921239));
#5610 = CARTESIAN_POINT('',(-4.428013618358,8.643655892487));
#5611 = CARTESIAN_POINT('',(-4.422222239695,8.761690690272));
#5612 = CARTESIAN_POINT('',(-4.419322942061,8.880802258707));
#5613 = CARTESIAN_POINT('',(-4.419322942061,9.137745071503));
#5614 = CARTESIAN_POINT('',(-4.42319468124,9.275320580406));
#5615 = CARTESIAN_POINT('',(-4.430921784488,9.411252215711));
#5616 = CARTESIAN_POINT('',(-4.44250757191,9.543977612005));
#5617 = CARTESIAN_POINT('',(-4.457952573532,9.671725343368));
#5618 = CARTESIAN_POINT('',(-4.477244237701,9.792403737108));
#5619 = CARTESIAN_POINT('',(-4.500347810265,9.903459633237));
#5620 = CARTESIAN_POINT('',(-4.551365862518,10.090137849163));
#5621 = CARTESIAN_POINT('',(-4.57929782487,10.170822117538));
#5622 = CARTESIAN_POINT('',(-4.61048962269,10.237503427215));
#5623 = CARTESIAN_POINT('',(-4.644153209872,10.285693933874));
#5624 = CARTESIAN_POINT('',(-4.679351185873,10.312516841807));
#5625 = CARTESIAN_POINT('',(-4.715106737852,10.316620940093));
#5626 = CARTESIAN_POINT('',(-4.750408969208,10.298208602998));
#5627 = CARTESIAN_POINT('',(-4.806331121717,10.233762911069));
#5628 = CARTESIAN_POINT('',(-4.827895847395,10.199492683361));
#5629 = CARTESIAN_POINT('',(-4.848796789089,10.156590705278));
#5630 = CARTESIAN_POINT('',(-4.868845277602,10.105409018148));
#5631 = CARTESIAN_POINT('',(-4.887854392115,10.046407583257));
#5632 = CARTESIAN_POINT('',(-4.905640676874,9.980152213472));
#5633 = CARTESIAN_POINT('',(-4.922029218347,9.90731127891));
#5634 = CARTESIAN_POINT('',(-4.953174151289,9.742146735238));
#5635 = CARTESIAN_POINT('',(-4.967621278624,9.648516467517));
#5636 = CARTESIAN_POINT('',(-4.979980376001,9.548789510312));
#5637 = CARTESIAN_POINT('',(-4.990065461901,9.444100689207));
#5638 = CARTESIAN_POINT('',(-4.997731808244,9.335645368086));
#5639 = CARTESIAN_POINT('',(-5.002879301486,9.224648797666));
#5640 = CARTESIAN_POINT('',(-5.005455018709,9.112349973001));
#5641 = CARTESIAN_POINT('',(-5.005455018709,8.880795634905));
#5642 = CARTESIAN_POINT('',(-5.002555400884,8.761683159942));
#5643 = CARTESIAN_POINT('',(-4.99676386015,8.643650748292));
#5644 = CARTESIAN_POINT('',(-4.988081336694,8.527722257706));
#5645 = CARTESIAN_POINT('',(-4.976509709442,8.415014535644));
#5646 = CARTESIAN_POINT('',(-4.962055558796,8.306794698361));
#5647 = CARTESIAN_POINT('',(-4.944732975661,8.204550731822));
#5648 = CARTESIAN_POINT('',(-4.905822428762,8.022272372334));
#5649 = CARTESIAN_POINT('',(-4.884287542588,7.939622420494));
#5650 = CARTESIAN_POINT('',(-4.860112438153,7.865324518504));
#5651 = CARTESIAN_POINT('',(-4.833589411329,7.802121446574));
#5652 = CARTESIAN_POINT('',(-4.805099515463,7.75231709276));
#5653 = CARTESIAN_POINT('',(-4.775077942761,7.717788979041));
#5654 = CARTESIAN_POINT('',(-4.744000115548,7.7));
#5655 = CARTESIAN_POINT('',(-4.712388980385,7.7));
#5656 = ( GEOMETRIC_REPRESENTATION_CONTEXT(2) 
PARAMETRIC_REPRESENTATION_CONTEXT() REPRESENTATION_CONTEXT('2D SPACE',''
  ) );
#5657 = ORIENTED_EDGE('',*,*,#5658,.T.);
#5658 = EDGE_CURVE('',#5471,#3751,#5659,.T.);
#5659 = SEAM_CURVE('',#5660,(#5664,#5671),.PCURVE_S1.);
#5660 = LINE('',#5661,#5662);
#5661 = CARTESIAN_POINT('',(-39.7,0.,0.));
#5662 = VECTOR('',#5663,1.);
#5663 = DIRECTION('',(0.,-1.836970198721E-16,-1.));
#5664 = PCURVE('',#3876,#5665);
#5665 = DEFINITIONAL_REPRESENTATION('',(#5666),#5670);
#5666 = LINE('',#5667,#5668);
#5667 = CARTESIAN_POINT('',(-6.28318530718,0.));
#5668 = VECTOR('',#5669,1.);
#5669 = DIRECTION('',(-0.,-1.));
#5670 = ( GEOMETRIC_REPRESENTATION_CONTEXT(2) 
PARAMETRIC_REPRESENTATION_CONTEXT() REPRESENTATION_CONTEXT('2D SPACE',''
  ) );
#5671 = PCURVE('',#3876,#5672);
#5672 = DEFINITIONAL_REPRESENTATION('',(#5673),#5677);
#5673 = LINE('',#5674,#5675);
#5674 = CARTESIAN_POINT('',(-0.,0.));
#5675 = VECTOR('',#5676,1.);
#5676 = DIRECTION('',(-0.,-1.));
#5677 = ( GEOMETRIC_REPRESENTATION_CONTEXT(2) 
PARAMETRIC_REPRESENTATION_CONTEXT() REPRESENTATION_CONTEXT('2D SPACE',''
  ) );
#5678 = ORIENTED_EDGE('',*,*,#3750,.T.);
#5679 = ORIENTED_EDGE('',*,*,#5658,.F.);
#5680 = ADVANCED_FACE('',(#5681),#4055,.F.);
#5681 = FACE_BOUND('',#5682,.T.);
#5682 = EDGE_LOOP('',(#5683,#5847,#5868,#5869));
#5683 = ORIENTED_EDGE('',*,*,#5684,.F.);
#5684 = EDGE_CURVE('',#5685,#5685,#5687,.T.);
#5685 = VERTEX_POINT('',#5686);
#5686 = CARTESIAN_POINT('',(-43.2,-4.5,5.510910596163E-16));
#5687 = SURFACE_CURVE('',#5688,(#5739,#5793),.PCURVE_S1.);
#5688 = B_SPLINE_CURVE_WITH_KNOTS('',7,(#5689,#5690,#5691,#5692,#5693,
    #5694,#5695,#5696,#5697,#5698,#5699,#5700,#5701,#5702,#5703,#5704,
    #5705,#5706,#5707,#5708,#5709,#5710,#5711,#5712,#5713,#5714,#5715,
    #5716,#5717,#5718,#5719,#5720,#5721,#5722,#5723,#5724,#5725,#5726,
    #5727,#5728,#5729,#5730,#5731,#5732,#5733,#5734,#5735,#5736,#5737,
    #5738),.UNSPECIFIED.,.T.,.F.,(8,6,6,6,6,6,6,6,8),(0.,0.120461685663,
    0.249999638198,0.379544789138,0.499992516931,0.620465092803,
    0.750014094104,0.879564091656,1.),.UNSPECIFIED.);
#5689 = CARTESIAN_POINT('',(-43.2,-4.5,4.440892098501E-16));
#5690 = CARTESIAN_POINT('',(-43.2,-4.5,0.162629836005));
#5691 = CARTESIAN_POINT('',(-43.2237356508,-4.493142659883,
    0.322010262042));
#5692 = CARTESIAN_POINT('',(-43.26950069178,-4.479923586271,
    0.474046427447));
#5693 = CARTESIAN_POINT('',(-43.33477998448,-4.461783049202,
    0.61513041355));
#5694 = CARTESIAN_POINT('',(-43.41624261106,-4.440861226804,
    0.742277242864));
#5695 = CARTESIAN_POINT('',(-43.50969823821,-4.419392690845,
    0.853386238546));
#5696 = CARTESIAN_POINT('',(-43.71804327805,-4.377245602309,
    1.049035253729));
#5697 = CARTESIAN_POINT('',(-43.83637532211,-4.356271871894,
    1.133157017774));
#5698 = CARTESIAN_POINT('',(-43.96219616472,-4.337835605497,
    1.200096978453));
#5699 = CARTESIAN_POINT('',(-44.09325167775,-4.323193204008,
    1.250087443287));
#5700 = CARTESIAN_POINT('',(-44.22766291704,-4.313157288214,
    1.283345941249));
#5701 = CARTESIAN_POINT('',(-44.36377400995,-4.308131845708,1.3));
#5702 = CARTESIAN_POINT('',(-44.6362335601,-4.308131845708,1.3));
#5703 = CARTESIAN_POINT('',(-44.77234460004,-4.313157841576,
    1.283344103672));
#5704 = CARTESIAN_POINT('',(-44.9067520427,-4.323193878588,
    1.250085219449));
#5705 = CARTESIAN_POINT('',(-45.03780344188,-4.337835722835,
    1.200096245255));
#5706 = CARTESIAN_POINT('',(-45.16362216848,-4.356271477844,
    1.13315835118));
#5707 = CARTESIAN_POINT('',(-45.2819547011,-4.377245193502,
    1.049037151432));
#5708 = CARTESIAN_POINT('',(-45.49028643075,-4.41938958946,
    0.853400635339));
#5709 = CARTESIAN_POINT('',(-45.58374861025,-4.440858661299,
    0.742292630734));
#5710 = CARTESIAN_POINT('',(-45.66522465076,-4.461783792525,
    0.615132664642));
#5711 = CARTESIAN_POINT('',(-45.73051198672,-4.479927239352,
    0.474027506148));
#5712 = CARTESIAN_POINT('',(-45.77627414013,-4.493145494679,
    0.321974263249));
#5713 = CARTESIAN_POINT('',(-45.8,-4.5,0.162596292777));
#5714 = CARTESIAN_POINT('',(-45.8,-4.5,-0.162629836006));
#5715 = CARTESIAN_POINT('',(-45.77626434919,-4.493142659883,
    -0.322010262042));
#5716 = CARTESIAN_POINT('',(-45.73049930822,-4.479923586271,
    -0.474046427447));
#5717 = CARTESIAN_POINT('',(-45.66522001551,-4.461783049202,
    -0.615130413549));
#5718 = CARTESIAN_POINT('',(-45.58375738893,-4.440861226804,
    -0.742277242864));
#5719 = CARTESIAN_POINT('',(-45.49030176178,-4.419392690845,
    -0.853386238546));
#5720 = CARTESIAN_POINT('',(-45.28195727357,-4.3772457139,
    -1.049034735717));
#5721 = CARTESIAN_POINT('',(-45.16362364817,-4.356271635399,
    -1.133158248901));
#5722 = CARTESIAN_POINT('',(-45.03780188078,-4.337835316852,
    -1.200097633676));
#5723 = CARTESIAN_POINT('',(-44.90674861362,-4.323193527381,
    -1.250086383591));
#5724 = CARTESIAN_POINT('',(-44.7723416311,-4.313157766099,
    -1.283344353977));
#5725 = CARTESIAN_POINT('',(-44.63623251245,-4.308131845708,-1.3));
#5726 = CARTESIAN_POINT('',(-44.36376643989,-4.308131845708,-1.3));
#5727 = CARTESIAN_POINT('',(-44.22765539995,-4.313157841576,
    -1.283344103672));
#5728 = CARTESIAN_POINT('',(-44.09324795729,-4.323193878588,
    -1.250085219449));
#5729 = CARTESIAN_POINT('',(-43.96219655812,-4.337835722835,
    -1.200096245255));
#5730 = CARTESIAN_POINT('',(-43.83637783151,-4.356271477844,
    -1.13315835118));
#5731 = CARTESIAN_POINT('',(-43.71804529889,-4.377245193502,
    -1.049037151432));
#5732 = CARTESIAN_POINT('',(-43.50972717376,-4.419386837337,
    -0.85341341084));
#5733 = CARTESIAN_POINT('',(-43.4162541694,-4.440857403573,
    -0.742301569619));
#5734 = CARTESIAN_POINT('',(-43.33476672796,-4.461785817119,
    -0.615126261871));
#5735 = CARTESIAN_POINT('',(-43.26947616518,-4.479930686174,
    -0.474004540744));
#5736 = CARTESIAN_POINT('',(-43.22371863872,-4.493147571385,
    -0.321942978444));
#5737 = CARTESIAN_POINT('',(-43.2,-4.5,-0.162571552268));
#5738 = CARTESIAN_POINT('',(-43.2,-4.5,4.440892098501E-16));
#5739 = PCURVE('',#4055,#5740);
#5740 = DEFINITIONAL_REPRESENTATION('',(#5741),#5792);
#5741 = B_SPLINE_CURVE_WITH_KNOTS('',7,(#5742,#5743,#5744,#5745,#5746,
    #5747,#5748,#5749,#5750,#5751,#5752,#5753,#5754,#5755,#5756,#5757,
    #5758,#5759,#5760,#5761,#5762,#5763,#5764,#5765,#5766,#5767,#5768,
    #5769,#5770,#5771,#5772,#5773,#5774,#5775,#5776,#5777,#5778,#5779,
    #5780,#5781,#5782,#5783,#5784,#5785,#5786,#5787,#5788,#5789,#5790,
    #5791),.UNSPECIFIED.,.F.,.F.,(8,6,6,6,6,6,6,6,8),(0.,0.120461685663,
    0.249999638198,0.379544789138,0.499992516931,0.620465092803,
    0.750014094104,0.879564091656,1.),.UNSPECIFIED.);
#5742 = CARTESIAN_POINT('',(0.,-4.5));
#5743 = CARTESIAN_POINT('',(-0.12509987385,-4.5));
#5744 = CARTESIAN_POINT('',(-0.247700145848,-4.493142659883));
#5745 = CARTESIAN_POINT('',(-0.36784899878,-4.479923586271));
#5746 = CARTESIAN_POINT('',(-0.4853933281,-4.461783049202));
#5747 = CARTESIAN_POINT('',(-0.599966820568,-4.440861226804));
#5748 = CARTESIAN_POINT('',(-0.710878831329,-4.419392690845));
#5749 = CARTESIAN_POINT('',(-0.930731111975,-4.377245602309));
#5750 = CARTESIAN_POINT('',(-1.041381704341,-4.356271871894));
#5751 = CARTESIAN_POINT('',(-1.149598020662,-4.337835605497));
#5752 = CARTESIAN_POINT('',(-1.25603328571,-4.323193204008));
#5753 = CARTESIAN_POINT('',(-1.361306342227,-4.313157288214));
#5754 = CARTESIAN_POINT('',(-1.46600710368,-4.308131845708));
#5755 = CARTESIAN_POINT('',(-1.675591373032,-4.308131845708));
#5756 = CARTESIAN_POINT('',(-1.780292084845,-4.313157841576));
#5757 = CARTESIAN_POINT('',(-1.885562554882,-4.323193878588));
#5758 = CARTESIAN_POINT('',(-1.991994645706,-4.337835722835));
#5759 = CARTESIAN_POINT('',(-2.100208844314,-4.356271477844));
#5760 = CARTESIAN_POINT('',(-2.210859409152,-4.377245193502));
#5761 = CARTESIAN_POINT('',(-2.430697644476,-4.41938958946));
#5762 = CARTESIAN_POINT('',(-2.541612811257,-4.440858661299));
#5763 = CARTESIAN_POINT('',(-2.656199831177,-4.461783792525));
#5764 = CARTESIAN_POINT('',(-2.77376016427,-4.479927239352));
#5765 = CARTESIAN_POINT('',(-2.893920203839,-4.493145494679));
#5766 = CARTESIAN_POINT('',(-3.016518582223,-4.5));
#5767 = CARTESIAN_POINT('',(-3.26669252744,-4.5));
#5768 = CARTESIAN_POINT('',(-3.389292799438,-4.493142659883));
#5769 = CARTESIAN_POINT('',(-3.50944165237,-4.479923586271));
#5770 = CARTESIAN_POINT('',(-3.626985981689,-4.461783049202));
#5771 = CARTESIAN_POINT('',(-3.741559474158,-4.440861226804));
#5772 = CARTESIAN_POINT('',(-3.852471484918,-4.419392690845));
#5773 = CARTESIAN_POINT('',(-4.072323183471,-4.3772457139));
#5774 = CARTESIAN_POINT('',(-4.182975576554,-4.356271635399));
#5775 = CARTESIAN_POINT('',(-4.291192108868,-4.337835316852));
#5776 = CARTESIAN_POINT('',(-4.39762545314,-4.323193527381));
#5777 = CARTESIAN_POINT('',(-4.502895499619,-4.313157766099));
#5778 = CARTESIAN_POINT('',(-4.607594740031,-4.308131845708));
#5779 = CARTESIAN_POINT('',(-4.817184026622,-4.308131845708));
#5780 = CARTESIAN_POINT('',(-4.921884738435,-4.313157841576));
#5781 = CARTESIAN_POINT('',(-5.027155208471,-4.323193878588));
#5782 = CARTESIAN_POINT('',(-5.133587299296,-4.337835722835));
#5783 = CARTESIAN_POINT('',(-5.241801497904,-4.356271477844));
#5784 = CARTESIAN_POINT('',(-5.352452062742,-4.377245193502));
#5785 = CARTESIAN_POINT('',(-5.572275942139,-4.419386837337));
#5786 = CARTESIAN_POINT('',(-5.683199203144,-4.440857403573));
#5787 = CARTESIAN_POINT('',(-5.797799883371,-4.461785817119));
#5788 = CARTESIAN_POINT('',(-5.91537192945,-4.479930686174));
#5789 = CARTESIAN_POINT('',(-6.03553692562,-4.493147571385));
#5790 = CARTESIAN_POINT('',(-6.158130266973,-4.5));
#5791 = CARTESIAN_POINT('',(-6.28318530718,-4.5));
#5792 = ( GEOMETRIC_REPRESENTATION_CONTEXT(2) 
PARAMETRIC_REPRESENTATION_CONTEXT() REPRESENTATION_CONTEXT('2D SPACE',''
  ) );
#5793 = PCURVE('',#4236,#5794);
#5794 = DEFINITIONAL_REPRESENTATION('',(#5795),#5846);
#5795 = B_SPLINE_CURVE_WITH_KNOTS('',7,(#5796,#5797,#5798,#5799,#5800,
    #5801,#5802,#5803,#5804,#5805,#5806,#5807,#5808,#5809,#5810,#5811,
    #5812,#5813,#5814,#5815,#5816,#5817,#5818,#5819,#5820,#5821,#5822,
    #5823,#5824,#5825,#5826,#5827,#5828,#5829,#5830,#5831,#5832,#5833,
    #5834,#5835,#5836,#5837,#5838,#5839,#5840,#5841,#5842,#5843,#5844,
    #5845),.UNSPECIFIED.,.T.,.F.,(8,6,6,6,6,6,6,6,8),(0.,0.120461685663,
    0.249999638198,0.379544789138,0.499992516931,0.620465092803,
    0.750014094104,0.879564091656,1.),.UNSPECIFIED.);
#5796 = CARTESIAN_POINT('',(-3.14159265359,11.2));
#5797 = CARTESIAN_POINT('',(-3.105452690033,11.2));
#5798 = CARTESIAN_POINT('',(-3.070034756754,11.223735650804));
#5799 = CARTESIAN_POINT('',(-3.036172169254,11.26950069178));
#5800 = CARTESIAN_POINT('',(-3.004601857783,11.334779984484));
#5801 = CARTESIAN_POINT('',(-2.975985186521,11.416242611066));
#5802 = CARTESIAN_POINT('',(-2.95084337703,11.509698238214));
#5803 = CARTESIAN_POINT('',(-2.906368435152,11.71804327805));
#5804 = CARTESIAN_POINT('',(-2.887112407307,11.836375322116));
#5805 = CARTESIAN_POINT('',(-2.871687655672,11.962196164728));
#5806 = CARTESIAN_POINT('',(-2.860112259233,12.093251677751));
#5807 = CARTESIAN_POINT('',(-2.852392345445,12.227662917046));
#5808 = CARTESIAN_POINT('',(-2.848526615266,12.363774009951));
#5809 = CARTESIAN_POINT('',(-2.848526615266,12.636233560108));
#5810 = CARTESIAN_POINT('',(-2.852392772365,12.772344600042));
#5811 = CARTESIAN_POINT('',(-2.8601127747,12.906752042707));
#5812 = CARTESIAN_POINT('',(-2.871687819862,13.03780344188));
#5813 = CARTESIAN_POINT('',(-2.887112098983,13.163622168484));
#5814 = CARTESIAN_POINT('',(-2.906368003766,13.281954701102));
#5815 = CARTESIAN_POINT('',(-2.95084010435,13.490286430759));
#5816 = CARTESIAN_POINT('',(-2.97598172214,13.583748610255));
#5817 = CARTESIAN_POINT('',(-3.004601401733,13.665224650767));
#5818 = CARTESIAN_POINT('',(-3.036176423205,13.73051198672));
#5819 = CARTESIAN_POINT('',(-3.070042756849,13.776274140129));
#5820 = CARTESIAN_POINT('',(-3.105460144084,13.8));
#5821 = CARTESIAN_POINT('',(-3.177732617147,13.8));
#5822 = CARTESIAN_POINT('',(-3.213150550425,13.776264349196));
#5823 = CARTESIAN_POINT('',(-3.247013137925,13.730499308219));
#5824 = CARTESIAN_POINT('',(-3.278583449397,13.665220015516));
#5825 = CARTESIAN_POINT('',(-3.307200120659,13.583757388933));
#5826 = CARTESIAN_POINT('',(-3.33234193015,13.490301761786));
#5827 = CARTESIAN_POINT('',(-3.376816754273,13.281957273577));
#5828 = CARTESIAN_POINT('',(-3.396073178321,13.163623648175));
#5829 = CARTESIAN_POINT('',(-3.411497807687,13.037801880781));
#5830 = CARTESIAN_POINT('',(-3.42307280299,12.906748613628));
#5831 = CARTESIAN_POINT('',(-3.430792592926,12.772341631106));
#5832 = CARTESIAN_POINT('',(-3.434658691914,12.636232512459));
#5833 = CARTESIAN_POINT('',(-3.434658691914,12.363766439892));
#5834 = CARTESIAN_POINT('',(-3.430792534814,12.227655399958));
#5835 = CARTESIAN_POINT('',(-3.42307253248,12.093247957293));
#5836 = CARTESIAN_POINT('',(-3.411497487318,11.96219655812));
#5837 = CARTESIAN_POINT('',(-3.396073208197,11.836377831516));
#5838 = CARTESIAN_POINT('',(-3.376817303414,11.718045298898));
#5839 = CARTESIAN_POINT('',(-3.332348106957,11.509727173768));
#5840 = CARTESIAN_POINT('',(-3.307205585405,11.416254169403));
#5841 = CARTESIAN_POINT('',(-3.27858242693,11.334766727964));
#5842 = CARTESIAN_POINT('',(-3.247003742137,11.269476165183));
#5843 = CARTESIAN_POINT('',(-3.213135599553,11.223718638721));
#5844 = CARTESIAN_POINT('',(-3.177719665205,11.2));
#5845 = CARTESIAN_POINT('',(-3.14159265359,11.2));
#5846 = ( GEOMETRIC_REPRESENTATION_CONTEXT(2) 
PARAMETRIC_REPRESENTATION_CONTEXT() REPRESENTATION_CONTEXT('2D SPACE',''
  ) );
#5847 = ORIENTED_EDGE('',*,*,#5848,.T.);
#5848 = EDGE_CURVE('',#5685,#3946,#5849,.T.);
#5849 = SEAM_CURVE('',#5850,(#5854,#5861),.PCURVE_S1.);
#5850 = LINE('',#5851,#5852);
#5851 = CARTESIAN_POINT('',(-43.2,0.,0.));
#5852 = VECTOR('',#5853,1.);
#5853 = DIRECTION('',(0.,-1.,1.224646799147E-16));
#5854 = PCURVE('',#4055,#5855);
#5855 = DEFINITIONAL_REPRESENTATION('',(#5856),#5860);
#5856 = LINE('',#5857,#5858);
#5857 = CARTESIAN_POINT('',(-6.28318530718,0.));
#5858 = VECTOR('',#5859,1.);
#5859 = DIRECTION('',(-0.,-1.));
#5860 = ( GEOMETRIC_REPRESENTATION_CONTEXT(2) 
PARAMETRIC_REPRESENTATION_CONTEXT() REPRESENTATION_CONTEXT('2D SPACE',''
  ) );
#5861 = PCURVE('',#4055,#5862);
#5862 = DEFINITIONAL_REPRESENTATION('',(#5863),#5867);
#5863 = LINE('',#5864,#5865);
#5864 = CARTESIAN_POINT('',(-0.,0.));
#5865 = VECTOR('',#5866,1.);
#5866 = DIRECTION('',(-0.,-1.));
#5867 = ( GEOMETRIC_REPRESENTATION_CONTEXT(2) 
PARAMETRIC_REPRESENTATION_CONTEXT() REPRESENTATION_CONTEXT('2D SPACE',''
  ) );
#5868 = ORIENTED_EDGE('',*,*,#3945,.T.);
#5869 = ORIENTED_EDGE('',*,*,#5848,.F.);
#5870 = ADVANCED_FACE('',(#5871,#5874),#4156,.T.);
#5871 = FACE_BOUND('',#5872,.T.);
#5872 = EDGE_LOOP('',(#5873));
#5873 = ORIENTED_EDGE('',*,*,#4141,.T.);
#5874 = FACE_BOUND('',#5875,.T.);
#5875 = EDGE_LOOP('',(#5876));
#5876 = ORIENTED_EDGE('',*,*,#5877,.F.);
#5877 = EDGE_CURVE('',#5878,#5878,#5880,.T.);
#5878 = VERTEX_POINT('',#5879);
#5879 = CARTESIAN_POINT('',(-32.,4.5,0.));
#5880 = SURFACE_CURVE('',#5881,(#5886,#5893),.PCURVE_S1.);
#5881 = CIRCLE('',#5882,4.5);
#5882 = AXIS2_PLACEMENT_3D('',#5883,#5884,#5885);
#5883 = CARTESIAN_POINT('',(-32.,0.,0.));
#5884 = DIRECTION('',(1.,0.,0.));
#5885 = DIRECTION('',(-0.,1.,0.));
#5886 = PCURVE('',#4156,#5887);
#5887 = DEFINITIONAL_REPRESENTATION('',(#5888),#5892);
#5888 = CIRCLE('',#5889,4.5);
#5889 = AXIS2_PLACEMENT_2D('',#5890,#5891);
#5890 = CARTESIAN_POINT('',(0.,0.));
#5891 = DIRECTION('',(1.,0.));
#5892 = ( GEOMETRIC_REPRESENTATION_CONTEXT(2) 
PARAMETRIC_REPRESENTATION_CONTEXT() REPRESENTATION_CONTEXT('2D SPACE',''
  ) );
#5893 = PCURVE('',#4236,#5894);
#5894 = DEFINITIONAL_REPRESENTATION('',(#5895),#5899);
#5895 = LINE('',#5896,#5897);
#5896 = CARTESIAN_POINT('',(-0.,0.));
#5897 = VECTOR('',#5898,1.);
#5898 = DIRECTION('',(-1.,0.));
#5899 = ( GEOMETRIC_REPRESENTATION_CONTEXT(2) 
PARAMETRIC_REPRESENTATION_CONTEXT() REPRESENTATION_CONTEXT('2D SPACE',''
  ) );
#5900 = ADVANCED_FACE('',(#5901,#6003,#6006,#6009,#6012,#6015,#6018),
  #4236,.F.);
#5901 = FACE_BOUND('',#5902,.T.);
#5902 = EDGE_LOOP('',(#5903,#5904,#5925,#5926,#5947,#5948,#5971,#5998,
    #5999,#6000,#6001,#6002));
#5903 = ORIENTED_EDGE('',*,*,#5877,.T.);
#5904 = ORIENTED_EDGE('',*,*,#5905,.T.);
#5905 = EDGE_CURVE('',#5878,#4173,#5906,.T.);
#5906 = SEAM_CURVE('',#5907,(#5911,#5918),.PCURVE_S1.);
#5907 = LINE('',#5908,#5909);
#5908 = CARTESIAN_POINT('',(-32.,4.5,0.));
#5909 = VECTOR('',#5910,1.);
#5910 = DIRECTION('',(-1.,0.,0.));
#5911 = PCURVE('',#4236,#5912);
#5912 = DEFINITIONAL_REPRESENTATION('',(#5913),#5917);
#5913 = LINE('',#5914,#5915);
#5914 = CARTESIAN_POINT('',(-0.,0.));
#5915 = VECTOR('',#5916,1.);
#5916 = DIRECTION('',(-0.,1.));
#5917 = ( GEOMETRIC_REPRESENTATION_CONTEXT(2) 
PARAMETRIC_REPRESENTATION_CONTEXT() REPRESENTATION_CONTEXT('2D SPACE',''
  ) );
#5918 = PCURVE('',#4236,#5919);
#5919 = DEFINITIONAL_REPRESENTATION('',(#5920),#5924);
#5920 = LINE('',#5921,#5922);
#5921 = CARTESIAN_POINT('',(-6.28318530718,0.));
#5922 = VECTOR('',#5923,1.);
#5923 = DIRECTION('',(-0.,1.));
#5924 = ( GEOMETRIC_REPRESENTATION_CONTEXT(2) 
PARAMETRIC_REPRESENTATION_CONTEXT() REPRESENTATION_CONTEXT('2D SPACE',''
  ) );
#5925 = ORIENTED_EDGE('',*,*,#4172,.T.);
#5926 = ORIENTED_EDGE('',*,*,#5927,.T.);
#5927 = EDGE_CURVE('',#4175,#4389,#5928,.T.);
#5928 = SEAM_CURVE('',#5929,(#5933,#5940),.PCURVE_S1.);
#5929 = LINE('',#5930,#5931);
#5930 = CARTESIAN_POINT('',(-32.,4.5,0.));
#5931 = VECTOR('',#5932,1.);
#5932 = DIRECTION('',(-1.,0.,0.));
#5933 = PCURVE('',#4236,#5934);
#5934 = DEFINITIONAL_REPRESENTATION('',(#5935),#5939);
#5935 = LINE('',#5936,#5937);
#5936 = CARTESIAN_POINT('',(-0.,0.));
#5937 = VECTOR('',#5938,1.);
#5938 = DIRECTION('',(-0.,1.));
#5939 = ( GEOMETRIC_REPRESENTATION_CONTEXT(2) 
PARAMETRIC_REPRESENTATION_CONTEXT() REPRESENTATION_CONTEXT('2D SPACE',''
  ) );
#5940 = PCURVE('',#4236,#5941);
#5941 = DEFINITIONAL_REPRESENTATION('',(#5942),#5946);
#5942 = LINE('',#5943,#5944);
#5943 = CARTESIAN_POINT('',(-6.28318530718,0.));
#5944 = VECTOR('',#5945,1.);
#5945 = DIRECTION('',(-0.,1.));
#5946 = ( GEOMETRIC_REPRESENTATION_CONTEXT(2) 
PARAMETRIC_REPRESENTATION_CONTEXT() REPRESENTATION_CONTEXT('2D SPACE',''
  ) );
#5947 = ORIENTED_EDGE('',*,*,#4388,.T.);
#5948 = ORIENTED_EDGE('',*,*,#5949,.T.);
#5949 = EDGE_CURVE('',#4391,#5950,#5952,.T.);
#5950 = VERTEX_POINT('',#5951);
#5951 = CARTESIAN_POINT('',(-46.8,4.5,0.));
#5952 = SEAM_CURVE('',#5953,(#5957,#5964),.PCURVE_S1.);
#5953 = LINE('',#5954,#5955);
#5954 = CARTESIAN_POINT('',(-32.,4.5,0.));
#5955 = VECTOR('',#5956,1.);
#5956 = DIRECTION('',(-1.,0.,0.));
#5957 = PCURVE('',#4236,#5958);
#5958 = DEFINITIONAL_REPRESENTATION('',(#5959),#5963);
#5959 = LINE('',#5960,#5961);
#5960 = CARTESIAN_POINT('',(-0.,0.));
#5961 = VECTOR('',#5962,1.);
#5962 = DIRECTION('',(-0.,1.));
#5963 = ( GEOMETRIC_REPRESENTATION_CONTEXT(2) 
PARAMETRIC_REPRESENTATION_CONTEXT() REPRESENTATION_CONTEXT('2D SPACE',''
  ) );
#5964 = PCURVE('',#4236,#5965);
#5965 = DEFINITIONAL_REPRESENTATION('',(#5966),#5970);
#5966 = LINE('',#5967,#5968);
#5967 = CARTESIAN_POINT('',(-6.28318530718,0.));
#5968 = VECTOR('',#5969,1.);
#5969 = DIRECTION('',(-0.,1.));
#5970 = ( GEOMETRIC_REPRESENTATION_CONTEXT(2) 
PARAMETRIC_REPRESENTATION_CONTEXT() REPRESENTATION_CONTEXT('2D SPACE',''
  ) );
#5971 = ORIENTED_EDGE('',*,*,#5972,.F.);
#5972 = EDGE_CURVE('',#5950,#5950,#5973,.T.);
#5973 = SURFACE_CURVE('',#5974,(#5979,#5986),.PCURVE_S1.);
#5974 = CIRCLE('',#5975,4.5);
#5975 = AXIS2_PLACEMENT_3D('',#5976,#5977,#5978);
#5976 = CARTESIAN_POINT('',(-46.8,0.,0.));
#5977 = DIRECTION('',(1.,0.,0.));
#5978 = DIRECTION('',(-0.,1.,0.));
#5979 = PCURVE('',#4236,#5980);
#5980 = DEFINITIONAL_REPRESENTATION('',(#5981),#5985);
#5981 = LINE('',#5982,#5983);
#5982 = CARTESIAN_POINT('',(-0.,14.8));
#5983 = VECTOR('',#5984,1.);
#5984 = DIRECTION('',(-1.,0.));
#5985 = ( GEOMETRIC_REPRESENTATION_CONTEXT(2) 
PARAMETRIC_REPRESENTATION_CONTEXT() REPRESENTATION_CONTEXT('2D SPACE',''
  ) );
#5986 = PCURVE('',#5987,#5992);
#5987 = PLANE('',#5988);
#5988 = AXIS2_PLACEMENT_3D('',#5989,#5990,#5991);
#5989 = CARTESIAN_POINT('',(-46.8,0.,0.));
#5990 = DIRECTION('',(1.,0.,0.));
#5991 = DIRECTION('',(-0.,1.,0.));
#5992 = DEFINITIONAL_REPRESENTATION('',(#5993),#5997);
#5993 = CIRCLE('',#5994,4.5);
#5994 = AXIS2_PLACEMENT_2D('',#5995,#5996);
#5995 = CARTESIAN_POINT('',(0.,0.));
#5996 = DIRECTION('',(1.,0.));
#5997 = ( GEOMETRIC_REPRESENTATION_CONTEXT(2) 
PARAMETRIC_REPRESENTATION_CONTEXT() REPRESENTATION_CONTEXT('2D SPACE',''
  ) );
#5998 = ORIENTED_EDGE('',*,*,#5949,.F.);
#5999 = ORIENTED_EDGE('',*,*,#4506,.T.);
#6000 = ORIENTED_EDGE('',*,*,#5927,.F.);
#6001 = ORIENTED_EDGE('',*,*,#4295,.T.);
#6002 = ORIENTED_EDGE('',*,*,#5905,.F.);
#6003 = FACE_BOUND('',#6004,.T.);
#6004 = EDGE_LOOP('',(#6005));
#6005 = ORIENTED_EDGE('',*,*,#4638,.T.);
#6006 = FACE_BOUND('',#6007,.T.);
#6007 = EDGE_LOOP('',(#6008));
#6008 = ORIENTED_EDGE('',*,*,#5066,.T.);
#6009 = FACE_BOUND('',#6010,.T.);
#6010 = EDGE_LOOP('',(#6011));
#6011 = ORIENTED_EDGE('',*,*,#4852,.T.);
#6012 = FACE_BOUND('',#6013,.T.);
#6013 = EDGE_LOOP('',(#6014));
#6014 = ORIENTED_EDGE('',*,*,#5256,.T.);
#6015 = FACE_BOUND('',#6016,.T.);
#6016 = EDGE_LOOP('',(#6017));
#6017 = ORIENTED_EDGE('',*,*,#5684,.T.);
#6018 = FACE_BOUND('',#6019,.T.);
#6019 = EDGE_LOOP('',(#6020));
#6020 = ORIENTED_EDGE('',*,*,#5470,.T.);
#6021 = ADVANCED_FACE('',(#6022),#4623,.F.);
#6022 = FACE_BOUND('',#6023,.T.);
#6023 = EDGE_LOOP('',(#6024,#6052,#6073,#6074));
#6024 = ORIENTED_EDGE('',*,*,#6025,.F.);
#6025 = EDGE_CURVE('',#6026,#6026,#6028,.T.);
#6026 = VERTEX_POINT('',#6027);
#6027 = CARTESIAN_POINT('',(-46.8,1.5,0.));
#6028 = SURFACE_CURVE('',#6029,(#6034,#6041),.PCURVE_S1.);
#6029 = CIRCLE('',#6030,1.5);
#6030 = AXIS2_PLACEMENT_3D('',#6031,#6032,#6033);
#6031 = CARTESIAN_POINT('',(-46.8,0.,0.));
#6032 = DIRECTION('',(-1.,0.,0.));
#6033 = DIRECTION('',(0.,1.,0.));
#6034 = PCURVE('',#4623,#6035);
#6035 = DEFINITIONAL_REPRESENTATION('',(#6036),#6040);
#6036 = LINE('',#6037,#6038);
#6037 = CARTESIAN_POINT('',(-6.28318530718,0.1));
#6038 = VECTOR('',#6039,1.);
#6039 = DIRECTION('',(1.,-0.));
#6040 = ( GEOMETRIC_REPRESENTATION_CONTEXT(2) 
PARAMETRIC_REPRESENTATION_CONTEXT() REPRESENTATION_CONTEXT('2D SPACE',''
  ) );
#6041 = PCURVE('',#5987,#6042);
#6042 = DEFINITIONAL_REPRESENTATION('',(#6043),#6051);
#6043 = ( BOUNDED_CURVE() B_SPLINE_CURVE(2,(#6044,#6045,#6046,#6047,
#6048,#6049,#6050),.UNSPECIFIED.,.T.,.F.) B_SPLINE_CURVE_WITH_KNOTS((1,2
    ,2,2,2,1),(-2.094395102393,0.,2.094395102393,4.188790204786,
6.28318530718,8.377580409573),.UNSPECIFIED.) CURVE() 
GEOMETRIC_REPRESENTATION_ITEM() RATIONAL_B_SPLINE_CURVE((1.,0.5,1.,0.5,
1.,0.5,1.)) REPRESENTATION_ITEM('') );
#6044 = CARTESIAN_POINT('',(1.5,0.));
#6045 = CARTESIAN_POINT('',(1.5,-2.598076211353));
#6046 = CARTESIAN_POINT('',(-0.75,-1.299038105677));
#6047 = CARTESIAN_POINT('',(-3.,-3.673940397442E-16));
#6048 = CARTESIAN_POINT('',(-0.75,1.299038105677));
#6049 = CARTESIAN_POINT('',(1.5,2.598076211353));
#6050 = CARTESIAN_POINT('',(1.5,0.));
#6051 = ( GEOMETRIC_REPRESENTATION_CONTEXT(2) 
PARAMETRIC_REPRESENTATION_CONTEXT() REPRESENTATION_CONTEXT('2D SPACE',''
  ) );
#6052 = ORIENTED_EDGE('',*,*,#6053,.T.);
#6053 = EDGE_CURVE('',#6026,#4603,#6054,.T.);
#6054 = SEAM_CURVE('',#6055,(#6059,#6066),.PCURVE_S1.);
#6055 = LINE('',#6056,#6057);
#6056 = CARTESIAN_POINT('',(-46.7,1.5,0.));
#6057 = VECTOR('',#6058,1.);
#6058 = DIRECTION('',(-1.,0.,0.));
#6059 = PCURVE('',#4623,#6060);
#6060 = DEFINITIONAL_REPRESENTATION('',(#6061),#6065);
#6061 = LINE('',#6062,#6063);
#6062 = CARTESIAN_POINT('',(-0.,0.));
#6063 = VECTOR('',#6064,1.);
#6064 = DIRECTION('',(-0.,1.));
#6065 = ( GEOMETRIC_REPRESENTATION_CONTEXT(2) 
PARAMETRIC_REPRESENTATION_CONTEXT() REPRESENTATION_CONTEXT('2D SPACE',''
  ) );
#6066 = PCURVE('',#4623,#6067);
#6067 = DEFINITIONAL_REPRESENTATION('',(#6068),#6072);
#6068 = LINE('',#6069,#6070);
#6069 = CARTESIAN_POINT('',(-6.28318530718,0.));
#6070 = VECTOR('',#6071,1.);
#6071 = DIRECTION('',(-0.,1.));
#6072 = ( GEOMETRIC_REPRESENTATION_CONTEXT(2) 
PARAMETRIC_REPRESENTATION_CONTEXT() REPRESENTATION_CONTEXT('2D SPACE',''
  ) );
#6073 = ORIENTED_EDGE('',*,*,#4602,.T.);
#6074 = ORIENTED_EDGE('',*,*,#6053,.F.);
#6075 = ADVANCED_FACE('',(#6076,#6079),#5987,.T.);
#6076 = FACE_BOUND('',#6077,.T.);
#6077 = EDGE_LOOP('',(#6078));
#6078 = ORIENTED_EDGE('',*,*,#5972,.T.);
#6079 = FACE_BOUND('',#6080,.T.);
#6080 = EDGE_LOOP('',(#6081));
#6081 = ORIENTED_EDGE('',*,*,#6025,.T.);
#6082 = ( GEOMETRIC_REPRESENTATION_CONTEXT(3) 
GLOBAL_UNCERTAINTY_ASSIGNED_CONTEXT((#6086)) 
GLOBAL_UNIT_ASSIGNED_CONTEXT((#6083,#6084,#6085)) REPRESENTATION_CONTEXT
('Context #1','3D Context with UNIT and UNCERTAINTY') );
#6083 = ( LENGTH_UNIT() NAMED_UNIT(*) SI_UNIT(.MILLI.,.METRE.) );
#6084 = ( NAMED_UNIT(*) PLANE_ANGLE_UNIT() SI_UNIT($,.RADIAN.) );
#6085 = ( NAMED_UNIT(*) SI_UNIT($,.STERADIAN.) SOLID_ANGLE_UNIT() );
#6086 = UNCERTAINTY_MEASURE_WITH_UNIT(LENGTH_MEASURE(1.E-07),#6083,
  'distance_accuracy_value','confusion accuracy');
#6087 = CONTEXT_DEPENDENT_SHAPE_REPRESENTATION(#6088,#6090);
#6088 = ( REPRESENTATION_RELATIONSHIP('','',#2439,#10) 
REPRESENTATION_RELATIONSHIP_WITH_TRANSFORMATION(#6089) 
SHAPE_REPRESENTATION_RELATIONSHIP() );
#6089 = ITEM_DEFINED_TRANSFORMATION('','',#11,#19);
#6090 = PRODUCT_DEFINITION_SHAPE('Placement','Placement of an item',
  #6091);
#6091 = NEXT_ASSEMBLY_USAGE_OCCURRENCE('2','M-102_cap','',#5,#2434,$);
#6092 = PRODUCT_RELATED_PRODUCT_CATEGORY('part',$,(#2436));
#6093 = SHAPE_DEFINITION_REPRESENTATION(#6094,#6100);
#6094 = PRODUCT_DEFINITION_SHAPE('','',#6095);
#6095 = PRODUCT_DEFINITION('design','',#6096,#6099);
#6096 = PRODUCT_DEFINITION_FORMATION('','',#6097);
#6097 = PRODUCT('M-103_housing','M-103_housing','',(#6098));
#6098 = PRODUCT_CONTEXT('',#2,'mechanical');
#6099 = PRODUCT_DEFINITION_CONTEXT('part definition',#2,'design');
#6100 = ADVANCED_BREP_SHAPE_REPRESENTATION('',(#11,#6101),#6471);
#6101 = MANIFOLD_SOLID_BREP('',#6102);
#6102 = CLOSED_SHELL('',(#6103,#6191,#6226,#6261,#6320,#6379,#6414,#6444
    ));
#6103 = ADVANCED_FACE('',(#6104),#6118,.F.);
#6104 = FACE_BOUND('',#6105,.F.);
#6105 = EDGE_LOOP('',(#6106,#6136,#6163,#6164));
#6106 = ORIENTED_EDGE('',*,*,#6107,.F.);
#6107 = EDGE_CURVE('',#6108,#6110,#6112,.T.);
#6108 = VERTEX_POINT('',#6109);
#6109 = CARTESIAN_POINT('',(19.01,13.5,0.));
#6110 = VERTEX_POINT('',#6111);
#6111 = CARTESIAN_POINT('',(70.99,13.5,0.));
#6112 = SEAM_CURVE('',#6113,(#6117,#6129),.PCURVE_S1.);
#6113 = LINE('',#6114,#6115);
#6114 = CARTESIAN_POINT('',(15.,13.5,0.));
#6115 = VECTOR('',#6116,1.);
#6116 = DIRECTION('',(1.,0.,0.));
#6117 = PCURVE('',#6118,#6123);
#6118 = CYLINDRICAL_SURFACE('',#6119,13.5);
#6119 = AXIS2_PLACEMENT_3D('',#6120,#6121,#6122);
#6120 = CARTESIAN_POINT('',(15.,0.,0.));
#6121 = DIRECTION('',(1.,0.,0.));
#6122 = DIRECTION('',(-0.,1.,0.));
#6123 = DEFINITIONAL_REPRESENTATION('',(#6124),#6128);
#6124 = LINE('',#6125,#6126);
#6125 = CARTESIAN_POINT('',(0.,0.));
#6126 = VECTOR('',#6127,1.);
#6127 = DIRECTION('',(0.,1.));
#6128 = ( GEOMETRIC_REPRESENTATION_CONTEXT(2) 
PARAMETRIC_REPRESENTATION_CONTEXT() REPRESENTATION_CONTEXT('2D SPACE',''
  ) );
#6129 = PCURVE('',#6118,#6130);
#6130 = DEFINITIONAL_REPRESENTATION('',(#6131),#6135);
#6131 = LINE('',#6132,#6133);
#6132 = CARTESIAN_POINT('',(6.28318530718,0.));
#6133 = VECTOR('',#6134,1.);
#6134 = DIRECTION('',(0.,1.));
#6135 = ( GEOMETRIC_REPRESENTATION_CONTEXT(2) 
PARAMETRIC_REPRESENTATION_CONTEXT() REPRESENTATION_CONTEXT('2D SPACE',''
  ) );
#6136 = ORIENTED_EDGE('',*,*,#6137,.T.);
#6137 = EDGE_CURVE('',#6108,#6108,#6138,.T.);
#6138 = SURFACE_CURVE('',#6139,(#6144,#6151),.PCURVE_S1.);
#6139 = CIRCLE('',#6140,13.5);
#6140 = AXIS2_PLACEMENT_3D('',#6141,#6142,#6143);
#6141 = CARTESIAN_POINT('',(19.01,0.,0.));
#6142 = DIRECTION('',(1.,0.,0.));
#6143 = DIRECTION('',(-0.,1.,0.));
#6144 = PCURVE('',#6118,#6145);
#6145 = DEFINITIONAL_REPRESENTATION('',(#6146),#6150);
#6146 = LINE('',#6147,#6148);
#6147 = CARTESIAN_POINT('',(0.,4.01));
#6148 = VECTOR('',#6149,1.);
#6149 = DIRECTION('',(1.,0.));
#6150 = ( GEOMETRIC_REPRESENTATION_CONTEXT(2) 
PARAMETRIC_REPRESENTATION_CONTEXT() REPRESENTATION_CONTEXT('2D SPACE',''
  ) );
#6151 = PCURVE('',#6152,#6157);
#6152 = PLANE('',#6153);
#6153 = AXIS2_PLACEMENT_3D('',#6154,#6155,#6156);
#6154 = CARTESIAN_POINT('',(19.01,0.,0.));
#6155 = DIRECTION('',(1.,0.,0.));
#6156 = DIRECTION('',(-0.,1.,0.));
#6157 = DEFINITIONAL_REPRESENTATION('',(#6158),#6162);
#6158 = CIRCLE('',#6159,13.5);
#6159 = AXIS2_PLACEMENT_2D('',#6160,#6161);
#6160 = CARTESIAN_POINT('',(0.,0.));
#6161 = DIRECTION('',(1.,-0.));
#6162 = ( GEOMETRIC_REPRESENTATION_CONTEXT(2) 
PARAMETRIC_REPRESENTATION_CONTEXT() REPRESENTATION_CONTEXT('2D SPACE',''
  ) );
#6163 = ORIENTED_EDGE('',*,*,#6107,.T.);
#6164 = ORIENTED_EDGE('',*,*,#6165,.F.);
#6165 = EDGE_CURVE('',#6110,#6110,#6166,.T.);
#6166 = SURFACE_CURVE('',#6167,(#6172,#6179),.PCURVE_S1.);
#6167 = CIRCLE('',#6168,13.5);
#6168 = AXIS2_PLACEMENT_3D('',#6169,#6170,#6171);
#6169 = CARTESIAN_POINT('',(70.99,0.,0.));
#6170 = DIRECTION('',(1.,0.,0.));
#6171 = DIRECTION('',(-0.,1.,0.));
#6172 = PCURVE('',#6118,#6173);
#6173 = DEFINITIONAL_REPRESENTATION('',(#6174),#6178);
#6174 = LINE('',#6175,#6176);
#6175 = CARTESIAN_POINT('',(0.,55.99));
#6176 = VECTOR('',#6177,1.);
#6177 = DIRECTION('',(1.,0.));
#6178 = ( GEOMETRIC_REPRESENTATION_CONTEXT(2) 
PARAMETRIC_REPRESENTATION_CONTEXT() REPRESENTATION_CONTEXT('2D SPACE',''
  ) );
#6179 = PCURVE('',#6180,#6185);
#6180 = PLANE('',#6181);
#6181 = AXIS2_PLACEMENT_3D('',#6182,#6183,#6184);
#6182 = CARTESIAN_POINT('',(70.99,0.,0.));
#6183 = DIRECTION('',(1.,0.,0.));
#6184 = DIRECTION('',(-0.,1.,0.));
#6185 = DEFINITIONAL_REPRESENTATION('',(#6186),#6190);
#6186 = CIRCLE('',#6187,13.5);
#6187 = AXIS2_PLACEMENT_2D('',#6188,#6189);
#6188 = CARTESIAN_POINT('',(0.,0.));
#6189 = DIRECTION('',(1.,0.));
#6190 = ( GEOMETRIC_REPRESENTATION_CONTEXT(2) 
PARAMETRIC_REPRESENTATION_CONTEXT() REPRESENTATION_CONTEXT('2D SPACE',''
  ) );
#6191 = ADVANCED_FACE('',(#6192,#6223),#6180,.T.);
#6192 = FACE_BOUND('',#6193,.T.);
#6193 = EDGE_LOOP('',(#6194));
#6194 = ORIENTED_EDGE('',*,*,#6195,.T.);
#6195 = EDGE_CURVE('',#6196,#6196,#6198,.T.);
#6196 = VERTEX_POINT('',#6197);
#6197 = CARTESIAN_POINT('',(70.99,14.5,0.));
#6198 = SURFACE_CURVE('',#6199,(#6204,#6211),.PCURVE_S1.);
#6199 = CIRCLE('',#6200,14.5);
#6200 = AXIS2_PLACEMENT_3D('',#6201,#6202,#6203);
#6201 = CARTESIAN_POINT('',(70.99,0.,0.));
#6202 = DIRECTION('',(1.,0.,0.));
#6203 = DIRECTION('',(-0.,1.,0.));
#6204 = PCURVE('',#6180,#6205);
#6205 = DEFINITIONAL_REPRESENTATION('',(#6206),#6210);
#6206 = CIRCLE('',#6207,14.5);
#6207 = AXIS2_PLACEMENT_2D('',#6208,#6209);
#6208 = CARTESIAN_POINT('',(0.,0.));
#6209 = DIRECTION('',(1.,0.));
#6210 = ( GEOMETRIC_REPRESENTATION_CONTEXT(2) 
PARAMETRIC_REPRESENTATION_CONTEXT() REPRESENTATION_CONTEXT('2D SPACE',''
  ) );
#6211 = PCURVE('',#6212,#6217);
#6212 = CYLINDRICAL_SURFACE('',#6213,14.5);
#6213 = AXIS2_PLACEMENT_3D('',#6214,#6215,#6216);
#6214 = CARTESIAN_POINT('',(75.01,0.,0.));
#6215 = DIRECTION('',(-1.,-0.,-0.));
#6216 = DIRECTION('',(0.,1.,0.));
#6217 = DEFINITIONAL_REPRESENTATION('',(#6218),#6222);
#6218 = LINE('',#6219,#6220);
#6219 = CARTESIAN_POINT('',(-0.,4.02));
#6220 = VECTOR('',#6221,1.);
#6221 = DIRECTION('',(-1.,0.));
#6222 = ( GEOMETRIC_REPRESENTATION_CONTEXT(2) 
PARAMETRIC_REPRESENTATION_CONTEXT() REPRESENTATION_CONTEXT('2D SPACE',''
  ) );
#6223 = FACE_BOUND('',#6224,.T.);
#6224 = EDGE_LOOP('',(#6225));
#6225 = ORIENTED_EDGE('',*,*,#6165,.F.);
#6226 = ADVANCED_FACE('',(#6227,#6258),#6152,.F.);
#6227 = FACE_BOUND('',#6228,.T.);
#6228 = EDGE_LOOP('',(#6229));
#6229 = ORIENTED_EDGE('',*,*,#6230,.F.);
#6230 = EDGE_CURVE('',#6231,#6231,#6233,.T.);
#6231 = VERTEX_POINT('',#6232);
#6232 = CARTESIAN_POINT('',(19.01,14.5,0.));
#6233 = SURFACE_CURVE('',#6234,(#6239,#6246),.PCURVE_S1.);
#6234 = CIRCLE('',#6235,14.5);
#6235 = AXIS2_PLACEMENT_3D('',#6236,#6237,#6238);
#6236 = CARTESIAN_POINT('',(19.01,0.,0.));
#6237 = DIRECTION('',(1.,0.,0.));
#6238 = DIRECTION('',(-0.,1.,0.));
#6239 = PCURVE('',#6152,#6240);
#6240 = DEFINITIONAL_REPRESENTATION('',(#6241),#6245);
#6241 = CIRCLE('',#6242,14.5);
#6242 = AXIS2_PLACEMENT_2D('',#6243,#6244);
#6243 = CARTESIAN_POINT('',(0.,0.));
#6244 = DIRECTION('',(1.,-0.));
#6245 = ( GEOMETRIC_REPRESENTATION_CONTEXT(2) 
PARAMETRIC_REPRESENTATION_CONTEXT() REPRESENTATION_CONTEXT('2D SPACE',''
  ) );
#6246 = PCURVE('',#6247,#6252);
#6247 = CYLINDRICAL_SURFACE('',#6248,14.5);
#6248 = AXIS2_PLACEMENT_3D('',#6249,#6250,#6251);
#6249 = CARTESIAN_POINT('',(19.01,0.,0.));
#6250 = DIRECTION('',(-1.,-0.,-0.));
#6251 = DIRECTION('',(0.,1.,0.));
#6252 = DEFINITIONAL_REPRESENTATION('',(#6253),#6257);
#6253 = LINE('',#6254,#6255);
#6254 = CARTESIAN_POINT('',(-0.,0.));
#6255 = VECTOR('',#6256,1.);
#6256 = DIRECTION('',(-1.,0.));
#6257 = ( GEOMETRIC_REPRESENTATION_CONTEXT(2) 
PARAMETRIC_REPRESENTATION_CONTEXT() REPRESENTATION_CONTEXT('2D SPACE',''
  ) );
#6258 = FACE_BOUND('',#6259,.T.);
#6259 = EDGE_LOOP('',(#6260));
#6260 = ORIENTED_EDGE('',*,*,#6137,.T.);
#6261 = ADVANCED_FACE('',(#6262),#6212,.F.);
#6262 = FACE_BOUND('',#6263,.T.);
#6263 = EDGE_LOOP('',(#6264,#6297,#6318,#6319));
#6264 = ORIENTED_EDGE('',*,*,#6265,.F.);
#6265 = EDGE_CURVE('',#6266,#6266,#6268,.T.);
#6266 = VERTEX_POINT('',#6267);
#6267 = CARTESIAN_POINT('',(75.,14.5,0.));
#6268 = SURFACE_CURVE('',#6269,(#6274,#6281),.PCURVE_S1.);
#6269 = CIRCLE('',#6270,14.5);
#6270 = AXIS2_PLACEMENT_3D('',#6271,#6272,#6273);
#6271 = CARTESIAN_POINT('',(75.,0.,0.));
#6272 = DIRECTION('',(-1.,0.,0.));
#6273 = DIRECTION('',(0.,1.,0.));
#6274 = PCURVE('',#6212,#6275);
#6275 = DEFINITIONAL_REPRESENTATION('',(#6276),#6280);
#6276 = LINE('',#6277,#6278);
#6277 = CARTESIAN_POINT('',(-6.28318530718,1.000000000001E-02));
#6278 = VECTOR('',#6279,1.);
#6279 = DIRECTION('',(1.,-0.));
#6280 = ( GEOMETRIC_REPRESENTATION_CONTEXT(2) 
PARAMETRIC_REPRESENTATION_CONTEXT() REPRESENTATION_CONTEXT('2D SPACE',''
  ) );
#6281 = PCURVE('',#6282,#6287);
#6282 = PLANE('',#6283);
#6283 = AXIS2_PLACEMENT_3D('',#6284,#6285,#6286);
#6284 = CARTESIAN_POINT('',(75.,0.,0.));
#6285 = DIRECTION('',(1.,0.,0.));
#6286 = DIRECTION('',(-0.,1.,0.));
#6287 = DEFINITIONAL_REPRESENTATION('',(#6288),#6296);
#6288 = ( BOUNDED_CURVE() B_SPLINE_CURVE(2,(#6289,#6290,#6291,#6292,
#6293,#6294,#6295),.UNSPECIFIED.,.T.,.F.) B_SPLINE_CURVE_WITH_KNOTS((1,2
    ,2,2,2,1),(-2.094395102393,0.,2.094395102393,4.188790204786,
6.28318530718,8.377580409573),.UNSPECIFIED.) CURVE() 
GEOMETRIC_REPRESENTATION_ITEM() RATIONAL_B_SPLINE_CURVE((1.,0.5,1.,0.5,
1.,0.5,1.)) REPRESENTATION_ITEM('') );
#6289 = CARTESIAN_POINT('',(14.5,0.));
#6290 = CARTESIAN_POINT('',(14.5,-25.11473670974));
#6291 = CARTESIAN_POINT('',(-7.25,-12.55736835487));
#6292 = CARTESIAN_POINT('',(-29.,-3.551475717527E-15));
#6293 = CARTESIAN_POINT('',(-7.25,12.557368354874));
#6294 = CARTESIAN_POINT('',(14.5,25.114736709749));
#6295 = CARTESIAN_POINT('',(14.5,0.));
#6296 = ( GEOMETRIC_REPRESENTATION_CONTEXT(2) 
PARAMETRIC_REPRESENTATION_CONTEXT() REPRESENTATION_CONTEXT('2D SPACE',''
  ) );
#6297 = ORIENTED_EDGE('',*,*,#6298,.T.);
#6298 = EDGE_CURVE('',#6266,#6196,#6299,.T.);
#6299 = SEAM_CURVE('',#6300,(#6304,#6311),.PCURVE_S1.);
#6300 = LINE('',#6301,#6302);
#6301 = CARTESIAN_POINT('',(75.01,14.5,0.));
#6302 = VECTOR('',#6303,1.);
#6303 = DIRECTION('',(-1.,0.,0.));
#6304 = PCURVE('',#6212,#6305);
#6305 = DEFINITIONAL_REPRESENTATION('',(#6306),#6310);
#6306 = LINE('',#6307,#6308);
#6307 = CARTESIAN_POINT('',(-0.,0.));
#6308 = VECTOR('',#6309,1.);
#6309 = DIRECTION('',(-0.,1.));
#6310 = ( GEOMETRIC_REPRESENTATION_CONTEXT(2) 
PARAMETRIC_REPRESENTATION_CONTEXT() REPRESENTATION_CONTEXT('2D SPACE',''
  ) );
#6311 = PCURVE('',#6212,#6312);
#6312 = DEFINITIONAL_REPRESENTATION('',(#6313),#6317);
#6313 = LINE('',#6314,#6315);
#6314 = CARTESIAN_POINT('',(-6.28318530718,0.));
#6315 = VECTOR('',#6316,1.);
#6316 = DIRECTION('',(-0.,1.));
#6317 = ( GEOMETRIC_REPRESENTATION_CONTEXT(2) 
PARAMETRIC_REPRESENTATION_CONTEXT() REPRESENTATION_CONTEXT('2D SPACE',''
  ) );
#6318 = ORIENTED_EDGE('',*,*,#6195,.F.);
#6319 = ORIENTED_EDGE('',*,*,#6298,.F.);
#6320 = ADVANCED_FACE('',(#6321),#6247,.F.);
#6321 = FACE_BOUND('',#6322,.T.);
#6322 = EDGE_LOOP('',(#6323,#6346,#6347,#6348));
#6323 = ORIENTED_EDGE('',*,*,#6324,.F.);
#6324 = EDGE_CURVE('',#6231,#6325,#6327,.T.);
#6325 = VERTEX_POINT('',#6326);
#6326 = CARTESIAN_POINT('',(15.,14.5,0.));
#6327 = SEAM_CURVE('',#6328,(#6332,#6339),.PCURVE_S1.);
#6328 = LINE('',#6329,#6330);
#6329 = CARTESIAN_POINT('',(19.01,14.5,0.));
#6330 = VECTOR('',#6331,1.);
#6331 = DIRECTION('',(-1.,0.,0.));
#6332 = PCURVE('',#6247,#6333);
#6333 = DEFINITIONAL_REPRESENTATION('',(#6334),#6338);
#6334 = LINE('',#6335,#6336);
#6335 = CARTESIAN_POINT('',(-0.,0.));
#6336 = VECTOR('',#6337,1.);
#6337 = DIRECTION('',(-0.,1.));
#6338 = ( GEOMETRIC_REPRESENTATION_CONTEXT(2) 
PARAMETRIC_REPRESENTATION_CONTEXT() REPRESENTATION_CONTEXT('2D SPACE',''
  ) );
#6339 = PCURVE('',#6247,#6340);
#6340 = DEFINITIONAL_REPRESENTATION('',(#6341),#6345);
#6341 = LINE('',#6342,#6343);
#6342 = CARTESIAN_POINT('',(-6.28318530718,0.));
#6343 = VECTOR('',#6344,1.);
#6344 = DIRECTION('',(-0.,1.));
#6345 = ( GEOMETRIC_REPRESENTATION_CONTEXT(2) 
PARAMETRIC_REPRESENTATION_CONTEXT() REPRESENTATION_CONTEXT('2D SPACE',''
  ) );
#6346 = ORIENTED_EDGE('',*,*,#6230,.T.);
#6347 = ORIENTED_EDGE('',*,*,#6324,.T.);
#6348 = ORIENTED_EDGE('',*,*,#6349,.T.);
#6349 = EDGE_CURVE('',#6325,#6325,#6350,.T.);
#6350 = SURFACE_CURVE('',#6351,(#6356,#6363),.PCURVE_S1.);
#6351 = CIRCLE('',#6352,14.5);
#6352 = AXIS2_PLACEMENT_3D('',#6353,#6354,#6355);
#6353 = CARTESIAN_POINT('',(15.,0.,0.));
#6354 = DIRECTION('',(-1.,0.,0.));
#6355 = DIRECTION('',(0.,1.,0.));
#6356 = PCURVE('',#6247,#6357);
#6357 = DEFINITIONAL_REPRESENTATION('',(#6358),#6362);
#6358 = LINE('',#6359,#6360);
#6359 = CARTESIAN_POINT('',(-6.28318530718,4.01));
#6360 = VECTOR('',#6361,1.);
#6361 = DIRECTION('',(1.,-0.));
#6362 = ( GEOMETRIC_REPRESENTATION_CONTEXT(2) 
PARAMETRIC_REPRESENTATION_CONTEXT() REPRESENTATION_CONTEXT('2D SPACE',''
  ) );
#6363 = PCURVE('',#6364,#6369);
#6364 = PLANE('',#6365);
#6365 = AXIS2_PLACEMENT_3D('',#6366,#6367,#6368);
#6366 = CARTESIAN_POINT('',(15.,0.,0.));
#6367 = DIRECTION('',(1.,0.,0.));
#6368 = DIRECTION('',(-0.,1.,0.));
#6369 = DEFINITIONAL_REPRESENTATION('',(#6370),#6378);
#6370 = ( BOUNDED_CURVE() B_SPLINE_CURVE(2,(#6371,#6372,#6373,#6374,
#6375,#6376,#6377),.UNSPECIFIED.,.T.,.F.) B_SPLINE_CURVE_WITH_KNOTS((1,2
    ,2,2,2,1),(-2.094395102393,0.,2.094395102393,4.188790204786,
6.28318530718,8.377580409573),.UNSPECIFIED.) CURVE() 
GEOMETRIC_REPRESENTATION_ITEM() RATIONAL_B_SPLINE_CURVE((1.,0.5,1.,0.5,
1.,0.5,1.)) REPRESENTATION_ITEM('') );
#6371 = CARTESIAN_POINT('',(14.5,0.));
#6372 = CARTESIAN_POINT('',(14.5,-25.11473670974));
#6373 = CARTESIAN_POINT('',(-7.25,-12.55736835487));
#6374 = CARTESIAN_POINT('',(-29.,-3.551475717527E-15));
#6375 = CARTESIAN_POINT('',(-7.25,12.557368354874));
#6376 = CARTESIAN_POINT('',(14.5,25.114736709749));
#6377 = CARTESIAN_POINT('',(14.5,0.));
#6378 = ( GEOMETRIC_REPRESENTATION_CONTEXT(2) 
PARAMETRIC_REPRESENTATION_CONTEXT() REPRESENTATION_CONTEXT('2D SPACE',''
  ) );
#6379 = ADVANCED_FACE('',(#6380,#6411),#6282,.T.);
#6380 = FACE_BOUND('',#6381,.F.);
#6381 = EDGE_LOOP('',(#6382));
#6382 = ORIENTED_EDGE('',*,*,#6383,.F.);
#6383 = EDGE_CURVE('',#6384,#6384,#6386,.T.);
#6384 = VERTEX_POINT('',#6385);
#6385 = CARTESIAN_POINT('',(75.,16.,0.));
#6386 = SURFACE_CURVE('',#6387,(#6392,#6399),.PCURVE_S1.);
#6387 = CIRCLE('',#6388,16.);
#6388 = AXIS2_PLACEMENT_3D('',#6389,#6390,#6391);
#6389 = CARTESIAN_POINT('',(75.,0.,0.));
#6390 = DIRECTION('',(1.,0.,0.));
#6391 = DIRECTION('',(-0.,1.,0.));
#6392 = PCURVE('',#6282,#6393);
#6393 = DEFINITIONAL_REPRESENTATION('',(#6394),#6398);
#6394 = CIRCLE('',#6395,16.);
#6395 = AXIS2_PLACEMENT_2D('',#6396,#6397);
#6396 = CARTESIAN_POINT('',(0.,0.));
#6397 = DIRECTION('',(1.,-0.));
#6398 = ( GEOMETRIC_REPRESENTATION_CONTEXT(2) 
PARAMETRIC_REPRESENTATION_CONTEXT() REPRESENTATION_CONTEXT('2D SPACE',''
  ) );
#6399 = PCURVE('',#6400,#6405);
#6400 = CYLINDRICAL_SURFACE('',#6401,16.);
#6401 = AXIS2_PLACEMENT_3D('',#6402,#6403,#6404);
#6402 = CARTESIAN_POINT('',(75.,0.,0.));
#6403 = DIRECTION('',(-1.,-0.,-0.));
#6404 = DIRECTION('',(0.,1.,0.));
#6405 = DEFINITIONAL_REPRESENTATION('',(#6406),#6410);
#6406 = LINE('',#6407,#6408);
#6407 = CARTESIAN_POINT('',(-0.,0.));
#6408 = VECTOR('',#6409,1.);
#6409 = DIRECTION('',(-1.,0.));
#6410 = ( GEOMETRIC_REPRESENTATION_CONTEXT(2) 
PARAMETRIC_REPRESENTATION_CONTEXT() REPRESENTATION_CONTEXT('2D SPACE',''
  ) );
#6411 = FACE_BOUND('',#6412,.F.);
#6412 = EDGE_LOOP('',(#6413));
#6413 = ORIENTED_EDGE('',*,*,#6265,.F.);
#6414 = ADVANCED_FACE('',(#6415,#6441),#6364,.F.);
#6415 = FACE_BOUND('',#6416,.F.);
#6416 = EDGE_LOOP('',(#6417));
#6417 = ORIENTED_EDGE('',*,*,#6418,.T.);
#6418 = EDGE_CURVE('',#6419,#6419,#6421,.T.);
#6419 = VERTEX_POINT('',#6420);
#6420 = CARTESIAN_POINT('',(15.,16.,0.));
#6421 = SURFACE_CURVE('',#6422,(#6427,#6434),.PCURVE_S1.);
#6422 = CIRCLE('',#6423,16.);
#6423 = AXIS2_PLACEMENT_3D('',#6424,#6425,#6426);
#6424 = CARTESIAN_POINT('',(15.,0.,0.));
#6425 = DIRECTION('',(1.,0.,0.));
#6426 = DIRECTION('',(-0.,1.,0.));
#6427 = PCURVE('',#6364,#6428);
#6428 = DEFINITIONAL_REPRESENTATION('',(#6429),#6433);
#6429 = CIRCLE('',#6430,16.);
#6430 = AXIS2_PLACEMENT_2D('',#6431,#6432);
#6431 = CARTESIAN_POINT('',(0.,0.));
#6432 = DIRECTION('',(1.,0.));
#6433 = ( GEOMETRIC_REPRESENTATION_CONTEXT(2) 
PARAMETRIC_REPRESENTATION_CONTEXT() REPRESENTATION_CONTEXT('2D SPACE',''
  ) );
#6434 = PCURVE('',#6400,#6435);
#6435 = DEFINITIONAL_REPRESENTATION('',(#6436),#6440);
#6436 = LINE('',#6437,#6438);
#6437 = CARTESIAN_POINT('',(-0.,60.));
#6438 = VECTOR('',#6439,1.);
#6439 = DIRECTION('',(-1.,0.));
#6440 = ( GEOMETRIC_REPRESENTATION_CONTEXT(2) 
PARAMETRIC_REPRESENTATION_CONTEXT() REPRESENTATION_CONTEXT('2D SPACE',''
  ) );
#6441 = FACE_BOUND('',#6442,.F.);
#6442 = EDGE_LOOP('',(#6443));
#6443 = ORIENTED_EDGE('',*,*,#6349,.T.);
#6444 = ADVANCED_FACE('',(#6445),#6400,.T.);
#6445 = FACE_BOUND('',#6446,.F.);
#6446 = EDGE_LOOP('',(#6447,#6448,#6469,#6470));
#6447 = ORIENTED_EDGE('',*,*,#6383,.T.);
#6448 = ORIENTED_EDGE('',*,*,#6449,.T.);
#6449 = EDGE_CURVE('',#6384,#6419,#6450,.T.);
#6450 = SEAM_CURVE('',#6451,(#6455,#6462),.PCURVE_S1.);
#6451 = LINE('',#6452,#6453);
#6452 = CARTESIAN_POINT('',(75.,16.,0.));
#6453 = VECTOR('',#6454,1.);
#6454 = DIRECTION('',(-1.,0.,0.));
#6455 = PCURVE('',#6400,#6456);
#6456 = DEFINITIONAL_REPRESENTATION('',(#6457),#6461);
#6457 = LINE('',#6458,#6459);
#6458 = CARTESIAN_POINT('',(-0.,0.));
#6459 = VECTOR('',#6460,1.);
#6460 = DIRECTION('',(-0.,1.));
#6461 = ( GEOMETRIC_REPRESENTATION_CONTEXT(2) 
PARAMETRIC_REPRESENTATION_CONTEXT() REPRESENTATION_CONTEXT('2D SPACE',''
  ) );
#6462 = PCURVE('',#6400,#6463);
#6463 = DEFINITIONAL_REPRESENTATION('',(#6464),#6468);
#6464 = LINE('',#6465,#6466);
#6465 = CARTESIAN_POINT('',(-6.28318530718,0.));
#6466 = VECTOR('',#6467,1.);
#6467 = DIRECTION('',(-0.,1.));
#6468 = ( GEOMETRIC_REPRESENTATION_CONTEXT(2) 
PARAMETRIC_REPRESENTATION_CONTEXT() REPRESENTATION_CONTEXT('2D SPACE',''
  ) );
#6469 = ORIENTED_EDGE('',*,*,#6418,.F.);
#6470 = ORIENTED_EDGE('',*,*,#6449,.F.);
#6471 = ( GEOMETRIC_REPRESENTATION_CONTEXT(3) 
GLOBAL_UNCERTAINTY_ASSIGNED_CONTEXT((#6475)) 
GLOBAL_UNIT_ASSIGNED_CONTEXT((#6472,#6473,#6474)) REPRESENTATION_CONTEXT
('Context #1','3D Context with UNIT and UNCERTAINTY') );
#6472 = ( LENGTH_UNIT() NAMED_UNIT(*) SI_UNIT(.MILLI.,.METRE.) );
#6473 = ( NAMED_UNIT(*) PLANE_ANGLE_UNIT() SI_UNIT($,.RADIAN.) );
#6474 = ( NAMED_UNIT(*) SI_UNIT($,.STERADIAN.) SOLID_ANGLE_UNIT() );
#6475 = UNCERTAINTY_MEASURE_WITH_UNIT(LENGTH_MEASURE(1.E-07),#6472,
  'distance_accuracy_value','confusion accuracy');
#6476 = CONTEXT_DEPENDENT_SHAPE_REPRESENTATION(#6477,#6479);
#6477 = ( REPRESENTATION_RELATIONSHIP('','',#6100,#10) 
REPRESENTATION_RELATIONSHIP_WITH_TRANSFORMATION(#6478) 
SHAPE_REPRESENTATION_RELATIONSHIP() );
#6478 = ITEM_DEFINED_TRANSFORMATION('','',#11,#23);
#6479 = PRODUCT_DEFINITION_SHAPE('Placement','Placement of an item',
  #6480);
#6480 = NEXT_ASSEMBLY_USAGE_OCCURRENCE('3','M-103_housing','',#5,#6095,$
  );
#6481 = PRODUCT_RELATED_PRODUCT_CATEGORY('part',$,(#6097));
#6482 = SHAPE_DEFINITION_REPRESENTATION(#6483,#6489);
#6483 = PRODUCT_DEFINITION_SHAPE('','',#6484);
#6484 = PRODUCT_DEFINITION('design','',#6485,#6488);
#6485 = PRODUCT_DEFINITION_FORMATION('','',#6486);
#6486 = PRODUCT('M-104_endcap','M-104_endcap','',(#6487));
#6487 = PRODUCT_CONTEXT('',#2,'mechanical');
#6488 = PRODUCT_DEFINITION_CONTEXT('part definition',#2,'design');
#6489 = ADVANCED_BREP_SHAPE_REPRESENTATION('',(#11,#6490),#7668);
#6490 = MANIFOLD_SOLID_BREP('',#6491);
#6491 = CLOSED_SHELL('',(#6492,#6645,#6718,#6864,#7000,#7028,#7087,#7115
    ,#7280,#7287,#7293,#7298,#7333,#7368,#7427,#7482,#7517,#7556,#7611,
    #7661));
#6492 = ADVANCED_FACE('',(#6493,#6610),#6508,.T.);
#6493 = FACE_BOUND('',#6494,.F.);
#6494 = EDGE_LOOP('',(#6495,#6531,#6557,#6586));
#6495 = ORIENTED_EDGE('',*,*,#6496,.F.);
#6496 = EDGE_CURVE('',#6497,#6499,#6501,.T.);
#6497 = VERTEX_POINT('',#6498);
#6498 = CARTESIAN_POINT('',(81.,14.,7.745966692415));
#6499 = VERTEX_POINT('',#6500);
#6500 = CARTESIAN_POINT('',(81.,-14.,7.745966692415));
#6501 = SURFACE_CURVE('',#6502,(#6507,#6519),.PCURVE_S1.);
#6502 = CIRCLE('',#6503,16.);
#6503 = AXIS2_PLACEMENT_3D('',#6504,#6505,#6506);
#6504 = CARTESIAN_POINT('',(81.,0.,0.));
#6505 = DIRECTION('',(1.,0.,0.));
#6506 = DIRECTION('',(-0.,1.,0.));
#6507 = PCURVE('',#6508,#6513);
#6508 = PLANE('',#6509);
#6509 = AXIS2_PLACEMENT_3D('',#6510,#6511,#6512);
#6510 = CARTESIAN_POINT('',(81.,0.,0.));
#6511 = DIRECTION('',(1.,0.,0.));
#6512 = DIRECTION('',(-0.,1.,0.));
#6513 = DEFINITIONAL_REPRESENTATION('',(#6514),#6518);
#6514 = CIRCLE('',#6515,16.);
#6515 = AXIS2_PLACEMENT_2D('',#6516,#6517);
#6516 = CARTESIAN_POINT('',(0.,0.));
#6517 = DIRECTION('',(1.,-0.));
#6518 = ( GEOMETRIC_REPRESENTATION_CONTEXT(2) 
PARAMETRIC_REPRESENTATION_CONTEXT() REPRESENTATION_CONTEXT('2D SPACE',''
  ) );
#6519 = PCURVE('',#6520,#6525);
#6520 = CYLINDRICAL_SURFACE('',#6521,16.);
#6521 = AXIS2_PLACEMENT_3D('',#6522,#6523,#6524);
#6522 = CARTESIAN_POINT('',(81.,0.,0.));
#6523 = DIRECTION('',(-1.,-0.,-0.));
#6524 = DIRECTION('',(0.,1.,0.));
#6525 = DEFINITIONAL_REPRESENTATION('',(#6526),#6530);
#6526 = LINE('',#6527,#6528);
#6527 = CARTESIAN_POINT('',(-0.,0.));
#6528 = VECTOR('',#6529,1.);
#6529 = DIRECTION('',(-1.,0.));
#6530 = ( GEOMETRIC_REPRESENTATION_CONTEXT(2) 
PARAMETRIC_REPRESENTATION_CONTEXT() REPRESENTATION_CONTEXT('2D SPACE',''
  ) );
#6531 = ORIENTED_EDGE('',*,*,#6532,.T.);
#6532 = EDGE_CURVE('',#6497,#6533,#6535,.T.);
#6533 = VERTEX_POINT('',#6534);
#6534 = CARTESIAN_POINT('',(81.,14.,-7.745966692415));
#6535 = SURFACE_CURVE('',#6536,(#6540,#6546),.PCURVE_S1.);
#6536 = LINE('',#6537,#6538);
#6537 = CARTESIAN_POINT('',(81.,14.,-10.));
#6538 = VECTOR('',#6539,1.);
#6539 = DIRECTION('',(0.,0.,-1.));
#6540 = PCURVE('',#6508,#6541);
#6541 = DEFINITIONAL_REPRESENTATION('',(#6542),#6545);
#6542 = B_SPLINE_CURVE_WITH_KNOTS('',1,(#6543,#6544),.UNSPECIFIED.,.F.,
  .F.,(2,2),(-26.,6.),.PIECEWISE_BEZIER_KNOTS.);
#6543 = CARTESIAN_POINT('',(14.,16.));
#6544 = CARTESIAN_POINT('',(14.,-16.));
#6545 = ( GEOMETRIC_REPRESENTATION_CONTEXT(2) 
PARAMETRIC_REPRESENTATION_CONTEXT() REPRESENTATION_CONTEXT('2D SPACE',''
  ) );
#6546 = PCURVE('',#6547,#6552);
#6547 = PLANE('',#6548);
#6548 = AXIS2_PLACEMENT_3D('',#6549,#6550,#6551);
#6549 = CARTESIAN_POINT('',(74.9,14.,-20.));
#6550 = DIRECTION('',(0.,1.,0.));
#6551 = DIRECTION('',(0.,0.,1.));
#6552 = DEFINITIONAL_REPRESENTATION('',(#6553),#6556);
#6553 = B_SPLINE_CURVE_WITH_KNOTS('',1,(#6554,#6555),.UNSPECIFIED.,.F.,
  .F.,(2,2),(-26.,6.),.PIECEWISE_BEZIER_KNOTS.);
#6554 = CARTESIAN_POINT('',(36.,6.1));
#6555 = CARTESIAN_POINT('',(4.,6.1));
#6556 = ( GEOMETRIC_REPRESENTATION_CONTEXT(2) 
PARAMETRIC_REPRESENTATION_CONTEXT() REPRESENTATION_CONTEXT('2D SPACE',''
  ) );
#6557 = ORIENTED_EDGE('',*,*,#6558,.F.);
#6558 = EDGE_CURVE('',#6559,#6533,#6561,.T.);
#6559 = VERTEX_POINT('',#6560);
#6560 = CARTESIAN_POINT('',(81.,-14.,-7.745966692415));
#6561 = SURFACE_CURVE('',#6562,(#6567,#6574),.PCURVE_S1.);
#6562 = CIRCLE('',#6563,16.);
#6563 = AXIS2_PLACEMENT_3D('',#6564,#6565,#6566);
#6564 = CARTESIAN_POINT('',(81.,0.,0.));
#6565 = DIRECTION('',(1.,0.,0.));
#6566 = DIRECTION('',(-0.,1.,0.));
#6567 = PCURVE('',#6508,#6568);
#6568 = DEFINITIONAL_REPRESENTATION('',(#6569),#6573);
#6569 = CIRCLE('',#6570,16.);
#6570 = AXIS2_PLACEMENT_2D('',#6571,#6572);
#6571 = CARTESIAN_POINT('',(0.,0.));
#6572 = DIRECTION('',(1.,-0.));
#6573 = ( GEOMETRIC_REPRESENTATION_CONTEXT(2) 
PARAMETRIC_REPRESENTATION_CONTEXT() REPRESENTATION_CONTEXT('2D SPACE',''
  ) );
#6574 = PCURVE('',#6575,#6580);
#6575 = CYLINDRICAL_SURFACE('',#6576,16.);
#6576 = AXIS2_PLACEMENT_3D('',#6577,#6578,#6579);
#6577 = CARTESIAN_POINT('',(81.,0.,0.));
#6578 = DIRECTION('',(-1.,-0.,-0.));
#6579 = DIRECTION('',(0.,1.,0.));
#6580 = DEFINITIONAL_REPRESENTATION('',(#6581),#6585);
#6581 = LINE('',#6582,#6583);
#6582 = CARTESIAN_POINT('',(-0.,0.));
#6583 = VECTOR('',#6584,1.);
#6584 = DIRECTION('',(-1.,0.));
#6585 = ( GEOMETRIC_REPRESENTATION_CONTEXT(2) 
PARAMETRIC_REPRESENTATION_CONTEXT() REPRESENTATION_CONTEXT('2D SPACE',''
  ) );
#6586 = ORIENTED_EDGE('',*,*,#6587,.F.);
#6587 = EDGE_CURVE('',#6499,#6559,#6588,.T.);
#6588 = SURFACE_CURVE('',#6589,(#6593,#6599),.PCURVE_S1.);
#6589 = LINE('',#6590,#6591);
#6590 = CARTESIAN_POINT('',(81.,-14.,-10.));
#6591 = VECTOR('',#6592,1.);
#6592 = DIRECTION('',(0.,0.,-1.));
#6593 = PCURVE('',#6508,#6594);
#6594 = DEFINITIONAL_REPRESENTATION('',(#6595),#6598);
#6595 = B_SPLINE_CURVE_WITH_KNOTS('',1,(#6596,#6597),.UNSPECIFIED.,.F.,
  .F.,(2,2),(-26.,6.),.PIECEWISE_BEZIER_KNOTS.);
#6596 = CARTESIAN_POINT('',(-14.,16.));
#6597 = CARTESIAN_POINT('',(-14.,-16.));
#6598 = ( GEOMETRIC_REPRESENTATION_CONTEXT(2) 
PARAMETRIC_REPRESENTATION_CONTEXT() REPRESENTATION_CONTEXT('2D SPACE',''
  ) );
#6599 = PCURVE('',#6600,#6605);
#6600 = PLANE('',#6601);
#6601 = AXIS2_PLACEMENT_3D('',#6602,#6603,#6604);
#6602 = CARTESIAN_POINT('',(74.9,-14.,-20.));
#6603 = DIRECTION('',(0.,1.,0.));
#6604 = DIRECTION('',(0.,0.,1.));
#6605 = DEFINITIONAL_REPRESENTATION('',(#6606),#6609);
#6606 = B_SPLINE_CURVE_WITH_KNOTS('',1,(#6607,#6608),.UNSPECIFIED.,.F.,
  .F.,(2,2),(-26.,6.),.PIECEWISE_BEZIER_KNOTS.);
#6607 = CARTESIAN_POINT('',(36.,6.1));
#6608 = CARTESIAN_POINT('',(4.,6.1));
#6609 = ( GEOMETRIC_REPRESENTATION_CONTEXT(2) 
PARAMETRIC_REPRESENTATION_CONTEXT() REPRESENTATION_CONTEXT('2D SPACE',''
  ) );
#6610 = FACE_BOUND('',#6611,.F.);
#6611 = EDGE_LOOP('',(#6612));
#6612 = ORIENTED_EDGE('',*,*,#6613,.F.);
#6613 = EDGE_CURVE('',#6614,#6614,#6616,.T.);
#6614 = VERTEX_POINT('',#6615);
#6615 = CARTESIAN_POINT('',(81.,7.188,0.));
#6616 = SURFACE_CURVE('',#6617,(#6622,#6633),.PCURVE_S1.);
#6617 = CIRCLE('',#6618,7.188);
#6618 = AXIS2_PLACEMENT_3D('',#6619,#6620,#6621);
#6619 = CARTESIAN_POINT('',(81.,0.,0.));
#6620 = DIRECTION('',(-1.,0.,0.));
#6621 = DIRECTION('',(0.,1.,0.));
#6622 = PCURVE('',#6508,#6623);
#6623 = DEFINITIONAL_REPRESENTATION('',(#6624),#6632);
#6624 = ( BOUNDED_CURVE() B_SPLINE_CURVE(2,(#6625,#6626,#6627,#6628,
#6629,#6630,#6631),.UNSPECIFIED.,.T.,.F.) B_SPLINE_CURVE_WITH_KNOTS((1,2
    ,2,2,2,1),(-2.094395102393,0.,2.094395102393,4.188790204786,
6.28318530718,8.377580409573),.UNSPECIFIED.) CURVE() 
GEOMETRIC_REPRESENTATION_ITEM() RATIONAL_B_SPLINE_CURVE((1.,0.5,1.,0.5,
1.,0.5,1.)) REPRESENTATION_ITEM('') );
#6625 = CARTESIAN_POINT('',(7.188,0.));
#6626 = CARTESIAN_POINT('',(7.188,-12.4499812048));
#6627 = CARTESIAN_POINT('',(-3.594,-6.224990602403));
#6628 = CARTESIAN_POINT('',(-14.376,-1.760552238454E-15));
#6629 = CARTESIAN_POINT('',(-3.594,6.224990602403));
#6630 = CARTESIAN_POINT('',(7.188,12.449981204805));
#6631 = CARTESIAN_POINT('',(7.188,0.));
#6632 = ( GEOMETRIC_REPRESENTATION_CONTEXT(2) 
PARAMETRIC_REPRESENTATION_CONTEXT() REPRESENTATION_CONTEXT('2D SPACE',''
  ) );
#6633 = PCURVE('',#6634,#6639);
#6634 = CYLINDRICAL_SURFACE('',#6635,7.188);
#6635 = AXIS2_PLACEMENT_3D('',#6636,#6637,#6638);
#6636 = CARTESIAN_POINT('',(81.1,0.,0.));
#6637 = DIRECTION('',(-1.,-0.,-0.));
#6638 = DIRECTION('',(0.,1.,0.));
#6639 = DEFINITIONAL_REPRESENTATION('',(#6640),#6644);
#6640 = LINE('',#6641,#6642);
#6641 = CARTESIAN_POINT('',(-6.28318530718,9.999999999999E-02));
#6642 = VECTOR('',#6643,1.);
#6643 = DIRECTION('',(1.,-0.));
#6644 = ( GEOMETRIC_REPRESENTATION_CONTEXT(2) 
PARAMETRIC_REPRESENTATION_CONTEXT() REPRESENTATION_CONTEXT('2D SPACE',''
  ) );
#6645 = ADVANCED_FACE('',(#6646),#6520,.T.);
#6646 = FACE_BOUND('',#6647,.F.);
#6647 = EDGE_LOOP('',(#6648,#6669,#6670,#6691));
#6648 = ORIENTED_EDGE('',*,*,#6649,.F.);
#6649 = EDGE_CURVE('',#6497,#6650,#6652,.T.);
#6650 = VERTEX_POINT('',#6651);
#6651 = CARTESIAN_POINT('',(75.,14.,7.745966692415));
#6652 = SURFACE_CURVE('',#6653,(#6657,#6663),.PCURVE_S1.);
#6653 = LINE('',#6654,#6655);
#6654 = CARTESIAN_POINT('',(81.,14.,7.745966692415));
#6655 = VECTOR('',#6656,1.);
#6656 = DIRECTION('',(-1.,-0.,-0.));
#6657 = PCURVE('',#6520,#6658);
#6658 = DEFINITIONAL_REPRESENTATION('',(#6659),#6662);
#6659 = B_SPLINE_CURVE_WITH_KNOTS('',1,(#6660,#6661),.UNSPECIFIED.,.F.,
  .F.,(2,2),(-6.000000070117E-07,6.0000006),.PIECEWISE_BEZIER_KNOTS.);
#6660 = CARTESIAN_POINT('',(-0.505360510284,-6.000000070117E-07));
#6661 = CARTESIAN_POINT('',(-0.505360510284,6.0000006));
#6662 = ( GEOMETRIC_REPRESENTATION_CONTEXT(2) 
PARAMETRIC_REPRESENTATION_CONTEXT() REPRESENTATION_CONTEXT('2D SPACE',''
  ) );
#6663 = PCURVE('',#6547,#6664);
#6664 = DEFINITIONAL_REPRESENTATION('',(#6665),#6668);
#6665 = B_SPLINE_CURVE_WITH_KNOTS('',1,(#6666,#6667),.UNSPECIFIED.,.F.,
  .F.,(2,2),(-6.000000070117E-07,6.0000006),.PIECEWISE_BEZIER_KNOTS.);
#6666 = CARTESIAN_POINT('',(27.745966692415,6.1000006));
#6667 = CARTESIAN_POINT('',(27.745966692415,9.99994E-02));
#6668 = ( GEOMETRIC_REPRESENTATION_CONTEXT(2) 
PARAMETRIC_REPRESENTATION_CONTEXT() REPRESENTATION_CONTEXT('2D SPACE',''
  ) );
#6669 = ORIENTED_EDGE('',*,*,#6496,.T.);
#6670 = ORIENTED_EDGE('',*,*,#6671,.T.);
#6671 = EDGE_CURVE('',#6499,#6672,#6674,.T.);
#6672 = VERTEX_POINT('',#6673);
#6673 = CARTESIAN_POINT('',(75.,-14.,7.745966692415));
#6674 = SURFACE_CURVE('',#6675,(#6679,#6685),.PCURVE_S1.);
#6675 = LINE('',#6676,#6677);
#6676 = CARTESIAN_POINT('',(81.,-14.,7.745966692415));
#6677 = VECTOR('',#6678,1.);
#6678 = DIRECTION('',(-1.,-0.,-0.));
#6679 = PCURVE('',#6520,#6680);
#6680 = DEFINITIONAL_REPRESENTATION('',(#6681),#6684);
#6681 = B_SPLINE_CURVE_WITH_KNOTS('',1,(#6682,#6683),.UNSPECIFIED.,.F.,
  .F.,(2,2),(-6.000000070117E-07,6.0000006),.PIECEWISE_BEZIER_KNOTS.);
#6682 = CARTESIAN_POINT('',(-2.636232143306,-6.000000070117E-07));
#6683 = CARTESIAN_POINT('',(-2.636232143306,6.0000006));
#6684 = ( GEOMETRIC_REPRESENTATION_CONTEXT(2) 
PARAMETRIC_REPRESENTATION_CONTEXT() REPRESENTATION_CONTEXT('2D SPACE',''
  ) );
#6685 = PCURVE('',#6600,#6686);
#6686 = DEFINITIONAL_REPRESENTATION('',(#6687),#6690);
#6687 = B_SPLINE_CURVE_WITH_KNOTS('',1,(#6688,#6689),.UNSPECIFIED.,.F.,
  .F.,(2,2),(-6.000000070117E-07,6.0000006),.PIECEWISE_BEZIER_KNOTS.);
#6688 = CARTESIAN_POINT('',(27.745966692415,6.1000006));
#6689 = CARTESIAN_POINT('',(27.745966692415,9.99994E-02));
#6690 = ( GEOMETRIC_REPRESENTATION_CONTEXT(2) 
PARAMETRIC_REPRESENTATION_CONTEXT() REPRESENTATION_CONTEXT('2D SPACE',''
  ) );
#6691 = ORIENTED_EDGE('',*,*,#6692,.F.);
#6692 = EDGE_CURVE('',#6650,#6672,#6693,.T.);
#6693 = SURFACE_CURVE('',#6694,(#6699,#6706),.PCURVE_S1.);
#6694 = CIRCLE('',#6695,16.);
#6695 = AXIS2_PLACEMENT_3D('',#6696,#6697,#6698);
#6696 = CARTESIAN_POINT('',(75.,0.,0.));
#6697 = DIRECTION('',(1.,0.,0.));
#6698 = DIRECTION('',(-0.,1.,0.));
#6699 = PCURVE('',#6520,#6700);
#6700 = DEFINITIONAL_REPRESENTATION('',(#6701),#6705);
#6701 = LINE('',#6702,#6703);
#6702 = CARTESIAN_POINT('',(-0.,6.));
#6703 = VECTOR('',#6704,1.);
#6704 = DIRECTION('',(-1.,0.));
#6705 = ( GEOMETRIC_REPRESENTATION_CONTEXT(2) 
PARAMETRIC_REPRESENTATION_CONTEXT() REPRESENTATION_CONTEXT('2D SPACE',''
  ) );
#6706 = PCURVE('',#6707,#6712);
#6707 = PLANE('',#6708);
#6708 = AXIS2_PLACEMENT_3D('',#6709,#6710,#6711);
#6709 = CARTESIAN_POINT('',(75.,0.,0.));
#6710 = DIRECTION('',(1.,0.,0.));
#6711 = DIRECTION('',(-0.,1.,0.));
#6712 = DEFINITIONAL_REPRESENTATION('',(#6713),#6717);
#6713 = CIRCLE('',#6714,16.);
#6714 = AXIS2_PLACEMENT_2D('',#6715,#6716);
#6715 = CARTESIAN_POINT('',(0.,0.));
#6716 = DIRECTION('',(1.,0.));
#6717 = ( GEOMETRIC_REPRESENTATION_CONTEXT(2) 
PARAMETRIC_REPRESENTATION_CONTEXT() REPRESENTATION_CONTEXT('2D SPACE',''
  ) );
#6718 = ADVANCED_FACE('',(#6719),#6547,.T.);
#6719 = FACE_BOUND('',#6720,.T.);
#6720 = EDGE_LOOP('',(#6721,#6749,#6777,#6798,#6817,#6818,#6819,#6840));
#6721 = ORIENTED_EDGE('',*,*,#6722,.T.);
#6722 = EDGE_CURVE('',#6723,#6725,#6727,.T.);
#6723 = VERTEX_POINT('',#6724);
#6724 = CARTESIAN_POINT('',(75.,14.,-3.774917217635));
#6725 = VERTEX_POINT('',#6726);
#6726 = CARTESIAN_POINT('',(74.9,14.,-3.774917217635));
#6727 = SURFACE_CURVE('',#6728,(#6732,#6738),.PCURVE_S1.);
#6728 = LINE('',#6729,#6730);
#6729 = CARTESIAN_POINT('',(75.,14.,-3.774917217635));
#6730 = VECTOR('',#6731,1.);
#6731 = DIRECTION('',(-1.,-0.,-0.));
#6732 = PCURVE('',#6547,#6733);
#6733 = DEFINITIONAL_REPRESENTATION('',(#6734),#6737);
#6734 = B_SPLINE_CURVE_WITH_KNOTS('',1,(#6735,#6736),.UNSPECIFIED.,.F.,
  .F.,(2,2),(-6.000000070117E-07,0.6500006),.PIECEWISE_BEZIER_KNOTS.);
#6735 = CARTESIAN_POINT('',(16.225082782365,0.1000006));
#6736 = CARTESIAN_POINT('',(16.225082782365,-0.5500006));
#6737 = ( GEOMETRIC_REPRESENTATION_CONTEXT(2) 
PARAMETRIC_REPRESENTATION_CONTEXT() REPRESENTATION_CONTEXT('2D SPACE',''
  ) );
#6738 = PCURVE('',#6739,#6744);
#6739 = CYLINDRICAL_SURFACE('',#6740,14.5);
#6740 = AXIS2_PLACEMENT_3D('',#6741,#6742,#6743);
#6741 = CARTESIAN_POINT('',(75.,0.,0.));
#6742 = DIRECTION('',(-1.,-0.,-0.));
#6743 = DIRECTION('',(0.,1.,0.));
#6744 = DEFINITIONAL_REPRESENTATION('',(#6745),#6748);
#6745 = B_SPLINE_CURVE_WITH_KNOTS('',1,(#6746,#6747),.UNSPECIFIED.,.F.,
  .F.,(2,2),(-6.000000070117E-07,0.6500006),.PIECEWISE_BEZIER_KNOTS.);
#6746 = CARTESIAN_POINT('',(-6.019811891063,-6.000000070117E-07));
#6747 = CARTESIAN_POINT('',(-6.019811891063,0.6500006));
#6748 = ( GEOMETRIC_REPRESENTATION_CONTEXT(2) 
PARAMETRIC_REPRESENTATION_CONTEXT() REPRESENTATION_CONTEXT('2D SPACE',''
  ) );
#6749 = ORIENTED_EDGE('',*,*,#6750,.T.);
#6750 = EDGE_CURVE('',#6725,#6751,#6753,.T.);
#6751 = VERTEX_POINT('',#6752);
#6752 = CARTESIAN_POINT('',(74.9,14.,3.774917217635));
#6753 = SURFACE_CURVE('',#6754,(#6758,#6765),.PCURVE_S1.);
#6754 = LINE('',#6755,#6756);
#6755 = CARTESIAN_POINT('',(74.9,14.,-20.));
#6756 = VECTOR('',#6757,1.);
#6757 = DIRECTION('',(0.,0.,1.));
#6758 = PCURVE('',#6547,#6759);
#6759 = DEFINITIONAL_REPRESENTATION('',(#6760),#6764);
#6760 = LINE('',#6761,#6762);
#6761 = CARTESIAN_POINT('',(0.,0.));
#6762 = VECTOR('',#6763,1.);
#6763 = DIRECTION('',(1.,0.));
#6764 = ( GEOMETRIC_REPRESENTATION_CONTEXT(2) 
PARAMETRIC_REPRESENTATION_CONTEXT() REPRESENTATION_CONTEXT('2D SPACE',''
  ) );
#6765 = PCURVE('',#6766,#6771);
#6766 = PLANE('',#6767);
#6767 = AXIS2_PLACEMENT_3D('',#6768,#6769,#6770);
#6768 = CARTESIAN_POINT('',(74.9,14.,-20.));
#6769 = DIRECTION('',(1.,0.,0.));
#6770 = DIRECTION('',(0.,0.,1.));
#6771 = DEFINITIONAL_REPRESENTATION('',(#6772),#6776);
#6772 = LINE('',#6773,#6774);
#6773 = CARTESIAN_POINT('',(0.,0.));
#6774 = VECTOR('',#6775,1.);
#6775 = DIRECTION('',(1.,0.));
#6776 = ( GEOMETRIC_REPRESENTATION_CONTEXT(2) 
PARAMETRIC_REPRESENTATION_CONTEXT() REPRESENTATION_CONTEXT('2D SPACE',''
  ) );
#6777 = ORIENTED_EDGE('',*,*,#6778,.F.);
#6778 = EDGE_CURVE('',#6779,#6751,#6781,.T.);
#6779 = VERTEX_POINT('',#6780);
#6780 = CARTESIAN_POINT('',(75.,14.,3.774917217635));
#6781 = SURFACE_CURVE('',#6782,(#6786,#6792),.PCURVE_S1.);
#6782 = LINE('',#6783,#6784);
#6783 = CARTESIAN_POINT('',(75.,14.,3.774917217635));
#6784 = VECTOR('',#6785,1.);
#6785 = DIRECTION('',(-1.,-0.,-0.));
#6786 = PCURVE('',#6547,#6787);
#6787 = DEFINITIONAL_REPRESENTATION('',(#6788),#6791);
#6788 = B_SPLINE_CURVE_WITH_KNOTS('',1,(#6789,#6790),.UNSPECIFIED.,.F.,
  .F.,(2,2),(-6.000000070117E-07,0.6500006),.PIECEWISE_BEZIER_KNOTS.);
#6789 = CARTESIAN_POINT('',(23.774917217635,0.1000006));
#6790 = CARTESIAN_POINT('',(23.774917217635,-0.5500006));
#6791 = ( GEOMETRIC_REPRESENTATION_CONTEXT(2) 
PARAMETRIC_REPRESENTATION_CONTEXT() REPRESENTATION_CONTEXT('2D SPACE',''
  ) );
#6792 = PCURVE('',#6739,#6793);
#6793 = DEFINITIONAL_REPRESENTATION('',(#6794),#6797);
#6794 = B_SPLINE_CURVE_WITH_KNOTS('',1,(#6795,#6796),.UNSPECIFIED.,.F.,
  .F.,(2,2),(-6.000000070117E-07,0.6500006),.PIECEWISE_BEZIER_KNOTS.);
#6795 = CARTESIAN_POINT('',(-0.263373416117,-6.000000070117E-07));
#6796 = CARTESIAN_POINT('',(-0.263373416117,0.6500006));
#6797 = ( GEOMETRIC_REPRESENTATION_CONTEXT(2) 
PARAMETRIC_REPRESENTATION_CONTEXT() REPRESENTATION_CONTEXT('2D SPACE',''
  ) );
#6798 = ORIENTED_EDGE('',*,*,#6799,.T.);
#6799 = EDGE_CURVE('',#6779,#6650,#6800,.T.);
#6800 = SURFACE_CURVE('',#6801,(#6805,#6811),.PCURVE_S1.);
#6801 = LINE('',#6802,#6803);
#6802 = CARTESIAN_POINT('',(75.,14.,-10.));
#6803 = VECTOR('',#6804,1.);
#6804 = DIRECTION('',(0.,0.,1.));
#6805 = PCURVE('',#6547,#6806);
#6806 = DEFINITIONAL_REPRESENTATION('',(#6807),#6810);
#6807 = B_SPLINE_CURVE_WITH_KNOTS('',1,(#6808,#6809),.UNSPECIFIED.,.F.,
  .F.,(2,2),(-6.,26.),.PIECEWISE_BEZIER_KNOTS.);
#6808 = CARTESIAN_POINT('',(4.,9.999999999999E-02));
#6809 = CARTESIAN_POINT('',(36.,9.999999999999E-02));
#6810 = ( GEOMETRIC_REPRESENTATION_CONTEXT(2) 
PARAMETRIC_REPRESENTATION_CONTEXT() REPRESENTATION_CONTEXT('2D SPACE',''
  ) );
#6811 = PCURVE('',#6707,#6812);
#6812 = DEFINITIONAL_REPRESENTATION('',(#6813),#6816);
#6813 = B_SPLINE_CURVE_WITH_KNOTS('',1,(#6814,#6815),.UNSPECIFIED.,.F.,
  .F.,(2,2),(-6.,26.),.PIECEWISE_BEZIER_KNOTS.);
#6814 = CARTESIAN_POINT('',(14.,-16.));
#6815 = CARTESIAN_POINT('',(14.,16.));
#6816 = ( GEOMETRIC_REPRESENTATION_CONTEXT(2) 
PARAMETRIC_REPRESENTATION_CONTEXT() REPRESENTATION_CONTEXT('2D SPACE',''
  ) );
#6817 = ORIENTED_EDGE('',*,*,#6649,.F.);
#6818 = ORIENTED_EDGE('',*,*,#6532,.T.);
#6819 = ORIENTED_EDGE('',*,*,#6820,.T.);
#6820 = EDGE_CURVE('',#6533,#6821,#6823,.T.);
#6821 = VERTEX_POINT('',#6822);
#6822 = CARTESIAN_POINT('',(75.,14.,-7.745966692415));
#6823 = SURFACE_CURVE('',#6824,(#6828,#6834),.PCURVE_S1.);
#6824 = LINE('',#6825,#6826);
#6825 = CARTESIAN_POINT('',(81.,14.,-7.745966692415));
#6826 = VECTOR('',#6827,1.);
#6827 = DIRECTION('',(-1.,-0.,-0.));
#6828 = PCURVE('',#6547,#6829);
#6829 = DEFINITIONAL_REPRESENTATION('',(#6830),#6833);
#6830 = B_SPLINE_CURVE_WITH_KNOTS('',1,(#6831,#6832),.UNSPECIFIED.,.F.,
  .F.,(2,2),(-6.000000070117E-07,6.0000006),.PIECEWISE_BEZIER_KNOTS.);
#6831 = CARTESIAN_POINT('',(12.254033307585,6.1000006));
#6832 = CARTESIAN_POINT('',(12.254033307585,9.99994E-02));
#6833 = ( GEOMETRIC_REPRESENTATION_CONTEXT(2) 
PARAMETRIC_REPRESENTATION_CONTEXT() REPRESENTATION_CONTEXT('2D SPACE',''
  ) );
#6834 = PCURVE('',#6575,#6835);
#6835 = DEFINITIONAL_REPRESENTATION('',(#6836),#6839);
#6836 = B_SPLINE_CURVE_WITH_KNOTS('',1,(#6837,#6838),.UNSPECIFIED.,.F.,
  .F.,(2,2),(-6.000000070117E-07,6.0000006),.PIECEWISE_BEZIER_KNOTS.);
#6837 = CARTESIAN_POINT('',(-5.777824796895,-6.000000070117E-07));
#6838 = CARTESIAN_POINT('',(-5.777824796895,6.0000006));
#6839 = ( GEOMETRIC_REPRESENTATION_CONTEXT(2) 
PARAMETRIC_REPRESENTATION_CONTEXT() REPRESENTATION_CONTEXT('2D SPACE',''
  ) );
#6840 = ORIENTED_EDGE('',*,*,#6841,.T.);
#6841 = EDGE_CURVE('',#6821,#6723,#6842,.T.);
#6842 = SURFACE_CURVE('',#6843,(#6847,#6853),.PCURVE_S1.);
#6843 = LINE('',#6844,#6845);
#6844 = CARTESIAN_POINT('',(75.,14.,-10.));
#6845 = VECTOR('',#6846,1.);
#6846 = DIRECTION('',(0.,0.,1.));
#6847 = PCURVE('',#6547,#6848);
#6848 = DEFINITIONAL_REPRESENTATION('',(#6849),#6852);
#6849 = B_SPLINE_CURVE_WITH_KNOTS('',1,(#6850,#6851),.UNSPECIFIED.,.F.,
  .F.,(2,2),(-6.,26.),.PIECEWISE_BEZIER_KNOTS.);
#6850 = CARTESIAN_POINT('',(4.,9.999999999999E-02));
#6851 = CARTESIAN_POINT('',(36.,9.999999999999E-02));
#6852 = ( GEOMETRIC_REPRESENTATION_CONTEXT(2) 
PARAMETRIC_REPRESENTATION_CONTEXT() REPRESENTATION_CONTEXT('2D SPACE',''
  ) );
#6853 = PCURVE('',#6854,#6859);
#6854 = PLANE('',#6855);
#6855 = AXIS2_PLACEMENT_3D('',#6856,#6857,#6858);
#6856 = CARTESIAN_POINT('',(75.,0.,0.));
#6857 = DIRECTION('',(1.,0.,0.));
#6858 = DIRECTION('',(-0.,1.,0.));
#6859 = DEFINITIONAL_REPRESENTATION('',(#6860),#6863);
#6860 = B_SPLINE_CURVE_WITH_KNOTS('',1,(#6861,#6862),.UNSPECIFIED.,.F.,
  .F.,(2,2),(-6.,26.),.PIECEWISE_BEZIER_KNOTS.);
#6861 = CARTESIAN_POINT('',(14.,-16.));
#6862 = CARTESIAN_POINT('',(14.,16.));
#6863 = ( GEOMETRIC_REPRESENTATION_CONTEXT(2) 
PARAMETRIC_REPRESENTATION_CONTEXT() REPRESENTATION_CONTEXT('2D SPACE',''
  ) );
#6864 = ADVANCED_FACE('',(#6865),#6600,.F.);
#6865 = FACE_BOUND('',#6866,.F.);
#6866 = EDGE_LOOP('',(#6867,#6890,#6918,#6939,#6958,#6959,#6960,#6981));
#6867 = ORIENTED_EDGE('',*,*,#6868,.T.);
#6868 = EDGE_CURVE('',#6869,#6871,#6873,.T.);
#6869 = VERTEX_POINT('',#6870);
#6870 = CARTESIAN_POINT('',(75.,-14.,-3.774917217635));
#6871 = VERTEX_POINT('',#6872);
#6872 = CARTESIAN_POINT('',(74.9,-14.,-3.774917217635));
#6873 = SURFACE_CURVE('',#6874,(#6878,#6884),.PCURVE_S1.);
#6874 = LINE('',#6875,#6876);
#6875 = CARTESIAN_POINT('',(75.,-14.,-3.774917217635));
#6876 = VECTOR('',#6877,1.);
#6877 = DIRECTION('',(-1.,-0.,-0.));
#6878 = PCURVE('',#6600,#6879);
#6879 = DEFINITIONAL_REPRESENTATION('',(#6880),#6883);
#6880 = B_SPLINE_CURVE_WITH_KNOTS('',1,(#6881,#6882),.UNSPECIFIED.,.F.,
  .F.,(2,2),(-6.000000070117E-07,0.6500006),.PIECEWISE_BEZIER_KNOTS.);
#6881 = CARTESIAN_POINT('',(16.225082782365,0.1000006));
#6882 = CARTESIAN_POINT('',(16.225082782365,-0.5500006));
#6883 = ( GEOMETRIC_REPRESENTATION_CONTEXT(2) 
PARAMETRIC_REPRESENTATION_CONTEXT() REPRESENTATION_CONTEXT('2D SPACE',''
  ) );
#6884 = PCURVE('',#6739,#6885);
#6885 = DEFINITIONAL_REPRESENTATION('',(#6886),#6889);
#6886 = B_SPLINE_CURVE_WITH_KNOTS('',1,(#6887,#6888),.UNSPECIFIED.,.F.,
  .F.,(2,2),(-6.000000070117E-07,0.6500006),.PIECEWISE_BEZIER_KNOTS.);
#6887 = CARTESIAN_POINT('',(-3.404966069707,-6.000000070117E-07));
#6888 = CARTESIAN_POINT('',(-3.404966069707,0.6500006));
#6889 = ( GEOMETRIC_REPRESENTATION_CONTEXT(2) 
PARAMETRIC_REPRESENTATION_CONTEXT() REPRESENTATION_CONTEXT('2D SPACE',''
  ) );
#6890 = ORIENTED_EDGE('',*,*,#6891,.T.);
#6891 = EDGE_CURVE('',#6871,#6892,#6894,.T.);
#6892 = VERTEX_POINT('',#6893);
#6893 = CARTESIAN_POINT('',(74.9,-14.,3.774917217635));
#6894 = SURFACE_CURVE('',#6895,(#6899,#6906),.PCURVE_S1.);
#6895 = LINE('',#6896,#6897);
#6896 = CARTESIAN_POINT('',(74.9,-14.,-20.));
#6897 = VECTOR('',#6898,1.);
#6898 = DIRECTION('',(0.,0.,1.));
#6899 = PCURVE('',#6600,#6900);
#6900 = DEFINITIONAL_REPRESENTATION('',(#6901),#6905);
#6901 = LINE('',#6902,#6903);
#6902 = CARTESIAN_POINT('',(0.,0.));
#6903 = VECTOR('',#6904,1.);
#6904 = DIRECTION('',(1.,0.));
#6905 = ( GEOMETRIC_REPRESENTATION_CONTEXT(2) 
PARAMETRIC_REPRESENTATION_CONTEXT() REPRESENTATION_CONTEXT('2D SPACE',''
  ) );
#6906 = PCURVE('',#6907,#6912);
#6907 = PLANE('',#6908);
#6908 = AXIS2_PLACEMENT_3D('',#6909,#6910,#6911);
#6909 = CARTESIAN_POINT('',(74.9,-24.,-20.));
#6910 = DIRECTION('',(1.,0.,0.));
#6911 = DIRECTION('',(0.,0.,1.));
#6912 = DEFINITIONAL_REPRESENTATION('',(#6913),#6917);
#6913 = LINE('',#6914,#6915);
#6914 = CARTESIAN_POINT('',(0.,-10.));
#6915 = VECTOR('',#6916,1.);
#6916 = DIRECTION('',(1.,0.));
#6917 = ( GEOMETRIC_REPRESENTATION_CONTEXT(2) 
PARAMETRIC_REPRESENTATION_CONTEXT() REPRESENTATION_CONTEXT('2D SPACE',''
  ) );
#6918 = ORIENTED_EDGE('',*,*,#6919,.F.);
#6919 = EDGE_CURVE('',#6920,#6892,#6922,.T.);
#6920 = VERTEX_POINT('',#6921);
#6921 = CARTESIAN_POINT('',(75.,-14.,3.774917217635));
#6922 = SURFACE_CURVE('',#6923,(#6927,#6933),.PCURVE_S1.);
#6923 = LINE('',#6924,#6925);
#6924 = CARTESIAN_POINT('',(75.,-14.,3.774917217635));
#6925 = VECTOR('',#6926,1.);
#6926 = DIRECTION('',(-1.,-0.,-0.));
#6927 = PCURVE('',#6600,#6928);
#6928 = DEFINITIONAL_REPRESENTATION('',(#6929),#6932);
#6929 = B_SPLINE_CURVE_WITH_KNOTS('',1,(#6930,#6931),.UNSPECIFIED.,.F.,
  .F.,(2,2),(-6.000000070117E-07,0.6500006),.PIECEWISE_BEZIER_KNOTS.);
#6930 = CARTESIAN_POINT('',(23.774917217635,0.1000006));
#6931 = CARTESIAN_POINT('',(23.774917217635,-0.5500006));
#6932 = ( GEOMETRIC_REPRESENTATION_CONTEXT(2) 
PARAMETRIC_REPRESENTATION_CONTEXT() REPRESENTATION_CONTEXT('2D SPACE',''
  ) );
#6933 = PCURVE('',#6739,#6934);
#6934 = DEFINITIONAL_REPRESENTATION('',(#6935),#6938);
#6935 = B_SPLINE_CURVE_WITH_KNOTS('',1,(#6936,#6937),.UNSPECIFIED.,.F.,
  .F.,(2,2),(-6.000000070117E-07,0.6500006),.PIECEWISE_BEZIER_KNOTS.);
#6936 = CARTESIAN_POINT('',(-2.878219237473,-6.000000070117E-07));
#6937 = CARTESIAN_POINT('',(-2.878219237473,0.6500006));
#6938 = ( GEOMETRIC_REPRESENTATION_CONTEXT(2) 
PARAMETRIC_REPRESENTATION_CONTEXT() REPRESENTATION_CONTEXT('2D SPACE',''
  ) );
#6939 = ORIENTED_EDGE('',*,*,#6940,.T.);
#6940 = EDGE_CURVE('',#6920,#6672,#6941,.T.);
#6941 = SURFACE_CURVE('',#6942,(#6946,#6952),.PCURVE_S1.);
#6942 = LINE('',#6943,#6944);
#6943 = CARTESIAN_POINT('',(75.,-14.,-10.));
#6944 = VECTOR('',#6945,1.);
#6945 = DIRECTION('',(0.,0.,1.));
#6946 = PCURVE('',#6600,#6947);
#6947 = DEFINITIONAL_REPRESENTATION('',(#6948),#6951);
#6948 = B_SPLINE_CURVE_WITH_KNOTS('',1,(#6949,#6950),.UNSPECIFIED.,.F.,
  .F.,(2,2),(-6.,26.),.PIECEWISE_BEZIER_KNOTS.);
#6949 = CARTESIAN_POINT('',(4.,9.999999999999E-02));
#6950 = CARTESIAN_POINT('',(36.,9.999999999999E-02));
#6951 = ( GEOMETRIC_REPRESENTATION_CONTEXT(2) 
PARAMETRIC_REPRESENTATION_CONTEXT() REPRESENTATION_CONTEXT('2D SPACE',''
  ) );
#6952 = PCURVE('',#6707,#6953);
#6953 = DEFINITIONAL_REPRESENTATION('',(#6954),#6957);
#6954 = B_SPLINE_CURVE_WITH_KNOTS('',1,(#6955,#6956),.UNSPECIFIED.,.F.,
  .F.,(2,2),(-6.,26.),.PIECEWISE_BEZIER_KNOTS.);
#6955 = CARTESIAN_POINT('',(-14.,-16.));
#6956 = CARTESIAN_POINT('',(-14.,16.));
#6957 = ( GEOMETRIC_REPRESENTATION_CONTEXT(2) 
PARAMETRIC_REPRESENTATION_CONTEXT() REPRESENTATION_CONTEXT('2D SPACE',''
  ) );
#6958 = ORIENTED_EDGE('',*,*,#6671,.F.);
#6959 = ORIENTED_EDGE('',*,*,#6587,.T.);
#6960 = ORIENTED_EDGE('',*,*,#6961,.T.);
#6961 = EDGE_CURVE('',#6559,#6962,#6964,.T.);
#6962 = VERTEX_POINT('',#6963);
#6963 = CARTESIAN_POINT('',(75.,-14.,-7.745966692415));
#6964 = SURFACE_CURVE('',#6965,(#6969,#6975),.PCURVE_S1.);
#6965 = LINE('',#6966,#6967);
#6966 = CARTESIAN_POINT('',(81.,-14.,-7.745966692415));
#6967 = VECTOR('',#6968,1.);
#6968 = DIRECTION('',(-1.,-0.,-0.));
#6969 = PCURVE('',#6600,#6970);
#6970 = DEFINITIONAL_REPRESENTATION('',(#6971),#6974);
#6971 = B_SPLINE_CURVE_WITH_KNOTS('',1,(#6972,#6973),.UNSPECIFIED.,.F.,
  .F.,(2,2),(-6.000000070117E-07,6.0000006),.PIECEWISE_BEZIER_KNOTS.);
#6972 = CARTESIAN_POINT('',(12.254033307585,6.1000006));
#6973 = CARTESIAN_POINT('',(12.254033307585,9.99994E-02));
#6974 = ( GEOMETRIC_REPRESENTATION_CONTEXT(2) 
PARAMETRIC_REPRESENTATION_CONTEXT() REPRESENTATION_CONTEXT('2D SPACE',''
  ) );
#6975 = PCURVE('',#6575,#6976);
#6976 = DEFINITIONAL_REPRESENTATION('',(#6977),#6980);
#6977 = B_SPLINE_CURVE_WITH_KNOTS('',1,(#6978,#6979),.UNSPECIFIED.,.F.,
  .F.,(2,2),(-6.000000070117E-07,6.0000006),.PIECEWISE_BEZIER_KNOTS.);
#6978 = CARTESIAN_POINT('',(-3.646953163874,-6.000000070117E-07));
#6979 = CARTESIAN_POINT('',(-3.646953163874,6.0000006));
#6980 = ( GEOMETRIC_REPRESENTATION_CONTEXT(2) 
PARAMETRIC_REPRESENTATION_CONTEXT() REPRESENTATION_CONTEXT('2D SPACE',''
  ) );
#6981 = ORIENTED_EDGE('',*,*,#6982,.T.);
#6982 = EDGE_CURVE('',#6962,#6869,#6983,.T.);
#6983 = SURFACE_CURVE('',#6984,(#6988,#6994),.PCURVE_S1.);
#6984 = LINE('',#6985,#6986);
#6985 = CARTESIAN_POINT('',(75.,-14.,-10.));
#6986 = VECTOR('',#6987,1.);
#6987 = DIRECTION('',(0.,0.,1.));
#6988 = PCURVE('',#6600,#6989);
#6989 = DEFINITIONAL_REPRESENTATION('',(#6990),#6993);
#6990 = B_SPLINE_CURVE_WITH_KNOTS('',1,(#6991,#6992),.UNSPECIFIED.,.F.,
  .F.,(2,2),(-6.,26.),.PIECEWISE_BEZIER_KNOTS.);
#6991 = CARTESIAN_POINT('',(4.,9.999999999999E-02));
#6992 = CARTESIAN_POINT('',(36.,9.999999999999E-02));
#6993 = ( GEOMETRIC_REPRESENTATION_CONTEXT(2) 
PARAMETRIC_REPRESENTATION_CONTEXT() REPRESENTATION_CONTEXT('2D SPACE',''
  ) );
#6994 = PCURVE('',#6854,#6995);
#6995 = DEFINITIONAL_REPRESENTATION('',(#6996),#6999);
#6996 = B_SPLINE_CURVE_WITH_KNOTS('',1,(#6997,#6998),.UNSPECIFIED.,.F.,
  .F.,(2,2),(-6.,26.),.PIECEWISE_BEZIER_KNOTS.);
#6997 = CARTESIAN_POINT('',(-14.,-16.));
#6998 = CARTESIAN_POINT('',(-14.,16.));
#6999 = ( GEOMETRIC_REPRESENTATION_CONTEXT(2) 
PARAMETRIC_REPRESENTATION_CONTEXT() REPRESENTATION_CONTEXT('2D SPACE',''
  ) );
#7000 = ADVANCED_FACE('',(#7001),#6575,.T.);
#7001 = FACE_BOUND('',#7002,.F.);
#7002 = EDGE_LOOP('',(#7003,#7004,#7005,#7006));
#7003 = ORIENTED_EDGE('',*,*,#6961,.F.);
#7004 = ORIENTED_EDGE('',*,*,#6558,.T.);
#7005 = ORIENTED_EDGE('',*,*,#6820,.T.);
#7006 = ORIENTED_EDGE('',*,*,#7007,.F.);
#7007 = EDGE_CURVE('',#6962,#6821,#7008,.T.);
#7008 = SURFACE_CURVE('',#7009,(#7014,#7021),.PCURVE_S1.);
#7009 = CIRCLE('',#7010,16.);
#7010 = AXIS2_PLACEMENT_3D('',#7011,#7012,#7013);
#7011 = CARTESIAN_POINT('',(75.,0.,0.));
#7012 = DIRECTION('',(1.,0.,0.));
#7013 = DIRECTION('',(-0.,1.,0.));
#7014 = PCURVE('',#6575,#7015);
#7015 = DEFINITIONAL_REPRESENTATION('',(#7016),#7020);
#7016 = LINE('',#7017,#7018);
#7017 = CARTESIAN_POINT('',(-0.,6.));
#7018 = VECTOR('',#7019,1.);
#7019 = DIRECTION('',(-1.,0.));
#7020 = ( GEOMETRIC_REPRESENTATION_CONTEXT(2) 
PARAMETRIC_REPRESENTATION_CONTEXT() REPRESENTATION_CONTEXT('2D SPACE',''
  ) );
#7021 = PCURVE('',#6854,#7022);
#7022 = DEFINITIONAL_REPRESENTATION('',(#7023),#7027);
#7023 = CIRCLE('',#7024,16.);
#7024 = AXIS2_PLACEMENT_2D('',#7025,#7026);
#7025 = CARTESIAN_POINT('',(0.,0.));
#7026 = DIRECTION('',(1.,0.));
#7027 = ( GEOMETRIC_REPRESENTATION_CONTEXT(2) 
PARAMETRIC_REPRESENTATION_CONTEXT() REPRESENTATION_CONTEXT('2D SPACE',''
  ) );
#7028 = ADVANCED_FACE('',(#7029),#6634,.F.);
#7029 = FACE_BOUND('',#7030,.T.);
#7030 = EDGE_LOOP('',(#7031,#7032,#7055,#7086));
#7031 = ORIENTED_EDGE('',*,*,#6613,.F.);
#7032 = ORIENTED_EDGE('',*,*,#7033,.T.);
#7033 = EDGE_CURVE('',#6614,#7034,#7036,.T.);
#7034 = VERTEX_POINT('',#7035);
#7035 = CARTESIAN_POINT('',(75.,7.188,0.));
#7036 = SEAM_CURVE('',#7037,(#7041,#7048),.PCURVE_S1.);
#7037 = LINE('',#7038,#7039);
#7038 = CARTESIAN_POINT('',(81.1,7.188,0.));
#7039 = VECTOR('',#7040,1.);
#7040 = DIRECTION('',(-1.,0.,0.));
#7041 = PCURVE('',#6634,#7042);
#7042 = DEFINITIONAL_REPRESENTATION('',(#7043),#7047);
#7043 = LINE('',#7044,#7045);
#7044 = CARTESIAN_POINT('',(-0.,0.));
#7045 = VECTOR('',#7046,1.);
#7046 = DIRECTION('',(-0.,1.));
#7047 = ( GEOMETRIC_REPRESENTATION_CONTEXT(2) 
PARAMETRIC_REPRESENTATION_CONTEXT() REPRESENTATION_CONTEXT('2D SPACE',''
  ) );
#7048 = PCURVE('',#6634,#7049);
#7049 = DEFINITIONAL_REPRESENTATION('',(#7050),#7054);
#7050 = LINE('',#7051,#7052);
#7051 = CARTESIAN_POINT('',(-6.28318530718,0.));
#7052 = VECTOR('',#7053,1.);
#7053 = DIRECTION('',(-0.,1.));
#7054 = ( GEOMETRIC_REPRESENTATION_CONTEXT(2) 
PARAMETRIC_REPRESENTATION_CONTEXT() REPRESENTATION_CONTEXT('2D SPACE',''
  ) );
#7055 = ORIENTED_EDGE('',*,*,#7056,.T.);
#7056 = EDGE_CURVE('',#7034,#7034,#7057,.T.);
#7057 = SURFACE_CURVE('',#7058,(#7063,#7070),.PCURVE_S1.);
#7058 = CIRCLE('',#7059,7.188);
#7059 = AXIS2_PLACEMENT_3D('',#7060,#7061,#7062);
#7060 = CARTESIAN_POINT('',(75.,0.,0.));
#7061 = DIRECTION('',(-1.,0.,0.));
#7062 = DIRECTION('',(0.,1.,0.));
#7063 = PCURVE('',#6634,#7064);
#7064 = DEFINITIONAL_REPRESENTATION('',(#7065),#7069);
#7065 = LINE('',#7066,#7067);
#7066 = CARTESIAN_POINT('',(-6.28318530718,6.1));
#7067 = VECTOR('',#7068,1.);
#7068 = DIRECTION('',(1.,-0.));
#7069 = ( GEOMETRIC_REPRESENTATION_CONTEXT(2) 
PARAMETRIC_REPRESENTATION_CONTEXT() REPRESENTATION_CONTEXT('2D SPACE',''
  ) );
#7070 = PCURVE('',#7071,#7076);
#7071 = PLANE('',#7072);
#7072 = AXIS2_PLACEMENT_3D('',#7073,#7074,#7075);
#7073 = CARTESIAN_POINT('',(75.,0.,0.));
#7074 = DIRECTION('',(1.,0.,0.));
#7075 = DIRECTION('',(-0.,1.,0.));
#7076 = DEFINITIONAL_REPRESENTATION('',(#7077),#7085);
#7077 = ( BOUNDED_CURVE() B_SPLINE_CURVE(2,(#7078,#7079,#7080,#7081,
#7082,#7083,#7084),.UNSPECIFIED.,.T.,.F.) B_SPLINE_CURVE_WITH_KNOTS((1,2
    ,2,2,2,1),(-2.094395102393,0.,2.094395102393,4.188790204786,
6.28318530718,8.377580409573),.UNSPECIFIED.) CURVE() 
GEOMETRIC_REPRESENTATION_ITEM() RATIONAL_B_SPLINE_CURVE((1.,0.5,1.,0.5,
1.,0.5,1.)) REPRESENTATION_ITEM('') );
#7078 = CARTESIAN_POINT('',(7.188,0.));
#7079 = CARTESIAN_POINT('',(7.188,-12.4499812048));
#7080 = CARTESIAN_POINT('',(-3.594,-6.224990602403));
#7081 = CARTESIAN_POINT('',(-14.376,-1.760552238454E-15));
#7082 = CARTESIAN_POINT('',(-3.594,6.224990602403));
#7083 = CARTESIAN_POINT('',(7.188,12.449981204805));
#7084 = CARTESIAN_POINT('',(7.188,0.));
#7085 = ( GEOMETRIC_REPRESENTATION_CONTEXT(2) 
PARAMETRIC_REPRESENTATION_CONTEXT() REPRESENTATION_CONTEXT('2D SPACE',''
  ) );
#7086 = ORIENTED_EDGE('',*,*,#7033,.F.);
#7087 = ADVANCED_FACE('',(#7088),#6707,.F.);
#7088 = FACE_BOUND('',#7089,.F.);
#7089 = EDGE_LOOP('',(#7090,#7112,#7113,#7114));
#7090 = ORIENTED_EDGE('',*,*,#7091,.F.);
#7091 = EDGE_CURVE('',#6779,#6920,#7092,.T.);
#7092 = SURFACE_CURVE('',#7093,(#7098,#7105),.PCURVE_S1.);
#7093 = CIRCLE('',#7094,14.5);
#7094 = AXIS2_PLACEMENT_3D('',#7095,#7096,#7097);
#7095 = CARTESIAN_POINT('',(75.,0.,0.));
#7096 = DIRECTION('',(1.,0.,0.));
#7097 = DIRECTION('',(-0.,1.,0.));
#7098 = PCURVE('',#6707,#7099);
#7099 = DEFINITIONAL_REPRESENTATION('',(#7100),#7104);
#7100 = CIRCLE('',#7101,14.5);
#7101 = AXIS2_PLACEMENT_2D('',#7102,#7103);
#7102 = CARTESIAN_POINT('',(0.,0.));
#7103 = DIRECTION('',(1.,0.));
#7104 = ( GEOMETRIC_REPRESENTATION_CONTEXT(2) 
PARAMETRIC_REPRESENTATION_CONTEXT() REPRESENTATION_CONTEXT('2D SPACE',''
  ) );
#7105 = PCURVE('',#6739,#7106);
#7106 = DEFINITIONAL_REPRESENTATION('',(#7107),#7111);
#7107 = LINE('',#7108,#7109);
#7108 = CARTESIAN_POINT('',(-0.,0.));
#7109 = VECTOR('',#7110,1.);
#7110 = DIRECTION('',(-1.,0.));
#7111 = ( GEOMETRIC_REPRESENTATION_CONTEXT(2) 
PARAMETRIC_REPRESENTATION_CONTEXT() REPRESENTATION_CONTEXT('2D SPACE',''
  ) );
#7112 = ORIENTED_EDGE('',*,*,#6799,.T.);
#7113 = ORIENTED_EDGE('',*,*,#6692,.T.);
#7114 = ORIENTED_EDGE('',*,*,#6940,.F.);
#7115 = ADVANCED_FACE('',(#7116),#6739,.T.);
#7116 = FACE_BOUND('',#7117,.F.);
#7117 = EDGE_LOOP('',(#7118,#7143,#7169,#7170,#7171,#7172,#7198,#7199,
    #7221,#7222,#7248,#7249));
#7118 = ORIENTED_EDGE('',*,*,#7119,.F.);
#7119 = EDGE_CURVE('',#7120,#7122,#7124,.T.);
#7120 = VERTEX_POINT('',#7121);
#7121 = CARTESIAN_POINT('',(74.9,14.5,0.));
#7122 = VERTEX_POINT('',#7123);
#7123 = CARTESIAN_POINT('',(74.35,14.5,0.));
#7124 = SEAM_CURVE('',#7125,(#7129,#7136),.PCURVE_S1.);
#7125 = LINE('',#7126,#7127);
#7126 = CARTESIAN_POINT('',(75.,14.5,0.));
#7127 = VECTOR('',#7128,1.);
#7128 = DIRECTION('',(-1.,0.,0.));
#7129 = PCURVE('',#6739,#7130);
#7130 = DEFINITIONAL_REPRESENTATION('',(#7131),#7135);
#7131 = LINE('',#7132,#7133);
#7132 = CARTESIAN_POINT('',(-0.,0.));
#7133 = VECTOR('',#7134,1.);
#7134 = DIRECTION('',(-0.,1.));
#7135 = ( GEOMETRIC_REPRESENTATION_CONTEXT(2) 
PARAMETRIC_REPRESENTATION_CONTEXT() REPRESENTATION_CONTEXT('2D SPACE',''
  ) );
#7136 = PCURVE('',#6739,#7137);
#7137 = DEFINITIONAL_REPRESENTATION('',(#7138),#7142);
#7138 = LINE('',#7139,#7140);
#7139 = CARTESIAN_POINT('',(-6.28318530718,0.));
#7140 = VECTOR('',#7141,1.);
#7141 = DIRECTION('',(-0.,1.));
#7142 = ( GEOMETRIC_REPRESENTATION_CONTEXT(2) 
PARAMETRIC_REPRESENTATION_CONTEXT() REPRESENTATION_CONTEXT('2D SPACE',''
  ) );
#7143 = ORIENTED_EDGE('',*,*,#7144,.F.);
#7144 = EDGE_CURVE('',#6751,#7120,#7145,.T.);
#7145 = SURFACE_CURVE('',#7146,(#7151,#7158),.PCURVE_S1.);
#7146 = CIRCLE('',#7147,14.5);
#7147 = AXIS2_PLACEMENT_3D('',#7148,#7149,#7150);
#7148 = CARTESIAN_POINT('',(74.9,0.,0.));
#7149 = DIRECTION('',(-1.,0.,0.));
#7150 = DIRECTION('',(0.,1.,0.));
#7151 = PCURVE('',#6739,#7152);
#7152 = DEFINITIONAL_REPRESENTATION('',(#7153),#7157);
#7153 = LINE('',#7154,#7155);
#7154 = CARTESIAN_POINT('',(-6.28318530718,9.999999999999E-02));
#7155 = VECTOR('',#7156,1.);
#7156 = DIRECTION('',(1.,-0.));
#7157 = ( GEOMETRIC_REPRESENTATION_CONTEXT(2) 
PARAMETRIC_REPRESENTATION_CONTEXT() REPRESENTATION_CONTEXT('2D SPACE',''
  ) );
#7158 = PCURVE('',#6766,#7159);
#7159 = DEFINITIONAL_REPRESENTATION('',(#7160),#7168);
#7160 = ( BOUNDED_CURVE() B_SPLINE_CURVE(2,(#7161,#7162,#7163,#7164,
#7165,#7166,#7167),.UNSPECIFIED.,.T.,.F.) B_SPLINE_CURVE_WITH_KNOTS((1,2
    ,2,2,2,1),(-2.094395102393,0.,2.094395102393,4.188790204786,
6.28318530718,8.377580409573),.UNSPECIFIED.) CURVE() 
GEOMETRIC_REPRESENTATION_ITEM() RATIONAL_B_SPLINE_CURVE((1.,0.5,1.,0.5,
1.,0.5,1.)) REPRESENTATION_ITEM('') );
#7161 = CARTESIAN_POINT('',(20.,-0.5));
#7162 = CARTESIAN_POINT('',(-5.114736709749,-0.5));
#7163 = CARTESIAN_POINT('',(7.442631645126,21.25));
#7164 = CARTESIAN_POINT('',(20.,43.));
#7165 = CARTESIAN_POINT('',(32.557368354874,21.25));
#7166 = CARTESIAN_POINT('',(45.114736709749,-0.5));
#7167 = CARTESIAN_POINT('',(20.,-0.5));
#7168 = ( GEOMETRIC_REPRESENTATION_CONTEXT(2) 
PARAMETRIC_REPRESENTATION_CONTEXT() REPRESENTATION_CONTEXT('2D SPACE',''
  ) );
#7169 = ORIENTED_EDGE('',*,*,#6778,.F.);
#7170 = ORIENTED_EDGE('',*,*,#7091,.T.);
#7171 = ORIENTED_EDGE('',*,*,#6919,.T.);
#7172 = ORIENTED_EDGE('',*,*,#7173,.F.);
#7173 = EDGE_CURVE('',#6871,#6892,#7174,.T.);
#7174 = SURFACE_CURVE('',#7175,(#7180,#7187),.PCURVE_S1.);
#7175 = CIRCLE('',#7176,14.5);
#7176 = AXIS2_PLACEMENT_3D('',#7177,#7178,#7179);
#7177 = CARTESIAN_POINT('',(74.9,0.,0.));
#7178 = DIRECTION('',(-1.,0.,0.));
#7179 = DIRECTION('',(0.,1.,0.));
#7180 = PCURVE('',#6739,#7181);
#7181 = DEFINITIONAL_REPRESENTATION('',(#7182),#7186);
#7182 = LINE('',#7183,#7184);
#7183 = CARTESIAN_POINT('',(-6.28318530718,9.999999999999E-02));
#7184 = VECTOR('',#7185,1.);
#7185 = DIRECTION('',(1.,-0.));
#7186 = ( GEOMETRIC_REPRESENTATION_CONTEXT(2) 
PARAMETRIC_REPRESENTATION_CONTEXT() REPRESENTATION_CONTEXT('2D SPACE',''
  ) );
#7187 = PCURVE('',#6907,#7188);
#7188 = DEFINITIONAL_REPRESENTATION('',(#7189),#7197);
#7189 = ( BOUNDED_CURVE() B_SPLINE_CURVE(2,(#7190,#7191,#7192,#7193,
#7194,#7195,#7196),.UNSPECIFIED.,.T.,.F.) B_SPLINE_CURVE_WITH_KNOTS((1,2
    ,2,2,2,1),(-2.094395102393,0.,2.094395102393,4.188790204786,
6.28318530718,8.377580409573),.UNSPECIFIED.) CURVE() 
GEOMETRIC_REPRESENTATION_ITEM() RATIONAL_B_SPLINE_CURVE((1.,0.5,1.,0.5,
1.,0.5,1.)) REPRESENTATION_ITEM('') );
#7190 = CARTESIAN_POINT('',(20.,-38.5));
#7191 = CARTESIAN_POINT('',(-5.114736709749,-38.5));
#7192 = CARTESIAN_POINT('',(7.442631645126,-16.75));
#7193 = CARTESIAN_POINT('',(20.,5.));
#7194 = CARTESIAN_POINT('',(32.557368354874,-16.75));
#7195 = CARTESIAN_POINT('',(45.114736709749,-38.5));
#7196 = CARTESIAN_POINT('',(20.,-38.5));
#7197 = ( GEOMETRIC_REPRESENTATION_CONTEXT(2) 
PARAMETRIC_REPRESENTATION_CONTEXT() REPRESENTATION_CONTEXT('2D SPACE',''
  ) );
#7198 = ORIENTED_EDGE('',*,*,#6868,.F.);
#7199 = ORIENTED_EDGE('',*,*,#7200,.T.);
#7200 = EDGE_CURVE('',#6869,#6723,#7201,.T.);
#7201 = SURFACE_CURVE('',#7202,(#7207,#7214),.PCURVE_S1.);
#7202 = CIRCLE('',#7203,14.5);
#7203 = AXIS2_PLACEMENT_3D('',#7204,#7205,#7206);
#7204 = CARTESIAN_POINT('',(75.,0.,0.));
#7205 = DIRECTION('',(1.,0.,0.));
#7206 = DIRECTION('',(-0.,1.,0.));
#7207 = PCURVE('',#6739,#7208);
#7208 = DEFINITIONAL_REPRESENTATION('',(#7209),#7213);
#7209 = LINE('',#7210,#7211);
#7210 = CARTESIAN_POINT('',(-0.,0.));
#7211 = VECTOR('',#7212,1.);
#7212 = DIRECTION('',(-1.,0.));
#7213 = ( GEOMETRIC_REPRESENTATION_CONTEXT(2) 
PARAMETRIC_REPRESENTATION_CONTEXT() REPRESENTATION_CONTEXT('2D SPACE',''
  ) );
#7214 = PCURVE('',#6854,#7215);
#7215 = DEFINITIONAL_REPRESENTATION('',(#7216),#7220);
#7216 = CIRCLE('',#7217,14.5);
#7217 = AXIS2_PLACEMENT_2D('',#7218,#7219);
#7218 = CARTESIAN_POINT('',(0.,0.));
#7219 = DIRECTION('',(1.,0.));
#7220 = ( GEOMETRIC_REPRESENTATION_CONTEXT(2) 
PARAMETRIC_REPRESENTATION_CONTEXT() REPRESENTATION_CONTEXT('2D SPACE',''
  ) );
#7221 = ORIENTED_EDGE('',*,*,#6722,.T.);
#7222 = ORIENTED_EDGE('',*,*,#7223,.F.);
#7223 = EDGE_CURVE('',#7120,#6725,#7224,.T.);
#7224 = SURFACE_CURVE('',#7225,(#7230,#7237),.PCURVE_S1.);
#7225 = CIRCLE('',#7226,14.5);
#7226 = AXIS2_PLACEMENT_3D('',#7227,#7228,#7229);
#7227 = CARTESIAN_POINT('',(74.9,0.,0.));
#7228 = DIRECTION('',(-1.,0.,0.));
#7229 = DIRECTION('',(0.,1.,0.));
#7230 = PCURVE('',#6739,#7231);
#7231 = DEFINITIONAL_REPRESENTATION('',(#7232),#7236);
#7232 = LINE('',#7233,#7234);
#7233 = CARTESIAN_POINT('',(-6.28318530718,9.999999999999E-02));
#7234 = VECTOR('',#7235,1.);
#7235 = DIRECTION('',(1.,-0.));
#7236 = ( GEOMETRIC_REPRESENTATION_CONTEXT(2) 
PARAMETRIC_REPRESENTATION_CONTEXT() REPRESENTATION_CONTEXT('2D SPACE',''
  ) );
#7237 = PCURVE('',#6766,#7238);
#7238 = DEFINITIONAL_REPRESENTATION('',(#7239),#7247);
#7239 = ( BOUNDED_CURVE() B_SPLINE_CURVE(2,(#7240,#7241,#7242,#7243,
#7244,#7245,#7246),.UNSPECIFIED.,.T.,.F.) B_SPLINE_CURVE_WITH_KNOTS((1,2
    ,2,2,2,1),(-2.094395102393,0.,2.094395102393,4.188790204786,
6.28318530718,8.377580409573),.UNSPECIFIED.) CURVE() 
GEOMETRIC_REPRESENTATION_ITEM() RATIONAL_B_SPLINE_CURVE((1.,0.5,1.,0.5,
1.,0.5,1.)) REPRESENTATION_ITEM('') );
#7240 = CARTESIAN_POINT('',(20.,-0.5));
#7241 = CARTESIAN_POINT('',(-5.114736709749,-0.5));
#7242 = CARTESIAN_POINT('',(7.442631645126,21.25));
#7243 = CARTESIAN_POINT('',(20.,43.));
#7244 = CARTESIAN_POINT('',(32.557368354874,21.25));
#7245 = CARTESIAN_POINT('',(45.114736709749,-0.5));
#7246 = CARTESIAN_POINT('',(20.,-0.5));
#7247 = ( GEOMETRIC_REPRESENTATION_CONTEXT(2) 
PARAMETRIC_REPRESENTATION_CONTEXT() REPRESENTATION_CONTEXT('2D SPACE',''
  ) );
#7248 = ORIENTED_EDGE('',*,*,#7119,.T.);
#7249 = ORIENTED_EDGE('',*,*,#7250,.T.);
#7250 = EDGE_CURVE('',#7122,#7122,#7251,.T.);
#7251 = SURFACE_CURVE('',#7252,(#7257,#7264),.PCURVE_S1.);
#7252 = CIRCLE('',#7253,14.5);
#7253 = AXIS2_PLACEMENT_3D('',#7254,#7255,#7256);
#7254 = CARTESIAN_POINT('',(74.35,0.,0.));
#7255 = DIRECTION('',(-1.,0.,0.));
#7256 = DIRECTION('',(0.,1.,0.));
#7257 = PCURVE('',#6739,#7258);
#7258 = DEFINITIONAL_REPRESENTATION('',(#7259),#7263);
#7259 = LINE('',#7260,#7261);
#7260 = CARTESIAN_POINT('',(-6.28318530718,0.65));
#7261 = VECTOR('',#7262,1.);
#7262 = DIRECTION('',(1.,-0.));
#7263 = ( GEOMETRIC_REPRESENTATION_CONTEXT(2) 
PARAMETRIC_REPRESENTATION_CONTEXT() REPRESENTATION_CONTEXT('2D SPACE',''
  ) );
#7264 = PCURVE('',#7265,#7270);
#7265 = PLANE('',#7266);
#7266 = AXIS2_PLACEMENT_3D('',#7267,#7268,#7269);
#7267 = CARTESIAN_POINT('',(74.35,0.,0.));
#7268 = DIRECTION('',(1.,0.,0.));
#7269 = DIRECTION('',(-0.,1.,0.));
#7270 = DEFINITIONAL_REPRESENTATION('',(#7271),#7279);
#7271 = ( BOUNDED_CURVE() B_SPLINE_CURVE(2,(#7272,#7273,#7274,#7275,
#7276,#7277,#7278),.UNSPECIFIED.,.T.,.F.) B_SPLINE_CURVE_WITH_KNOTS((1,2
    ,2,2,2,1),(-2.094395102393,0.,2.094395102393,4.188790204786,
6.28318530718,8.377580409573),.UNSPECIFIED.) CURVE() 
GEOMETRIC_REPRESENTATION_ITEM() RATIONAL_B_SPLINE_CURVE((1.,0.5,1.,0.5,
1.,0.5,1.)) REPRESENTATION_ITEM('') );
#7272 = CARTESIAN_POINT('',(14.5,0.));
#7273 = CARTESIAN_POINT('',(14.5,-25.11473670974));
#7274 = CARTESIAN_POINT('',(-7.25,-12.55736835487));
#7275 = CARTESIAN_POINT('',(-29.,-3.551475717527E-15));
#7276 = CARTESIAN_POINT('',(-7.25,12.557368354874));
#7277 = CARTESIAN_POINT('',(14.5,25.114736709749));
#7278 = CARTESIAN_POINT('',(14.5,0.));
#7279 = ( GEOMETRIC_REPRESENTATION_CONTEXT(2) 
PARAMETRIC_REPRESENTATION_CONTEXT() REPRESENTATION_CONTEXT('2D SPACE',''
  ) );
#7280 = ADVANCED_FACE('',(#7281),#6854,.F.);
#7281 = FACE_BOUND('',#7282,.F.);
#7282 = EDGE_LOOP('',(#7283,#7284,#7285,#7286));
#7283 = ORIENTED_EDGE('',*,*,#7200,.F.);
#7284 = ORIENTED_EDGE('',*,*,#6982,.F.);
#7285 = ORIENTED_EDGE('',*,*,#7007,.T.);
#7286 = ORIENTED_EDGE('',*,*,#6841,.T.);
#7287 = ADVANCED_FACE('',(#7288),#6766,.T.);
#7288 = FACE_BOUND('',#7289,.T.);
#7289 = EDGE_LOOP('',(#7290,#7291,#7292));
#7290 = ORIENTED_EDGE('',*,*,#6750,.F.);
#7291 = ORIENTED_EDGE('',*,*,#7223,.F.);
#7292 = ORIENTED_EDGE('',*,*,#7144,.F.);
#7293 = ADVANCED_FACE('',(#7294),#6907,.T.);
#7294 = FACE_BOUND('',#7295,.T.);
#7295 = EDGE_LOOP('',(#7296,#7297));
#7296 = ORIENTED_EDGE('',*,*,#6891,.T.);
#7297 = ORIENTED_EDGE('',*,*,#7173,.F.);
#7298 = ADVANCED_FACE('',(#7299,#7330),#7071,.F.);
#7299 = FACE_BOUND('',#7300,.T.);
#7300 = EDGE_LOOP('',(#7301));
#7301 = ORIENTED_EDGE('',*,*,#7302,.F.);
#7302 = EDGE_CURVE('',#7303,#7303,#7305,.T.);
#7303 = VERTEX_POINT('',#7304);
#7304 = CARTESIAN_POINT('',(75.,11.,0.));
#7305 = SURFACE_CURVE('',#7306,(#7311,#7318),.PCURVE_S1.);
#7306 = CIRCLE('',#7307,11.);
#7307 = AXIS2_PLACEMENT_3D('',#7308,#7309,#7310);
#7308 = CARTESIAN_POINT('',(75.,0.,0.));
#7309 = DIRECTION('',(1.,0.,0.));
#7310 = DIRECTION('',(-0.,1.,0.));
#7311 = PCURVE('',#7071,#7312);
#7312 = DEFINITIONAL_REPRESENTATION('',(#7313),#7317);
#7313 = CIRCLE('',#7314,11.);
#7314 = AXIS2_PLACEMENT_2D('',#7315,#7316);
#7315 = CARTESIAN_POINT('',(0.,0.));
#7316 = DIRECTION('',(1.,-0.));
#7317 = ( GEOMETRIC_REPRESENTATION_CONTEXT(2) 
PARAMETRIC_REPRESENTATION_CONTEXT() REPRESENTATION_CONTEXT('2D SPACE',''
  ) );
#7318 = PCURVE('',#7319,#7324);
#7319 = CYLINDRICAL_SURFACE('',#7320,11.);
#7320 = AXIS2_PLACEMENT_3D('',#7321,#7322,#7323);
#7321 = CARTESIAN_POINT('',(75.,0.,0.));
#7322 = DIRECTION('',(-1.,-0.,-0.));
#7323 = DIRECTION('',(0.,1.,0.));
#7324 = DEFINITIONAL_REPRESENTATION('',(#7325),#7329);
#7325 = LINE('',#7326,#7327);
#7326 = CARTESIAN_POINT('',(-0.,0.));
#7327 = VECTOR('',#7328,1.);
#7328 = DIRECTION('',(-1.,0.));
#7329 = ( GEOMETRIC_REPRESENTATION_CONTEXT(2) 
PARAMETRIC_REPRESENTATION_CONTEXT() REPRESENTATION_CONTEXT('2D SPACE',''
  ) );
#7330 = FACE_BOUND('',#7331,.T.);
#7331 = EDGE_LOOP('',(#7332));
#7332 = ORIENTED_EDGE('',*,*,#7056,.F.);
#7333 = ADVANCED_FACE('',(#7334,#7337),#7265,.F.);
#7334 = FACE_BOUND('',#7335,.T.);
#7335 = EDGE_LOOP('',(#7336));
#7336 = ORIENTED_EDGE('',*,*,#7250,.T.);
#7337 = FACE_BOUND('',#7338,.T.);
#7338 = EDGE_LOOP('',(#7339));
#7339 = ORIENTED_EDGE('',*,*,#7340,.T.);
#7340 = EDGE_CURVE('',#7341,#7341,#7343,.T.);
#7341 = VERTEX_POINT('',#7342);
#7342 = CARTESIAN_POINT('',(74.35,12.8,0.));
#7343 = SURFACE_CURVE('',#7344,(#7349,#7356),.PCURVE_S1.);
#7344 = CIRCLE('',#7345,12.8);
#7345 = AXIS2_PLACEMENT_3D('',#7346,#7347,#7348);
#7346 = CARTESIAN_POINT('',(74.35,0.,0.));
#7347 = DIRECTION('',(1.,0.,0.));
#7348 = DIRECTION('',(-0.,1.,0.));
#7349 = PCURVE('',#7265,#7350);
#7350 = DEFINITIONAL_REPRESENTATION('',(#7351),#7355);
#7351 = CIRCLE('',#7352,12.8);
#7352 = AXIS2_PLACEMENT_2D('',#7353,#7354);
#7353 = CARTESIAN_POINT('',(0.,0.));
#7354 = DIRECTION('',(1.,-0.));
#7355 = ( GEOMETRIC_REPRESENTATION_CONTEXT(2) 
PARAMETRIC_REPRESENTATION_CONTEXT() REPRESENTATION_CONTEXT('2D SPACE',''
  ) );
#7356 = PCURVE('',#7357,#7362);
#7357 = CYLINDRICAL_SURFACE('',#7358,12.8);
#7358 = AXIS2_PLACEMENT_3D('',#7359,#7360,#7361);
#7359 = CARTESIAN_POINT('',(71.65,0.,0.));
#7360 = DIRECTION('',(1.,0.,0.));
#7361 = DIRECTION('',(-0.,1.,0.));
#7362 = DEFINITIONAL_REPRESENTATION('',(#7363),#7367);
#7363 = LINE('',#7364,#7365);
#7364 = CARTESIAN_POINT('',(0.,2.7));
#7365 = VECTOR('',#7366,1.);
#7366 = DIRECTION('',(1.,0.));
#7367 = ( GEOMETRIC_REPRESENTATION_CONTEXT(2) 
PARAMETRIC_REPRESENTATION_CONTEXT() REPRESENTATION_CONTEXT('2D SPACE',''
  ) );
#7368 = ADVANCED_FACE('',(#7369),#7319,.F.);
#7369 = FACE_BOUND('',#7370,.T.);
#7370 = EDGE_LOOP('',(#7371,#7394,#7395,#7396));
#7371 = ORIENTED_EDGE('',*,*,#7372,.F.);
#7372 = EDGE_CURVE('',#7303,#7373,#7375,.T.);
#7373 = VERTEX_POINT('',#7374);
#7374 = CARTESIAN_POINT('',(64.,11.,0.));
#7375 = SEAM_CURVE('',#7376,(#7380,#7387),.PCURVE_S1.);
#7376 = LINE('',#7377,#7378);
#7377 = CARTESIAN_POINT('',(75.,11.,0.));
#7378 = VECTOR('',#7379,1.);
#7379 = DIRECTION('',(-1.,0.,0.));
#7380 = PCURVE('',#7319,#7381);
#7381 = DEFINITIONAL_REPRESENTATION('',(#7382),#7386);
#7382 = LINE('',#7383,#7384);
#7383 = CARTESIAN_POINT('',(-0.,0.));
#7384 = VECTOR('',#7385,1.);
#7385 = DIRECTION('',(-0.,1.));
#7386 = ( GEOMETRIC_REPRESENTATION_CONTEXT(2) 
PARAMETRIC_REPRESENTATION_CONTEXT() REPRESENTATION_CONTEXT('2D SPACE',''
  ) );
#7387 = PCURVE('',#7319,#7388);
#7388 = DEFINITIONAL_REPRESENTATION('',(#7389),#7393);
#7389 = LINE('',#7390,#7391);
#7390 = CARTESIAN_POINT('',(-6.28318530718,0.));
#7391 = VECTOR('',#7392,1.);
#7392 = DIRECTION('',(-0.,1.));
#7393 = ( GEOMETRIC_REPRESENTATION_CONTEXT(2) 
PARAMETRIC_REPRESENTATION_CONTEXT() REPRESENTATION_CONTEXT('2D SPACE',''
  ) );
#7394 = ORIENTED_EDGE('',*,*,#7302,.T.);
#7395 = ORIENTED_EDGE('',*,*,#7372,.T.);
#7396 = ORIENTED_EDGE('',*,*,#7397,.T.);
#7397 = EDGE_CURVE('',#7373,#7373,#7398,.T.);
#7398 = SURFACE_CURVE('',#7399,(#7404,#7411),.PCURVE_S1.);
#7399 = CIRCLE('',#7400,11.);
#7400 = AXIS2_PLACEMENT_3D('',#7401,#7402,#7403);
#7401 = CARTESIAN_POINT('',(64.,0.,0.));
#7402 = DIRECTION('',(-1.,0.,0.));
#7403 = DIRECTION('',(0.,1.,0.));
#7404 = PCURVE('',#7319,#7405);
#7405 = DEFINITIONAL_REPRESENTATION('',(#7406),#7410);
#7406 = LINE('',#7407,#7408);
#7407 = CARTESIAN_POINT('',(-6.28318530718,11.));
#7408 = VECTOR('',#7409,1.);
#7409 = DIRECTION('',(1.,-0.));
#7410 = ( GEOMETRIC_REPRESENTATION_CONTEXT(2) 
PARAMETRIC_REPRESENTATION_CONTEXT() REPRESENTATION_CONTEXT('2D SPACE',''
  ) );
#7411 = PCURVE('',#7412,#7417);
#7412 = PLANE('',#7413);
#7413 = AXIS2_PLACEMENT_3D('',#7414,#7415,#7416);
#7414 = CARTESIAN_POINT('',(64.,0.,0.));
#7415 = DIRECTION('',(1.,0.,0.));
#7416 = DIRECTION('',(-0.,1.,0.));
#7417 = DEFINITIONAL_REPRESENTATION('',(#7418),#7426);
#7418 = ( BOUNDED_CURVE() B_SPLINE_CURVE(2,(#7419,#7420,#7421,#7422,
#7423,#7424,#7425),.UNSPECIFIED.,.T.,.F.) B_SPLINE_CURVE_WITH_KNOTS((1,2
    ,2,2,2,1),(-2.094395102393,0.,2.094395102393,4.188790204786,
6.28318530718,8.377580409573),.UNSPECIFIED.) CURVE() 
GEOMETRIC_REPRESENTATION_ITEM() RATIONAL_B_SPLINE_CURVE((1.,0.5,1.,0.5,
1.,0.5,1.)) REPRESENTATION_ITEM('') );
#7419 = CARTESIAN_POINT('',(11.,0.));
#7420 = CARTESIAN_POINT('',(11.,-19.05255888325));
#7421 = CARTESIAN_POINT('',(-5.5,-9.526279441629));
#7422 = CARTESIAN_POINT('',(-22.,-2.694222958124E-15));
#7423 = CARTESIAN_POINT('',(-5.5,9.526279441629));
#7424 = CARTESIAN_POINT('',(11.,19.052558883258));
#7425 = CARTESIAN_POINT('',(11.,0.));
#7426 = ( GEOMETRIC_REPRESENTATION_CONTEXT(2) 
PARAMETRIC_REPRESENTATION_CONTEXT() REPRESENTATION_CONTEXT('2D SPACE',''
  ) );
#7427 = ADVANCED_FACE('',(#7428),#7357,.T.);
#7428 = FACE_BOUND('',#7429,.T.);
#7429 = EDGE_LOOP('',(#7430,#7459,#7480,#7481));
#7430 = ORIENTED_EDGE('',*,*,#7431,.T.);
#7431 = EDGE_CURVE('',#7432,#7432,#7434,.T.);
#7432 = VERTEX_POINT('',#7433);
#7433 = CARTESIAN_POINT('',(71.65,12.8,0.));
#7434 = SURFACE_CURVE('',#7435,(#7440,#7447),.PCURVE_S1.);
#7435 = CIRCLE('',#7436,12.8);
#7436 = AXIS2_PLACEMENT_3D('',#7437,#7438,#7439);
#7437 = CARTESIAN_POINT('',(71.65,0.,0.));
#7438 = DIRECTION('',(1.,0.,0.));
#7439 = DIRECTION('',(-0.,1.,0.));
#7440 = PCURVE('',#7357,#7441);
#7441 = DEFINITIONAL_REPRESENTATION('',(#7442),#7446);
#7442 = LINE('',#7443,#7444);
#7443 = CARTESIAN_POINT('',(0.,0.));
#7444 = VECTOR('',#7445,1.);
#7445 = DIRECTION('',(1.,0.));
#7446 = ( GEOMETRIC_REPRESENTATION_CONTEXT(2) 
PARAMETRIC_REPRESENTATION_CONTEXT() REPRESENTATION_CONTEXT('2D SPACE',''
  ) );
#7447 = PCURVE('',#7448,#7453);
#7448 = PLANE('',#7449);
#7449 = AXIS2_PLACEMENT_3D('',#7450,#7451,#7452);
#7450 = CARTESIAN_POINT('',(71.65,0.,0.));
#7451 = DIRECTION('',(1.,0.,0.));
#7452 = DIRECTION('',(-0.,1.,0.));
#7453 = DEFINITIONAL_REPRESENTATION('',(#7454),#7458);
#7454 = CIRCLE('',#7455,12.8);
#7455 = AXIS2_PLACEMENT_2D('',#7456,#7457);
#7456 = CARTESIAN_POINT('',(0.,0.));
#7457 = DIRECTION('',(1.,0.));
#7458 = ( GEOMETRIC_REPRESENTATION_CONTEXT(2) 
PARAMETRIC_REPRESENTATION_CONTEXT() REPRESENTATION_CONTEXT('2D SPACE',''
  ) );
#7459 = ORIENTED_EDGE('',*,*,#7460,.T.);
#7460 = EDGE_CURVE('',#7432,#7341,#7461,.T.);
#7461 = SEAM_CURVE('',#7462,(#7466,#7473),.PCURVE_S1.);
#7462 = LINE('',#7463,#7464);
#7463 = CARTESIAN_POINT('',(71.65,12.8,0.));
#7464 = VECTOR('',#7465,1.);
#7465 = DIRECTION('',(1.,0.,0.));
#7466 = PCURVE('',#7357,#7467);
#7467 = DEFINITIONAL_REPRESENTATION('',(#7468),#7472);
#7468 = LINE('',#7469,#7470);
#7469 = CARTESIAN_POINT('',(0.,0.));
#7470 = VECTOR('',#7471,1.);
#7471 = DIRECTION('',(0.,1.));
#7472 = ( GEOMETRIC_REPRESENTATION_CONTEXT(2) 
PARAMETRIC_REPRESENTATION_CONTEXT() REPRESENTATION_CONTEXT('2D SPACE',''
  ) );
#7473 = PCURVE('',#7357,#7474);
#7474 = DEFINITIONAL_REPRESENTATION('',(#7475),#7479);
#7475 = LINE('',#7476,#7477);
#7476 = CARTESIAN_POINT('',(6.28318530718,0.));
#7477 = VECTOR('',#7478,1.);
#7478 = DIRECTION('',(0.,1.));
#7479 = ( GEOMETRIC_REPRESENTATION_CONTEXT(2) 
PARAMETRIC_REPRESENTATION_CONTEXT() REPRESENTATION_CONTEXT('2D SPACE',''
  ) );
#7480 = ORIENTED_EDGE('',*,*,#7340,.F.);
#7481 = ORIENTED_EDGE('',*,*,#7460,.F.);
#7482 = ADVANCED_FACE('',(#7483,#7514),#7412,.F.);
#7483 = FACE_BOUND('',#7484,.F.);
#7484 = EDGE_LOOP('',(#7485));
#7485 = ORIENTED_EDGE('',*,*,#7486,.T.);
#7486 = EDGE_CURVE('',#7487,#7487,#7489,.T.);
#7487 = VERTEX_POINT('',#7488);
#7488 = CARTESIAN_POINT('',(64.,14.,0.));
#7489 = SURFACE_CURVE('',#7490,(#7495,#7502),.PCURVE_S1.);
#7490 = CIRCLE('',#7491,14.);
#7491 = AXIS2_PLACEMENT_3D('',#7492,#7493,#7494);
#7492 = CARTESIAN_POINT('',(64.,0.,0.));
#7493 = DIRECTION('',(1.,0.,0.));
#7494 = DIRECTION('',(-0.,1.,0.));
#7495 = PCURVE('',#7412,#7496);
#7496 = DEFINITIONAL_REPRESENTATION('',(#7497),#7501);
#7497 = CIRCLE('',#7498,14.);
#7498 = AXIS2_PLACEMENT_2D('',#7499,#7500);
#7499 = CARTESIAN_POINT('',(0.,0.));
#7500 = DIRECTION('',(1.,0.));
#7501 = ( GEOMETRIC_REPRESENTATION_CONTEXT(2) 
PARAMETRIC_REPRESENTATION_CONTEXT() REPRESENTATION_CONTEXT('2D SPACE',''
  ) );
#7502 = PCURVE('',#7503,#7508);
#7503 = CYLINDRICAL_SURFACE('',#7504,14.);
#7504 = AXIS2_PLACEMENT_3D('',#7505,#7506,#7507);
#7505 = CARTESIAN_POINT('',(71.,0.,0.));
#7506 = DIRECTION('',(-1.,-0.,-0.));
#7507 = DIRECTION('',(0.,1.,0.));
#7508 = DEFINITIONAL_REPRESENTATION('',(#7509),#7513);
#7509 = LINE('',#7510,#7511);
#7510 = CARTESIAN_POINT('',(-0.,7.));
#7511 = VECTOR('',#7512,1.);
#7512 = DIRECTION('',(-1.,0.));
#7513 = ( GEOMETRIC_REPRESENTATION_CONTEXT(2) 
PARAMETRIC_REPRESENTATION_CONTEXT() REPRESENTATION_CONTEXT('2D SPACE',''
  ) );
#7514 = FACE_BOUND('',#7515,.F.);
#7515 = EDGE_LOOP('',(#7516));
#7516 = ORIENTED_EDGE('',*,*,#7397,.T.);
#7517 = ADVANCED_FACE('',(#7518,#7553),#7448,.T.);
#7518 = FACE_BOUND('',#7519,.T.);
#7519 = EDGE_LOOP('',(#7520));
#7520 = ORIENTED_EDGE('',*,*,#7521,.F.);
#7521 = EDGE_CURVE('',#7522,#7522,#7524,.T.);
#7522 = VERTEX_POINT('',#7523);
#7523 = CARTESIAN_POINT('',(71.65,14.5,0.));
#7524 = SURFACE_CURVE('',#7525,(#7530,#7541),.PCURVE_S1.);
#7525 = CIRCLE('',#7526,14.5);
#7526 = AXIS2_PLACEMENT_3D('',#7527,#7528,#7529);
#7527 = CARTESIAN_POINT('',(71.65,0.,0.));
#7528 = DIRECTION('',(-1.,0.,0.));
#7529 = DIRECTION('',(0.,1.,0.));
#7530 = PCURVE('',#7448,#7531);
#7531 = DEFINITIONAL_REPRESENTATION('',(#7532),#7540);
#7532 = ( BOUNDED_CURVE() B_SPLINE_CURVE(2,(#7533,#7534,#7535,#7536,
#7537,#7538,#7539),.UNSPECIFIED.,.T.,.F.) B_SPLINE_CURVE_WITH_KNOTS((1,2
    ,2,2,2,1),(-2.094395102393,0.,2.094395102393,4.188790204786,
6.28318530718,8.377580409573),.UNSPECIFIED.) CURVE() 
GEOMETRIC_REPRESENTATION_ITEM() RATIONAL_B_SPLINE_CURVE((1.,0.5,1.,0.5,
1.,0.5,1.)) REPRESENTATION_ITEM('') );
#7533 = CARTESIAN_POINT('',(14.5,0.));
#7534 = CARTESIAN_POINT('',(14.5,-25.11473670974));
#7535 = CARTESIAN_POINT('',(-7.25,-12.55736835487));
#7536 = CARTESIAN_POINT('',(-29.,-3.551475717527E-15));
#7537 = CARTESIAN_POINT('',(-7.25,12.557368354874));
#7538 = CARTESIAN_POINT('',(14.5,25.114736709749));
#7539 = CARTESIAN_POINT('',(14.5,0.));
#7540 = ( GEOMETRIC_REPRESENTATION_CONTEXT(2) 
PARAMETRIC_REPRESENTATION_CONTEXT() REPRESENTATION_CONTEXT('2D SPACE',''
  ) );
#7541 = PCURVE('',#7542,#7547);
#7542 = CYLINDRICAL_SURFACE('',#7543,14.5);
#7543 = AXIS2_PLACEMENT_3D('',#7544,#7545,#7546);
#7544 = CARTESIAN_POINT('',(75.,0.,0.));
#7545 = DIRECTION('',(-1.,-0.,-0.));
#7546 = DIRECTION('',(0.,1.,0.));
#7547 = DEFINITIONAL_REPRESENTATION('',(#7548),#7552);
#7548 = LINE('',#7549,#7550);
#7549 = CARTESIAN_POINT('',(-6.28318530718,3.35));
#7550 = VECTOR('',#7551,1.);
#7551 = DIRECTION('',(1.,-0.));
#7552 = ( GEOMETRIC_REPRESENTATION_CONTEXT(2) 
PARAMETRIC_REPRESENTATION_CONTEXT() REPRESENTATION_CONTEXT('2D SPACE',''
  ) );
#7553 = FACE_BOUND('',#7554,.T.);
#7554 = EDGE_LOOP('',(#7555));
#7555 = ORIENTED_EDGE('',*,*,#7431,.F.);
#7556 = ADVANCED_FACE('',(#7557),#7503,.T.);
#7557 = FACE_BOUND('',#7558,.F.);
#7558 = EDGE_LOOP('',(#7559,#7588,#7609,#7610));
#7559 = ORIENTED_EDGE('',*,*,#7560,.T.);
#7560 = EDGE_CURVE('',#7561,#7561,#7563,.T.);
#7561 = VERTEX_POINT('',#7562);
#7562 = CARTESIAN_POINT('',(71.,14.,0.));
#7563 = SURFACE_CURVE('',#7564,(#7569,#7576),.PCURVE_S1.);
#7564 = CIRCLE('',#7565,14.);
#7565 = AXIS2_PLACEMENT_3D('',#7566,#7567,#7568);
#7566 = CARTESIAN_POINT('',(71.,0.,0.));
#7567 = DIRECTION('',(1.,0.,0.));
#7568 = DIRECTION('',(-0.,1.,0.));
#7569 = PCURVE('',#7503,#7570);
#7570 = DEFINITIONAL_REPRESENTATION('',(#7571),#7575);
#7571 = LINE('',#7572,#7573);
#7572 = CARTESIAN_POINT('',(-0.,0.));
#7573 = VECTOR('',#7574,1.);
#7574 = DIRECTION('',(-1.,0.));
#7575 = ( GEOMETRIC_REPRESENTATION_CONTEXT(2) 
PARAMETRIC_REPRESENTATION_CONTEXT() REPRESENTATION_CONTEXT('2D SPACE',''
  ) );
#7576 = PCURVE('',#7577,#7582);
#7577 = PLANE('',#7578);
#7578 = AXIS2_PLACEMENT_3D('',#7579,#7580,#7581);
#7579 = CARTESIAN_POINT('',(71.,0.,0.));
#7580 = DIRECTION('',(1.,0.,0.));
#7581 = DIRECTION('',(-0.,1.,0.));
#7582 = DEFINITIONAL_REPRESENTATION('',(#7583),#7587);
#7583 = CIRCLE('',#7584,14.);
#7584 = AXIS2_PLACEMENT_2D('',#7585,#7586);
#7585 = CARTESIAN_POINT('',(0.,0.));
#7586 = DIRECTION('',(1.,0.));
#7587 = ( GEOMETRIC_REPRESENTATION_CONTEXT(2) 
PARAMETRIC_REPRESENTATION_CONTEXT() REPRESENTATION_CONTEXT('2D SPACE',''
  ) );
#7588 = ORIENTED_EDGE('',*,*,#7589,.T.);
#7589 = EDGE_CURVE('',#7561,#7487,#7590,.T.);
#7590 = SEAM_CURVE('',#7591,(#7595,#7602),.PCURVE_S1.);
#7591 = LINE('',#7592,#7593);
#7592 = CARTESIAN_POINT('',(71.,14.,0.));
#7593 = VECTOR('',#7594,1.);
#7594 = DIRECTION('',(-1.,0.,0.));
#7595 = PCURVE('',#7503,#7596);
#7596 = DEFINITIONAL_REPRESENTATION('',(#7597),#7601);
#7597 = LINE('',#7598,#7599);
#7598 = CARTESIAN_POINT('',(-0.,0.));
#7599 = VECTOR('',#7600,1.);
#7600 = DIRECTION('',(-0.,1.));
#7601 = ( GEOMETRIC_REPRESENTATION_CONTEXT(2) 
PARAMETRIC_REPRESENTATION_CONTEXT() REPRESENTATION_CONTEXT('2D SPACE',''
  ) );
#7602 = PCURVE('',#7503,#7603);
#7603 = DEFINITIONAL_REPRESENTATION('',(#7604),#7608);
#7604 = LINE('',#7605,#7606);
#7605 = CARTESIAN_POINT('',(-6.28318530718,0.));
#7606 = VECTOR('',#7607,1.);
#7607 = DIRECTION('',(-0.,1.));
#7608 = ( GEOMETRIC_REPRESENTATION_CONTEXT(2) 
PARAMETRIC_REPRESENTATION_CONTEXT() REPRESENTATION_CONTEXT('2D SPACE',''
  ) );
#7609 = ORIENTED_EDGE('',*,*,#7486,.F.);
#7610 = ORIENTED_EDGE('',*,*,#7589,.F.);
#7611 = ADVANCED_FACE('',(#7612),#7542,.T.);
#7612 = FACE_BOUND('',#7613,.F.);
#7613 = EDGE_LOOP('',(#7614,#7615,#7638,#7660));
#7614 = ORIENTED_EDGE('',*,*,#7521,.F.);
#7615 = ORIENTED_EDGE('',*,*,#7616,.T.);
#7616 = EDGE_CURVE('',#7522,#7617,#7619,.T.);
#7617 = VERTEX_POINT('',#7618);
#7618 = CARTESIAN_POINT('',(71.,14.5,0.));
#7619 = SEAM_CURVE('',#7620,(#7624,#7631),.PCURVE_S1.);
#7620 = LINE('',#7621,#7622);
#7621 = CARTESIAN_POINT('',(75.,14.5,0.));
#7622 = VECTOR('',#7623,1.);
#7623 = DIRECTION('',(-1.,0.,0.));
#7624 = PCURVE('',#7542,#7625);
#7625 = DEFINITIONAL_REPRESENTATION('',(#7626),#7630);
#7626 = LINE('',#7627,#7628);
#7627 = CARTESIAN_POINT('',(-0.,0.));
#7628 = VECTOR('',#7629,1.);
#7629 = DIRECTION('',(-0.,1.));
#7630 = ( GEOMETRIC_REPRESENTATION_CONTEXT(2) 
PARAMETRIC_REPRESENTATION_CONTEXT() REPRESENTATION_CONTEXT('2D SPACE',''
  ) );
#7631 = PCURVE('',#7542,#7632);
#7632 = DEFINITIONAL_REPRESENTATION('',(#7633),#7637);
#7633 = LINE('',#7634,#7635);
#7634 = CARTESIAN_POINT('',(-6.28318530718,0.));
#7635 = VECTOR('',#7636,1.);
#7636 = DIRECTION('',(-0.,1.));
#7637 = ( GEOMETRIC_REPRESENTATION_CONTEXT(2) 
PARAMETRIC_REPRESENTATION_CONTEXT() REPRESENTATION_CONTEXT('2D SPACE',''
  ) );
#7638 = ORIENTED_EDGE('',*,*,#7639,.F.);
#7639 = EDGE_CURVE('',#7617,#7617,#7640,.T.);
#7640 = SURFACE_CURVE('',#7641,(#7646,#7653),.PCURVE_S1.);
#7641 = CIRCLE('',#7642,14.5);
#7642 = AXIS2_PLACEMENT_3D('',#7643,#7644,#7645);
#7643 = CARTESIAN_POINT('',(71.,0.,0.));
#7644 = DIRECTION('',(1.,0.,0.));
#7645 = DIRECTION('',(-0.,1.,0.));
#7646 = PCURVE('',#7542,#7647);
#7647 = DEFINITIONAL_REPRESENTATION('',(#7648),#7652);
#7648 = LINE('',#7649,#7650);
#7649 = CARTESIAN_POINT('',(-0.,4.));
#7650 = VECTOR('',#7651,1.);
#7651 = DIRECTION('',(-1.,0.));
#7652 = ( GEOMETRIC_REPRESENTATION_CONTEXT(2) 
PARAMETRIC_REPRESENTATION_CONTEXT() REPRESENTATION_CONTEXT('2D SPACE',''
  ) );
#7653 = PCURVE('',#7577,#7654);
#7654 = DEFINITIONAL_REPRESENTATION('',(#7655),#7659);
#7655 = CIRCLE('',#7656,14.5);
#7656 = AXIS2_PLACEMENT_2D('',#7657,#7658);
#7657 = CARTESIAN_POINT('',(0.,0.));
#7658 = DIRECTION('',(1.,0.));
#7659 = ( GEOMETRIC_REPRESENTATION_CONTEXT(2) 
PARAMETRIC_REPRESENTATION_CONTEXT() REPRESENTATION_CONTEXT('2D SPACE',''
  ) );
#7660 = ORIENTED_EDGE('',*,*,#7616,.F.);
#7661 = ADVANCED_FACE('',(#7662,#7665),#7577,.F.);
#7662 = FACE_BOUND('',#7663,.F.);
#7663 = EDGE_LOOP('',(#7664));
#7664 = ORIENTED_EDGE('',*,*,#7639,.T.);
#7665 = FACE_BOUND('',#7666,.F.);
#7666 = EDGE_LOOP('',(#7667));
#7667 = ORIENTED_EDGE('',*,*,#7560,.F.);
#7668 = ( GEOMETRIC_REPRESENTATION_CONTEXT(3) 
GLOBAL_UNCERTAINTY_ASSIGNED_CONTEXT((#7672)) 
GLOBAL_UNIT_ASSIGNED_CONTEXT((#7669,#7670,#7671)) REPRESENTATION_CONTEXT
('Context #1','3D Context with UNIT and UNCERTAINTY') );
#7669 = ( LENGTH_UNIT() NAMED_UNIT(*) SI_UNIT(.MILLI.,.METRE.) );
#7670 = ( NAMED_UNIT(*) PLANE_ANGLE_UNIT() SI_UNIT($,.RADIAN.) );
#7671 = ( NAMED_UNIT(*) SI_UNIT($,.STERADIAN.) SOLID_ANGLE_UNIT() );
#7672 = UNCERTAINTY_MEASURE_WITH_UNIT(LENGTH_MEASURE(1.E-07),#7669,
  'distance_accuracy_value','confusion accuracy');
#7673 = CONTEXT_DEPENDENT_SHAPE_REPRESENTATION(#7674,#7676);
#7674 = ( REPRESENTATION_RELATIONSHIP('','',#6489,#10) 
REPRESENTATION_RELATIONSHIP_WITH_TRANSFORMATION(#7675) 
SHAPE_REPRESENTATION_RELATIONSHIP() );
#7675 = ITEM_DEFINED_TRANSFORMATION('','',#11,#27);
#7676 = PRODUCT_DEFINITION_SHAPE('Placement','Placement of an item',
  #7677);
#7677 = NEXT_ASSEMBLY_USAGE_OCCURRENCE('4','M-104_endcap','',#5,#6484,$
  );
#7678 = PRODUCT_RELATED_PRODUCT_CATEGORY('part',$,(#6486));
#7679 = SHAPE_DEFINITION_REPRESENTATION(#7680,#7686);
#7680 = PRODUCT_DEFINITION_SHAPE('','',#7681);
#7681 = PRODUCT_DEFINITION('design','',#7682,#7685);
#7682 = PRODUCT_DEFINITION_FORMATION('','',#7683);
#7683 = PRODUCT('P-201_header','P-201_header','',(#7684));
#7684 = PRODUCT_CONTEXT('',#2,'mechanical');
#7685 = PRODUCT_DEFINITION_CONTEXT('part definition',#2,'design');
#7686 = ADVANCED_BREP_SHAPE_REPRESENTATION('',(#11,#7687),#8913);
#7687 = MANIFOLD_SOLID_BREP('',#7688);
#7688 = CLOSED_SHELL('',(#7689,#7936,#7991,#8046,#8101,#8156,#8211,#8266
    ,#8321,#8535,#8539,#8543,#8547,#8551,#8555,#8559,#8614,#8669,#8724,
    #8779,#8834,#8889,#8893,#8897,#8901,#8905,#8909));
#7689 = ADVANCED_FACE('',(#7690,#7726,#7761,#7796,#7831,#7866,#7901),
  #7703,.T.);
#7690 = FACE_BOUND('',#7691,.F.);
#7691 = EDGE_LOOP('',(#7692));
#7692 = ORIENTED_EDGE('',*,*,#7693,.F.);
#7693 = EDGE_CURVE('',#7694,#7694,#7696,.T.);
#7694 = VERTEX_POINT('',#7695);
#7695 = CARTESIAN_POINT('',(-27.,4.,0.));
#7696 = SURFACE_CURVE('',#7697,(#7702,#7714),.PCURVE_S1.);
#7697 = CIRCLE('',#7698,4.);
#7698 = AXIS2_PLACEMENT_3D('',#7699,#7700,#7701);
#7699 = CARTESIAN_POINT('',(-27.,0.,0.));
#7700 = DIRECTION('',(1.,0.,0.));
#7701 = DIRECTION('',(-0.,1.,0.));
#7702 = PCURVE('',#7703,#7708);
#7703 = PLANE('',#7704);
#7704 = AXIS2_PLACEMENT_3D('',#7705,#7706,#7707);
#7705 = CARTESIAN_POINT('',(-27.,0.,0.));
#7706 = DIRECTION('',(1.,0.,0.));
#7707 = DIRECTION('',(-0.,1.,0.));
#7708 = DEFINITIONAL_REPRESENTATION('',(#7709),#7713);
#7709 = CIRCLE('',#7710,4.);
#7710 = AXIS2_PLACEMENT_2D('',#7711,#7712);
#7711 = CARTESIAN_POINT('',(0.,0.));
#7712 = DIRECTION('',(1.,-0.));
#7713 = ( GEOMETRIC_REPRESENTATION_CONTEXT(2) 
PARAMETRIC_REPRESENTATION_CONTEXT() REPRESENTATION_CONTEXT('2D SPACE',''
  ) );
#7714 = PCURVE('',#7715,#7720);
#7715 = CYLINDRICAL_SURFACE('',#7716,4.);
#7716 = AXIS2_PLACEMENT_3D('',#7717,#7718,#7719);
#7717 = CARTESIAN_POINT('',(-27.,0.,0.));
#7718 = DIRECTION('',(-1.,-0.,-0.));
#7719 = DIRECTION('',(0.,1.,0.));
#7720 = DEFINITIONAL_REPRESENTATION('',(#7721),#7725);
#7721 = LINE('',#7722,#7723);
#7722 = CARTESIAN_POINT('',(-0.,0.));
#7723 = VECTOR('',#7724,1.);
#7724 = DIRECTION('',(-1.,0.));
#7725 = ( GEOMETRIC_REPRESENTATION_CONTEXT(2) 
PARAMETRIC_REPRESENTATION_CONTEXT() REPRESENTATION_CONTEXT('2D SPACE',''
  ) );
#7726 = FACE_BOUND('',#7727,.F.);
#7727 = EDGE_LOOP('',(#7728));
#7728 = ORIENTED_EDGE('',*,*,#7729,.F.);
#7729 = EDGE_CURVE('',#7730,#7730,#7732,.T.);
#7730 = VERTEX_POINT('',#7731);
#7731 = CARTESIAN_POINT('',(-27.,1.355,-1.948557158515));
#7732 = SURFACE_CURVE('',#7733,(#7738,#7749),.PCURVE_S1.);
#7733 = CIRCLE('',#7734,0.23);
#7734 = AXIS2_PLACEMENT_3D('',#7735,#7736,#7737);
#7735 = CARTESIAN_POINT('',(-27.,1.125,-1.948557158515));
#7736 = DIRECTION('',(-1.,0.,0.));
#7737 = DIRECTION('',(0.,1.,0.));
#7738 = PCURVE('',#7703,#7739);
#7739 = DEFINITIONAL_REPRESENTATION('',(#7740),#7748);
#7740 = ( BOUNDED_CURVE() B_SPLINE_CURVE(2,(#7741,#7742,#7743,#7744,
#7745,#7746,#7747),.UNSPECIFIED.,.T.,.F.) B_SPLINE_CURVE_WITH_KNOTS((1,2
    ,2,2,2,1),(-2.094395102393,0.,2.094395102393,4.188790204786,
6.28318530718,8.377580409573),.UNSPECIFIED.) CURVE() 
GEOMETRIC_REPRESENTATION_ITEM() RATIONAL_B_SPLINE_CURVE((1.,0.5,1.,0.5,
1.,0.5,1.)) REPRESENTATION_ITEM('') );
#7741 = CARTESIAN_POINT('',(1.355,-1.948557158515));
#7742 = CARTESIAN_POINT('',(1.355,-2.346928844256));
#7743 = CARTESIAN_POINT('',(1.01,-2.147743001385));
#7744 = CARTESIAN_POINT('',(0.665,-1.948557158515));
#7745 = CARTESIAN_POINT('',(1.01,-1.749371315645));
#7746 = CARTESIAN_POINT('',(1.355,-1.550185472774));
#7747 = CARTESIAN_POINT('',(1.355,-1.948557158515));
#7748 = ( GEOMETRIC_REPRESENTATION_CONTEXT(2) 
PARAMETRIC_REPRESENTATION_CONTEXT() REPRESENTATION_CONTEXT('2D SPACE',''
  ) );
#7749 = PCURVE('',#7750,#7755);
#7750 = CYLINDRICAL_SURFACE('',#7751,0.23);
#7751 = AXIS2_PLACEMENT_3D('',#7752,#7753,#7754);
#7752 = CARTESIAN_POINT('',(-40.,1.125,-1.948557158515));
#7753 = DIRECTION('',(-1.,-0.,-0.));
#7754 = DIRECTION('',(0.,1.,0.));
#7755 = DEFINITIONAL_REPRESENTATION('',(#7756),#7760);
#7756 = LINE('',#7757,#7758);
#7757 = CARTESIAN_POINT('',(-6.28318530718,-13.));
#7758 = VECTOR('',#7759,1.);
#7759 = DIRECTION('',(1.,-0.));
#7760 = ( GEOMETRIC_REPRESENTATION_CONTEXT(2) 
PARAMETRIC_REPRESENTATION_CONTEXT() REPRESENTATION_CONTEXT('2D SPACE',''
  ) );
#7761 = FACE_BOUND('',#7762,.F.);
#7762 = EDGE_LOOP('',(#7763));
#7763 = ORIENTED_EDGE('',*,*,#7764,.F.);
#7764 = EDGE_CURVE('',#7765,#7765,#7767,.T.);
#7765 = VERTEX_POINT('',#7766);
#7766 = CARTESIAN_POINT('',(-27.,-0.895,-1.948557158515));
#7767 = SURFACE_CURVE('',#7768,(#7773,#7784),.PCURVE_S1.);
#7768 = CIRCLE('',#7769,0.23);
#7769 = AXIS2_PLACEMENT_3D('',#7770,#7771,#7772);
#7770 = CARTESIAN_POINT('',(-27.,-1.125,-1.948557158515));
#7771 = DIRECTION('',(-1.,0.,0.));
#7772 = DIRECTION('',(0.,1.,0.));
#7773 = PCURVE('',#7703,#7774);
#7774 = DEFINITIONAL_REPRESENTATION('',(#7775),#7783);
#7775 = ( BOUNDED_CURVE() B_SPLINE_CURVE(2,(#7776,#7777,#7778,#7779,
#7780,#7781,#7782),.UNSPECIFIED.,.T.,.F.) B_SPLINE_CURVE_WITH_KNOTS((1,2
    ,2,2,2,1),(-2.094395102393,0.,2.094395102393,4.188790204786,
6.28318530718,8.377580409573),.UNSPECIFIED.) CURVE() 
GEOMETRIC_REPRESENTATION_ITEM() RATIONAL_B_SPLINE_CURVE((1.,0.5,1.,0.5,
1.,0.5,1.)) REPRESENTATION_ITEM('') );
#7776 = CARTESIAN_POINT('',(-0.895,-1.948557158515));
#7777 = CARTESIAN_POINT('',(-0.895,-2.346928844256));
#7778 = CARTESIAN_POINT('',(-1.24,-2.147743001385));
#7779 = CARTESIAN_POINT('',(-1.585,-1.948557158515));
#7780 = CARTESIAN_POINT('',(-1.24,-1.749371315645));
#7781 = CARTESIAN_POINT('',(-0.895,-1.550185472774));
#7782 = CARTESIAN_POINT('',(-0.895,-1.948557158515));
#7783 = ( GEOMETRIC_REPRESENTATION_CONTEXT(2) 
PARAMETRIC_REPRESENTATION_CONTEXT() REPRESENTATION_CONTEXT('2D SPACE',''
  ) );
#7784 = PCURVE('',#7785,#7790);
#7785 = CYLINDRICAL_SURFACE('',#7786,0.23);
#7786 = AXIS2_PLACEMENT_3D('',#7787,#7788,#7789);
#7787 = CARTESIAN_POINT('',(-40.,-1.125,-1.948557158515));
#7788 = DIRECTION('',(-1.,-0.,-0.));
#7789 = DIRECTION('',(0.,1.,0.));
#7790 = DEFINITIONAL_REPRESENTATION('',(#7791),#7795);
#7791 = LINE('',#7792,#7793);
#7792 = CARTESIAN_POINT('',(-6.28318530718,-13.));
#7793 = VECTOR('',#7794,1.);
#7794 = DIRECTION('',(1.,-0.));
#7795 = ( GEOMETRIC_REPRESENTATION_CONTEXT(2) 
PARAMETRIC_REPRESENTATION_CONTEXT() REPRESENTATION_CONTEXT('2D SPACE',''
  ) );
#7796 = FACE_BOUND('',#7797,.F.);
#7797 = EDGE_LOOP('',(#7798));
#7798 = ORIENTED_EDGE('',*,*,#7799,.F.);
#7799 = EDGE_CURVE('',#7800,#7800,#7802,.T.);
#7800 = VERTEX_POINT('',#7801);
#7801 = CARTESIAN_POINT('',(-27.,2.48,0.));
#7802 = SURFACE_CURVE('',#7803,(#7808,#7819),.PCURVE_S1.);
#7803 = CIRCLE('',#7804,0.23);
#7804 = AXIS2_PLACEMENT_3D('',#7805,#7806,#7807);
#7805 = CARTESIAN_POINT('',(-27.,2.25,0.));
#7806 = DIRECTION('',(-1.,0.,0.));
#7807 = DIRECTION('',(0.,1.,0.));
#7808 = PCURVE('',#7703,#7809);
#7809 = DEFINITIONAL_REPRESENTATION('',(#7810),#7818);
#7810 = ( BOUNDED_CURVE() B_SPLINE_CURVE(2,(#7811,#7812,#7813,#7814,
#7815,#7816,#7817),.UNSPECIFIED.,.T.,.F.) B_SPLINE_CURVE_WITH_KNOTS((1,2
    ,2,2,2,1),(-2.094395102393,0.,2.094395102393,4.188790204786,
6.28318530718,8.377580409573),.UNSPECIFIED.) CURVE() 
GEOMETRIC_REPRESENTATION_ITEM() RATIONAL_B_SPLINE_CURVE((1.,0.5,1.,0.5,
1.,0.5,1.)) REPRESENTATION_ITEM('') );
#7811 = CARTESIAN_POINT('',(2.48,0.));
#7812 = CARTESIAN_POINT('',(2.48,-0.398371685741));
#7813 = CARTESIAN_POINT('',(2.135,-0.19918584287));
#7814 = CARTESIAN_POINT('',(1.79,-5.633375276078E-17));
#7815 = CARTESIAN_POINT('',(2.135,0.19918584287));
#7816 = CARTESIAN_POINT('',(2.48,0.398371685741));
#7817 = CARTESIAN_POINT('',(2.48,0.));
#7818 = ( GEOMETRIC_REPRESENTATION_CONTEXT(2) 
PARAMETRIC_REPRESENTATION_CONTEXT() REPRESENTATION_CONTEXT('2D SPACE',''
  ) );
#7819 = PCURVE('',#7820,#7825);
#7820 = CYLINDRICAL_SURFACE('',#7821,0.23);
#7821 = AXIS2_PLACEMENT_3D('',#7822,#7823,#7824);
#7822 = CARTESIAN_POINT('',(-40.,2.25,0.));
#7823 = DIRECTION('',(-1.,-0.,-0.));
#7824 = DIRECTION('',(0.,1.,0.));
#7825 = DEFINITIONAL_REPRESENTATION('',(#7826),#7830);
#7826 = LINE('',#7827,#7828);
#7827 = CARTESIAN_POINT('',(-6.28318530718,-13.));
#7828 = VECTOR('',#7829,1.);
#7829 = DIRECTION('',(1.,-0.));
#7830 = ( GEOMETRIC_REPRESENTATION_CONTEXT(2) 
PARAMETRIC_REPRESENTATION_CONTEXT() REPRESENTATION_CONTEXT('2D SPACE',''
  ) );
#7831 = FACE_BOUND('',#7832,.F.);
#7832 = EDGE_LOOP('',(#7833));
#7833 = ORIENTED_EDGE('',*,*,#7834,.F.);
#7834 = EDGE_CURVE('',#7835,#7835,#7837,.T.);
#7835 = VERTEX_POINT('',#7836);
#7836 = CARTESIAN_POINT('',(-27.,1.355,1.948557158515));
#7837 = SURFACE_CURVE('',#7838,(#7843,#7854),.PCURVE_S1.);
#7838 = CIRCLE('',#7839,0.23);
#7839 = AXIS2_PLACEMENT_3D('',#7840,#7841,#7842);
#7840 = CARTESIAN_POINT('',(-27.,1.125,1.948557158515));
#7841 = DIRECTION('',(-1.,0.,0.));
#7842 = DIRECTION('',(0.,1.,0.));
#7843 = PCURVE('',#7703,#7844);
#7844 = DEFINITIONAL_REPRESENTATION('',(#7845),#7853);
#7845 = ( BOUNDED_CURVE() B_SPLINE_CURVE(2,(#7846,#7847,#7848,#7849,
#7850,#7851,#7852),.UNSPECIFIED.,.T.,.F.) B_SPLINE_CURVE_WITH_KNOTS((1,2
    ,2,2,2,1),(-2.094395102393,0.,2.094395102393,4.188790204786,
6.28318530718,8.377580409573),.UNSPECIFIED.) CURVE() 
GEOMETRIC_REPRESENTATION_ITEM() RATIONAL_B_SPLINE_CURVE((1.,0.5,1.,0.5,
1.,0.5,1.)) REPRESENTATION_ITEM('') );
#7846 = CARTESIAN_POINT('',(1.355,1.948557158515));
#7847 = CARTESIAN_POINT('',(1.355,1.550185472774));
#7848 = CARTESIAN_POINT('',(1.01,1.749371315645));
#7849 = CARTESIAN_POINT('',(0.665,1.948557158515));
#7850 = CARTESIAN_POINT('',(1.01,2.147743001385));
#7851 = CARTESIAN_POINT('',(1.355,2.346928844256));
#7852 = CARTESIAN_POINT('',(1.355,1.948557158515));
#7853 = ( GEOMETRIC_REPRESENTATION_CONTEXT(2) 
PARAMETRIC_REPRESENTATION_CONTEXT() REPRESENTATION_CONTEXT('2D SPACE',''
  ) );
#7854 = PCURVE('',#7855,#7860);
#7855 = CYLINDRICAL_SURFACE('',#7856,0.23);
#7856 = AXIS2_PLACEMENT_3D('',#7857,#7858,#7859);
#7857 = CARTESIAN_POINT('',(-40.,1.125,1.948557158515));
#7858 = DIRECTION('',(-1.,-0.,-0.));
#7859 = DIRECTION('',(0.,1.,0.));
#7860 = DEFINITIONAL_REPRESENTATION('',(#7861),#7865);
#7861 = LINE('',#7862,#7863);
#7862 = CARTESIAN_POINT('',(-6.28318530718,-13.));
#7863 = VECTOR('',#7864,1.);
#7864 = DIRECTION('',(1.,-0.));
#7865 = ( GEOMETRIC_REPRESENTATION_CONTEXT(2) 
PARAMETRIC_REPRESENTATION_CONTEXT() REPRESENTATION_CONTEXT('2D SPACE',''
  ) );
#7866 = FACE_BOUND('',#7867,.F.);
#7867 = EDGE_LOOP('',(#7868));
#7868 = ORIENTED_EDGE('',*,*,#7869,.F.);
#7869 = EDGE_CURVE('',#7870,#7870,#7872,.T.);
#7870 = VERTEX_POINT('',#7871);
#7871 = CARTESIAN_POINT('',(-27.,-2.02,2.755455298082E-16));
#7872 = SURFACE_CURVE('',#7873,(#7878,#7889),.PCURVE_S1.);
#7873 = CIRCLE('',#7874,0.23);
#7874 = AXIS2_PLACEMENT_3D('',#7875,#7876,#7877);
#7875 = CARTESIAN_POINT('',(-27.,-2.25,2.755455298082E-16));
#7876 = DIRECTION('',(-1.,0.,0.));
#7877 = DIRECTION('',(0.,1.,0.));
#7878 = PCURVE('',#7703,#7879);
#7879 = DEFINITIONAL_REPRESENTATION('',(#7880),#7888);
#7880 = ( BOUNDED_CURVE() B_SPLINE_CURVE(2,(#7881,#7882,#7883,#7884,
#7885,#7886,#7887),.UNSPECIFIED.,.T.,.F.) B_SPLINE_CURVE_WITH_KNOTS((1,2
    ,2,2,2,1),(-2.094395102393,0.,2.094395102393,4.188790204786,
6.28318530718,8.377580409573),.UNSPECIFIED.) CURVE() 
GEOMETRIC_REPRESENTATION_ITEM() RATIONAL_B_SPLINE_CURVE((1.,0.5,1.,0.5,
1.,0.5,1.)) REPRESENTATION_ITEM('') );
#7881 = CARTESIAN_POINT('',(-2.02,2.755455298082E-16));
#7882 = CARTESIAN_POINT('',(-2.02,-0.398371685741));
#7883 = CARTESIAN_POINT('',(-2.365,-0.19918584287));
#7884 = CARTESIAN_POINT('',(-2.71,2.192117770474E-16));
#7885 = CARTESIAN_POINT('',(-2.365,0.19918584287));
#7886 = CARTESIAN_POINT('',(-2.02,0.398371685741));
#7887 = CARTESIAN_POINT('',(-2.02,2.755455298082E-16));
#7888 = ( GEOMETRIC_REPRESENTATION_CONTEXT(2) 
PARAMETRIC_REPRESENTATION_CONTEXT() REPRESENTATION_CONTEXT('2D SPACE',''
  ) );
#7889 = PCURVE('',#7890,#7895);
#7890 = CYLINDRICAL_SURFACE('',#7891,0.23);
#7891 = AXIS2_PLACEMENT_3D('',#7892,#7893,#7894);
#7892 = CARTESIAN_POINT('',(-40.,-2.25,2.755455298082E-16));
#7893 = DIRECTION('',(-1.,-0.,-0.));
#7894 = DIRECTION('',(0.,1.,0.));
#7895 = DEFINITIONAL_REPRESENTATION('',(#7896),#7900);
#7896 = LINE('',#7897,#7898);
#7897 = CARTESIAN_POINT('',(-6.28318530718,-13.));
#7898 = VECTOR('',#7899,1.);
#7899 = DIRECTION('',(1.,-0.));
#7900 = ( GEOMETRIC_REPRESENTATION_CONTEXT(2) 
PARAMETRIC_REPRESENTATION_CONTEXT() REPRESENTATION_CONTEXT('2D SPACE',''
  ) );
#7901 = FACE_BOUND('',#7902,.F.);
#7902 = EDGE_LOOP('',(#7903));
#7903 = ORIENTED_EDGE('',*,*,#7904,.F.);
#7904 = EDGE_CURVE('',#7905,#7905,#7907,.T.);
#7905 = VERTEX_POINT('',#7906);
#7906 = CARTESIAN_POINT('',(-27.,-0.895,1.948557158515));
#7907 = SURFACE_CURVE('',#7908,(#7913,#7924),.PCURVE_S1.);
#7908 = CIRCLE('',#7909,0.23);
#7909 = AXIS2_PLACEMENT_3D('',#7910,#7911,#7912);
#7910 = CARTESIAN_POINT('',(-27.,-1.125,1.948557158515));
#7911 = DIRECTION('',(-1.,0.,0.));
#7912 = DIRECTION('',(0.,1.,0.));
#7913 = PCURVE('',#7703,#7914);
#7914 = DEFINITIONAL_REPRESENTATION('',(#7915),#7923);
#7915 = ( BOUNDED_CURVE() B_SPLINE_CURVE(2,(#7916,#7917,#7918,#7919,
#7920,#7921,#7922),.UNSPECIFIED.,.T.,.F.) B_SPLINE_CURVE_WITH_KNOTS((1,2
    ,2,2,2,1),(-2.094395102393,0.,2.094395102393,4.188790204786,
6.28318530718,8.377580409573),.UNSPECIFIED.) CURVE() 
GEOMETRIC_REPRESENTATION_ITEM() RATIONAL_B_SPLINE_CURVE((1.,0.5,1.,0.5,
1.,0.5,1.)) REPRESENTATION_ITEM('') );
#7916 = CARTESIAN_POINT('',(-0.895,1.948557158515));
#7917 = CARTESIAN_POINT('',(-0.895,1.550185472774));
#7918 = CARTESIAN_POINT('',(-1.24,1.749371315645));
#7919 = CARTESIAN_POINT('',(-1.585,1.948557158515));
#7920 = CARTESIAN_POINT('',(-1.24,2.147743001385));
#7921 = CARTESIAN_POINT('',(-0.895,2.346928844256));
#7922 = CARTESIAN_POINT('',(-0.895,1.948557158515));
#7923 = ( GEOMETRIC_REPRESENTATION_CONTEXT(2) 
PARAMETRIC_REPRESENTATION_CONTEXT() REPRESENTATION_CONTEXT('2D SPACE',''
  ) );
#7924 = PCURVE('',#7925,#7930);
#7925 = CYLINDRICAL_SURFACE('',#7926,0.23);
#7926 = AXIS2_PLACEMENT_3D('',#7927,#7928,#7929);
#7927 = CARTESIAN_POINT('',(-40.,-1.125,1.948557158515));
#7928 = DIRECTION('',(-1.,-0.,-0.));
#7929 = DIRECTION('',(0.,1.,0.));
#7930 = DEFINITIONAL_REPRESENTATION('',(#7931),#7935);
#7931 = LINE('',#7932,#7933);
#7932 = CARTESIAN_POINT('',(-6.28318530718,-13.));
#7933 = VECTOR('',#7934,1.);
#7934 = DIRECTION('',(1.,-0.));
#7935 = ( GEOMETRIC_REPRESENTATION_CONTEXT(2) 
PARAMETRIC_REPRESENTATION_CONTEXT() REPRESENTATION_CONTEXT('2D SPACE',''
  ) );
#7936 = ADVANCED_FACE('',(#7937),#7715,.T.);
#7937 = FACE_BOUND('',#7938,.F.);
#7938 = EDGE_LOOP('',(#7939,#7940,#7963,#7990));
#7939 = ORIENTED_EDGE('',*,*,#7693,.T.);
#7940 = ORIENTED_EDGE('',*,*,#7941,.T.);
#7941 = EDGE_CURVE('',#7694,#7942,#7944,.T.);
#7942 = VERTEX_POINT('',#7943);
#7943 = CARTESIAN_POINT('',(-32.,4.,0.));
#7944 = SEAM_CURVE('',#7945,(#7949,#7956),.PCURVE_S1.);
#7945 = LINE('',#7946,#7947);
#7946 = CARTESIAN_POINT('',(-27.,4.,0.));
#7947 = VECTOR('',#7948,1.);
#7948 = DIRECTION('',(-1.,0.,0.));
#7949 = PCURVE('',#7715,#7950);
#7950 = DEFINITIONAL_REPRESENTATION('',(#7951),#7955);
#7951 = LINE('',#7952,#7953);
#7952 = CARTESIAN_POINT('',(-0.,0.));
#7953 = VECTOR('',#7954,1.);
#7954 = DIRECTION('',(-0.,1.));
#7955 = ( GEOMETRIC_REPRESENTATION_CONTEXT(2) 
PARAMETRIC_REPRESENTATION_CONTEXT() REPRESENTATION_CONTEXT('2D SPACE',''
  ) );
#7956 = PCURVE('',#7715,#7957);
#7957 = DEFINITIONAL_REPRESENTATION('',(#7958),#7962);
#7958 = LINE('',#7959,#7960);
#7959 = CARTESIAN_POINT('',(-6.28318530718,0.));
#7960 = VECTOR('',#7961,1.);
#7961 = DIRECTION('',(-0.,1.));
#7962 = ( GEOMETRIC_REPRESENTATION_CONTEXT(2) 
PARAMETRIC_REPRESENTATION_CONTEXT() REPRESENTATION_CONTEXT('2D SPACE',''
  ) );
#7963 = ORIENTED_EDGE('',*,*,#7964,.F.);
#7964 = EDGE_CURVE('',#7942,#7942,#7965,.T.);
#7965 = SURFACE_CURVE('',#7966,(#7971,#7978),.PCURVE_S1.);
#7966 = CIRCLE('',#7967,4.);
#7967 = AXIS2_PLACEMENT_3D('',#7968,#7969,#7970);
#7968 = CARTESIAN_POINT('',(-32.,0.,0.));
#7969 = DIRECTION('',(1.,0.,0.));
#7970 = DIRECTION('',(-0.,1.,0.));
#7971 = PCURVE('',#7715,#7972);
#7972 = DEFINITIONAL_REPRESENTATION('',(#7973),#7977);
#7973 = LINE('',#7974,#7975);
#7974 = CARTESIAN_POINT('',(-0.,5.));
#7975 = VECTOR('',#7976,1.);
#7976 = DIRECTION('',(-1.,0.));
#7977 = ( GEOMETRIC_REPRESENTATION_CONTEXT(2) 
PARAMETRIC_REPRESENTATION_CONTEXT() REPRESENTATION_CONTEXT('2D SPACE',''
  ) );
#7978 = PCURVE('',#7979,#7984);
#7979 = PLANE('',#7980);
#7980 = AXIS2_PLACEMENT_3D('',#7981,#7982,#7983);
#7981 = CARTESIAN_POINT('',(-32.,0.,0.));
#7982 = DIRECTION('',(1.,0.,0.));
#7983 = DIRECTION('',(-0.,1.,0.));
#7984 = DEFINITIONAL_REPRESENTATION('',(#7985),#7989);
#7985 = CIRCLE('',#7986,4.);
#7986 = AXIS2_PLACEMENT_2D('',#7987,#7988);
#7987 = CARTESIAN_POINT('',(0.,0.));
#7988 = DIRECTION('',(1.,0.));
#7989 = ( GEOMETRIC_REPRESENTATION_CONTEXT(2) 
PARAMETRIC_REPRESENTATION_CONTEXT() REPRESENTATION_CONTEXT('2D SPACE',''
  ) );
#7990 = ORIENTED_EDGE('',*,*,#7941,.F.);
#7991 = ADVANCED_FACE('',(#7992),#7750,.T.);
#7992 = FACE_BOUND('',#7993,.F.);
#7993 = EDGE_LOOP('',(#7994,#7995,#8018,#8045));
#7994 = ORIENTED_EDGE('',*,*,#7729,.T.);
#7995 = ORIENTED_EDGE('',*,*,#7996,.T.);
#7996 = EDGE_CURVE('',#7730,#7997,#7999,.T.);
#7997 = VERTEX_POINT('',#7998);
#7998 = CARTESIAN_POINT('',(27.5,1.355,-1.948557158515));
#7999 = SEAM_CURVE('',#8000,(#8004,#8011),.PCURVE_S1.);
#8000 = LINE('',#8001,#8002);
#8001 = CARTESIAN_POINT('',(-40.,1.355,-1.948557158515));
#8002 = VECTOR('',#8003,1.);
#8003 = DIRECTION('',(1.,0.,0.));
#8004 = PCURVE('',#7750,#8005);
#8005 = DEFINITIONAL_REPRESENTATION('',(#8006),#8010);
#8006 = LINE('',#8007,#8008);
#8007 = CARTESIAN_POINT('',(-6.28318530718,0.));
#8008 = VECTOR('',#8009,1.);
#8009 = DIRECTION('',(-0.,-1.));
#8010 = ( GEOMETRIC_REPRESENTATION_CONTEXT(2) 
PARAMETRIC_REPRESENTATION_CONTEXT() REPRESENTATION_CONTEXT('2D SPACE',''
  ) );
#8011 = PCURVE('',#7750,#8012);
#8012 = DEFINITIONAL_REPRESENTATION('',(#8013),#8017);
#8013 = LINE('',#8014,#8015);
#8014 = CARTESIAN_POINT('',(-0.,0.));
#8015 = VECTOR('',#8016,1.);
#8016 = DIRECTION('',(-0.,-1.));
#8017 = ( GEOMETRIC_REPRESENTATION_CONTEXT(2) 
PARAMETRIC_REPRESENTATION_CONTEXT() REPRESENTATION_CONTEXT('2D SPACE',''
  ) );
#8018 = ORIENTED_EDGE('',*,*,#8019,.T.);
#8019 = EDGE_CURVE('',#7997,#7997,#8020,.T.);
#8020 = SURFACE_CURVE('',#8021,(#8026,#8033),.PCURVE_S1.);
#8021 = CIRCLE('',#8022,0.23);
#8022 = AXIS2_PLACEMENT_3D('',#8023,#8024,#8025);
#8023 = CARTESIAN_POINT('',(27.5,1.125,-1.948557158515));
#8024 = DIRECTION('',(1.,0.,0.));
#8025 = DIRECTION('',(0.,1.,0.));
#8026 = PCURVE('',#7750,#8027);
#8027 = DEFINITIONAL_REPRESENTATION('',(#8028),#8032);
#8028 = LINE('',#8029,#8030);
#8029 = CARTESIAN_POINT('',(-0.,-67.5));
#8030 = VECTOR('',#8031,1.);
#8031 = DIRECTION('',(-1.,0.));
#8032 = ( GEOMETRIC_REPRESENTATION_CONTEXT(2) 
PARAMETRIC_REPRESENTATION_CONTEXT() REPRESENTATION_CONTEXT('2D SPACE',''
  ) );
#8033 = PCURVE('',#8034,#8039);
#8034 = PLANE('',#8035);
#8035 = AXIS2_PLACEMENT_3D('',#8036,#8037,#8038);
#8036 = CARTESIAN_POINT('',(27.5,1.125,-1.948557158515));
#8037 = DIRECTION('',(1.,0.,0.));
#8038 = DIRECTION('',(-0.,0.,1.));
#8039 = DEFINITIONAL_REPRESENTATION('',(#8040),#8044);
#8040 = CIRCLE('',#8041,0.23);
#8041 = AXIS2_PLACEMENT_2D('',#8042,#8043);
#8042 = CARTESIAN_POINT('',(-2.22044604925E-16,0.));
#8043 = DIRECTION('',(0.,-1.));
#8044 = ( GEOMETRIC_REPRESENTATION_CONTEXT(2) 
PARAMETRIC_REPRESENTATION_CONTEXT() REPRESENTATION_CONTEXT('2D SPACE',''
  ) );
#8045 = ORIENTED_EDGE('',*,*,#7996,.F.);
#8046 = ADVANCED_FACE('',(#8047),#7785,.T.);
#8047 = FACE_BOUND('',#8048,.F.);
#8048 = EDGE_LOOP('',(#8049,#8050,#8073,#8100));
#8049 = ORIENTED_EDGE('',*,*,#7764,.T.);
#8050 = ORIENTED_EDGE('',*,*,#8051,.T.);
#8051 = EDGE_CURVE('',#7765,#8052,#8054,.T.);
#8052 = VERTEX_POINT('',#8053);
#8053 = CARTESIAN_POINT('',(27.5,-0.895,-1.948557158515));
#8054 = SEAM_CURVE('',#8055,(#8059,#8066),.PCURVE_S1.);
#8055 = LINE('',#8056,#8057);
#8056 = CARTESIAN_POINT('',(-40.,-0.895,-1.948557158515));
#8057 = VECTOR('',#8058,1.);
#8058 = DIRECTION('',(1.,0.,0.));
#8059 = PCURVE('',#7785,#8060);
#8060 = DEFINITIONAL_REPRESENTATION('',(#8061),#8065);
#8061 = LINE('',#8062,#8063);
#8062 = CARTESIAN_POINT('',(-6.28318530718,0.));
#8063 = VECTOR('',#8064,1.);
#8064 = DIRECTION('',(-0.,-1.));
#8065 = ( GEOMETRIC_REPRESENTATION_CONTEXT(2) 
PARAMETRIC_REPRESENTATION_CONTEXT() REPRESENTATION_CONTEXT('2D SPACE',''
  ) );
#8066 = PCURVE('',#7785,#8067);
#8067 = DEFINITIONAL_REPRESENTATION('',(#8068),#8072);
#8068 = LINE('',#8069,#8070);
#8069 = CARTESIAN_POINT('',(-0.,0.));
#8070 = VECTOR('',#8071,1.);
#8071 = DIRECTION('',(-0.,-1.));
#8072 = ( GEOMETRIC_REPRESENTATION_CONTEXT(2) 
PARAMETRIC_REPRESENTATION_CONTEXT() REPRESENTATION_CONTEXT('2D SPACE',''
  ) );
#8073 = ORIENTED_EDGE('',*,*,#8074,.T.);
#8074 = EDGE_CURVE('',#8052,#8052,#8075,.T.);
#8075 = SURFACE_CURVE('',#8076,(#8081,#8088),.PCURVE_S1.);
#8076 = CIRCLE('',#8077,0.23);
#8077 = AXIS2_PLACEMENT_3D('',#8078,#8079,#8080);
#8078 = CARTESIAN_POINT('',(27.5,-1.125,-1.948557158515));
#8079 = DIRECTION('',(1.,0.,0.));
#8080 = DIRECTION('',(0.,1.,0.));
#8081 = PCURVE('',#7785,#8082);
#8082 = DEFINITIONAL_REPRESENTATION('',(#8083),#8087);
#8083 = LINE('',#8084,#8085);
#8084 = CARTESIAN_POINT('',(-0.,-67.5));
#8085 = VECTOR('',#8086,1.);
#8086 = DIRECTION('',(-1.,0.));
#8087 = ( GEOMETRIC_REPRESENTATION_CONTEXT(2) 
PARAMETRIC_REPRESENTATION_CONTEXT() REPRESENTATION_CONTEXT('2D SPACE',''
  ) );
#8088 = PCURVE('',#8089,#8094);
#8089 = PLANE('',#8090);
#8090 = AXIS2_PLACEMENT_3D('',#8091,#8092,#8093);
#8091 = CARTESIAN_POINT('',(27.5,-1.125,-1.948557158515));
#8092 = DIRECTION('',(1.,0.,0.));
#8093 = DIRECTION('',(-0.,0.,1.));
#8094 = DEFINITIONAL_REPRESENTATION('',(#8095),#8099);
#8095 = CIRCLE('',#8096,0.23);
#8096 = AXIS2_PLACEMENT_2D('',#8097,#8098);
#8097 = CARTESIAN_POINT('',(2.22044604925E-16,-2.22044604925E-16));
#8098 = DIRECTION('',(0.,-1.));
#8099 = ( GEOMETRIC_REPRESENTATION_CONTEXT(2) 
PARAMETRIC_REPRESENTATION_CONTEXT() REPRESENTATION_CONTEXT('2D SPACE',''
  ) );
#8100 = ORIENTED_EDGE('',*,*,#8051,.F.);
#8101 = ADVANCED_FACE('',(#8102),#7820,.T.);
#8102 = FACE_BOUND('',#8103,.F.);
#8103 = EDGE_LOOP('',(#8104,#8105,#8128,#8155));
#8104 = ORIENTED_EDGE('',*,*,#7799,.T.);
#8105 = ORIENTED_EDGE('',*,*,#8106,.T.);
#8106 = EDGE_CURVE('',#7800,#8107,#8109,.T.);
#8107 = VERTEX_POINT('',#8108);
#8108 = CARTESIAN_POINT('',(27.5,2.48,0.));
#8109 = SEAM_CURVE('',#8110,(#8114,#8121),.PCURVE_S1.);
#8110 = LINE('',#8111,#8112);
#8111 = CARTESIAN_POINT('',(-40.,2.48,0.));
#8112 = VECTOR('',#8113,1.);
#8113 = DIRECTION('',(1.,0.,0.));
#8114 = PCURVE('',#7820,#8115);
#8115 = DEFINITIONAL_REPRESENTATION('',(#8116),#8120);
#8116 = LINE('',#8117,#8118);
#8117 = CARTESIAN_POINT('',(-6.28318530718,0.));
#8118 = VECTOR('',#8119,1.);
#8119 = DIRECTION('',(-0.,-1.));
#8120 = ( GEOMETRIC_REPRESENTATION_CONTEXT(2) 
PARAMETRIC_REPRESENTATION_CONTEXT() REPRESENTATION_CONTEXT('2D SPACE',''
  ) );
#8121 = PCURVE('',#7820,#8122);
#8122 = DEFINITIONAL_REPRESENTATION('',(#8123),#8127);
#8123 = LINE('',#8124,#8125);
#8124 = CARTESIAN_POINT('',(-0.,0.));
#8125 = VECTOR('',#8126,1.);
#8126 = DIRECTION('',(-0.,-1.));
#8127 = ( GEOMETRIC_REPRESENTATION_CONTEXT(2) 
PARAMETRIC_REPRESENTATION_CONTEXT() REPRESENTATION_CONTEXT('2D SPACE',''
  ) );
#8128 = ORIENTED_EDGE('',*,*,#8129,.T.);
#8129 = EDGE_CURVE('',#8107,#8107,#8130,.T.);
#8130 = SURFACE_CURVE('',#8131,(#8136,#8143),.PCURVE_S1.);
#8131 = CIRCLE('',#8132,0.23);
#8132 = AXIS2_PLACEMENT_3D('',#8133,#8134,#8135);
#8133 = CARTESIAN_POINT('',(27.5,2.25,0.));
#8134 = DIRECTION('',(1.,0.,0.));
#8135 = DIRECTION('',(0.,1.,0.));
#8136 = PCURVE('',#7820,#8137);
#8137 = DEFINITIONAL_REPRESENTATION('',(#8138),#8142);
#8138 = LINE('',#8139,#8140);
#8139 = CARTESIAN_POINT('',(-0.,-67.5));
#8140 = VECTOR('',#8141,1.);
#8141 = DIRECTION('',(-1.,0.));
#8142 = ( GEOMETRIC_REPRESENTATION_CONTEXT(2) 
PARAMETRIC_REPRESENTATION_CONTEXT() REPRESENTATION_CONTEXT('2D SPACE',''
  ) );
#8143 = PCURVE('',#8144,#8149);
#8144 = PLANE('',#8145);
#8145 = AXIS2_PLACEMENT_3D('',#8146,#8147,#8148);
#8146 = CARTESIAN_POINT('',(27.5,2.25,-9.388958793463E-18));
#8147 = DIRECTION('',(1.,0.,0.));
#8148 = DIRECTION('',(-0.,0.,1.));
#8149 = DEFINITIONAL_REPRESENTATION('',(#8150),#8154);
#8150 = CIRCLE('',#8151,0.23);
#8151 = AXIS2_PLACEMENT_2D('',#8152,#8153);
#8152 = CARTESIAN_POINT('',(9.388958793463E-18,0.));
#8153 = DIRECTION('',(0.,-1.));
#8154 = ( GEOMETRIC_REPRESENTATION_CONTEXT(2) 
PARAMETRIC_REPRESENTATION_CONTEXT() REPRESENTATION_CONTEXT('2D SPACE',''
  ) );
#8155 = ORIENTED_EDGE('',*,*,#8106,.F.);
#8156 = ADVANCED_FACE('',(#8157),#7855,.T.);
#8157 = FACE_BOUND('',#8158,.F.);
#8158 = EDGE_LOOP('',(#8159,#8160,#8183,#8210));
#8159 = ORIENTED_EDGE('',*,*,#7834,.T.);
#8160 = ORIENTED_EDGE('',*,*,#8161,.T.);
#8161 = EDGE_CURVE('',#7835,#8162,#8164,.T.);
#8162 = VERTEX_POINT('',#8163);
#8163 = CARTESIAN_POINT('',(27.5,1.355,1.948557158515));
#8164 = SEAM_CURVE('',#8165,(#8169,#8176),.PCURVE_S1.);
#8165 = LINE('',#8166,#8167);
#8166 = CARTESIAN_POINT('',(-40.,1.355,1.948557158515));
#8167 = VECTOR('',#8168,1.);
#8168 = DIRECTION('',(1.,0.,0.));
#8169 = PCURVE('',#7855,#8170);
#8170 = DEFINITIONAL_REPRESENTATION('',(#8171),#8175);
#8171 = LINE('',#8172,#8173);
#8172 = CARTESIAN_POINT('',(-6.28318530718,0.));
#8173 = VECTOR('',#8174,1.);
#8174 = DIRECTION('',(-0.,-1.));
#8175 = ( GEOMETRIC_REPRESENTATION_CONTEXT(2) 
PARAMETRIC_REPRESENTATION_CONTEXT() REPRESENTATION_CONTEXT('2D SPACE',''
  ) );
#8176 = PCURVE('',#7855,#8177);
#8177 = DEFINITIONAL_REPRESENTATION('',(#8178),#8182);
#8178 = LINE('',#8179,#8180);
#8179 = CARTESIAN_POINT('',(-0.,0.));
#8180 = VECTOR('',#8181,1.);
#8181 = DIRECTION('',(-0.,-1.));
#8182 = ( GEOMETRIC_REPRESENTATION_CONTEXT(2) 
PARAMETRIC_REPRESENTATION_CONTEXT() REPRESENTATION_CONTEXT('2D SPACE',''
  ) );
#8183 = ORIENTED_EDGE('',*,*,#8184,.T.);
#8184 = EDGE_CURVE('',#8162,#8162,#8185,.T.);
#8185 = SURFACE_CURVE('',#8186,(#8191,#8198),.PCURVE_S1.);
#8186 = CIRCLE('',#8187,0.23);
#8187 = AXIS2_PLACEMENT_3D('',#8188,#8189,#8190);
#8188 = CARTESIAN_POINT('',(27.5,1.125,1.948557158515));
#8189 = DIRECTION('',(1.,0.,0.));
#8190 = DIRECTION('',(0.,1.,0.));
#8191 = PCURVE('',#7855,#8192);
#8192 = DEFINITIONAL_REPRESENTATION('',(#8193),#8197);
#8193 = LINE('',#8194,#8195);
#8194 = CARTESIAN_POINT('',(-0.,-67.5));
#8195 = VECTOR('',#8196,1.);
#8196 = DIRECTION('',(-1.,0.));
#8197 = ( GEOMETRIC_REPRESENTATION_CONTEXT(2) 
PARAMETRIC_REPRESENTATION_CONTEXT() REPRESENTATION_CONTEXT('2D SPACE',''
  ) );
#8198 = PCURVE('',#8199,#8204);
#8199 = PLANE('',#8200);
#8200 = AXIS2_PLACEMENT_3D('',#8201,#8202,#8203);
#8201 = CARTESIAN_POINT('',(27.5,1.125,1.948557158515));
#8202 = DIRECTION('',(1.,0.,0.));
#8203 = DIRECTION('',(-0.,0.,1.));
#8204 = DEFINITIONAL_REPRESENTATION('',(#8205),#8209);
#8205 = CIRCLE('',#8206,0.23);
#8206 = AXIS2_PLACEMENT_2D('',#8207,#8208);
#8207 = CARTESIAN_POINT('',(0.,0.));
#8208 = DIRECTION('',(0.,-1.));
#8209 = ( GEOMETRIC_REPRESENTATION_CONTEXT(2) 
PARAMETRIC_REPRESENTATION_CONTEXT() REPRESENTATION_CONTEXT('2D SPACE',''
  ) );
#8210 = ORIENTED_EDGE('',*,*,#8161,.F.);
#8211 = ADVANCED_FACE('',(#8212),#7890,.T.);
#8212 = FACE_BOUND('',#8213,.F.);
#8213 = EDGE_LOOP('',(#8214,#8215,#8238,#8265));
#8214 = ORIENTED_EDGE('',*,*,#7869,.T.);
#8215 = ORIENTED_EDGE('',*,*,#8216,.T.);
#8216 = EDGE_CURVE('',#7870,#8217,#8219,.T.);
#8217 = VERTEX_POINT('',#8218);
#8218 = CARTESIAN_POINT('',(27.5,-2.02,2.755455298082E-16));
#8219 = SEAM_CURVE('',#8220,(#8224,#8231),.PCURVE_S1.);
#8220 = LINE('',#8221,#8222);
#8221 = CARTESIAN_POINT('',(-40.,-2.02,2.755455298082E-16));
#8222 = VECTOR('',#8223,1.);
#8223 = DIRECTION('',(1.,0.,0.));
#8224 = PCURVE('',#7890,#8225);
#8225 = DEFINITIONAL_REPRESENTATION('',(#8226),#8230);
#8226 = LINE('',#8227,#8228);
#8227 = CARTESIAN_POINT('',(-6.28318530718,0.));
#8228 = VECTOR('',#8229,1.);
#8229 = DIRECTION('',(-0.,-1.));
#8230 = ( GEOMETRIC_REPRESENTATION_CONTEXT(2) 
PARAMETRIC_REPRESENTATION_CONTEXT() REPRESENTATION_CONTEXT('2D SPACE',''
  ) );
#8231 = PCURVE('',#7890,#8232);
#8232 = DEFINITIONAL_REPRESENTATION('',(#8233),#8237);
#8233 = LINE('',#8234,#8235);
#8234 = CARTESIAN_POINT('',(-0.,0.));
#8235 = VECTOR('',#8236,1.);
#8236 = DIRECTION('',(-0.,-1.));
#8237 = ( GEOMETRIC_REPRESENTATION_CONTEXT(2) 
PARAMETRIC_REPRESENTATION_CONTEXT() REPRESENTATION_CONTEXT('2D SPACE',''
  ) );
#8238 = ORIENTED_EDGE('',*,*,#8239,.T.);
#8239 = EDGE_CURVE('',#8217,#8217,#8240,.T.);
#8240 = SURFACE_CURVE('',#8241,(#8246,#8253),.PCURVE_S1.);
#8241 = CIRCLE('',#8242,0.23);
#8242 = AXIS2_PLACEMENT_3D('',#8243,#8244,#8245);
#8243 = CARTESIAN_POINT('',(27.5,-2.25,2.755455298082E-16));
#8244 = DIRECTION('',(1.,0.,0.));
#8245 = DIRECTION('',(0.,1.,0.));
#8246 = PCURVE('',#7890,#8247);
#8247 = DEFINITIONAL_REPRESENTATION('',(#8248),#8252);
#8248 = LINE('',#8249,#8250);
#8249 = CARTESIAN_POINT('',(-0.,-67.5));
#8250 = VECTOR('',#8251,1.);
#8251 = DIRECTION('',(-1.,0.));
#8252 = ( GEOMETRIC_REPRESENTATION_CONTEXT(2) 
PARAMETRIC_REPRESENTATION_CONTEXT() REPRESENTATION_CONTEXT('2D SPACE',''
  ) );
#8253 = PCURVE('',#8254,#8259);
#8254 = PLANE('',#8255);
#8255 = AXIS2_PLACEMENT_3D('',#8256,#8257,#8258);
#8256 = CARTESIAN_POINT('',(27.5,-2.25,2.687771665107E-16));
#8257 = DIRECTION('',(1.,0.,0.));
#8258 = DIRECTION('',(-0.,0.,1.));
#8259 = DEFINITIONAL_REPRESENTATION('',(#8260),#8264);
#8260 = CIRCLE('',#8261,0.23);
#8261 = AXIS2_PLACEMENT_2D('',#8262,#8263);
#8262 = CARTESIAN_POINT('',(6.768363297413E-18,0.));
#8263 = DIRECTION('',(0.,-1.));
#8264 = ( GEOMETRIC_REPRESENTATION_CONTEXT(2) 
PARAMETRIC_REPRESENTATION_CONTEXT() REPRESENTATION_CONTEXT('2D SPACE',''
  ) );
#8265 = ORIENTED_EDGE('',*,*,#8216,.F.);
#8266 = ADVANCED_FACE('',(#8267),#7925,.T.);
#8267 = FACE_BOUND('',#8268,.F.);
#8268 = EDGE_LOOP('',(#8269,#8270,#8293,#8320));
#8269 = ORIENTED_EDGE('',*,*,#7904,.T.);
#8270 = ORIENTED_EDGE('',*,*,#8271,.T.);
#8271 = EDGE_CURVE('',#7905,#8272,#8274,.T.);
#8272 = VERTEX_POINT('',#8273);
#8273 = CARTESIAN_POINT('',(27.5,-0.895,1.948557158515));
#8274 = SEAM_CURVE('',#8275,(#8279,#8286),.PCURVE_S1.);
#8275 = LINE('',#8276,#8277);
#8276 = CARTESIAN_POINT('',(-40.,-0.895,1.948557158515));
#8277 = VECTOR('',#8278,1.);
#8278 = DIRECTION('',(1.,0.,0.));
#8279 = PCURVE('',#7925,#8280);
#8280 = DEFINITIONAL_REPRESENTATION('',(#8281),#8285);
#8281 = LINE('',#8282,#8283);
#8282 = CARTESIAN_POINT('',(-6.28318530718,0.));
#8283 = VECTOR('',#8284,1.);
#8284 = DIRECTION('',(-0.,-1.));
#8285 = ( GEOMETRIC_REPRESENTATION_CONTEXT(2) 
PARAMETRIC_REPRESENTATION_CONTEXT() REPRESENTATION_CONTEXT('2D SPACE',''
  ) );
#8286 = PCURVE('',#7925,#8287);
#8287 = DEFINITIONAL_REPRESENTATION('',(#8288),#8292);
#8288 = LINE('',#8289,#8290);
#8289 = CARTESIAN_POINT('',(-0.,0.));
#8290 = VECTOR('',#8291,1.);
#8291 = DIRECTION('',(-0.,-1.));
#8292 = ( GEOMETRIC_REPRESENTATION_CONTEXT(2) 
PARAMETRIC_REPRESENTATION_CONTEXT() REPRESENTATION_CONTEXT('2D SPACE',''
  ) );
#8293 = ORIENTED_EDGE('',*,*,#8294,.T.);
#8294 = EDGE_CURVE('',#8272,#8272,#8295,.T.);
#8295 = SURFACE_CURVE('',#8296,(#8301,#8308),.PCURVE_S1.);
#8296 = CIRCLE('',#8297,0.23);
#8297 = AXIS2_PLACEMENT_3D('',#8298,#8299,#8300);
#8298 = CARTESIAN_POINT('',(27.5,-1.125,1.948557158515));
#8299 = DIRECTION('',(1.,0.,0.));
#8300 = DIRECTION('',(0.,1.,0.));
#8301 = PCURVE('',#7925,#8302);
#8302 = DEFINITIONAL_REPRESENTATION('',(#8303),#8307);
#8303 = LINE('',#8304,#8305);
#8304 = CARTESIAN_POINT('',(-0.,-67.5));
#8305 = VECTOR('',#8306,1.);
#8306 = DIRECTION('',(-1.,0.));
#8307 = ( GEOMETRIC_REPRESENTATION_CONTEXT(2) 
PARAMETRIC_REPRESENTATION_CONTEXT() REPRESENTATION_CONTEXT('2D SPACE',''
  ) );
#8308 = PCURVE('',#8309,#8314);
#8309 = PLANE('',#8310);
#8310 = AXIS2_PLACEMENT_3D('',#8311,#8312,#8313);
#8311 = CARTESIAN_POINT('',(27.5,-1.125,1.948557158515));
#8312 = DIRECTION('',(1.,0.,0.));
#8313 = DIRECTION('',(-0.,0.,1.));
#8314 = DEFINITIONAL_REPRESENTATION('',(#8315),#8319);
#8315 = CIRCLE('',#8316,0.23);
#8316 = AXIS2_PLACEMENT_2D('',#8317,#8318);
#8317 = CARTESIAN_POINT('',(0.,-2.22044604925E-16));
#8318 = DIRECTION('',(0.,-1.));
#8319 = ( GEOMETRIC_REPRESENTATION_CONTEXT(2) 
PARAMETRIC_REPRESENTATION_CONTEXT() REPRESENTATION_CONTEXT('2D SPACE',''
  ) );
#8320 = ORIENTED_EDGE('',*,*,#8271,.F.);
#8321 = ADVANCED_FACE('',(#8322,#8325,#8360,#8395,#8430,#8465,#8500),
  #7979,.F.);
#8322 = FACE_BOUND('',#8323,.F.);
#8323 = EDGE_LOOP('',(#8324));
#8324 = ORIENTED_EDGE('',*,*,#7964,.T.);
#8325 = FACE_BOUND('',#8326,.F.);
#8326 = EDGE_LOOP('',(#8327));
#8327 = ORIENTED_EDGE('',*,*,#8328,.T.);
#8328 = EDGE_CURVE('',#8329,#8329,#8331,.T.);
#8329 = VERTEX_POINT('',#8330);
#8330 = CARTESIAN_POINT('',(-32.,-0.895,-1.948557158515));
#8331 = SURFACE_CURVE('',#8332,(#8337,#8348),.PCURVE_S1.);
#8332 = CIRCLE('',#8333,0.23);
#8333 = AXIS2_PLACEMENT_3D('',#8334,#8335,#8336);
#8334 = CARTESIAN_POINT('',(-32.,-1.125,-1.948557158515));
#8335 = DIRECTION('',(-1.,0.,0.));
#8336 = DIRECTION('',(0.,1.,0.));
#8337 = PCURVE('',#7979,#8338);
#8338 = DEFINITIONAL_REPRESENTATION('',(#8339),#8347);
#8339 = ( BOUNDED_CURVE() B_SPLINE_CURVE(2,(#8340,#8341,#8342,#8343,
#8344,#8345,#8346),.UNSPECIFIED.,.T.,.F.) B_SPLINE_CURVE_WITH_KNOTS((1,2
    ,2,2,2,1),(-2.094395102393,0.,2.094395102393,4.188790204786,
6.28318530718,8.377580409573),.UNSPECIFIED.) CURVE() 
GEOMETRIC_REPRESENTATION_ITEM() RATIONAL_B_SPLINE_CURVE((1.,0.5,1.,0.5,
1.,0.5,1.)) REPRESENTATION_ITEM('') );
#8340 = CARTESIAN_POINT('',(-0.895,-1.948557158515));
#8341 = CARTESIAN_POINT('',(-0.895,-2.346928844256));
#8342 = CARTESIAN_POINT('',(-1.24,-2.147743001385));
#8343 = CARTESIAN_POINT('',(-1.585,-1.948557158515));
#8344 = CARTESIAN_POINT('',(-1.24,-1.749371315645));
#8345 = CARTESIAN_POINT('',(-0.895,-1.550185472774));
#8346 = CARTESIAN_POINT('',(-0.895,-1.948557158515));
#8347 = ( GEOMETRIC_REPRESENTATION_CONTEXT(2) 
PARAMETRIC_REPRESENTATION_CONTEXT() REPRESENTATION_CONTEXT('2D SPACE',''
  ) );
#8348 = PCURVE('',#8349,#8354);
#8349 = CYLINDRICAL_SURFACE('',#8350,0.23);
#8350 = AXIS2_PLACEMENT_3D('',#8351,#8352,#8353);
#8351 = CARTESIAN_POINT('',(-40.,-1.125,-1.948557158515));
#8352 = DIRECTION('',(-1.,-0.,-0.));
#8353 = DIRECTION('',(0.,1.,0.));
#8354 = DEFINITIONAL_REPRESENTATION('',(#8355),#8359);
#8355 = LINE('',#8356,#8357);
#8356 = CARTESIAN_POINT('',(-6.28318530718,-8.));
#8357 = VECTOR('',#8358,1.);
#8358 = DIRECTION('',(1.,-0.));
#8359 = ( GEOMETRIC_REPRESENTATION_CONTEXT(2) 
PARAMETRIC_REPRESENTATION_CONTEXT() REPRESENTATION_CONTEXT('2D SPACE',''
  ) );
#8360 = FACE_BOUND('',#8361,.F.);
#8361 = EDGE_LOOP('',(#8362));
#8362 = ORIENTED_EDGE('',*,*,#8363,.T.);
#8363 = EDGE_CURVE('',#8364,#8364,#8366,.T.);
#8364 = VERTEX_POINT('',#8365);
#8365 = CARTESIAN_POINT('',(-32.,1.355,-1.948557158515));
#8366 = SURFACE_CURVE('',#8367,(#8372,#8383),.PCURVE_S1.);
#8367 = CIRCLE('',#8368,0.23);
#8368 = AXIS2_PLACEMENT_3D('',#8369,#8370,#8371);
#8369 = CARTESIAN_POINT('',(-32.,1.125,-1.948557158515));
#8370 = DIRECTION('',(-1.,0.,0.));
#8371 = DIRECTION('',(0.,1.,0.));
#8372 = PCURVE('',#7979,#8373);
#8373 = DEFINITIONAL_REPRESENTATION('',(#8374),#8382);
#8374 = ( BOUNDED_CURVE() B_SPLINE_CURVE(2,(#8375,#8376,#8377,#8378,
#8379,#8380,#8381),.UNSPECIFIED.,.T.,.F.) B_SPLINE_CURVE_WITH_KNOTS((1,2
    ,2,2,2,1),(-2.094395102393,0.,2.094395102393,4.188790204786,
6.28318530718,8.377580409573),.UNSPECIFIED.) CURVE() 
GEOMETRIC_REPRESENTATION_ITEM() RATIONAL_B_SPLINE_CURVE((1.,0.5,1.,0.5,
1.,0.5,1.)) REPRESENTATION_ITEM('') );
#8375 = CARTESIAN_POINT('',(1.355,-1.948557158515));
#8376 = CARTESIAN_POINT('',(1.355,-2.346928844256));
#8377 = CARTESIAN_POINT('',(1.01,-2.147743001385));
#8378 = CARTESIAN_POINT('',(0.665,-1.948557158515));
#8379 = CARTESIAN_POINT('',(1.01,-1.749371315645));
#8380 = CARTESIAN_POINT('',(1.355,-1.550185472774));
#8381 = CARTESIAN_POINT('',(1.355,-1.948557158515));
#8382 = ( GEOMETRIC_REPRESENTATION_CONTEXT(2) 
PARAMETRIC_REPRESENTATION_CONTEXT() REPRESENTATION_CONTEXT('2D SPACE',''
  ) );
#8383 = PCURVE('',#8384,#8389);
#8384 = CYLINDRICAL_SURFACE('',#8385,0.23);
#8385 = AXIS2_PLACEMENT_3D('',#8386,#8387,#8388);
#8386 = CARTESIAN_POINT('',(-40.,1.125,-1.948557158515));
#8387 = DIRECTION('',(-1.,-0.,-0.));
#8388 = DIRECTION('',(0.,1.,0.));
#8389 = DEFINITIONAL_REPRESENTATION('',(#8390),#8394);
#8390 = LINE('',#8391,#8392);
#8391 = CARTESIAN_POINT('',(-6.28318530718,-8.));
#8392 = VECTOR('',#8393,1.);
#8393 = DIRECTION('',(1.,-0.));
#8394 = ( GEOMETRIC_REPRESENTATION_CONTEXT(2) 
PARAMETRIC_REPRESENTATION_CONTEXT() REPRESENTATION_CONTEXT('2D SPACE',''
  ) );
#8395 = FACE_BOUND('',#8396,.F.);
#8396 = EDGE_LOOP('',(#8397));
#8397 = ORIENTED_EDGE('',*,*,#8398,.T.);
#8398 = EDGE_CURVE('',#8399,#8399,#8401,.T.);
#8399 = VERTEX_POINT('',#8400);
#8400 = CARTESIAN_POINT('',(-32.,-2.02,2.755455298082E-16));
#8401 = SURFACE_CURVE('',#8402,(#8407,#8418),.PCURVE_S1.);
#8402 = CIRCLE('',#8403,0.23);
#8403 = AXIS2_PLACEMENT_3D('',#8404,#8405,#8406);
#8404 = CARTESIAN_POINT('',(-32.,-2.25,2.755455298082E-16));
#8405 = DIRECTION('',(-1.,0.,0.));
#8406 = DIRECTION('',(0.,1.,0.));
#8407 = PCURVE('',#7979,#8408);
#8408 = DEFINITIONAL_REPRESENTATION('',(#8409),#8417);
#8409 = ( BOUNDED_CURVE() B_SPLINE_CURVE(2,(#8410,#8411,#8412,#8413,
#8414,#8415,#8416),.UNSPECIFIED.,.T.,.F.) B_SPLINE_CURVE_WITH_KNOTS((1,2
    ,2,2,2,1),(-2.094395102393,0.,2.094395102393,4.188790204786,
6.28318530718,8.377580409573),.UNSPECIFIED.) CURVE() 
GEOMETRIC_REPRESENTATION_ITEM() RATIONAL_B_SPLINE_CURVE((1.,0.5,1.,0.5,
1.,0.5,1.)) REPRESENTATION_ITEM('') );
#8410 = CARTESIAN_POINT('',(-2.02,2.755455298082E-16));
#8411 = CARTESIAN_POINT('',(-2.02,-0.398371685741));
#8412 = CARTESIAN_POINT('',(-2.365,-0.19918584287));
#8413 = CARTESIAN_POINT('',(-2.71,2.192117770474E-16));
#8414 = CARTESIAN_POINT('',(-2.365,0.19918584287));
#8415 = CARTESIAN_POINT('',(-2.02,0.398371685741));
#8416 = CARTESIAN_POINT('',(-2.02,2.755455298082E-16));
#8417 = ( GEOMETRIC_REPRESENTATION_CONTEXT(2) 
PARAMETRIC_REPRESENTATION_CONTEXT() REPRESENTATION_CONTEXT('2D SPACE',''
  ) );
#8418 = PCURVE('',#8419,#8424);
#8419 = CYLINDRICAL_SURFACE('',#8420,0.23);
#8420 = AXIS2_PLACEMENT_3D('',#8421,#8422,#8423);
#8421 = CARTESIAN_POINT('',(-40.,-2.25,2.755455298082E-16));
#8422 = DIRECTION('',(-1.,-0.,-0.));
#8423 = DIRECTION('',(0.,1.,0.));
#8424 = DEFINITIONAL_REPRESENTATION('',(#8425),#8429);
#8425 = LINE('',#8426,#8427);
#8426 = CARTESIAN_POINT('',(-6.28318530718,-8.));
#8427 = VECTOR('',#8428,1.);
#8428 = DIRECTION('',(1.,-0.));
#8429 = ( GEOMETRIC_REPRESENTATION_CONTEXT(2) 
PARAMETRIC_REPRESENTATION_CONTEXT() REPRESENTATION_CONTEXT('2D SPACE',''
  ) );
#8430 = FACE_BOUND('',#8431,.F.);
#8431 = EDGE_LOOP('',(#8432));
#8432 = ORIENTED_EDGE('',*,*,#8433,.T.);
#8433 = EDGE_CURVE('',#8434,#8434,#8436,.T.);
#8434 = VERTEX_POINT('',#8435);
#8435 = CARTESIAN_POINT('',(-32.,-0.895,1.948557158515));
#8436 = SURFACE_CURVE('',#8437,(#8442,#8453),.PCURVE_S1.);
#8437 = CIRCLE('',#8438,0.23);
#8438 = AXIS2_PLACEMENT_3D('',#8439,#8440,#8441);
#8439 = CARTESIAN_POINT('',(-32.,-1.125,1.948557158515));
#8440 = DIRECTION('',(-1.,0.,0.));
#8441 = DIRECTION('',(0.,1.,0.));
#8442 = PCURVE('',#7979,#8443);
#8443 = DEFINITIONAL_REPRESENTATION('',(#8444),#8452);
#8444 = ( BOUNDED_CURVE() B_SPLINE_CURVE(2,(#8445,#8446,#8447,#8448,
#8449,#8450,#8451),.UNSPECIFIED.,.T.,.F.) B_SPLINE_CURVE_WITH_KNOTS((1,2
    ,2,2,2,1),(-2.094395102393,0.,2.094395102393,4.188790204786,
6.28318530718,8.377580409573),.UNSPECIFIED.) CURVE() 
GEOMETRIC_REPRESENTATION_ITEM() RATIONAL_B_SPLINE_CURVE((1.,0.5,1.,0.5,
1.,0.5,1.)) REPRESENTATION_ITEM('') );
#8445 = CARTESIAN_POINT('',(-0.895,1.948557158515));
#8446 = CARTESIAN_POINT('',(-0.895,1.550185472774));
#8447 = CARTESIAN_POINT('',(-1.24,1.749371315645));
#8448 = CARTESIAN_POINT('',(-1.585,1.948557158515));
#8449 = CARTESIAN_POINT('',(-1.24,2.147743001385));
#8450 = CARTESIAN_POINT('',(-0.895,2.346928844256));
#8451 = CARTESIAN_POINT('',(-0.895,1.948557158515));
#8452 = ( GEOMETRIC_REPRESENTATION_CONTEXT(2) 
PARAMETRIC_REPRESENTATION_CONTEXT() REPRESENTATION_CONTEXT('2D SPACE',''
  ) );
#8453 = PCURVE('',#8454,#8459);
#8454 = CYLINDRICAL_SURFACE('',#8455,0.23);
#8455 = AXIS2_PLACEMENT_3D('',#8456,#8457,#8458);
#8456 = CARTESIAN_POINT('',(-40.,-1.125,1.948557158515));
#8457 = DIRECTION('',(-1.,-0.,-0.));
#8458 = DIRECTION('',(0.,1.,0.));
#8459 = DEFINITIONAL_REPRESENTATION('',(#8460),#8464);
#8460 = LINE('',#8461,#8462);
#8461 = CARTESIAN_POINT('',(-6.28318530718,-8.));
#8462 = VECTOR('',#8463,1.);
#8463 = DIRECTION('',(1.,-0.));
#8464 = ( GEOMETRIC_REPRESENTATION_CONTEXT(2) 
PARAMETRIC_REPRESENTATION_CONTEXT() REPRESENTATION_CONTEXT('2D SPACE',''
  ) );
#8465 = FACE_BOUND('',#8466,.F.);
#8466 = EDGE_LOOP('',(#8467));
#8467 = ORIENTED_EDGE('',*,*,#8468,.T.);
#8468 = EDGE_CURVE('',#8469,#8469,#8471,.T.);
#8469 = VERTEX_POINT('',#8470);
#8470 = CARTESIAN_POINT('',(-32.,2.48,0.));
#8471 = SURFACE_CURVE('',#8472,(#8477,#8488),.PCURVE_S1.);
#8472 = CIRCLE('',#8473,0.23);
#8473 = AXIS2_PLACEMENT_3D('',#8474,#8475,#8476);
#8474 = CARTESIAN_POINT('',(-32.,2.25,0.));
#8475 = DIRECTION('',(-1.,0.,0.));
#8476 = DIRECTION('',(0.,1.,0.));
#8477 = PCURVE('',#7979,#8478);
#8478 = DEFINITIONAL_REPRESENTATION('',(#8479),#8487);
#8479 = ( BOUNDED_CURVE() B_SPLINE_CURVE(2,(#8480,#8481,#8482,#8483,
#8484,#8485,#8486),.UNSPECIFIED.,.T.,.F.) B_SPLINE_CURVE_WITH_KNOTS((1,2
    ,2,2,2,1),(-2.094395102393,0.,2.094395102393,4.188790204786,
6.28318530718,8.377580409573),.UNSPECIFIED.) CURVE() 
GEOMETRIC_REPRESENTATION_ITEM() RATIONAL_B_SPLINE_CURVE((1.,0.5,1.,0.5,
1.,0.5,1.)) REPRESENTATION_ITEM('') );
#8480 = CARTESIAN_POINT('',(2.48,0.));
#8481 = CARTESIAN_POINT('',(2.48,-0.398371685741));
#8482 = CARTESIAN_POINT('',(2.135,-0.19918584287));
#8483 = CARTESIAN_POINT('',(1.79,-5.633375276078E-17));
#8484 = CARTESIAN_POINT('',(2.135,0.19918584287));
#8485 = CARTESIAN_POINT('',(2.48,0.398371685741));
#8486 = CARTESIAN_POINT('',(2.48,0.));
#8487 = ( GEOMETRIC_REPRESENTATION_CONTEXT(2) 
PARAMETRIC_REPRESENTATION_CONTEXT() REPRESENTATION_CONTEXT('2D SPACE',''
  ) );
#8488 = PCURVE('',#8489,#8494);
#8489 = CYLINDRICAL_SURFACE('',#8490,0.23);
#8490 = AXIS2_PLACEMENT_3D('',#8491,#8492,#8493);
#8491 = CARTESIAN_POINT('',(-40.,2.25,0.));
#8492 = DIRECTION('',(-1.,-0.,-0.));
#8493 = DIRECTION('',(0.,1.,0.));
#8494 = DEFINITIONAL_REPRESENTATION('',(#8495),#8499);
#8495 = LINE('',#8496,#8497);
#8496 = CARTESIAN_POINT('',(-6.28318530718,-8.));
#8497 = VECTOR('',#8498,1.);
#8498 = DIRECTION('',(1.,-0.));
#8499 = ( GEOMETRIC_REPRESENTATION_CONTEXT(2) 
PARAMETRIC_REPRESENTATION_CONTEXT() REPRESENTATION_CONTEXT('2D SPACE',''
  ) );
#8500 = FACE_BOUND('',#8501,.F.);
#8501 = EDGE_LOOP('',(#8502));
#8502 = ORIENTED_EDGE('',*,*,#8503,.T.);
#8503 = EDGE_CURVE('',#8504,#8504,#8506,.T.);
#8504 = VERTEX_POINT('',#8505);
#8505 = CARTESIAN_POINT('',(-32.,1.355,1.948557158515));
#8506 = SURFACE_CURVE('',#8507,(#8512,#8523),.PCURVE_S1.);
#8507 = CIRCLE('',#8508,0.23);
#8508 = AXIS2_PLACEMENT_3D('',#8509,#8510,#8511);
#8509 = CARTESIAN_POINT('',(-32.,1.125,1.948557158515));
#8510 = DIRECTION('',(-1.,0.,0.));
#8511 = DIRECTION('',(0.,1.,0.));
#8512 = PCURVE('',#7979,#8513);
#8513 = DEFINITIONAL_REPRESENTATION('',(#8514),#8522);
#8514 = ( BOUNDED_CURVE() B_SPLINE_CURVE(2,(#8515,#8516,#8517,#8518,
#8519,#8520,#8521),.UNSPECIFIED.,.T.,.F.) B_SPLINE_CURVE_WITH_KNOTS((1,2
    ,2,2,2,1),(-2.094395102393,0.,2.094395102393,4.188790204786,
6.28318530718,8.377580409573),.UNSPECIFIED.) CURVE() 
GEOMETRIC_REPRESENTATION_ITEM() RATIONAL_B_SPLINE_CURVE((1.,0.5,1.,0.5,
1.,0.5,1.)) REPRESENTATION_ITEM('') );
#8515 = CARTESIAN_POINT('',(1.355,1.948557158515));
#8516 = CARTESIAN_POINT('',(1.355,1.550185472774));
#8517 = CARTESIAN_POINT('',(1.01,1.749371315645));
#8518 = CARTESIAN_POINT('',(0.665,1.948557158515));
#8519 = CARTESIAN_POINT('',(1.01,2.147743001385));
#8520 = CARTESIAN_POINT('',(1.355,2.346928844256));
#8521 = CARTESIAN_POINT('',(1.355,1.948557158515));
#8522 = ( GEOMETRIC_REPRESENTATION_CONTEXT(2) 
PARAMETRIC_REPRESENTATION_CONTEXT() REPRESENTATION_CONTEXT('2D SPACE',''
  ) );
#8523 = PCURVE('',#8524,#8529);
#8524 = CYLINDRICAL_SURFACE('',#8525,0.23);
#8525 = AXIS2_PLACEMENT_3D('',#8526,#8527,#8528);
#8526 = CARTESIAN_POINT('',(-40.,1.125,1.948557158515));
#8527 = DIRECTION('',(-1.,-0.,-0.));
#8528 = DIRECTION('',(0.,1.,0.));
#8529 = DEFINITIONAL_REPRESENTATION('',(#8530),#8534);
#8530 = LINE('',#8531,#8532);
#8531 = CARTESIAN_POINT('',(-6.28318530718,-8.));
#8532 = VECTOR('',#8533,1.);
#8533 = DIRECTION('',(1.,-0.));
#8534 = ( GEOMETRIC_REPRESENTATION_CONTEXT(2) 
PARAMETRIC_REPRESENTATION_CONTEXT() REPRESENTATION_CONTEXT('2D SPACE',''
  ) );
#8535 = ADVANCED_FACE('',(#8536),#8034,.T.);
#8536 = FACE_BOUND('',#8537,.T.);
#8537 = EDGE_LOOP('',(#8538));
#8538 = ORIENTED_EDGE('',*,*,#8019,.T.);
#8539 = ADVANCED_FACE('',(#8540),#8089,.T.);
#8540 = FACE_BOUND('',#8541,.T.);
#8541 = EDGE_LOOP('',(#8542));
#8542 = ORIENTED_EDGE('',*,*,#8074,.T.);
#8543 = ADVANCED_FACE('',(#8544),#8144,.T.);
#8544 = FACE_BOUND('',#8545,.T.);
#8545 = EDGE_LOOP('',(#8546));
#8546 = ORIENTED_EDGE('',*,*,#8129,.T.);
#8547 = ADVANCED_FACE('',(#8548),#8199,.T.);
#8548 = FACE_BOUND('',#8549,.T.);
#8549 = EDGE_LOOP('',(#8550));
#8550 = ORIENTED_EDGE('',*,*,#8184,.T.);
#8551 = ADVANCED_FACE('',(#8552),#8254,.T.);
#8552 = FACE_BOUND('',#8553,.T.);
#8553 = EDGE_LOOP('',(#8554));
#8554 = ORIENTED_EDGE('',*,*,#8239,.T.);
#8555 = ADVANCED_FACE('',(#8556),#8309,.T.);
#8556 = FACE_BOUND('',#8557,.T.);
#8557 = EDGE_LOOP('',(#8558));
#8558 = ORIENTED_EDGE('',*,*,#8294,.T.);
#8559 = ADVANCED_FACE('',(#8560),#8349,.T.);
#8560 = FACE_BOUND('',#8561,.F.);
#8561 = EDGE_LOOP('',(#8562,#8591,#8612,#8613));
#8562 = ORIENTED_EDGE('',*,*,#8563,.F.);
#8563 = EDGE_CURVE('',#8564,#8564,#8566,.T.);
#8564 = VERTEX_POINT('',#8565);
#8565 = CARTESIAN_POINT('',(-40.,-0.895,-1.948557158515));
#8566 = SURFACE_CURVE('',#8567,(#8572,#8579),.PCURVE_S1.);
#8567 = CIRCLE('',#8568,0.23);
#8568 = AXIS2_PLACEMENT_3D('',#8569,#8570,#8571);
#8569 = CARTESIAN_POINT('',(-40.,-1.125,-1.948557158515));
#8570 = DIRECTION('',(1.,0.,0.));
#8571 = DIRECTION('',(0.,1.,0.));
#8572 = PCURVE('',#8349,#8573);
#8573 = DEFINITIONAL_REPRESENTATION('',(#8574),#8578);
#8574 = LINE('',#8575,#8576);
#8575 = CARTESIAN_POINT('',(-0.,0.));
#8576 = VECTOR('',#8577,1.);
#8577 = DIRECTION('',(-1.,0.));
#8578 = ( GEOMETRIC_REPRESENTATION_CONTEXT(2) 
PARAMETRIC_REPRESENTATION_CONTEXT() REPRESENTATION_CONTEXT('2D SPACE',''
  ) );
#8579 = PCURVE('',#8580,#8585);
#8580 = PLANE('',#8581);
#8581 = AXIS2_PLACEMENT_3D('',#8582,#8583,#8584);
#8582 = CARTESIAN_POINT('',(-40.,-1.125,-1.948557158515));
#8583 = DIRECTION('',(1.,0.,0.));
#8584 = DIRECTION('',(-0.,0.,1.));
#8585 = DEFINITIONAL_REPRESENTATION('',(#8586),#8590);
#8586 = CIRCLE('',#8587,0.23);
#8587 = AXIS2_PLACEMENT_2D('',#8588,#8589);
#8588 = CARTESIAN_POINT('',(2.22044604925E-16,-2.22044604925E-16));
#8589 = DIRECTION('',(0.,-1.));
#8590 = ( GEOMETRIC_REPRESENTATION_CONTEXT(2) 
PARAMETRIC_REPRESENTATION_CONTEXT() REPRESENTATION_CONTEXT('2D SPACE',''
  ) );
#8591 = ORIENTED_EDGE('',*,*,#8592,.T.);
#8592 = EDGE_CURVE('',#8564,#8329,#8593,.T.);
#8593 = SEAM_CURVE('',#8594,(#8598,#8605),.PCURVE_S1.);
#8594 = LINE('',#8595,#8596);
#8595 = CARTESIAN_POINT('',(-40.,-0.895,-1.948557158515));
#8596 = VECTOR('',#8597,1.);
#8597 = DIRECTION('',(1.,0.,0.));
#8598 = PCURVE('',#8349,#8599);
#8599 = DEFINITIONAL_REPRESENTATION('',(#8600),#8604);
#8600 = LINE('',#8601,#8602);
#8601 = CARTESIAN_POINT('',(-6.28318530718,0.));
#8602 = VECTOR('',#8603,1.);
#8603 = DIRECTION('',(-0.,-1.));
#8604 = ( GEOMETRIC_REPRESENTATION_CONTEXT(2) 
PARAMETRIC_REPRESENTATION_CONTEXT() REPRESENTATION_CONTEXT('2D SPACE',''
  ) );
#8605 = PCURVE('',#8349,#8606);
#8606 = DEFINITIONAL_REPRESENTATION('',(#8607),#8611);
#8607 = LINE('',#8608,#8609);
#8608 = CARTESIAN_POINT('',(-0.,0.));
#8609 = VECTOR('',#8610,1.);
#8610 = DIRECTION('',(-0.,-1.));
#8611 = ( GEOMETRIC_REPRESENTATION_CONTEXT(2) 
PARAMETRIC_REPRESENTATION_CONTEXT() REPRESENTATION_CONTEXT('2D SPACE',''
  ) );
#8612 = ORIENTED_EDGE('',*,*,#8328,.F.);
#8613 = ORIENTED_EDGE('',*,*,#8592,.F.);
#8614 = ADVANCED_FACE('',(#8615),#8384,.T.);
#8615 = FACE_BOUND('',#8616,.F.);
#8616 = EDGE_LOOP('',(#8617,#8646,#8667,#8668));
#8617 = ORIENTED_EDGE('',*,*,#8618,.F.);
#8618 = EDGE_CURVE('',#8619,#8619,#8621,.T.);
#8619 = VERTEX_POINT('',#8620);
#8620 = CARTESIAN_POINT('',(-40.,1.355,-1.948557158515));
#8621 = SURFACE_CURVE('',#8622,(#8627,#8634),.PCURVE_S1.);
#8622 = CIRCLE('',#8623,0.23);
#8623 = AXIS2_PLACEMENT_3D('',#8624,#8625,#8626);
#8624 = CARTESIAN_POINT('',(-40.,1.125,-1.948557158515));
#8625 = DIRECTION('',(1.,0.,0.));
#8626 = DIRECTION('',(0.,1.,0.));
#8627 = PCURVE('',#8384,#8628);
#8628 = DEFINITIONAL_REPRESENTATION('',(#8629),#8633);
#8629 = LINE('',#8630,#8631);
#8630 = CARTESIAN_POINT('',(-0.,0.));
#8631 = VECTOR('',#8632,1.);
#8632 = DIRECTION('',(-1.,0.));
#8633 = ( GEOMETRIC_REPRESENTATION_CONTEXT(2) 
PARAMETRIC_REPRESENTATION_CONTEXT() REPRESENTATION_CONTEXT('2D SPACE',''
  ) );
#8634 = PCURVE('',#8635,#8640);
#8635 = PLANE('',#8636);
#8636 = AXIS2_PLACEMENT_3D('',#8637,#8638,#8639);
#8637 = CARTESIAN_POINT('',(-40.,1.125,-1.948557158515));
#8638 = DIRECTION('',(1.,0.,0.));
#8639 = DIRECTION('',(-0.,0.,1.));
#8640 = DEFINITIONAL_REPRESENTATION('',(#8641),#8645);
#8641 = CIRCLE('',#8642,0.23);
#8642 = AXIS2_PLACEMENT_2D('',#8643,#8644);
#8643 = CARTESIAN_POINT('',(-2.22044604925E-16,0.));
#8644 = DIRECTION('',(0.,-1.));
#8645 = ( GEOMETRIC_REPRESENTATION_CONTEXT(2) 
PARAMETRIC_REPRESENTATION_CONTEXT() REPRESENTATION_CONTEXT('2D SPACE',''
  ) );
#8646 = ORIENTED_EDGE('',*,*,#8647,.T.);
#8647 = EDGE_CURVE('',#8619,#8364,#8648,.T.);
#8648 = SEAM_CURVE('',#8649,(#8653,#8660),.PCURVE_S1.);
#8649 = LINE('',#8650,#8651);
#8650 = CARTESIAN_POINT('',(-40.,1.355,-1.948557158515));
#8651 = VECTOR('',#8652,1.);
#8652 = DIRECTION('',(1.,0.,0.));
#8653 = PCURVE('',#8384,#8654);
#8654 = DEFINITIONAL_REPRESENTATION('',(#8655),#8659);
#8655 = LINE('',#8656,#8657);
#8656 = CARTESIAN_POINT('',(-6.28318530718,0.));
#8657 = VECTOR('',#8658,1.);
#8658 = DIRECTION('',(-0.,-1.));
#8659 = ( GEOMETRIC_REPRESENTATION_CONTEXT(2) 
PARAMETRIC_REPRESENTATION_CONTEXT() REPRESENTATION_CONTEXT('2D SPACE',''
  ) );
#8660 = PCURVE('',#8384,#8661);
#8661 = DEFINITIONAL_REPRESENTATION('',(#8662),#8666);
#8662 = LINE('',#8663,#8664);
#8663 = CARTESIAN_POINT('',(-0.,0.));
#8664 = VECTOR('',#8665,1.);
#8665 = DIRECTION('',(-0.,-1.));
#8666 = ( GEOMETRIC_REPRESENTATION_CONTEXT(2) 
PARAMETRIC_REPRESENTATION_CONTEXT() REPRESENTATION_CONTEXT('2D SPACE',''
  ) );
#8667 = ORIENTED_EDGE('',*,*,#8363,.F.);
#8668 = ORIENTED_EDGE('',*,*,#8647,.F.);
#8669 = ADVANCED_FACE('',(#8670),#8419,.T.);
#8670 = FACE_BOUND('',#8671,.F.);
#8671 = EDGE_LOOP('',(#8672,#8701,#8722,#8723));
#8672 = ORIENTED_EDGE('',*,*,#8673,.F.);
#8673 = EDGE_CURVE('',#8674,#8674,#8676,.T.);
#8674 = VERTEX_POINT('',#8675);
#8675 = CARTESIAN_POINT('',(-40.,-2.02,2.755455298082E-16));
#8676 = SURFACE_CURVE('',#8677,(#8682,#8689),.PCURVE_S1.);
#8677 = CIRCLE('',#8678,0.23);
#8678 = AXIS2_PLACEMENT_3D('',#8679,#8680,#8681);
#8679 = CARTESIAN_POINT('',(-40.,-2.25,2.755455298082E-16));
#8680 = DIRECTION('',(1.,0.,0.));
#8681 = DIRECTION('',(0.,1.,0.));
#8682 = PCURVE('',#8419,#8683);
#8683 = DEFINITIONAL_REPRESENTATION('',(#8684),#8688);
#8684 = LINE('',#8685,#8686);
#8685 = CARTESIAN_POINT('',(-0.,0.));
#8686 = VECTOR('',#8687,1.);
#8687 = DIRECTION('',(-1.,0.));
#8688 = ( GEOMETRIC_REPRESENTATION_CONTEXT(2) 
PARAMETRIC_REPRESENTATION_CONTEXT() REPRESENTATION_CONTEXT('2D SPACE',''
  ) );
#8689 = PCURVE('',#8690,#8695);
#8690 = PLANE('',#8691);
#8691 = AXIS2_PLACEMENT_3D('',#8692,#8693,#8694);
#8692 = CARTESIAN_POINT('',(-40.,-2.25,2.687771665107E-16));
#8693 = DIRECTION('',(1.,0.,0.));
#8694 = DIRECTION('',(-0.,0.,1.));
#8695 = DEFINITIONAL_REPRESENTATION('',(#8696),#8700);
#8696 = CIRCLE('',#8697,0.23);
#8697 = AXIS2_PLACEMENT_2D('',#8698,#8699);
#8698 = CARTESIAN_POINT('',(6.768363297413E-18,0.));
#8699 = DIRECTION('',(0.,-1.));
#8700 = ( GEOMETRIC_REPRESENTATION_CONTEXT(2) 
PARAMETRIC_REPRESENTATION_CONTEXT() REPRESENTATION_CONTEXT('2D SPACE',''
  ) );
#8701 = ORIENTED_EDGE('',*,*,#8702,.T.);
#8702 = EDGE_CURVE('',#8674,#8399,#8703,.T.);
#8703 = SEAM_CURVE('',#8704,(#8708,#8715),.PCURVE_S1.);
#8704 = LINE('',#8705,#8706);
#8705 = CARTESIAN_POINT('',(-40.,-2.02,2.755455298082E-16));
#8706 = VECTOR('',#8707,1.);
#8707 = DIRECTION('',(1.,0.,0.));
#8708 = PCURVE('',#8419,#8709);
#8709 = DEFINITIONAL_REPRESENTATION('',(#8710),#8714);
#8710 = LINE('',#8711,#8712);
#8711 = CARTESIAN_POINT('',(-6.28318530718,0.));
#8712 = VECTOR('',#8713,1.);
#8713 = DIRECTION('',(-0.,-1.));
#8714 = ( GEOMETRIC_REPRESENTATION_CONTEXT(2) 
PARAMETRIC_REPRESENTATION_CONTEXT() REPRESENTATION_CONTEXT('2D SPACE',''
  ) );
#8715 = PCURVE('',#8419,#8716);
#8716 = DEFINITIONAL_REPRESENTATION('',(#8717),#8721);
#8717 = LINE('',#8718,#8719);
#8718 = CARTESIAN_POINT('',(-0.,0.));
#8719 = VECTOR('',#8720,1.);
#8720 = DIRECTION('',(-0.,-1.));
#8721 = ( GEOMETRIC_REPRESENTATION_CONTEXT(2) 
PARAMETRIC_REPRESENTATION_CONTEXT() REPRESENTATION_CONTEXT('2D SPACE',''
  ) );
#8722 = ORIENTED_EDGE('',*,*,#8398,.F.);
#8723 = ORIENTED_EDGE('',*,*,#8702,.F.);
#8724 = ADVANCED_FACE('',(#8725),#8454,.T.);
#8725 = FACE_BOUND('',#8726,.F.);
#8726 = EDGE_LOOP('',(#8727,#8756,#8777,#8778));
#8727 = ORIENTED_EDGE('',*,*,#8728,.F.);
#8728 = EDGE_CURVE('',#8729,#8729,#8731,.T.);
#8729 = VERTEX_POINT('',#8730);
#8730 = CARTESIAN_POINT('',(-40.,-0.895,1.948557158515));
#8731 = SURFACE_CURVE('',#8732,(#8737,#8744),.PCURVE_S1.);
#8732 = CIRCLE('',#8733,0.23);
#8733 = AXIS2_PLACEMENT_3D('',#8734,#8735,#8736);
#8734 = CARTESIAN_POINT('',(-40.,-1.125,1.948557158515));
#8735 = DIRECTION('',(1.,0.,0.));
#8736 = DIRECTION('',(0.,1.,0.));
#8737 = PCURVE('',#8454,#8738);
#8738 = DEFINITIONAL_REPRESENTATION('',(#8739),#8743);
#8739 = LINE('',#8740,#8741);
#8740 = CARTESIAN_POINT('',(-0.,0.));
#8741 = VECTOR('',#8742,1.);
#8742 = DIRECTION('',(-1.,0.));
#8743 = ( GEOMETRIC_REPRESENTATION_CONTEXT(2) 
PARAMETRIC_REPRESENTATION_CONTEXT() REPRESENTATION_CONTEXT('2D SPACE',''
  ) );
#8744 = PCURVE('',#8745,#8750);
#8745 = PLANE('',#8746);
#8746 = AXIS2_PLACEMENT_3D('',#8747,#8748,#8749);
#8747 = CARTESIAN_POINT('',(-40.,-1.125,1.948557158515));
#8748 = DIRECTION('',(1.,0.,0.));
#8749 = DIRECTION('',(-0.,0.,1.));
#8750 = DEFINITIONAL_REPRESENTATION('',(#8751),#8755);
#8751 = CIRCLE('',#8752,0.23);
#8752 = AXIS2_PLACEMENT_2D('',#8753,#8754);
#8753 = CARTESIAN_POINT('',(0.,-2.22044604925E-16));
#8754 = DIRECTION('',(0.,-1.));
#8755 = ( GEOMETRIC_REPRESENTATION_CONTEXT(2) 
PARAMETRIC_REPRESENTATION_CONTEXT() REPRESENTATION_CONTEXT('2D SPACE',''
  ) );
#8756 = ORIENTED_EDGE('',*,*,#8757,.T.);
#8757 = EDGE_CURVE('',#8729,#8434,#8758,.T.);
#8758 = SEAM_CURVE('',#8759,(#8763,#8770),.PCURVE_S1.);
#8759 = LINE('',#8760,#8761);
#8760 = CARTESIAN_POINT('',(-40.,-0.895,1.948557158515));
#8761 = VECTOR('',#8762,1.);
#8762 = DIRECTION('',(1.,0.,0.));
#8763 = PCURVE('',#8454,#8764);
#8764 = DEFINITIONAL_REPRESENTATION('',(#8765),#8769);
#8765 = LINE('',#8766,#8767);
#8766 = CARTESIAN_POINT('',(-6.28318530718,0.));
#8767 = VECTOR('',#8768,1.);
#8768 = DIRECTION('',(-0.,-1.));
#8769 = ( GEOMETRIC_REPRESENTATION_CONTEXT(2) 
PARAMETRIC_REPRESENTATION_CONTEXT() REPRESENTATION_CONTEXT('2D SPACE',''
  ) );
#8770 = PCURVE('',#8454,#8771);
#8771 = DEFINITIONAL_REPRESENTATION('',(#8772),#8776);
#8772 = LINE('',#8773,#8774);
#8773 = CARTESIAN_POINT('',(-0.,0.));
#8774 = VECTOR('',#8775,1.);
#8775 = DIRECTION('',(-0.,-1.));
#8776 = ( GEOMETRIC_REPRESENTATION_CONTEXT(2) 
PARAMETRIC_REPRESENTATION_CONTEXT() REPRESENTATION_CONTEXT('2D SPACE',''
  ) );
#8777 = ORIENTED_EDGE('',*,*,#8433,.F.);
#8778 = ORIENTED_EDGE('',*,*,#8757,.F.);
#8779 = ADVANCED_FACE('',(#8780),#8489,.T.);
#8780 = FACE_BOUND('',#8781,.F.);
#8781 = EDGE_LOOP('',(#8782,#8811,#8832,#8833));
#8782 = ORIENTED_EDGE('',*,*,#8783,.F.);
#8783 = EDGE_CURVE('',#8784,#8784,#8786,.T.);
#8784 = VERTEX_POINT('',#8785);
#8785 = CARTESIAN_POINT('',(-40.,2.48,0.));
#8786 = SURFACE_CURVE('',#8787,(#8792,#8799),.PCURVE_S1.);
#8787 = CIRCLE('',#8788,0.23);
#8788 = AXIS2_PLACEMENT_3D('',#8789,#8790,#8791);
#8789 = CARTESIAN_POINT('',(-40.,2.25,0.));
#8790 = DIRECTION('',(1.,0.,0.));
#8791 = DIRECTION('',(0.,1.,0.));
#8792 = PCURVE('',#8489,#8793);
#8793 = DEFINITIONAL_REPRESENTATION('',(#8794),#8798);
#8794 = LINE('',#8795,#8796);
#8795 = CARTESIAN_POINT('',(-0.,0.));
#8796 = VECTOR('',#8797,1.);
#8797 = DIRECTION('',(-1.,0.));
#8798 = ( GEOMETRIC_REPRESENTATION_CONTEXT(2) 
PARAMETRIC_REPRESENTATION_CONTEXT() REPRESENTATION_CONTEXT('2D SPACE',''
  ) );
#8799 = PCURVE('',#8800,#8805);
#8800 = PLANE('',#8801);
#8801 = AXIS2_PLACEMENT_3D('',#8802,#8803,#8804);
#8802 = CARTESIAN_POINT('',(-40.,2.25,-9.388958793463E-18));
#8803 = DIRECTION('',(1.,0.,0.));
#8804 = DIRECTION('',(-0.,0.,1.));
#8805 = DEFINITIONAL_REPRESENTATION('',(#8806),#8810);
#8806 = CIRCLE('',#8807,0.23);
#8807 = AXIS2_PLACEMENT_2D('',#8808,#8809);
#8808 = CARTESIAN_POINT('',(9.388958793463E-18,0.));
#8809 = DIRECTION('',(0.,-1.));
#8810 = ( GEOMETRIC_REPRESENTATION_CONTEXT(2) 
PARAMETRIC_REPRESENTATION_CONTEXT() REPRESENTATION_CONTEXT('2D SPACE',''
  ) );
#8811 = ORIENTED_EDGE('',*,*,#8812,.T.);
#8812 = EDGE_CURVE('',#8784,#8469,#8813,.T.);
#8813 = SEAM_CURVE('',#8814,(#8818,#8825),.PCURVE_S1.);
#8814 = LINE('',#8815,#8816);
#8815 = CARTESIAN_POINT('',(-40.,2.48,0.));
#8816 = VECTOR('',#8817,1.);
#8817 = DIRECTION('',(1.,0.,0.));
#8818 = PCURVE('',#8489,#8819);
#8819 = DEFINITIONAL_REPRESENTATION('',(#8820),#8824);
#8820 = LINE('',#8821,#8822);
#8821 = CARTESIAN_POINT('',(-6.28318530718,0.));
#8822 = VECTOR('',#8823,1.);
#8823 = DIRECTION('',(-0.,-1.));
#8824 = ( GEOMETRIC_REPRESENTATION_CONTEXT(2) 
PARAMETRIC_REPRESENTATION_CONTEXT() REPRESENTATION_CONTEXT('2D SPACE',''
  ) );
#8825 = PCURVE('',#8489,#8826);
#8826 = DEFINITIONAL_REPRESENTATION('',(#8827),#8831);
#8827 = LINE('',#8828,#8829);
#8828 = CARTESIAN_POINT('',(-0.,0.));
#8829 = VECTOR('',#8830,1.);
#8830 = DIRECTION('',(-0.,-1.));
#8831 = ( GEOMETRIC_REPRESENTATION_CONTEXT(2) 
PARAMETRIC_REPRESENTATION_CONTEXT() REPRESENTATION_CONTEXT('2D SPACE',''
  ) );
#8832 = ORIENTED_EDGE('',*,*,#8468,.F.);
#8833 = ORIENTED_EDGE('',*,*,#8812,.F.);
#8834 = ADVANCED_FACE('',(#8835),#8524,.T.);
#8835 = FACE_BOUND('',#8836,.F.);
#8836 = EDGE_LOOP('',(#8837,#8866,#8887,#8888));
#8837 = ORIENTED_EDGE('',*,*,#8838,.F.);
#8838 = EDGE_CURVE('',#8839,#8839,#8841,.T.);
#8839 = VERTEX_POINT('',#8840);
#8840 = CARTESIAN_POINT('',(-40.,1.355,1.948557158515));
#8841 = SURFACE_CURVE('',#8842,(#8847,#8854),.PCURVE_S1.);
#8842 = CIRCLE('',#8843,0.23);
#8843 = AXIS2_PLACEMENT_3D('',#8844,#8845,#8846);
#8844 = CARTESIAN_POINT('',(-40.,1.125,1.948557158515));
#8845 = DIRECTION('',(1.,0.,0.));
#8846 = DIRECTION('',(0.,1.,0.));
#8847 = PCURVE('',#8524,#8848);
#8848 = DEFINITIONAL_REPRESENTATION('',(#8849),#8853);
#8849 = LINE('',#8850,#8851);
#8850 = CARTESIAN_POINT('',(-0.,0.));
#8851 = VECTOR('',#8852,1.);
#8852 = DIRECTION('',(-1.,0.));
#8853 = ( GEOMETRIC_REPRESENTATION_CONTEXT(2) 
PARAMETRIC_REPRESENTATION_CONTEXT() REPRESENTATION_CONTEXT('2D SPACE',''
  ) );
#8854 = PCURVE('',#8855,#8860);
#8855 = PLANE('',#8856);
#8856 = AXIS2_PLACEMENT_3D('',#8857,#8858,#8859);
#8857 = CARTESIAN_POINT('',(-40.,1.125,1.948557158515));
#8858 = DIRECTION('',(1.,0.,0.));
#8859 = DIRECTION('',(-0.,0.,1.));
#8860 = DEFINITIONAL_REPRESENTATION('',(#8861),#8865);
#8861 = CIRCLE('',#8862,0.23);
#8862 = AXIS2_PLACEMENT_2D('',#8863,#8864);
#8863 = CARTESIAN_POINT('',(0.,0.));
#8864 = DIRECTION('',(0.,-1.));
#8865 = ( GEOMETRIC_REPRESENTATION_CONTEXT(2) 
PARAMETRIC_REPRESENTATION_CONTEXT() REPRESENTATION_CONTEXT('2D SPACE',''
  ) );
#8866 = ORIENTED_EDGE('',*,*,#8867,.T.);
#8867 = EDGE_CURVE('',#8839,#8504,#8868,.T.);
#8868 = SEAM_CURVE('',#8869,(#8873,#8880),.PCURVE_S1.);
#8869 = LINE('',#8870,#8871);
#8870 = CARTESIAN_POINT('',(-40.,1.355,1.948557158515));
#8871 = VECTOR('',#8872,1.);
#8872 = DIRECTION('',(1.,0.,0.));
#8873 = PCURVE('',#8524,#8874);
#8874 = DEFINITIONAL_REPRESENTATION('',(#8875),#8879);
#8875 = LINE('',#8876,#8877);
#8876 = CARTESIAN_POINT('',(-6.28318530718,0.));
#8877 = VECTOR('',#8878,1.);
#8878 = DIRECTION('',(-0.,-1.));
#8879 = ( GEOMETRIC_REPRESENTATION_CONTEXT(2) 
PARAMETRIC_REPRESENTATION_CONTEXT() REPRESENTATION_CONTEXT('2D SPACE',''
  ) );
#8880 = PCURVE('',#8524,#8881);
#8881 = DEFINITIONAL_REPRESENTATION('',(#8882),#8886);
#8882 = LINE('',#8883,#8884);
#8883 = CARTESIAN_POINT('',(-0.,0.));
#8884 = VECTOR('',#8885,1.);
#8885 = DIRECTION('',(-0.,-1.));
#8886 = ( GEOMETRIC_REPRESENTATION_CONTEXT(2) 
PARAMETRIC_REPRESENTATION_CONTEXT() REPRESENTATION_CONTEXT('2D SPACE',''
  ) );
#8887 = ORIENTED_EDGE('',*,*,#8503,.F.);
#8888 = ORIENTED_EDGE('',*,*,#8867,.F.);
#8889 = ADVANCED_FACE('',(#8890),#8580,.F.);
#8890 = FACE_BOUND('',#8891,.F.);
#8891 = EDGE_LOOP('',(#8892));
#8892 = ORIENTED_EDGE('',*,*,#8563,.T.);
#8893 = ADVANCED_FACE('',(#8894),#8635,.F.);
#8894 = FACE_BOUND('',#8895,.F.);
#8895 = EDGE_LOOP('',(#8896));
#8896 = ORIENTED_EDGE('',*,*,#8618,.T.);
#8897 = ADVANCED_FACE('',(#8898),#8690,.F.);
#8898 = FACE_BOUND('',#8899,.F.);
#8899 = EDGE_LOOP('',(#8900));
#8900 = ORIENTED_EDGE('',*,*,#8673,.T.);
#8901 = ADVANCED_FACE('',(#8902),#8745,.F.);
#8902 = FACE_BOUND('',#8903,.F.);
#8903 = EDGE_LOOP('',(#8904));
#8904 = ORIENTED_EDGE('',*,*,#8728,.T.);
#8905 = ADVANCED_FACE('',(#8906),#8800,.F.);
#8906 = FACE_BOUND('',#8907,.F.);
#8907 = EDGE_LOOP('',(#8908));
#8908 = ORIENTED_EDGE('',*,*,#8783,.T.);
#8909 = ADVANCED_FACE('',(#8910),#8855,.F.);
#8910 = FACE_BOUND('',#8911,.F.);
#8911 = EDGE_LOOP('',(#8912));
#8912 = ORIENTED_EDGE('',*,*,#8838,.T.);
#8913 = ( GEOMETRIC_REPRESENTATION_CONTEXT(3) 
GLOBAL_UNCERTAINTY_ASSIGNED_CONTEXT((#8917)) 
GLOBAL_UNIT_ASSIGNED_CONTEXT((#8914,#8915,#8916)) REPRESENTATION_CONTEXT
('Context #1','3D Context with UNIT and UNCERTAINTY') );
#8914 = ( LENGTH_UNIT() NAMED_UNIT(*) SI_UNIT(.MILLI.,.METRE.) );
#8915 = ( NAMED_UNIT(*) PLANE_ANGLE_UNIT() SI_UNIT($,.RADIAN.) );
#8916 = ( NAMED_UNIT(*) SI_UNIT($,.STERADIAN.) SOLID_ANGLE_UNIT() );
#8917 = UNCERTAINTY_MEASURE_WITH_UNIT(LENGTH_MEASURE(1.E-07),#8914,
  'distance_accuracy_value','confusion accuracy');
#8918 = CONTEXT_DEPENDENT_SHAPE_REPRESENTATION(#8919,#8921);
#8919 = ( REPRESENTATION_RELATIONSHIP('','',#7686,#10) 
REPRESENTATION_RELATIONSHIP_WITH_TRANSFORMATION(#8920) 
SHAPE_REPRESENTATION_RELATIONSHIP() );
#8920 = ITEM_DEFINED_TRANSFORMATION('','',#11,#31);
#8921 = PRODUCT_DEFINITION_SHAPE('Placement','Placement of an item',
  #8922);
#8922 = NEXT_ASSEMBLY_USAGE_OCCURRENCE('5','P-201_header','',#5,#7681,$
  );
#8923 = PRODUCT_RELATED_PRODUCT_CATEGORY('part',$,(#7683));
#8924 = SHAPE_DEFINITION_REPRESENTATION(#8925,#8931);
#8925 = PRODUCT_DEFINITION_SHAPE('','',#8926);
#8926 = PRODUCT_DEFINITION('design','',#8927,#8930);
#8927 = PRODUCT_DEFINITION_FORMATION('','',#8928);
#8928 = PRODUCT('P-202_carrier','P-202_carrier','',(#8929));
#8929 = PRODUCT_CONTEXT('',#2,'mechanical');
#8930 = PRODUCT_DEFINITION_CONTEXT('part definition',#2,'design');
#8931 = ADVANCED_BREP_SHAPE_REPRESENTATION('',(#11,#8932),#9906);
#8932 = MANIFOLD_SOLID_BREP('',#8933);
#8933 = CLOSED_SHELL('',(#8934,#9054,#9130,#9407,#9456,#9483,#9490,#9566
    ,#9615,#9664,#9691,#9767,#9816,#9865,#9892,#9899));
#8934 = ADVANCED_FACE('',(#8935),#8949,.F.);
#8935 = FACE_BOUND('',#8936,.F.);
#8936 = EDGE_LOOP('',(#8937,#8972,#9000,#9028));
#8937 = ORIENTED_EDGE('',*,*,#8938,.F.);
#8938 = EDGE_CURVE('',#8939,#8941,#8943,.T.);
#8939 = VERTEX_POINT('',#8940);
#8940 = CARTESIAN_POINT('',(-44.,-2.25,-0.3175));
#8941 = VERTEX_POINT('',#8942);
#8942 = CARTESIAN_POINT('',(-44.,-2.25,0.3175));
#8943 = SURFACE_CURVE('',#8944,(#8948,#8960),.PCURVE_S1.);
#8944 = LINE('',#8945,#8946);
#8945 = CARTESIAN_POINT('',(-44.,-2.25,-0.3175));
#8946 = VECTOR('',#8947,1.);
#8947 = DIRECTION('',(0.,0.,1.));
#8948 = PCURVE('',#8949,#8954);
#8949 = PLANE('',#8950);
#8950 = AXIS2_PLACEMENT_3D('',#8951,#8952,#8953);
#8951 = CARTESIAN_POINT('',(-44.,-2.25,-0.3175));
#8952 = DIRECTION('',(1.,0.,0.));
#8953 = DIRECTION('',(0.,0.,1.));
#8954 = DEFINITIONAL_REPRESENTATION('',(#8955),#8959);
#8955 = LINE('',#8956,#8957);
#8956 = CARTESIAN_POINT('',(0.,0.));
#8957 = VECTOR('',#8958,1.);
#8958 = DIRECTION('',(1.,0.));
#8959 = ( GEOMETRIC_REPRESENTATION_CONTEXT(2) 
PARAMETRIC_REPRESENTATION_CONTEXT() REPRESENTATION_CONTEXT('2D SPACE',''
  ) );
#8960 = PCURVE('',#8961,#8966);
#8961 = PLANE('',#8962);
#8962 = AXIS2_PLACEMENT_3D('',#8963,#8964,#8965);
#8963 = CARTESIAN_POINT('',(-44.,-2.25,-0.3175));
#8964 = DIRECTION('',(0.,1.,0.));
#8965 = DIRECTION('',(0.,0.,1.));
#8966 = DEFINITIONAL_REPRESENTATION('',(#8967),#8971);
#8967 = LINE('',#8968,#8969);
#8968 = CARTESIAN_POINT('',(0.,0.));
#8969 = VECTOR('',#8970,1.);
#8970 = DIRECTION('',(1.,0.));
#8971 = ( GEOMETRIC_REPRESENTATION_CONTEXT(2) 
PARAMETRIC_REPRESENTATION_CONTEXT() REPRESENTATION_CONTEXT('2D SPACE',''
  ) );
#8972 = ORIENTED_EDGE('',*,*,#8973,.T.);
#8973 = EDGE_CURVE('',#8939,#8974,#8976,.T.);
#8974 = VERTEX_POINT('',#8975);
#8975 = CARTESIAN_POINT('',(-44.,2.25,-0.3175));
#8976 = SURFACE_CURVE('',#8977,(#8981,#8988),.PCURVE_S1.);
#8977 = LINE('',#8978,#8979);
#8978 = CARTESIAN_POINT('',(-44.,-2.25,-0.3175));
#8979 = VECTOR('',#8980,1.);
#8980 = DIRECTION('',(0.,1.,0.));
#8981 = PCURVE('',#8949,#8982);
#8982 = DEFINITIONAL_REPRESENTATION('',(#8983),#8987);
#8983 = LINE('',#8984,#8985);
#8984 = CARTESIAN_POINT('',(0.,0.));
#8985 = VECTOR('',#8986,1.);
#8986 = DIRECTION('',(0.,-1.));
#8987 = ( GEOMETRIC_REPRESENTATION_CONTEXT(2) 
PARAMETRIC_REPRESENTATION_CONTEXT() REPRESENTATION_CONTEXT('2D SPACE',''
  ) );
#8988 = PCURVE('',#8989,#8994);
#8989 = PLANE('',#8990);
#8990 = AXIS2_PLACEMENT_3D('',#8991,#8992,#8993);
#8991 = CARTESIAN_POINT('',(-44.,-2.25,-0.3175));
#8992 = DIRECTION('',(0.,0.,1.));
#8993 = DIRECTION('',(1.,0.,0.));
#8994 = DEFINITIONAL_REPRESENTATION('',(#8995),#8999);
#8995 = LINE('',#8996,#8997);
#8996 = CARTESIAN_POINT('',(0.,0.));
#8997 = VECTOR('',#8998,1.);
#8998 = DIRECTION('',(0.,1.));
#8999 = ( GEOMETRIC_REPRESENTATION_CONTEXT(2) 
PARAMETRIC_REPRESENTATION_CONTEXT() REPRESENTATION_CONTEXT('2D SPACE',''
  ) );
#9000 = ORIENTED_EDGE('',*,*,#9001,.T.);
#9001 = EDGE_CURVE('',#8974,#9002,#9004,.T.);
#9002 = VERTEX_POINT('',#9003);
#9003 = CARTESIAN_POINT('',(-44.,2.25,0.3175));
#9004 = SURFACE_CURVE('',#9005,(#9009,#9016),.PCURVE_S1.);
#9005 = LINE('',#9006,#9007);
#9006 = CARTESIAN_POINT('',(-44.,2.25,-0.3175));
#9007 = VECTOR('',#9008,1.);
#9008 = DIRECTION('',(0.,0.,1.));
#9009 = PCURVE('',#8949,#9010);
#9010 = DEFINITIONAL_REPRESENTATION('',(#9011),#9015);
#9011 = LINE('',#9012,#9013);
#9012 = CARTESIAN_POINT('',(0.,-4.5));
#9013 = VECTOR('',#9014,1.);
#9014 = DIRECTION('',(1.,0.));
#9015 = ( GEOMETRIC_REPRESENTATION_CONTEXT(2) 
PARAMETRIC_REPRESENTATION_CONTEXT() REPRESENTATION_CONTEXT('2D SPACE',''
  ) );
#9016 = PCURVE('',#9017,#9022);
#9017 = PLANE('',#9018);
#9018 = AXIS2_PLACEMENT_3D('',#9019,#9020,#9021);
#9019 = CARTESIAN_POINT('',(-44.,2.25,-0.3175));
#9020 = DIRECTION('',(0.,1.,0.));
#9021 = DIRECTION('',(0.,0.,1.));
#9022 = DEFINITIONAL_REPRESENTATION('',(#9023),#9027);
#9023 = LINE('',#9024,#9025);
#9024 = CARTESIAN_POINT('',(0.,0.));
#9025 = VECTOR('',#9026,1.);
#9026 = DIRECTION('',(1.,0.));
#9027 = ( GEOMETRIC_REPRESENTATION_CONTEXT(2) 
PARAMETRIC_REPRESENTATION_CONTEXT() REPRESENTATION_CONTEXT('2D SPACE',''
  ) );
#9028 = ORIENTED_EDGE('',*,*,#9029,.F.);
#9029 = EDGE_CURVE('',#8941,#9002,#9030,.T.);
#9030 = SURFACE_CURVE('',#9031,(#9035,#9042),.PCURVE_S1.);
#9031 = LINE('',#9032,#9033);
#9032 = CARTESIAN_POINT('',(-44.,-2.25,0.3175));
#9033 = VECTOR('',#9034,1.);
#9034 = DIRECTION('',(0.,1.,0.));
#9035 = PCURVE('',#8949,#9036);
#9036 = DEFINITIONAL_REPRESENTATION('',(#9037),#9041);
#9037 = LINE('',#9038,#9039);
#9038 = CARTESIAN_POINT('',(0.635,0.));
#9039 = VECTOR('',#9040,1.);
#9040 = DIRECTION('',(0.,-1.));
#9041 = ( GEOMETRIC_REPRESENTATION_CONTEXT(2) 
PARAMETRIC_REPRESENTATION_CONTEXT() REPRESENTATION_CONTEXT('2D SPACE',''
  ) );
#9042 = PCURVE('',#9043,#9048);
#9043 = PLANE('',#9044);
#9044 = AXIS2_PLACEMENT_3D('',#9045,#9046,#9047);
#9045 = CARTESIAN_POINT('',(-44.,-2.25,0.3175));
#9046 = DIRECTION('',(0.,0.,1.));
#9047 = DIRECTION('',(1.,0.,0.));
#9048 = DEFINITIONAL_REPRESENTATION('',(#9049),#9053);
#9049 = LINE('',#9050,#9051);
#9050 = CARTESIAN_POINT('',(0.,0.));
#9051 = VECTOR('',#9052,1.);
#9052 = DIRECTION('',(0.,1.));
#9053 = ( GEOMETRIC_REPRESENTATION_CONTEXT(2) 
PARAMETRIC_REPRESENTATION_CONTEXT() REPRESENTATION_CONTEXT('2D SPACE',''
  ) );
#9054 = ADVANCED_FACE('',(#9055),#8961,.F.);
#9055 = FACE_BOUND('',#9056,.F.);
#9056 = EDGE_LOOP('',(#9057,#9080,#9081,#9104));
#9057 = ORIENTED_EDGE('',*,*,#9058,.F.);
#9058 = EDGE_CURVE('',#8939,#9059,#9061,.T.);
#9059 = VERTEX_POINT('',#9060);
#9060 = CARTESIAN_POINT('',(-34.5,-2.25,-0.3175));
#9061 = SURFACE_CURVE('',#9062,(#9066,#9073),.PCURVE_S1.);
#9062 = LINE('',#9063,#9064);
#9063 = CARTESIAN_POINT('',(-44.,-2.25,-0.3175));
#9064 = VECTOR('',#9065,1.);
#9065 = DIRECTION('',(1.,0.,0.));
#9066 = PCURVE('',#8961,#9067);
#9067 = DEFINITIONAL_REPRESENTATION('',(#9068),#9072);
#9068 = LINE('',#9069,#9070);
#9069 = CARTESIAN_POINT('',(0.,0.));
#9070 = VECTOR('',#9071,1.);
#9071 = DIRECTION('',(0.,1.));
#9072 = ( GEOMETRIC_REPRESENTATION_CONTEXT(2) 
PARAMETRIC_REPRESENTATION_CONTEXT() REPRESENTATION_CONTEXT('2D SPACE',''
  ) );
#9073 = PCURVE('',#8989,#9074);
#9074 = DEFINITIONAL_REPRESENTATION('',(#9075),#9079);
#9075 = LINE('',#9076,#9077);
#9076 = CARTESIAN_POINT('',(0.,0.));
#9077 = VECTOR('',#9078,1.);
#9078 = DIRECTION('',(1.,0.));
#9079 = ( GEOMETRIC_REPRESENTATION_CONTEXT(2) 
PARAMETRIC_REPRESENTATION_CONTEXT() REPRESENTATION_CONTEXT('2D SPACE',''
  ) );
#9080 = ORIENTED_EDGE('',*,*,#8938,.T.);
#9081 = ORIENTED_EDGE('',*,*,#9082,.T.);
#9082 = EDGE_CURVE('',#8941,#9083,#9085,.T.);
#9083 = VERTEX_POINT('',#9084);
#9084 = CARTESIAN_POINT('',(-34.5,-2.25,0.3175));
#9085 = SURFACE_CURVE('',#9086,(#9090,#9097),.PCURVE_S1.);
#9086 = LINE('',#9087,#9088);
#9087 = CARTESIAN_POINT('',(-44.,-2.25,0.3175));
#9088 = VECTOR('',#9089,1.);
#9089 = DIRECTION('',(1.,0.,0.));
#9090 = PCURVE('',#8961,#9091);
#9091 = DEFINITIONAL_REPRESENTATION('',(#9092),#9096);
#9092 = LINE('',#9093,#9094);
#9093 = CARTESIAN_POINT('',(0.635,0.));
#9094 = VECTOR('',#9095,1.);
#9095 = DIRECTION('',(0.,1.));
#9096 = ( GEOMETRIC_REPRESENTATION_CONTEXT(2) 
PARAMETRIC_REPRESENTATION_CONTEXT() REPRESENTATION_CONTEXT('2D SPACE',''
  ) );
#9097 = PCURVE('',#9043,#9098);
#9098 = DEFINITIONAL_REPRESENTATION('',(#9099),#9103);
#9099 = LINE('',#9100,#9101);
#9100 = CARTESIAN_POINT('',(0.,0.));
#9101 = VECTOR('',#9102,1.);
#9102 = DIRECTION('',(1.,0.));
#9103 = ( GEOMETRIC_REPRESENTATION_CONTEXT(2) 
PARAMETRIC_REPRESENTATION_CONTEXT() REPRESENTATION_CONTEXT('2D SPACE',''
  ) );
#9104 = ORIENTED_EDGE('',*,*,#9105,.F.);
#9105 = EDGE_CURVE('',#9059,#9083,#9106,.T.);
#9106 = SURFACE_CURVE('',#9107,(#9111,#9118),.PCURVE_S1.);
#9107 = LINE('',#9108,#9109);
#9108 = CARTESIAN_POINT('',(-34.5,-2.25,-0.3175));
#9109 = VECTOR('',#9110,1.);
#9110 = DIRECTION('',(0.,0.,1.));
#9111 = PCURVE('',#8961,#9112);
#9112 = DEFINITIONAL_REPRESENTATION('',(#9113),#9117);
#9113 = LINE('',#9114,#9115);
#9114 = CARTESIAN_POINT('',(0.,9.5));
#9115 = VECTOR('',#9116,1.);
#9116 = DIRECTION('',(1.,0.));
#9117 = ( GEOMETRIC_REPRESENTATION_CONTEXT(2) 
PARAMETRIC_REPRESENTATION_CONTEXT() REPRESENTATION_CONTEXT('2D SPACE',''
  ) );
#9118 = PCURVE('',#9119,#9124);
#9119 = PLANE('',#9120);
#9120 = AXIS2_PLACEMENT_3D('',#9121,#9122,#9123);
#9121 = CARTESIAN_POINT('',(-34.5,-2.25,-0.3175));
#9122 = DIRECTION('',(1.,0.,0.));
#9123 = DIRECTION('',(0.,0.,1.));
#9124 = DEFINITIONAL_REPRESENTATION('',(#9125),#9129);
#9125 = LINE('',#9126,#9127);
#9126 = CARTESIAN_POINT('',(0.,0.));
#9127 = VECTOR('',#9128,1.);
#9128 = DIRECTION('',(1.,0.));
#9129 = ( GEOMETRIC_REPRESENTATION_CONTEXT(2) 
PARAMETRIC_REPRESENTATION_CONTEXT() REPRESENTATION_CONTEXT('2D SPACE',''
  ) );
#9130 = ADVANCED_FACE('',(#9131,#9179,#9293),#9043,.T.);
#9131 = FACE_BOUND('',#9132,.T.);
#9132 = EDGE_LOOP('',(#9133,#9134,#9135,#9158));
#9133 = ORIENTED_EDGE('',*,*,#9029,.F.);
#9134 = ORIENTED_EDGE('',*,*,#9082,.T.);
#9135 = ORIENTED_EDGE('',*,*,#9136,.T.);
#9136 = EDGE_CURVE('',#9083,#9137,#9139,.T.);
#9137 = VERTEX_POINT('',#9138);
#9138 = CARTESIAN_POINT('',(-34.5,2.25,0.3175));
#9139 = SURFACE_CURVE('',#9140,(#9144,#9151),.PCURVE_S1.);
#9140 = LINE('',#9141,#9142);
#9141 = CARTESIAN_POINT('',(-34.5,-2.25,0.3175));
#9142 = VECTOR('',#9143,1.);
#9143 = DIRECTION('',(0.,1.,0.));
#9144 = PCURVE('',#9043,#9145);
#9145 = DEFINITIONAL_REPRESENTATION('',(#9146),#9150);
#9146 = LINE('',#9147,#9148);
#9147 = CARTESIAN_POINT('',(9.5,0.));
#9148 = VECTOR('',#9149,1.);
#9149 = DIRECTION('',(0.,1.));
#9150 = ( GEOMETRIC_REPRESENTATION_CONTEXT(2) 
PARAMETRIC_REPRESENTATION_CONTEXT() REPRESENTATION_CONTEXT('2D SPACE',''
  ) );
#9151 = PCURVE('',#9119,#9152);
#9152 = DEFINITIONAL_REPRESENTATION('',(#9153),#9157);
#9153 = LINE('',#9154,#9155);
#9154 = CARTESIAN_POINT('',(0.635,0.));
#9155 = VECTOR('',#9156,1.);
#9156 = DIRECTION('',(0.,-1.));
#9157 = ( GEOMETRIC_REPRESENTATION_CONTEXT(2) 
PARAMETRIC_REPRESENTATION_CONTEXT() REPRESENTATION_CONTEXT('2D SPACE',''
  ) );
#9158 = ORIENTED_EDGE('',*,*,#9159,.F.);
#9159 = EDGE_CURVE('',#9002,#9137,#9160,.T.);
#9160 = SURFACE_CURVE('',#9161,(#9165,#9172),.PCURVE_S1.);
#9161 = LINE('',#9162,#9163);
#9162 = CARTESIAN_POINT('',(-44.,2.25,0.3175));
#9163 = VECTOR('',#9164,1.);
#9164 = DIRECTION('',(1.,0.,0.));
#9165 = PCURVE('',#9043,#9166);
#9166 = DEFINITIONAL_REPRESENTATION('',(#9167),#9171);
#9167 = LINE('',#9168,#9169);
#9168 = CARTESIAN_POINT('',(0.,4.5));
#9169 = VECTOR('',#9170,1.);
#9170 = DIRECTION('',(1.,0.));
#9171 = ( GEOMETRIC_REPRESENTATION_CONTEXT(2) 
PARAMETRIC_REPRESENTATION_CONTEXT() REPRESENTATION_CONTEXT('2D SPACE',''
  ) );
#9172 = PCURVE('',#9017,#9173);
#9173 = DEFINITIONAL_REPRESENTATION('',(#9174),#9178);
#9174 = LINE('',#9175,#9176);
#9175 = CARTESIAN_POINT('',(0.635,0.));
#9176 = VECTOR('',#9177,1.);
#9177 = DIRECTION('',(0.,1.));
#9178 = ( GEOMETRIC_REPRESENTATION_CONTEXT(2) 
PARAMETRIC_REPRESENTATION_CONTEXT() REPRESENTATION_CONTEXT('2D SPACE',''
  ) );
#9179 = FACE_BOUND('',#9180,.T.);
#9180 = EDGE_LOOP('',(#9181,#9211,#9239,#9267));
#9181 = ORIENTED_EDGE('',*,*,#9182,.T.);
#9182 = EDGE_CURVE('',#9183,#9185,#9187,.T.);
#9183 = VERTEX_POINT('',#9184);
#9184 = CARTESIAN_POINT('',(-42.75,-1.,0.3175));
#9185 = VERTEX_POINT('',#9186);
#9186 = CARTESIAN_POINT('',(-42.75,1.,0.3175));
#9187 = SURFACE_CURVE('',#9188,(#9192,#9199),.PCURVE_S1.);
#9188 = LINE('',#9189,#9190);
#9189 = CARTESIAN_POINT('',(-42.75,-1.,0.3175));
#9190 = VECTOR('',#9191,1.);
#9191 = DIRECTION('',(0.,1.,0.));
#9192 = PCURVE('',#9043,#9193);
#9193 = DEFINITIONAL_REPRESENTATION('',(#9194),#9198);
#9194 = LINE('',#9195,#9196);
#9195 = CARTESIAN_POINT('',(1.25,1.25));
#9196 = VECTOR('',#9197,1.);
#9197 = DIRECTION('',(0.,1.));
#9198 = ( GEOMETRIC_REPRESENTATION_CONTEXT(2) 
PARAMETRIC_REPRESENTATION_CONTEXT() REPRESENTATION_CONTEXT('2D SPACE',''
  ) );
#9199 = PCURVE('',#9200,#9205);
#9200 = PLANE('',#9201);
#9201 = AXIS2_PLACEMENT_3D('',#9202,#9203,#9204);
#9202 = CARTESIAN_POINT('',(-42.75,-1.,0.3175));
#9203 = DIRECTION('',(1.,0.,0.));
#9204 = DIRECTION('',(0.,0.,1.));
#9205 = DEFINITIONAL_REPRESENTATION('',(#9206),#9210);
#9206 = LINE('',#9207,#9208);
#9207 = CARTESIAN_POINT('',(0.,0.));
#9208 = VECTOR('',#9209,1.);
#9209 = DIRECTION('',(0.,-1.));
#9210 = ( GEOMETRIC_REPRESENTATION_CONTEXT(2) 
PARAMETRIC_REPRESENTATION_CONTEXT() REPRESENTATION_CONTEXT('2D SPACE',''
  ) );
#9211 = ORIENTED_EDGE('',*,*,#9212,.T.);
#9212 = EDGE_CURVE('',#9185,#9213,#9215,.T.);
#9213 = VERTEX_POINT('',#9214);
#9214 = CARTESIAN_POINT('',(-40.25,1.,0.3175));
#9215 = SURFACE_CURVE('',#9216,(#9220,#9227),.PCURVE_S1.);
#9216 = LINE('',#9217,#9218);
#9217 = CARTESIAN_POINT('',(-42.75,1.,0.3175));
#9218 = VECTOR('',#9219,1.);
#9219 = DIRECTION('',(1.,0.,0.));
#9220 = PCURVE('',#9043,#9221);
#9221 = DEFINITIONAL_REPRESENTATION('',(#9222),#9226);
#9222 = LINE('',#9223,#9224);
#9223 = CARTESIAN_POINT('',(1.25,3.25));
#9224 = VECTOR('',#9225,1.);
#9225 = DIRECTION('',(1.,0.));
#9226 = ( GEOMETRIC_REPRESENTATION_CONTEXT(2) 
PARAMETRIC_REPRESENTATION_CONTEXT() REPRESENTATION_CONTEXT('2D SPACE',''
  ) );
#9227 = PCURVE('',#9228,#9233);
#9228 = PLANE('',#9229);
#9229 = AXIS2_PLACEMENT_3D('',#9230,#9231,#9232);
#9230 = CARTESIAN_POINT('',(-42.75,1.,0.3175));
#9231 = DIRECTION('',(0.,1.,0.));
#9232 = DIRECTION('',(0.,0.,1.));
#9233 = DEFINITIONAL_REPRESENTATION('',(#9234),#9238);
#9234 = LINE('',#9235,#9236);
#9235 = CARTESIAN_POINT('',(0.,0.));
#9236 = VECTOR('',#9237,1.);
#9237 = DIRECTION('',(0.,1.));
#9238 = ( GEOMETRIC_REPRESENTATION_CONTEXT(2) 
PARAMETRIC_REPRESENTATION_CONTEXT() REPRESENTATION_CONTEXT('2D SPACE',''
  ) );
#9239 = ORIENTED_EDGE('',*,*,#9240,.F.);
#9240 = EDGE_CURVE('',#9241,#9213,#9243,.T.);
#9241 = VERTEX_POINT('',#9242);
#9242 = CARTESIAN_POINT('',(-40.25,-1.,0.3175));
#9243 = SURFACE_CURVE('',#9244,(#9248,#9255),.PCURVE_S1.);
#9244 = LINE('',#9245,#9246);
#9245 = CARTESIAN_POINT('',(-40.25,-1.,0.3175));
#9246 = VECTOR('',#9247,1.);
#9247 = DIRECTION('',(0.,1.,0.));
#9248 = PCURVE('',#9043,#9249);
#9249 = DEFINITIONAL_REPRESENTATION('',(#9250),#9254);
#9250 = LINE('',#9251,#9252);
#9251 = CARTESIAN_POINT('',(3.75,1.25));
#9252 = VECTOR('',#9253,1.);
#9253 = DIRECTION('',(0.,1.));
#9254 = ( GEOMETRIC_REPRESENTATION_CONTEXT(2) 
PARAMETRIC_REPRESENTATION_CONTEXT() REPRESENTATION_CONTEXT('2D SPACE',''
  ) );
#9255 = PCURVE('',#9256,#9261);
#9256 = PLANE('',#9257);
#9257 = AXIS2_PLACEMENT_3D('',#9258,#9259,#9260);
#9258 = CARTESIAN_POINT('',(-40.25,-1.,0.3175));
#9259 = DIRECTION('',(1.,0.,0.));
#9260 = DIRECTION('',(0.,0.,1.));
#9261 = DEFINITIONAL_REPRESENTATION('',(#9262),#9266);
#9262 = LINE('',#9263,#9264);
#9263 = CARTESIAN_POINT('',(0.,0.));
#9264 = VECTOR('',#9265,1.);
#9265 = DIRECTION('',(0.,-1.));
#9266 = ( GEOMETRIC_REPRESENTATION_CONTEXT(2) 
PARAMETRIC_REPRESENTATION_CONTEXT() REPRESENTATION_CONTEXT('2D SPACE',''
  ) );
#9267 = ORIENTED_EDGE('',*,*,#9268,.F.);
#9268 = EDGE_CURVE('',#9183,#9241,#9269,.T.);
#9269 = SURFACE_CURVE('',#9270,(#9274,#9281),.PCURVE_S1.);
#9270 = LINE('',#9271,#9272);
#9271 = CARTESIAN_POINT('',(-42.75,-1.,0.3175));
#9272 = VECTOR('',#9273,1.);
#9273 = DIRECTION('',(1.,0.,0.));
#9274 = PCURVE('',#9043,#9275);
#9275 = DEFINITIONAL_REPRESENTATION('',(#9276),#9280);
#9276 = LINE('',#9277,#9278);
#9277 = CARTESIAN_POINT('',(1.25,1.25));
#9278 = VECTOR('',#9279,1.);
#9279 = DIRECTION('',(1.,0.));
#9280 = ( GEOMETRIC_REPRESENTATION_CONTEXT(2) 
PARAMETRIC_REPRESENTATION_CONTEXT() REPRESENTATION_CONTEXT('2D SPACE',''
  ) );
#9281 = PCURVE('',#9282,#9287);
#9282 = PLANE('',#9283);
#9283 = AXIS2_PLACEMENT_3D('',#9284,#9285,#9286);
#9284 = CARTESIAN_POINT('',(-42.75,-1.,0.3175));
#9285 = DIRECTION('',(0.,1.,0.));
#9286 = DIRECTION('',(0.,0.,1.));
#9287 = DEFINITIONAL_REPRESENTATION('',(#9288),#9292);
#9288 = LINE('',#9289,#9290);
#9289 = CARTESIAN_POINT('',(0.,0.));
#9290 = VECTOR('',#9291,1.);
#9291 = DIRECTION('',(0.,1.));
#9292 = ( GEOMETRIC_REPRESENTATION_CONTEXT(2) 
PARAMETRIC_REPRESENTATION_CONTEXT() REPRESENTATION_CONTEXT('2D SPACE',''
  ) );
#9293 = FACE_BOUND('',#9294,.T.);
#9294 = EDGE_LOOP('',(#9295,#9325,#9353,#9381));
#9295 = ORIENTED_EDGE('',*,*,#9296,.T.);
#9296 = EDGE_CURVE('',#9297,#9299,#9301,.T.);
#9297 = VERTEX_POINT('',#9298);
#9298 = CARTESIAN_POINT('',(-39.,-0.6,0.3175));
#9299 = VERTEX_POINT('',#9300);
#9300 = CARTESIAN_POINT('',(-39.,0.6,0.3175));
#9301 = SURFACE_CURVE('',#9302,(#9306,#9313),.PCURVE_S1.);
#9302 = LINE('',#9303,#9304);
#9303 = CARTESIAN_POINT('',(-39.,-0.6,0.3175));
#9304 = VECTOR('',#9305,1.);
#9305 = DIRECTION('',(0.,1.,0.));
#9306 = PCURVE('',#9043,#9307);
#9307 = DEFINITIONAL_REPRESENTATION('',(#9308),#9312);
#9308 = LINE('',#9309,#9310);
#9309 = CARTESIAN_POINT('',(5.,1.65));
#9310 = VECTOR('',#9311,1.);
#9311 = DIRECTION('',(0.,1.));
#9312 = ( GEOMETRIC_REPRESENTATION_CONTEXT(2) 
PARAMETRIC_REPRESENTATION_CONTEXT() REPRESENTATION_CONTEXT('2D SPACE',''
  ) );
#9313 = PCURVE('',#9314,#9319);
#9314 = PLANE('',#9315);
#9315 = AXIS2_PLACEMENT_3D('',#9316,#9317,#9318);
#9316 = CARTESIAN_POINT('',(-39.,-0.6,0.3175));
#9317 = DIRECTION('',(1.,0.,0.));
#9318 = DIRECTION('',(0.,0.,1.));
#9319 = DEFINITIONAL_REPRESENTATION('',(#9320),#9324);
#9320 = LINE('',#9321,#9322);
#9321 = CARTESIAN_POINT('',(0.,0.));
#9322 = VECTOR('',#9323,1.);
#9323 = DIRECTION('',(0.,-1.));
#9324 = ( GEOMETRIC_REPRESENTATION_CONTEXT(2) 
PARAMETRIC_REPRESENTATION_CONTEXT() REPRESENTATION_CONTEXT('2D SPACE',''
  ) );
#9325 = ORIENTED_EDGE('',*,*,#9326,.T.);
#9326 = EDGE_CURVE('',#9299,#9327,#9329,.T.);
#9327 = VERTEX_POINT('',#9328);
#9328 = CARTESIAN_POINT('',(-37.,0.6,0.3175));
#9329 = SURFACE_CURVE('',#9330,(#9334,#9341),.PCURVE_S1.);
#9330 = LINE('',#9331,#9332);
#9331 = CARTESIAN_POINT('',(-39.,0.6,0.3175));
#9332 = VECTOR('',#9333,1.);
#9333 = DIRECTION('',(1.,0.,0.));
#9334 = PCURVE('',#9043,#9335);
#9335 = DEFINITIONAL_REPRESENTATION('',(#9336),#9340);
#9336 = LINE('',#9337,#9338);
#9337 = CARTESIAN_POINT('',(5.,2.85));
#9338 = VECTOR('',#9339,1.);
#9339 = DIRECTION('',(1.,0.));
#9340 = ( GEOMETRIC_REPRESENTATION_CONTEXT(2) 
PARAMETRIC_REPRESENTATION_CONTEXT() REPRESENTATION_CONTEXT('2D SPACE',''
  ) );
#9341 = PCURVE('',#9342,#9347);
#9342 = PLANE('',#9343);
#9343 = AXIS2_PLACEMENT_3D('',#9344,#9345,#9346);
#9344 = CARTESIAN_POINT('',(-39.,0.6,0.3175));
#9345 = DIRECTION('',(0.,1.,0.));
#9346 = DIRECTION('',(0.,0.,1.));
#9347 = DEFINITIONAL_REPRESENTATION('',(#9348),#9352);
#9348 = LINE('',#9349,#9350);
#9349 = CARTESIAN_POINT('',(0.,0.));
#9350 = VECTOR('',#9351,1.);
#9351 = DIRECTION('',(0.,1.));
#9352 = ( GEOMETRIC_REPRESENTATION_CONTEXT(2) 
PARAMETRIC_REPRESENTATION_CONTEXT() REPRESENTATION_CONTEXT('2D SPACE',''
  ) );
#9353 = ORIENTED_EDGE('',*,*,#9354,.F.);
#9354 = EDGE_CURVE('',#9355,#9327,#9357,.T.);
#9355 = VERTEX_POINT('',#9356);
#9356 = CARTESIAN_POINT('',(-37.,-0.6,0.3175));
#9357 = SURFACE_CURVE('',#9358,(#9362,#9369),.PCURVE_S1.);
#9358 = LINE('',#9359,#9360);
#9359 = CARTESIAN_POINT('',(-37.,-0.6,0.3175));
#9360 = VECTOR('',#9361,1.);
#9361 = DIRECTION('',(0.,1.,0.));
#9362 = PCURVE('',#9043,#9363);
#9363 = DEFINITIONAL_REPRESENTATION('',(#9364),#9368);
#9364 = LINE('',#9365,#9366);
#9365 = CARTESIAN_POINT('',(7.,1.65));
#9366 = VECTOR('',#9367,1.);
#9367 = DIRECTION('',(0.,1.));
#9368 = ( GEOMETRIC_REPRESENTATION_CONTEXT(2) 
PARAMETRIC_REPRESENTATION_CONTEXT() REPRESENTATION_CONTEXT('2D SPACE',''
  ) );
#9369 = PCURVE('',#9370,#9375);
#9370 = PLANE('',#9371);
#9371 = AXIS2_PLACEMENT_3D('',#9372,#9373,#9374);
#9372 = CARTESIAN_POINT('',(-37.,-0.6,0.3175));
#9373 = DIRECTION('',(1.,0.,0.));
#9374 = DIRECTION('',(0.,0.,1.));
#9375 = DEFINITIONAL_REPRESENTATION('',(#9376),#9380);
#9376 = LINE('',#9377,#9378);
#9377 = CARTESIAN_POINT('',(0.,0.));
#9378 = VECTOR('',#9379,1.);
#9379 = DIRECTION('',(0.,-1.));
#9380 = ( GEOMETRIC_REPRESENTATION_CONTEXT(2) 
PARAMETRIC_REPRESENTATION_CONTEXT() REPRESENTATION_CONTEXT('2D SPACE',''
  ) );
#9381 = ORIENTED_EDGE('',*,*,#9382,.F.);
#9382 = EDGE_CURVE('',#9297,#9355,#9383,.T.);
#9383 = SURFACE_CURVE('',#9384,(#9388,#9395),.PCURVE_S1.);
#9384 = LINE('',#9385,#9386);
#9385 = CARTESIAN_POINT('',(-39.,-0.6,0.3175));
#9386 = VECTOR('',#9387,1.);
#9387 = DIRECTION('',(1.,0.,0.));
#9388 = PCURVE('',#9043,#9389);
#9389 = DEFINITIONAL_REPRESENTATION('',(#9390),#9394);
#9390 = LINE('',#9391,#9392);
#9391 = CARTESIAN_POINT('',(5.,1.65));
#9392 = VECTOR('',#9393,1.);
#9393 = DIRECTION('',(1.,0.));
#9394 = ( GEOMETRIC_REPRESENTATION_CONTEXT(2) 
PARAMETRIC_REPRESENTATION_CONTEXT() REPRESENTATION_CONTEXT('2D SPACE',''
  ) );
#9395 = PCURVE('',#9396,#9401);
#9396 = PLANE('',#9397);
#9397 = AXIS2_PLACEMENT_3D('',#9398,#9399,#9400);
#9398 = CARTESIAN_POINT('',(-39.,-0.6,0.3175));
#9399 = DIRECTION('',(0.,1.,0.));
#9400 = DIRECTION('',(0.,0.,1.));
#9401 = DEFINITIONAL_REPRESENTATION('',(#9402),#9406);
#9402 = LINE('',#9403,#9404);
#9403 = CARTESIAN_POINT('',(0.,0.));
#9404 = VECTOR('',#9405,1.);
#9405 = DIRECTION('',(0.,1.));
#9406 = ( GEOMETRIC_REPRESENTATION_CONTEXT(2) 
PARAMETRIC_REPRESENTATION_CONTEXT() REPRESENTATION_CONTEXT('2D SPACE',''
  ) );
#9407 = ADVANCED_FACE('',(#9408),#9017,.T.);
#9408 = FACE_BOUND('',#9409,.T.);
#9409 = EDGE_LOOP('',(#9410,#9433,#9434,#9435));
#9410 = ORIENTED_EDGE('',*,*,#9411,.F.);
#9411 = EDGE_CURVE('',#8974,#9412,#9414,.T.);
#9412 = VERTEX_POINT('',#9413);
#9413 = CARTESIAN_POINT('',(-34.5,2.25,-0.3175));
#9414 = SURFACE_CURVE('',#9415,(#9419,#9426),.PCURVE_S1.);
#9415 = LINE('',#9416,#9417);
#9416 = CARTESIAN_POINT('',(-44.,2.25,-0.3175));
#9417 = VECTOR('',#9418,1.);
#9418 = DIRECTION('',(1.,0.,0.));
#9419 = PCURVE('',#9017,#9420);
#9420 = DEFINITIONAL_REPRESENTATION('',(#9421),#9425);
#9421 = LINE('',#9422,#9423);
#9422 = CARTESIAN_POINT('',(0.,0.));
#9423 = VECTOR('',#9424,1.);
#9424 = DIRECTION('',(0.,1.));
#9425 = ( GEOMETRIC_REPRESENTATION_CONTEXT(2) 
PARAMETRIC_REPRESENTATION_CONTEXT() REPRESENTATION_CONTEXT('2D SPACE',''
  ) );
#9426 = PCURVE('',#8989,#9427);
#9427 = DEFINITIONAL_REPRESENTATION('',(#9428),#9432);
#9428 = LINE('',#9429,#9430);
#9429 = CARTESIAN_POINT('',(0.,4.5));
#9430 = VECTOR('',#9431,1.);
#9431 = DIRECTION('',(1.,0.));
#9432 = ( GEOMETRIC_REPRESENTATION_CONTEXT(2) 
PARAMETRIC_REPRESENTATION_CONTEXT() REPRESENTATION_CONTEXT('2D SPACE',''
  ) );
#9433 = ORIENTED_EDGE('',*,*,#9001,.T.);
#9434 = ORIENTED_EDGE('',*,*,#9159,.T.);
#9435 = ORIENTED_EDGE('',*,*,#9436,.F.);
#9436 = EDGE_CURVE('',#9412,#9137,#9437,.T.);
#9437 = SURFACE_CURVE('',#9438,(#9442,#9449),.PCURVE_S1.);
#9438 = LINE('',#9439,#9440);
#9439 = CARTESIAN_POINT('',(-34.5,2.25,-0.3175));
#9440 = VECTOR('',#9441,1.);
#9441 = DIRECTION('',(0.,0.,1.));
#9442 = PCURVE('',#9017,#9443);
#9443 = DEFINITIONAL_REPRESENTATION('',(#9444),#9448);
#9444 = LINE('',#9445,#9446);
#9445 = CARTESIAN_POINT('',(0.,9.5));
#9446 = VECTOR('',#9447,1.);
#9447 = DIRECTION('',(1.,0.));
#9448 = ( GEOMETRIC_REPRESENTATION_CONTEXT(2) 
PARAMETRIC_REPRESENTATION_CONTEXT() REPRESENTATION_CONTEXT('2D SPACE',''
  ) );
#9449 = PCURVE('',#9119,#9450);
#9450 = DEFINITIONAL_REPRESENTATION('',(#9451),#9455);
#9451 = LINE('',#9452,#9453);
#9452 = CARTESIAN_POINT('',(0.,-4.5));
#9453 = VECTOR('',#9454,1.);
#9454 = DIRECTION('',(1.,0.));
#9455 = ( GEOMETRIC_REPRESENTATION_CONTEXT(2) 
PARAMETRIC_REPRESENTATION_CONTEXT() REPRESENTATION_CONTEXT('2D SPACE',''
  ) );
#9456 = ADVANCED_FACE('',(#9457),#8989,.F.);
#9457 = FACE_BOUND('',#9458,.F.);
#9458 = EDGE_LOOP('',(#9459,#9460,#9461,#9482));
#9459 = ORIENTED_EDGE('',*,*,#8973,.F.);
#9460 = ORIENTED_EDGE('',*,*,#9058,.T.);
#9461 = ORIENTED_EDGE('',*,*,#9462,.T.);
#9462 = EDGE_CURVE('',#9059,#9412,#9463,.T.);
#9463 = SURFACE_CURVE('',#9464,(#9468,#9475),.PCURVE_S1.);
#9464 = LINE('',#9465,#9466);
#9465 = CARTESIAN_POINT('',(-34.5,-2.25,-0.3175));
#9466 = VECTOR('',#9467,1.);
#9467 = DIRECTION('',(0.,1.,0.));
#9468 = PCURVE('',#8989,#9469);
#9469 = DEFINITIONAL_REPRESENTATION('',(#9470),#9474);
#9470 = LINE('',#9471,#9472);
#9471 = CARTESIAN_POINT('',(9.5,0.));
#9472 = VECTOR('',#9473,1.);
#9473 = DIRECTION('',(0.,1.));
#9474 = ( GEOMETRIC_REPRESENTATION_CONTEXT(2) 
PARAMETRIC_REPRESENTATION_CONTEXT() REPRESENTATION_CONTEXT('2D SPACE',''
  ) );
#9475 = PCURVE('',#9119,#9476);
#9476 = DEFINITIONAL_REPRESENTATION('',(#9477),#9481);
#9477 = LINE('',#9478,#9479);
#9478 = CARTESIAN_POINT('',(0.,0.));
#9479 = VECTOR('',#9480,1.);
#9480 = DIRECTION('',(0.,-1.));
#9481 = ( GEOMETRIC_REPRESENTATION_CONTEXT(2) 
PARAMETRIC_REPRESENTATION_CONTEXT() REPRESENTATION_CONTEXT('2D SPACE',''
  ) );
#9482 = ORIENTED_EDGE('',*,*,#9411,.F.);
#9483 = ADVANCED_FACE('',(#9484),#9119,.T.);
#9484 = FACE_BOUND('',#9485,.T.);
#9485 = EDGE_LOOP('',(#9486,#9487,#9488,#9489));
#9486 = ORIENTED_EDGE('',*,*,#9105,.F.);
#9487 = ORIENTED_EDGE('',*,*,#9462,.T.);
#9488 = ORIENTED_EDGE('',*,*,#9436,.T.);
#9489 = ORIENTED_EDGE('',*,*,#9136,.F.);
#9490 = ADVANCED_FACE('',(#9491),#9200,.F.);
#9491 = FACE_BOUND('',#9492,.F.);
#9492 = EDGE_LOOP('',(#9493,#9516,#9517,#9540));
#9493 = ORIENTED_EDGE('',*,*,#9494,.F.);
#9494 = EDGE_CURVE('',#9183,#9495,#9497,.T.);
#9495 = VERTEX_POINT('',#9496);
#9496 = CARTESIAN_POINT('',(-42.75,-1.,0.8175));
#9497 = SURFACE_CURVE('',#9498,(#9502,#9509),.PCURVE_S1.);
#9498 = LINE('',#9499,#9500);
#9499 = CARTESIAN_POINT('',(-42.75,-1.,0.3175));
#9500 = VECTOR('',#9501,1.);
#9501 = DIRECTION('',(0.,0.,1.));
#9502 = PCURVE('',#9200,#9503);
#9503 = DEFINITIONAL_REPRESENTATION('',(#9504),#9508);
#9504 = LINE('',#9505,#9506);
#9505 = CARTESIAN_POINT('',(0.,0.));
#9506 = VECTOR('',#9507,1.);
#9507 = DIRECTION('',(1.,0.));
#9508 = ( GEOMETRIC_REPRESENTATION_CONTEXT(2) 
PARAMETRIC_REPRESENTATION_CONTEXT() REPRESENTATION_CONTEXT('2D SPACE',''
  ) );
#9509 = PCURVE('',#9282,#9510);
#9510 = DEFINITIONAL_REPRESENTATION('',(#9511),#9515);
#9511 = LINE('',#9512,#9513);
#9512 = CARTESIAN_POINT('',(0.,0.));
#9513 = VECTOR('',#9514,1.);
#9514 = DIRECTION('',(1.,0.));
#9515 = ( GEOMETRIC_REPRESENTATION_CONTEXT(2) 
PARAMETRIC_REPRESENTATION_CONTEXT() REPRESENTATION_CONTEXT('2D SPACE',''
  ) );
#9516 = ORIENTED_EDGE('',*,*,#9182,.T.);
#9517 = ORIENTED_EDGE('',*,*,#9518,.T.);
#9518 = EDGE_CURVE('',#9185,#9519,#9521,.T.);
#9519 = VERTEX_POINT('',#9520);
#9520 = CARTESIAN_POINT('',(-42.75,1.,0.8175));
#9521 = SURFACE_CURVE('',#9522,(#9526,#9533),.PCURVE_S1.);
#9522 = LINE('',#9523,#9524);
#9523 = CARTESIAN_POINT('',(-42.75,1.,0.3175));
#9524 = VECTOR('',#9525,1.);
#9525 = DIRECTION('',(0.,0.,1.));
#9526 = PCURVE('',#9200,#9527);
#9527 = DEFINITIONAL_REPRESENTATION('',(#9528),#9532);
#9528 = LINE('',#9529,#9530);
#9529 = CARTESIAN_POINT('',(0.,-2.));
#9530 = VECTOR('',#9531,1.);
#9531 = DIRECTION('',(1.,0.));
#9532 = ( GEOMETRIC_REPRESENTATION_CONTEXT(2) 
PARAMETRIC_REPRESENTATION_CONTEXT() REPRESENTATION_CONTEXT('2D SPACE',''
  ) );
#9533 = PCURVE('',#9228,#9534);
#9534 = DEFINITIONAL_REPRESENTATION('',(#9535),#9539);
#9535 = LINE('',#9536,#9537);
#9536 = CARTESIAN_POINT('',(0.,0.));
#9537 = VECTOR('',#9538,1.);
#9538 = DIRECTION('',(1.,0.));
#9539 = ( GEOMETRIC_REPRESENTATION_CONTEXT(2) 
PARAMETRIC_REPRESENTATION_CONTEXT() REPRESENTATION_CONTEXT('2D SPACE',''
  ) );
#9540 = ORIENTED_EDGE('',*,*,#9541,.F.);
#9541 = EDGE_CURVE('',#9495,#9519,#9542,.T.);
#9542 = SURFACE_CURVE('',#9543,(#9547,#9554),.PCURVE_S1.);
#9543 = LINE('',#9544,#9545);
#9544 = CARTESIAN_POINT('',(-42.75,-1.,0.8175));
#9545 = VECTOR('',#9546,1.);
#9546 = DIRECTION('',(0.,1.,0.));
#9547 = PCURVE('',#9200,#9548);
#9548 = DEFINITIONAL_REPRESENTATION('',(#9549),#9553);
#9549 = LINE('',#9550,#9551);
#9550 = CARTESIAN_POINT('',(0.5,0.));
#9551 = VECTOR('',#9552,1.);
#9552 = DIRECTION('',(0.,-1.));
#9553 = ( GEOMETRIC_REPRESENTATION_CONTEXT(2) 
PARAMETRIC_REPRESENTATION_CONTEXT() REPRESENTATION_CONTEXT('2D SPACE',''
  ) );
#9554 = PCURVE('',#9555,#9560);
#9555 = PLANE('',#9556);
#9556 = AXIS2_PLACEMENT_3D('',#9557,#9558,#9559);
#9557 = CARTESIAN_POINT('',(-42.75,-1.,0.8175));
#9558 = DIRECTION('',(0.,0.,1.));
#9559 = DIRECTION('',(1.,0.,0.));
#9560 = DEFINITIONAL_REPRESENTATION('',(#9561),#9565);
#9561 = LINE('',#9562,#9563);
#9562 = CARTESIAN_POINT('',(0.,0.));
#9563 = VECTOR('',#9564,1.);
#9564 = DIRECTION('',(0.,1.));
#9565 = ( GEOMETRIC_REPRESENTATION_CONTEXT(2) 
PARAMETRIC_REPRESENTATION_CONTEXT() REPRESENTATION_CONTEXT('2D SPACE',''
  ) );
#9566 = ADVANCED_FACE('',(#9567),#9228,.T.);
#9567 = FACE_BOUND('',#9568,.T.);
#9568 = EDGE_LOOP('',(#9569,#9570,#9571,#9594));
#9569 = ORIENTED_EDGE('',*,*,#9212,.F.);
#9570 = ORIENTED_EDGE('',*,*,#9518,.T.);
#9571 = ORIENTED_EDGE('',*,*,#9572,.T.);
#9572 = EDGE_CURVE('',#9519,#9573,#9575,.T.);
#9573 = VERTEX_POINT('',#9574);
#9574 = CARTESIAN_POINT('',(-40.25,1.,0.8175));
#9575 = SURFACE_CURVE('',#9576,(#9580,#9587),.PCURVE_S1.);
#9576 = LINE('',#9577,#9578);
#9577 = CARTESIAN_POINT('',(-42.75,1.,0.8175));
#9578 = VECTOR('',#9579,1.);
#9579 = DIRECTION('',(1.,0.,0.));
#9580 = PCURVE('',#9228,#9581);
#9581 = DEFINITIONAL_REPRESENTATION('',(#9582),#9586);
#9582 = LINE('',#9583,#9584);
#9583 = CARTESIAN_POINT('',(0.5,0.));
#9584 = VECTOR('',#9585,1.);
#9585 = DIRECTION('',(0.,1.));
#9586 = ( GEOMETRIC_REPRESENTATION_CONTEXT(2) 
PARAMETRIC_REPRESENTATION_CONTEXT() REPRESENTATION_CONTEXT('2D SPACE',''
  ) );
#9587 = PCURVE('',#9555,#9588);
#9588 = DEFINITIONAL_REPRESENTATION('',(#9589),#9593);
#9589 = LINE('',#9590,#9591);
#9590 = CARTESIAN_POINT('',(0.,2.));
#9591 = VECTOR('',#9592,1.);
#9592 = DIRECTION('',(1.,0.));
#9593 = ( GEOMETRIC_REPRESENTATION_CONTEXT(2) 
PARAMETRIC_REPRESENTATION_CONTEXT() REPRESENTATION_CONTEXT('2D SPACE',''
  ) );
#9594 = ORIENTED_EDGE('',*,*,#9595,.F.);
#9595 = EDGE_CURVE('',#9213,#9573,#9596,.T.);
#9596 = SURFACE_CURVE('',#9597,(#9601,#9608),.PCURVE_S1.);
#9597 = LINE('',#9598,#9599);
#9598 = CARTESIAN_POINT('',(-40.25,1.,0.3175));
#9599 = VECTOR('',#9600,1.);
#9600 = DIRECTION('',(0.,0.,1.));
#9601 = PCURVE('',#9228,#9602);
#9602 = DEFINITIONAL_REPRESENTATION('',(#9603),#9607);
#9603 = LINE('',#9604,#9605);
#9604 = CARTESIAN_POINT('',(0.,2.5));
#9605 = VECTOR('',#9606,1.);
#9606 = DIRECTION('',(1.,0.));
#9607 = ( GEOMETRIC_REPRESENTATION_CONTEXT(2) 
PARAMETRIC_REPRESENTATION_CONTEXT() REPRESENTATION_CONTEXT('2D SPACE',''
  ) );
#9608 = PCURVE('',#9256,#9609);
#9609 = DEFINITIONAL_REPRESENTATION('',(#9610),#9614);
#9610 = LINE('',#9611,#9612);
#9611 = CARTESIAN_POINT('',(0.,-2.));
#9612 = VECTOR('',#9613,1.);
#9613 = DIRECTION('',(1.,0.));
#9614 = ( GEOMETRIC_REPRESENTATION_CONTEXT(2) 
PARAMETRIC_REPRESENTATION_CONTEXT() REPRESENTATION_CONTEXT('2D SPACE',''
  ) );
#9615 = ADVANCED_FACE('',(#9616),#9282,.F.);
#9616 = FACE_BOUND('',#9617,.F.);
#9617 = EDGE_LOOP('',(#9618,#9619,#9620,#9643));
#9618 = ORIENTED_EDGE('',*,*,#9268,.F.);
#9619 = ORIENTED_EDGE('',*,*,#9494,.T.);
#9620 = ORIENTED_EDGE('',*,*,#9621,.T.);
#9621 = EDGE_CURVE('',#9495,#9622,#9624,.T.);
#9622 = VERTEX_POINT('',#9623);
#9623 = CARTESIAN_POINT('',(-40.25,-1.,0.8175));
#9624 = SURFACE_CURVE('',#9625,(#9629,#9636),.PCURVE_S1.);
#9625 = LINE('',#9626,#9627);
#9626 = CARTESIAN_POINT('',(-42.75,-1.,0.8175));
#9627 = VECTOR('',#9628,1.);
#9628 = DIRECTION('',(1.,0.,0.));
#9629 = PCURVE('',#9282,#9630);
#9630 = DEFINITIONAL_REPRESENTATION('',(#9631),#9635);
#9631 = LINE('',#9632,#9633);
#9632 = CARTESIAN_POINT('',(0.5,0.));
#9633 = VECTOR('',#9634,1.);
#9634 = DIRECTION('',(0.,1.));
#9635 = ( GEOMETRIC_REPRESENTATION_CONTEXT(2) 
PARAMETRIC_REPRESENTATION_CONTEXT() REPRESENTATION_CONTEXT('2D SPACE',''
  ) );
#9636 = PCURVE('',#9555,#9637);
#9637 = DEFINITIONAL_REPRESENTATION('',(#9638),#9642);
#9638 = LINE('',#9639,#9640);
#9639 = CARTESIAN_POINT('',(0.,0.));
#9640 = VECTOR('',#9641,1.);
#9641 = DIRECTION('',(1.,0.));
#9642 = ( GEOMETRIC_REPRESENTATION_CONTEXT(2) 
PARAMETRIC_REPRESENTATION_CONTEXT() REPRESENTATION_CONTEXT('2D SPACE',''
  ) );
#9643 = ORIENTED_EDGE('',*,*,#9644,.F.);
#9644 = EDGE_CURVE('',#9241,#9622,#9645,.T.);
#9645 = SURFACE_CURVE('',#9646,(#9650,#9657),.PCURVE_S1.);
#9646 = LINE('',#9647,#9648);
#9647 = CARTESIAN_POINT('',(-40.25,-1.,0.3175));
#9648 = VECTOR('',#9649,1.);
#9649 = DIRECTION('',(0.,0.,1.));
#9650 = PCURVE('',#9282,#9651);
#9651 = DEFINITIONAL_REPRESENTATION('',(#9652),#9656);
#9652 = LINE('',#9653,#9654);
#9653 = CARTESIAN_POINT('',(0.,2.5));
#9654 = VECTOR('',#9655,1.);
#9655 = DIRECTION('',(1.,0.));
#9656 = ( GEOMETRIC_REPRESENTATION_CONTEXT(2) 
PARAMETRIC_REPRESENTATION_CONTEXT() REPRESENTATION_CONTEXT('2D SPACE',''
  ) );
#9657 = PCURVE('',#9256,#9658);
#9658 = DEFINITIONAL_REPRESENTATION('',(#9659),#9663);
#9659 = LINE('',#9660,#9661);
#9660 = CARTESIAN_POINT('',(0.,0.));
#9661 = VECTOR('',#9662,1.);
#9662 = DIRECTION('',(1.,0.));
#9663 = ( GEOMETRIC_REPRESENTATION_CONTEXT(2) 
PARAMETRIC_REPRESENTATION_CONTEXT() REPRESENTATION_CONTEXT('2D SPACE',''
  ) );
#9664 = ADVANCED_FACE('',(#9665),#9256,.T.);
#9665 = FACE_BOUND('',#9666,.T.);
#9666 = EDGE_LOOP('',(#9667,#9668,#9669,#9670));
#9667 = ORIENTED_EDGE('',*,*,#9644,.F.);
#9668 = ORIENTED_EDGE('',*,*,#9240,.T.);
#9669 = ORIENTED_EDGE('',*,*,#9595,.T.);
#9670 = ORIENTED_EDGE('',*,*,#9671,.F.);
#9671 = EDGE_CURVE('',#9622,#9573,#9672,.T.);
#9672 = SURFACE_CURVE('',#9673,(#9677,#9684),.PCURVE_S1.);
#9673 = LINE('',#9674,#9675);
#9674 = CARTESIAN_POINT('',(-40.25,-1.,0.8175));
#9675 = VECTOR('',#9676,1.);
#9676 = DIRECTION('',(0.,1.,0.));
#9677 = PCURVE('',#9256,#9678);
#9678 = DEFINITIONAL_REPRESENTATION('',(#9679),#9683);
#9679 = LINE('',#9680,#9681);
#9680 = CARTESIAN_POINT('',(0.5,0.));
#9681 = VECTOR('',#9682,1.);
#9682 = DIRECTION('',(0.,-1.));
#9683 = ( GEOMETRIC_REPRESENTATION_CONTEXT(2) 
PARAMETRIC_REPRESENTATION_CONTEXT() REPRESENTATION_CONTEXT('2D SPACE',''
  ) );
#9684 = PCURVE('',#9555,#9685);
#9685 = DEFINITIONAL_REPRESENTATION('',(#9686),#9690);
#9686 = LINE('',#9687,#9688);
#9687 = CARTESIAN_POINT('',(2.5,0.));
#9688 = VECTOR('',#9689,1.);
#9689 = DIRECTION('',(0.,1.));
#9690 = ( GEOMETRIC_REPRESENTATION_CONTEXT(2) 
PARAMETRIC_REPRESENTATION_CONTEXT() REPRESENTATION_CONTEXT('2D SPACE',''
  ) );
#9691 = ADVANCED_FACE('',(#9692),#9314,.F.);
#9692 = FACE_BOUND('',#9693,.F.);
#9693 = EDGE_LOOP('',(#9694,#9717,#9718,#9741));
#9694 = ORIENTED_EDGE('',*,*,#9695,.F.);
#9695 = EDGE_CURVE('',#9297,#9696,#9698,.T.);
#9696 = VERTEX_POINT('',#9697);
#9697 = CARTESIAN_POINT('',(-39.,-0.6,0.8175));
#9698 = SURFACE_CURVE('',#9699,(#9703,#9710),.PCURVE_S1.);
#9699 = LINE('',#9700,#9701);
#9700 = CARTESIAN_POINT('',(-39.,-0.6,0.3175));
#9701 = VECTOR('',#9702,1.);
#9702 = DIRECTION('',(0.,0.,1.));
#9703 = PCURVE('',#9314,#9704);
#9704 = DEFINITIONAL_REPRESENTATION('',(#9705),#9709);
#9705 = LINE('',#9706,#9707);
#9706 = CARTESIAN_POINT('',(0.,0.));
#9707 = VECTOR('',#9708,1.);
#9708 = DIRECTION('',(1.,0.));
#9709 = ( GEOMETRIC_REPRESENTATION_CONTEXT(2) 
PARAMETRIC_REPRESENTATION_CONTEXT() REPRESENTATION_CONTEXT('2D SPACE',''
  ) );
#9710 = PCURVE('',#9396,#9711);
#9711 = DEFINITIONAL_REPRESENTATION('',(#9712),#9716);
#9712 = LINE('',#9713,#9714);
#9713 = CARTESIAN_POINT('',(0.,0.));
#9714 = VECTOR('',#9715,1.);
#9715 = DIRECTION('',(1.,0.));
#9716 = ( GEOMETRIC_REPRESENTATION_CONTEXT(2) 
PARAMETRIC_REPRESENTATION_CONTEXT() REPRESENTATION_CONTEXT('2D SPACE',''
  ) );
#9717 = ORIENTED_EDGE('',*,*,#9296,.T.);
#9718 = ORIENTED_EDGE('',*,*,#9719,.T.);
#9719 = EDGE_CURVE('',#9299,#9720,#9722,.T.);
#9720 = VERTEX_POINT('',#9721);
#9721 = CARTESIAN_POINT('',(-39.,0.6,0.8175));
#9722 = SURFACE_CURVE('',#9723,(#9727,#9734),.PCURVE_S1.);
#9723 = LINE('',#9724,#9725);
#9724 = CARTESIAN_POINT('',(-39.,0.6,0.3175));
#9725 = VECTOR('',#9726,1.);
#9726 = DIRECTION('',(0.,0.,1.));
#9727 = PCURVE('',#9314,#9728);
#9728 = DEFINITIONAL_REPRESENTATION('',(#9729),#9733);
#9729 = LINE('',#9730,#9731);
#9730 = CARTESIAN_POINT('',(0.,-1.2));
#9731 = VECTOR('',#9732,1.);
#9732 = DIRECTION('',(1.,0.));
#9733 = ( GEOMETRIC_REPRESENTATION_CONTEXT(2) 
PARAMETRIC_REPRESENTATION_CONTEXT() REPRESENTATION_CONTEXT('2D SPACE',''
  ) );
#9734 = PCURVE('',#9342,#9735);
#9735 = DEFINITIONAL_REPRESENTATION('',(#9736),#9740);
#9736 = LINE('',#9737,#9738);
#9737 = CARTESIAN_POINT('',(0.,0.));
#9738 = VECTOR('',#9739,1.);
#9739 = DIRECTION('',(1.,0.));
#9740 = ( GEOMETRIC_REPRESENTATION_CONTEXT(2) 
PARAMETRIC_REPRESENTATION_CONTEXT() REPRESENTATION_CONTEXT('2D SPACE',''
  ) );
#9741 = ORIENTED_EDGE('',*,*,#9742,.F.);
#9742 = EDGE_CURVE('',#9696,#9720,#9743,.T.);
#9743 = SURFACE_CURVE('',#9744,(#9748,#9755),.PCURVE_S1.);
#9744 = LINE('',#9745,#9746);
#9745 = CARTESIAN_POINT('',(-39.,-0.6,0.8175));
#9746 = VECTOR('',#9747,1.);
#9747 = DIRECTION('',(0.,1.,0.));
#9748 = PCURVE('',#9314,#9749);
#9749 = DEFINITIONAL_REPRESENTATION('',(#9750),#9754);
#9750 = LINE('',#9751,#9752);
#9751 = CARTESIAN_POINT('',(0.5,0.));
#9752 = VECTOR('',#9753,1.);
#9753 = DIRECTION('',(0.,-1.));
#9754 = ( GEOMETRIC_REPRESENTATION_CONTEXT(2) 
PARAMETRIC_REPRESENTATION_CONTEXT() REPRESENTATION_CONTEXT('2D SPACE',''
  ) );
#9755 = PCURVE('',#9756,#9761);
#9756 = PLANE('',#9757);
#9757 = AXIS2_PLACEMENT_3D('',#9758,#9759,#9760);
#9758 = CARTESIAN_POINT('',(-39.,-0.6,0.8175));
#9759 = DIRECTION('',(0.,0.,1.));
#9760 = DIRECTION('',(1.,0.,0.));
#9761 = DEFINITIONAL_REPRESENTATION('',(#9762),#9766);
#9762 = LINE('',#9763,#9764);
#9763 = CARTESIAN_POINT('',(0.,0.));
#9764 = VECTOR('',#9765,1.);
#9765 = DIRECTION('',(0.,1.));
#9766 = ( GEOMETRIC_REPRESENTATION_CONTEXT(2) 
PARAMETRIC_REPRESENTATION_CONTEXT() REPRESENTATION_CONTEXT('2D SPACE',''
  ) );
#9767 = ADVANCED_FACE('',(#9768),#9396,.F.);
#9768 = FACE_BOUND('',#9769,.F.);
#9769 = EDGE_LOOP('',(#9770,#9771,#9772,#9795));
#9770 = ORIENTED_EDGE('',*,*,#9382,.F.);
#9771 = ORIENTED_EDGE('',*,*,#9695,.T.);
#9772 = ORIENTED_EDGE('',*,*,#9773,.T.);
#9773 = EDGE_CURVE('',#9696,#9774,#9776,.T.);
#9774 = VERTEX_POINT('',#9775);
#9775 = CARTESIAN_POINT('',(-37.,-0.6,0.8175));
#9776 = SURFACE_CURVE('',#9777,(#9781,#9788),.PCURVE_S1.);
#9777 = LINE('',#9778,#9779);
#9778 = CARTESIAN_POINT('',(-39.,-0.6,0.8175));
#9779 = VECTOR('',#9780,1.);
#9780 = DIRECTION('',(1.,0.,0.));
#9781 = PCURVE('',#9396,#9782);
#9782 = DEFINITIONAL_REPRESENTATION('',(#9783),#9787);
#9783 = LINE('',#9784,#9785);
#9784 = CARTESIAN_POINT('',(0.5,0.));
#9785 = VECTOR('',#9786,1.);
#9786 = DIRECTION('',(0.,1.));
#9787 = ( GEOMETRIC_REPRESENTATION_CONTEXT(2) 
PARAMETRIC_REPRESENTATION_CONTEXT() REPRESENTATION_CONTEXT('2D SPACE',''
  ) );
#9788 = PCURVE('',#9756,#9789);
#9789 = DEFINITIONAL_REPRESENTATION('',(#9790),#9794);
#9790 = LINE('',#9791,#9792);
#9791 = CARTESIAN_POINT('',(0.,0.));
#9792 = VECTOR('',#9793,1.);
#9793 = DIRECTION('',(1.,0.));
#9794 = ( GEOMETRIC_REPRESENTATION_CONTEXT(2) 
PARAMETRIC_REPRESENTATION_CONTEXT() REPRESENTATION_CONTEXT('2D SPACE',''
  ) );
#9795 = ORIENTED_EDGE('',*,*,#9796,.F.);
#9796 = EDGE_CURVE('',#9355,#9774,#9797,.T.);
#9797 = SURFACE_CURVE('',#9798,(#9802,#9809),.PCURVE_S1.);
#9798 = LINE('',#9799,#9800);
#9799 = CARTESIAN_POINT('',(-37.,-0.6,0.3175));
#9800 = VECTOR('',#9801,1.);
#9801 = DIRECTION('',(0.,0.,1.));
#9802 = PCURVE('',#9396,#9803);
#9803 = DEFINITIONAL_REPRESENTATION('',(#9804),#9808);
#9804 = LINE('',#9805,#9806);
#9805 = CARTESIAN_POINT('',(0.,2.));
#9806 = VECTOR('',#9807,1.);
#9807 = DIRECTION('',(1.,0.));
#9808 = ( GEOMETRIC_REPRESENTATION_CONTEXT(2) 
PARAMETRIC_REPRESENTATION_CONTEXT() REPRESENTATION_CONTEXT('2D SPACE',''
  ) );
#9809 = PCURVE('',#9370,#9810);
#9810 = DEFINITIONAL_REPRESENTATION('',(#9811),#9815);
#9811 = LINE('',#9812,#9813);
#9812 = CARTESIAN_POINT('',(0.,0.));
#9813 = VECTOR('',#9814,1.);
#9814 = DIRECTION('',(1.,0.));
#9815 = ( GEOMETRIC_REPRESENTATION_CONTEXT(2) 
PARAMETRIC_REPRESENTATION_CONTEXT() REPRESENTATION_CONTEXT('2D SPACE',''
  ) );
#9816 = ADVANCED_FACE('',(#9817),#9370,.T.);
#9817 = FACE_BOUND('',#9818,.T.);
#9818 = EDGE_LOOP('',(#9819,#9820,#9821,#9844));
#9819 = ORIENTED_EDGE('',*,*,#9796,.F.);
#9820 = ORIENTED_EDGE('',*,*,#9354,.T.);
#9821 = ORIENTED_EDGE('',*,*,#9822,.T.);
#9822 = EDGE_CURVE('',#9327,#9823,#9825,.T.);
#9823 = VERTEX_POINT('',#9824);
#9824 = CARTESIAN_POINT('',(-37.,0.6,0.8175));
#9825 = SURFACE_CURVE('',#9826,(#9830,#9837),.PCURVE_S1.);
#9826 = LINE('',#9827,#9828);
#9827 = CARTESIAN_POINT('',(-37.,0.6,0.3175));
#9828 = VECTOR('',#9829,1.);
#9829 = DIRECTION('',(0.,0.,1.));
#9830 = PCURVE('',#9370,#9831);
#9831 = DEFINITIONAL_REPRESENTATION('',(#9832),#9836);
#9832 = LINE('',#9833,#9834);
#9833 = CARTESIAN_POINT('',(0.,-1.2));
#9834 = VECTOR('',#9835,1.);
#9835 = DIRECTION('',(1.,0.));
#9836 = ( GEOMETRIC_REPRESENTATION_CONTEXT(2) 
PARAMETRIC_REPRESENTATION_CONTEXT() REPRESENTATION_CONTEXT('2D SPACE',''
  ) );
#9837 = PCURVE('',#9342,#9838);
#9838 = DEFINITIONAL_REPRESENTATION('',(#9839),#9843);
#9839 = LINE('',#9840,#9841);
#9840 = CARTESIAN_POINT('',(0.,2.));
#9841 = VECTOR('',#9842,1.);
#9842 = DIRECTION('',(1.,0.));
#9843 = ( GEOMETRIC_REPRESENTATION_CONTEXT(2) 
PARAMETRIC_REPRESENTATION_CONTEXT() REPRESENTATION_CONTEXT('2D SPACE',''
  ) );
#9844 = ORIENTED_EDGE('',*,*,#9845,.F.);
#9845 = EDGE_CURVE('',#9774,#9823,#9846,.T.);
#9846 = SURFACE_CURVE('',#9847,(#9851,#9858),.PCURVE_S1.);
#9847 = LINE('',#9848,#9849);
#9848 = CARTESIAN_POINT('',(-37.,-0.6,0.8175));
#9849 = VECTOR('',#9850,1.);
#9850 = DIRECTION('',(0.,1.,0.));
#9851 = PCURVE('',#9370,#9852);
#9852 = DEFINITIONAL_REPRESENTATION('',(#9853),#9857);
#9853 = LINE('',#9854,#9855);
#9854 = CARTESIAN_POINT('',(0.5,0.));
#9855 = VECTOR('',#9856,1.);
#9856 = DIRECTION('',(0.,-1.));
#9857 = ( GEOMETRIC_REPRESENTATION_CONTEXT(2) 
PARAMETRIC_REPRESENTATION_CONTEXT() REPRESENTATION_CONTEXT('2D SPACE',''
  ) );
#9858 = PCURVE('',#9756,#9859);
#9859 = DEFINITIONAL_REPRESENTATION('',(#9860),#9864);
#9860 = LINE('',#9861,#9862);
#9861 = CARTESIAN_POINT('',(2.,0.));
#9862 = VECTOR('',#9863,1.);
#9863 = DIRECTION('',(0.,1.));
#9864 = ( GEOMETRIC_REPRESENTATION_CONTEXT(2) 
PARAMETRIC_REPRESENTATION_CONTEXT() REPRESENTATION_CONTEXT('2D SPACE',''
  ) );
#9865 = ADVANCED_FACE('',(#9866),#9342,.T.);
#9866 = FACE_BOUND('',#9867,.T.);
#9867 = EDGE_LOOP('',(#9868,#9869,#9870,#9891));
#9868 = ORIENTED_EDGE('',*,*,#9326,.F.);
#9869 = ORIENTED_EDGE('',*,*,#9719,.T.);
#9870 = ORIENTED_EDGE('',*,*,#9871,.T.);
#9871 = EDGE_CURVE('',#9720,#9823,#9872,.T.);
#9872 = SURFACE_CURVE('',#9873,(#9877,#9884),.PCURVE_S1.);
#9873 = LINE('',#9874,#9875);
#9874 = CARTESIAN_POINT('',(-39.,0.6,0.8175));
#9875 = VECTOR('',#9876,1.);
#9876 = DIRECTION('',(1.,0.,0.));
#9877 = PCURVE('',#9342,#9878);
#9878 = DEFINITIONAL_REPRESENTATION('',(#9879),#9883);
#9879 = LINE('',#9880,#9881);
#9880 = CARTESIAN_POINT('',(0.5,0.));
#9881 = VECTOR('',#9882,1.);
#9882 = DIRECTION('',(0.,1.));
#9883 = ( GEOMETRIC_REPRESENTATION_CONTEXT(2) 
PARAMETRIC_REPRESENTATION_CONTEXT() REPRESENTATION_CONTEXT('2D SPACE',''
  ) );
#9884 = PCURVE('',#9756,#9885);
#9885 = DEFINITIONAL_REPRESENTATION('',(#9886),#9890);
#9886 = LINE('',#9887,#9888);
#9887 = CARTESIAN_POINT('',(0.,1.2));
#9888 = VECTOR('',#9889,1.);
#9889 = DIRECTION('',(1.,0.));
#9890 = ( GEOMETRIC_REPRESENTATION_CONTEXT(2) 
PARAMETRIC_REPRESENTATION_CONTEXT() REPRESENTATION_CONTEXT('2D SPACE',''
  ) );
#9891 = ORIENTED_EDGE('',*,*,#9822,.F.);
#9892 = ADVANCED_FACE('',(#9893),#9555,.T.);
#9893 = FACE_BOUND('',#9894,.T.);
#9894 = EDGE_LOOP('',(#9895,#9896,#9897,#9898));
#9895 = ORIENTED_EDGE('',*,*,#9541,.F.);
#9896 = ORIENTED_EDGE('',*,*,#9621,.T.);
#9897 = ORIENTED_EDGE('',*,*,#9671,.T.);
#9898 = ORIENTED_EDGE('',*,*,#9572,.F.);
#9899 = ADVANCED_FACE('',(#9900),#9756,.T.);
#9900 = FACE_BOUND('',#9901,.T.);
#9901 = EDGE_LOOP('',(#9902,#9903,#9904,#9905));
#9902 = ORIENTED_EDGE('',*,*,#9742,.F.);
#9903 = ORIENTED_EDGE('',*,*,#9773,.T.);
#9904 = ORIENTED_EDGE('',*,*,#9845,.T.);
#9905 = ORIENTED_EDGE('',*,*,#9871,.F.);
#9906 = ( GEOMETRIC_REPRESENTATION_CONTEXT(3) 
GLOBAL_UNCERTAINTY_ASSIGNED_CONTEXT((#9910)) 
GLOBAL_UNIT_ASSIGNED_CONTEXT((#9907,#9908,#9909)) REPRESENTATION_CONTEXT
('Context #1','3D Context with UNIT and UNCERTAINTY') );
#9907 = ( LENGTH_UNIT() NAMED_UNIT(*) SI_UNIT(.MILLI.,.METRE.) );
#9908 = ( NAMED_UNIT(*) PLANE_ANGLE_UNIT() SI_UNIT($,.RADIAN.) );
#9909 = ( NAMED_UNIT(*) SI_UNIT($,.STERADIAN.) SOLID_ANGLE_UNIT() );
#9910 = UNCERTAINTY_MEASURE_WITH_UNIT(LENGTH_MEASURE(1.E-07),#9907,
  'distance_accuracy_value','confusion accuracy');
#9911 = CONTEXT_DEPENDENT_SHAPE_REPRESENTATION(#9912,#9914);
#9912 = ( REPRESENTATION_RELATIONSHIP('','',#8931,#10) 
REPRESENTATION_RELATIONSHIP_WITH_TRANSFORMATION(#9913) 
SHAPE_REPRESENTATION_RELATIONSHIP() );
#9913 = ITEM_DEFINED_TRANSFORMATION('','',#11,#35);
#9914 = PRODUCT_DEFINITION_SHAPE('Placement','Placement of an item',
  #9915);
#9915 = NEXT_ASSEMBLY_USAGE_OCCURRENCE('6','P-202_carrier','',#5,#8926,$
  );
#9916 = PRODUCT_RELATED_PRODUCT_CATEGORY('part',$,(#8928));
#9917 = SHAPE_DEFINITION_REPRESENTATION(#9918,#9924);
#9918 = PRODUCT_DEFINITION_SHAPE('','',#9919);
#9919 = PRODUCT_DEFINITION('design','',#9920,#9923);
#9920 = PRODUCT_DEFINITION_FORMATION('','',#9921);
#9921 = PRODUCT('P-203_seal','P-203_seal','',(#9922));
#9922 = PRODUCT_CONTEXT('',#2,'mechanical');
#9923 = PRODUCT_DEFINITION_CONTEXT('part definition',#2,'design');
#9924 = ADVANCED_BREP_SHAPE_REPRESENTATION('',(#11,#9925),#10107);
#9925 = MANIFOLD_SOLID_BREP('',#9926);
#9926 = CLOSED_SHELL('',(#9927,#10015,#10050,#10100));
#9927 = ADVANCED_FACE('',(#9928),#9941,.F.);
#9928 = FACE_BOUND('',#9929,.F.);
#9929 = EDGE_LOOP('',(#9930,#9964,#9987,#10014));
#9930 = ORIENTED_EDGE('',*,*,#9931,.T.);
#9931 = EDGE_CURVE('',#9932,#9932,#9934,.T.);
#9932 = VERTEX_POINT('',#9933);
#9933 = CARTESIAN_POINT('',(-2.,10.75,0.));
#9934 = SURFACE_CURVE('',#9935,(#9940,#9952),.PCURVE_S1.);
#9935 = CIRCLE('',#9936,10.75);
#9936 = AXIS2_PLACEMENT_3D('',#9937,#9938,#9939);
#9937 = CARTESIAN_POINT('',(-2.,0.,0.));
#9938 = DIRECTION('',(1.,0.,0.));
#9939 = DIRECTION('',(-0.,1.,0.));
#9940 = PCURVE('',#9941,#9946);
#9941 = CYLINDRICAL_SURFACE('',#9942,10.75);
#9942 = AXIS2_PLACEMENT_3D('',#9943,#9944,#9945);
#9943 = CARTESIAN_POINT('',(-2.,0.,0.));
#9944 = DIRECTION('',(1.,0.,0.));
#9945 = DIRECTION('',(-0.,1.,0.));
#9946 = DEFINITIONAL_REPRESENTATION('',(#9947),#9951);
#9947 = LINE('',#9948,#9949);
#9948 = CARTESIAN_POINT('',(0.,0.));
#9949 = VECTOR('',#9950,1.);
#9950 = DIRECTION('',(1.,0.));
#9951 = ( GEOMETRIC_REPRESENTATION_CONTEXT(2) 
PARAMETRIC_REPRESENTATION_CONTEXT() REPRESENTATION_CONTEXT('2D SPACE',''
  ) );
#9952 = PCURVE('',#9953,#9958);
#9953 = PLANE('',#9954);
#9954 = AXIS2_PLACEMENT_3D('',#9955,#9956,#9957);
#9955 = CARTESIAN_POINT('',(-2.,0.,0.));
#9956 = DIRECTION('',(1.,0.,0.));
#9957 = DIRECTION('',(-0.,1.,0.));
#9958 = DEFINITIONAL_REPRESENTATION('',(#9959),#9963);
#9959 = CIRCLE('',#9960,10.75);
#9960 = AXIS2_PLACEMENT_2D('',#9961,#9962);
#9961 = CARTESIAN_POINT('',(0.,0.));
#9962 = DIRECTION('',(1.,0.));
#9963 = ( GEOMETRIC_REPRESENTATION_CONTEXT(2) 
PARAMETRIC_REPRESENTATION_CONTEXT() REPRESENTATION_CONTEXT('2D SPACE',''
  ) );
#9964 = ORIENTED_EDGE('',*,*,#9965,.T.);
#9965 = EDGE_CURVE('',#9932,#9966,#9968,.T.);
#9966 = VERTEX_POINT('',#9967);
#9967 = CARTESIAN_POINT('',(0.,10.75,0.));
#9968 = SEAM_CURVE('',#9969,(#9973,#9980),.PCURVE_S1.);
#9969 = LINE('',#9970,#9971);
#9970 = CARTESIAN_POINT('',(-2.,10.75,0.));
#9971 = VECTOR('',#9972,1.);
#9972 = DIRECTION('',(1.,0.,0.));
#9973 = PCURVE('',#9941,#9974);
#9974 = DEFINITIONAL_REPRESENTATION('',(#9975),#9979);
#9975 = LINE('',#9976,#9977);
#9976 = CARTESIAN_POINT('',(0.,0.));
#9977 = VECTOR('',#9978,1.);
#9978 = DIRECTION('',(0.,1.));
#9979 = ( GEOMETRIC_REPRESENTATION_CONTEXT(2) 
PARAMETRIC_REPRESENTATION_CONTEXT() REPRESENTATION_CONTEXT('2D SPACE',''
  ) );
#9980 = PCURVE('',#9941,#9981);
#9981 = DEFINITIONAL_REPRESENTATION('',(#9982),#9986);
#9982 = LINE('',#9983,#9984);
#9983 = CARTESIAN_POINT('',(6.28318530718,0.));
#9984 = VECTOR('',#9985,1.);
#9985 = DIRECTION('',(0.,1.));
#9986 = ( GEOMETRIC_REPRESENTATION_CONTEXT(2) 
PARAMETRIC_REPRESENTATION_CONTEXT() REPRESENTATION_CONTEXT('2D SPACE',''
  ) );
#9987 = ORIENTED_EDGE('',*,*,#9988,.F.);
#9988 = EDGE_CURVE('',#9966,#9966,#9989,.T.);
#9989 = SURFACE_CURVE('',#9990,(#9995,#10002),.PCURVE_S1.);
#9990 = CIRCLE('',#9991,10.75);
#9991 = AXIS2_PLACEMENT_3D('',#9992,#9993,#9994);
#9992 = CARTESIAN_POINT('',(0.,0.,0.));
#9993 = DIRECTION('',(1.,0.,0.));
#9994 = DIRECTION('',(-0.,1.,0.));
#9995 = PCURVE('',#9941,#9996);
#9996 = DEFINITIONAL_REPRESENTATION('',(#9997),#10001);
#9997 = LINE('',#9998,#9999);
#9998 = CARTESIAN_POINT('',(0.,2.));
#9999 = VECTOR('',#10000,1.);
#10000 = DIRECTION('',(1.,0.));
#10001 = ( GEOMETRIC_REPRESENTATION_CONTEXT(2) 
PARAMETRIC_REPRESENTATION_CONTEXT() REPRESENTATION_CONTEXT('2D SPACE',''
  ) );
#10002 = PCURVE('',#10003,#10008);
#10003 = PLANE('',#10004);
#10004 = AXIS2_PLACEMENT_3D('',#10005,#10006,#10007);
#10005 = CARTESIAN_POINT('',(0.,0.,0.));
#10006 = DIRECTION('',(1.,0.,0.));
#10007 = DIRECTION('',(-0.,1.,0.));
#10008 = DEFINITIONAL_REPRESENTATION('',(#10009),#10013);
#10009 = CIRCLE('',#10010,10.75);
#10010 = AXIS2_PLACEMENT_2D('',#10011,#10012);
#10011 = CARTESIAN_POINT('',(0.,0.));
#10012 = DIRECTION('',(1.,-0.));
#10013 = ( GEOMETRIC_REPRESENTATION_CONTEXT(2) 
PARAMETRIC_REPRESENTATION_CONTEXT() REPRESENTATION_CONTEXT('2D SPACE',''
  ) );
#10014 = ORIENTED_EDGE('',*,*,#9965,.F.);
#10015 = ADVANCED_FACE('',(#10016,#10019),#10003,.T.);
#10016 = FACE_BOUND('',#10017,.F.);
#10017 = EDGE_LOOP('',(#10018));
#10018 = ORIENTED_EDGE('',*,*,#9988,.T.);
#10019 = FACE_BOUND('',#10020,.F.);
#10020 = EDGE_LOOP('',(#10021));
#10021 = ORIENTED_EDGE('',*,*,#10022,.F.);
#10022 = EDGE_CURVE('',#10023,#10023,#10025,.T.);
#10023 = VERTEX_POINT('',#10024);
#10024 = CARTESIAN_POINT('',(0.,14.35,0.));
#10025 = SURFACE_CURVE('',#10026,(#10031,#10038),.PCURVE_S1.);
#10026 = CIRCLE('',#10027,14.35);
#10027 = AXIS2_PLACEMENT_3D('',#10028,#10029,#10030);
#10028 = CARTESIAN_POINT('',(0.,0.,0.));
#10029 = DIRECTION('',(1.,0.,0.));
#10030 = DIRECTION('',(-0.,1.,0.));
#10031 = PCURVE('',#10003,#10032);
#10032 = DEFINITIONAL_REPRESENTATION('',(#10033),#10037);
#10033 = CIRCLE('',#10034,14.35);
#10034 = AXIS2_PLACEMENT_2D('',#10035,#10036);
#10035 = CARTESIAN_POINT('',(0.,0.));
#10036 = DIRECTION('',(1.,-0.));
#10037 = ( GEOMETRIC_REPRESENTATION_CONTEXT(2) 
PARAMETRIC_REPRESENTATION_CONTEXT() REPRESENTATION_CONTEXT('2D SPACE',''
  ) );
#10038 = PCURVE('',#10039,#10044);
#10039 = CYLINDRICAL_SURFACE('',#10040,14.35);
#10040 = AXIS2_PLACEMENT_3D('',#10041,#10042,#10043);
#10041 = CARTESIAN_POINT('',(0.,0.,0.));
#10042 = DIRECTION('',(-1.,-0.,-0.));
#10043 = DIRECTION('',(0.,1.,0.));
#10044 = DEFINITIONAL_REPRESENTATION('',(#10045),#10049);
#10045 = LINE('',#10046,#10047);
#10046 = CARTESIAN_POINT('',(-0.,0.));
#10047 = VECTOR('',#10048,1.);
#10048 = DIRECTION('',(-1.,0.));
#10049 = ( GEOMETRIC_REPRESENTATION_CONTEXT(2) 
PARAMETRIC_REPRESENTATION_CONTEXT() REPRESENTATION_CONTEXT('2D SPACE',''
  ) );
#10050 = ADVANCED_FACE('',(#10051),#10039,.T.);
#10051 = FACE_BOUND('',#10052,.F.);
#10052 = EDGE_LOOP('',(#10053,#10054,#10077,#10099));
#10053 = ORIENTED_EDGE('',*,*,#10022,.T.);
#10054 = ORIENTED_EDGE('',*,*,#10055,.T.);
#10055 = EDGE_CURVE('',#10023,#10056,#10058,.T.);
#10056 = VERTEX_POINT('',#10057);
#10057 = CARTESIAN_POINT('',(-2.,14.35,0.));
#10058 = SEAM_CURVE('',#10059,(#10063,#10070),.PCURVE_S1.);
#10059 = LINE('',#10060,#10061);
#10060 = CARTESIAN_POINT('',(0.,14.35,0.));
#10061 = VECTOR('',#10062,1.);
#10062 = DIRECTION('',(-1.,0.,0.));
#10063 = PCURVE('',#10039,#10064);
#10064 = DEFINITIONAL_REPRESENTATION('',(#10065),#10069);
#10065 = LINE('',#10066,#10067);
#10066 = CARTESIAN_POINT('',(-0.,0.));
#10067 = VECTOR('',#10068,1.);
#10068 = DIRECTION('',(-0.,1.));
#10069 = ( GEOMETRIC_REPRESENTATION_CONTEXT(2) 
PARAMETRIC_REPRESENTATION_CONTEXT() REPRESENTATION_CONTEXT('2D SPACE',''
  ) );
#10070 = PCURVE('',#10039,#10071);
#10071 = DEFINITIONAL_REPRESENTATION('',(#10072),#10076);
#10072 = LINE('',#10073,#10074);
#10073 = CARTESIAN_POINT('',(-6.28318530718,0.));
#10074 = VECTOR('',#10075,1.);
#10075 = DIRECTION('',(-0.,1.));
#10076 = ( GEOMETRIC_REPRESENTATION_CONTEXT(2) 
PARAMETRIC_REPRESENTATION_CONTEXT() REPRESENTATION_CONTEXT('2D SPACE',''
  ) );
#10077 = ORIENTED_EDGE('',*,*,#10078,.F.);
#10078 = EDGE_CURVE('',#10056,#10056,#10079,.T.);
#10079 = SURFACE_CURVE('',#10080,(#10085,#10092),.PCURVE_S1.);
#10080 = CIRCLE('',#10081,14.35);
#10081 = AXIS2_PLACEMENT_3D('',#10082,#10083,#10084);
#10082 = CARTESIAN_POINT('',(-2.,0.,0.));
#10083 = DIRECTION('',(1.,0.,0.));
#10084 = DIRECTION('',(-0.,1.,0.));
#10085 = PCURVE('',#10039,#10086);
#10086 = DEFINITIONAL_REPRESENTATION('',(#10087),#10091);
#10087 = LINE('',#10088,#10089);
#10088 = CARTESIAN_POINT('',(-0.,2.));
#10089 = VECTOR('',#10090,1.);
#10090 = DIRECTION('',(-1.,0.));
#10091 = ( GEOMETRIC_REPRESENTATION_CONTEXT(2) 
PARAMETRIC_REPRESENTATION_CONTEXT() REPRESENTATION_CONTEXT('2D SPACE',''
  ) );
#10092 = PCURVE('',#9953,#10093);
#10093 = DEFINITIONAL_REPRESENTATION('',(#10094),#10098);
#10094 = CIRCLE('',#10095,14.35);
#10095 = AXIS2_PLACEMENT_2D('',#10096,#10097);
#10096 = CARTESIAN_POINT('',(0.,0.));
#10097 = DIRECTION('',(1.,0.));
#10098 = ( GEOMETRIC_REPRESENTATION_CONTEXT(2) 
PARAMETRIC_REPRESENTATION_CONTEXT() REPRESENTATION_CONTEXT('2D SPACE',''
  ) );
#10099 = ORIENTED_EDGE('',*,*,#10055,.F.);
#10100 = ADVANCED_FACE('',(#10101,#10104),#9953,.F.);
#10101 = FACE_BOUND('',#10102,.F.);
#10102 = EDGE_LOOP('',(#10103));
#10103 = ORIENTED_EDGE('',*,*,#10078,.T.);
#10104 = FACE_BOUND('',#10105,.F.);
#10105 = EDGE_LOOP('',(#10106));
#10106 = ORIENTED_EDGE('',*,*,#9931,.F.);
#10107 = ( GEOMETRIC_REPRESENTATION_CONTEXT(3) 
GLOBAL_UNCERTAINTY_ASSIGNED_CONTEXT((#10111)) 
GLOBAL_UNIT_ASSIGNED_CONTEXT((#10108,#10109,#10110)) 
REPRESENTATION_CONTEXT('Context #1',
  '3D Context with UNIT and UNCERTAINTY') );
#10108 = ( LENGTH_UNIT() NAMED_UNIT(*) SI_UNIT(.MILLI.,.METRE.) );
#10109 = ( NAMED_UNIT(*) PLANE_ANGLE_UNIT() SI_UNIT($,.RADIAN.) );
#10110 = ( NAMED_UNIT(*) SI_UNIT($,.STERADIAN.) SOLID_ANGLE_UNIT() );
#10111 = UNCERTAINTY_MEASURE_WITH_UNIT(LENGTH_MEASURE(1.E-07),#10108,
  'distance_accuracy_value','confusion accuracy');
#10112 = CONTEXT_DEPENDENT_SHAPE_REPRESENTATION(#10113,#10115);
#10113 = ( REPRESENTATION_RELATIONSHIP('','',#9924,#10) 
REPRESENTATION_RELATIONSHIP_WITH_TRANSFORMATION(#10114) 
SHAPE_REPRESENTATION_RELATIONSHIP() );
#10114 = ITEM_DEFINED_TRANSFORMATION('','',#11,#39);
#10115 = PRODUCT_DEFINITION_SHAPE('Placement','Placement of an item',
  #10116);
#10116 = NEXT_ASSEMBLY_USAGE_OCCURRENCE('7','P-203_seal','',#5,#9919,$);
#10117 = PRODUCT_RELATED_PRODUCT_CATEGORY('part',$,(#9921));
#10118 = SHAPE_DEFINITION_REPRESENTATION(#10119,#10125);
#10119 = PRODUCT_DEFINITION_SHAPE('','',#10120);
#10120 = PRODUCT_DEFINITION('design','',#10121,#10124);
#10121 = PRODUCT_DEFINITION_FORMATION('','',#10122);
#10122 = PRODUCT('P-205_orings','P-205_orings','',(#10123));
#10123 = PRODUCT_CONTEXT('',#2,'mechanical');
#10124 = PRODUCT_DEFINITION_CONTEXT('part definition',#2,'design');
#10125 = SHAPE_REPRESENTATION('',(#11,#10126,#10184),#10242);
#10126 = MANIFOLD_SOLID_BREP('',#10127);
#10127 = CLOSED_SHELL('',(#10128));
#10128 = ADVANCED_FACE('',(#10129),#10142,.T.);
#10129 = FACE_BOUND('',#10130,.T.);
#10130 = EDGE_LOOP('',(#10131,#10160,#10182,#10183));
#10131 = ORIENTED_EDGE('',*,*,#10132,.F.);
#10132 = EDGE_CURVE('',#10133,#10133,#10135,.T.);
#10133 = VERTEX_POINT('',#10134);
#10134 = CARTESIAN_POINT('',(17.,3.588215121502E-15,14.65));
#10135 = SEAM_CURVE('',#10136,(#10141,#10153),.PCURVE_S1.);
#10136 = CIRCLE('',#10137,14.65);
#10137 = AXIS2_PLACEMENT_3D('',#10138,#10139,#10140);
#10138 = CARTESIAN_POINT('',(17.,0.,0.));
#10139 = DIRECTION('',(1.,0.,0.));
#10140 = DIRECTION('',(-0.,0.,1.));
#10141 = PCURVE('',#10142,#10147);
#10142 = TOROIDAL_SURFACE('',#10143,13.65,1.);
#10143 = AXIS2_PLACEMENT_3D('',#10144,#10145,#10146);
#10144 = CARTESIAN_POINT('',(17.,0.,0.));
#10145 = DIRECTION('',(1.,0.,0.));
#10146 = DIRECTION('',(-0.,0.,1.));
#10147 = DEFINITIONAL_REPRESENTATION('',(#10148),#10152);
#10148 = LINE('',#10149,#10150);
#10149 = CARTESIAN_POINT('',(0.,6.28318530718));
#10150 = VECTOR('',#10151,1.);
#10151 = DIRECTION('',(1.,0.));
#10152 = ( GEOMETRIC_REPRESENTATION_CONTEXT(2) 
PARAMETRIC_REPRESENTATION_CONTEXT() REPRESENTATION_CONTEXT('2D SPACE',''
  ) );
#10153 = PCURVE('',#10142,#10154);
#10154 = DEFINITIONAL_REPRESENTATION('',(#10155),#10159);
#10155 = LINE('',#10156,#10157);
#10156 = CARTESIAN_POINT('',(0.,0.));
#10157 = VECTOR('',#10158,1.);
#10158 = DIRECTION('',(1.,0.));
#10159 = ( GEOMETRIC_REPRESENTATION_CONTEXT(2) 
PARAMETRIC_REPRESENTATION_CONTEXT() REPRESENTATION_CONTEXT('2D SPACE',''
  ) );
#10160 = ORIENTED_EDGE('',*,*,#10161,.F.);
#10161 = EDGE_CURVE('',#10133,#10133,#10162,.T.);
#10162 = SEAM_CURVE('',#10163,(#10168,#10175),.PCURVE_S1.);
#10163 = CIRCLE('',#10164,1.);
#10164 = AXIS2_PLACEMENT_3D('',#10165,#10166,#10167);
#10165 = CARTESIAN_POINT('',(17.,3.343285761672E-15,13.65));
#10166 = DIRECTION('',(0.,1.,-2.449293598295E-16));
#10167 = DIRECTION('',(0.,2.449293598295E-16,1.));
#10168 = PCURVE('',#10142,#10169);
#10169 = DEFINITIONAL_REPRESENTATION('',(#10170),#10174);
#10170 = LINE('',#10171,#10172);
#10171 = CARTESIAN_POINT('',(6.28318530718,-0.));
#10172 = VECTOR('',#10173,1.);
#10173 = DIRECTION('',(0.,1.));
#10174 = ( GEOMETRIC_REPRESENTATION_CONTEXT(2) 
PARAMETRIC_REPRESENTATION_CONTEXT() REPRESENTATION_CONTEXT('2D SPACE',''
  ) );
#10175 = PCURVE('',#10142,#10176);
#10176 = DEFINITIONAL_REPRESENTATION('',(#10177),#10181);
#10177 = LINE('',#10178,#10179);
#10178 = CARTESIAN_POINT('',(0.,-0.));
#10179 = VECTOR('',#10180,1.);
#10180 = DIRECTION('',(0.,1.));
#10181 = ( GEOMETRIC_REPRESENTATION_CONTEXT(2) 
PARAMETRIC_REPRESENTATION_CONTEXT() REPRESENTATION_CONTEXT('2D SPACE',''
  ) );
#10182 = ORIENTED_EDGE('',*,*,#10132,.T.);
#10183 = ORIENTED_EDGE('',*,*,#10161,.T.);
#10184 = MANIFOLD_SOLID_BREP('',#10185);
#10185 = CLOSED_SHELL('',(#10186));
#10186 = ADVANCED_FACE('',(#10187),#10200,.T.);
#10187 = FACE_BOUND('',#10188,.T.);
#10188 = EDGE_LOOP('',(#10189,#10218,#10240,#10241));
#10189 = ORIENTED_EDGE('',*,*,#10190,.F.);
#10190 = EDGE_CURVE('',#10191,#10191,#10193,.T.);
#10191 = VERTEX_POINT('',#10192);
#10192 = CARTESIAN_POINT('',(73.,3.588215121502E-15,14.65));
#10193 = SEAM_CURVE('',#10194,(#10199,#10211),.PCURVE_S1.);
#10194 = CIRCLE('',#10195,14.65);
#10195 = AXIS2_PLACEMENT_3D('',#10196,#10197,#10198);
#10196 = CARTESIAN_POINT('',(73.,0.,0.));
#10197 = DIRECTION('',(1.,0.,0.));
#10198 = DIRECTION('',(-0.,0.,1.));
#10199 = PCURVE('',#10200,#10205);
#10200 = TOROIDAL_SURFACE('',#10201,13.65,1.);
#10201 = AXIS2_PLACEMENT_3D('',#10202,#10203,#10204);
#10202 = CARTESIAN_POINT('',(73.,0.,0.));
#10203 = DIRECTION('',(1.,0.,0.));
#10204 = DIRECTION('',(-0.,0.,1.));
#10205 = DEFINITIONAL_REPRESENTATION('',(#10206),#10210);
#10206 = LINE('',#10207,#10208);
#10207 = CARTESIAN_POINT('',(0.,6.28318530718));
#10208 = VECTOR('',#10209,1.);
#10209 = DIRECTION('',(1.,0.));
#10210 = ( GEOMETRIC_REPRESENTATION_CONTEXT(2) 
PARAMETRIC_REPRESENTATION_CONTEXT() REPRESENTATION_CONTEXT('2D SPACE',''
  ) );
#10211 = PCURVE('',#10200,#10212);
#10212 = DEFINITIONAL_REPRESENTATION('',(#10213),#10217);
#10213 = LINE('',#10214,#10215);
#10214 = CARTESIAN_POINT('',(0.,0.));
#10215 = VECTOR('',#10216,1.);
#10216 = DIRECTION('',(1.,0.));
#10217 = ( GEOMETRIC_REPRESENTATION_CONTEXT(2) 
PARAMETRIC_REPRESENTATION_CONTEXT() REPRESENTATION_CONTEXT('2D SPACE',''
  ) );
#10218 = ORIENTED_EDGE('',*,*,#10219,.F.);
#10219 = EDGE_CURVE('',#10191,#10191,#10220,.T.);
#10220 = SEAM_CURVE('',#10221,(#10226,#10233),.PCURVE_S1.);
#10221 = CIRCLE('',#10222,1.);
#10222 = AXIS2_PLACEMENT_3D('',#10223,#10224,#10225);
#10223 = CARTESIAN_POINT('',(73.,3.343285761672E-15,13.65));
#10224 = DIRECTION('',(0.,1.,-2.449293598295E-16));
#10225 = DIRECTION('',(0.,2.449293598295E-16,1.));
#10226 = PCURVE('',#10200,#10227);
#10227 = DEFINITIONAL_REPRESENTATION('',(#10228),#10232);
#10228 = LINE('',#10229,#10230);
#10229 = CARTESIAN_POINT('',(6.28318530718,-0.));
#10230 = VECTOR('',#10231,1.);
#10231 = DIRECTION('',(0.,1.));
#10232 = ( GEOMETRIC_REPRESENTATION_CONTEXT(2) 
PARAMETRIC_REPRESENTATION_CONTEXT() REPRESENTATION_CONTEXT('2D SPACE',''
  ) );
#10233 = PCURVE('',#10200,#10234);
#10234 = DEFINITIONAL_REPRESENTATION('',(#10235),#10239);
#10235 = LINE('',#10236,#10237);
#10236 = CARTESIAN_POINT('',(0.,-0.));
#10237 = VECTOR('',#10238,1.);
#10238 = DIRECTION('',(0.,1.));
#10239 = ( GEOMETRIC_REPRESENTATION_CONTEXT(2) 
PARAMETRIC_REPRESENTATION_CONTEXT() REPRESENTATION_CONTEXT('2D SPACE',''
  ) );
#10240 = ORIENTED_EDGE('',*,*,#10190,.T.);
#10241 = ORIENTED_EDGE('',*,*,#10219,.T.);
#10242 = ( GEOMETRIC_REPRESENTATION_CONTEXT(3) 
GLOBAL_UNCERTAINTY_ASSIGNED_CONTEXT((#10246)) 
GLOBAL_UNIT_ASSIGNED_CONTEXT((#10243,#10244,#10245)) 
REPRESENTATION_CONTEXT('Context #1',
  '3D Context with UNIT and UNCERTAINTY') );
#10243 = ( LENGTH_UNIT() NAMED_UNIT(*) SI_UNIT(.MILLI.,.METRE.) );
#10244 = ( NAMED_UNIT(*) PLANE_ANGLE_UNIT() SI_UNIT($,.RADIAN.) );
#10245 = ( NAMED_UNIT(*) SI_UNIT($,.STERADIAN.) SOLID_ANGLE_UNIT() );
#10246 = UNCERTAINTY_MEASURE_WITH_UNIT(LENGTH_MEASURE(1.E-07),#10243,
  'distance_accuracy_value','confusion accuracy');
#10247 = CONTEXT_DEPENDENT_SHAPE_REPRESENTATION(#10248,#10250);
#10248 = ( REPRESENTATION_RELATIONSHIP('','',#10125,#10) 
REPRESENTATION_RELATIONSHIP_WITH_TRANSFORMATION(#10249) 
SHAPE_REPRESENTATION_RELATIONSHIP() );
#10249 = ITEM_DEFINED_TRANSFORMATION('','',#11,#43);
#10250 = PRODUCT_DEFINITION_SHAPE('Placement','Placement of an item',
  #10251);
#10251 = NEXT_ASSEMBLY_USAGE_OCCURRENCE('8','P-205_orings','',#5,#10120,
  $);
#10252 = PRODUCT_RELATED_PRODUCT_CATEGORY('part',$,(#10122));
#10253 = SHAPE_DEFINITION_REPRESENTATION(#10254,#10260);
#10254 = PRODUCT_DEFINITION_SHAPE('','',#10255);
#10255 = PRODUCT_DEFINITION('design','',#10256,#10259);
#10256 = PRODUCT_DEFINITION_FORMATION('','',#10257);
#10257 = PRODUCT('E-301_pcb','E-301_pcb','',(#10258));
#10258 = PRODUCT_CONTEXT('',#2,'mechanical');
#10259 = PRODUCT_DEFINITION_CONTEXT('part definition',#2,'design');
#10260 = ADVANCED_BREP_SHAPE_REPRESENTATION('',(#11,#10261),#10707);
#10261 = MANIFOLD_SOLID_BREP('',#10262);
#10262 = CLOSED_SHELL('',(#10263,#10393,#10448,#10503,#10553,#10603,
    #10607,#10648,#10703));
#10263 = ADVANCED_FACE('',(#10264,#10300,#10331,#10362),#10277,.T.);
#10264 = FACE_BOUND('',#10265,.F.);
#10265 = EDGE_LOOP('',(#10266));
#10266 = ORIENTED_EDGE('',*,*,#10267,.F.);
#10267 = EDGE_CURVE('',#10268,#10268,#10270,.T.);
#10268 = VERTEX_POINT('',#10269);
#10269 = CARTESIAN_POINT('',(29.6,13.,0.));
#10270 = SURFACE_CURVE('',#10271,(#10276,#10288),.PCURVE_S1.);
#10271 = CIRCLE('',#10272,13.);
#10272 = AXIS2_PLACEMENT_3D('',#10273,#10274,#10275);
#10273 = CARTESIAN_POINT('',(29.6,0.,0.));
#10274 = DIRECTION('',(1.,0.,0.));
#10275 = DIRECTION('',(-0.,1.,0.));
#10276 = PCURVE('',#10277,#10282);
#10277 = PLANE('',#10278);
#10278 = AXIS2_PLACEMENT_3D('',#10279,#10280,#10281);
#10279 = CARTESIAN_POINT('',(29.6,0.,0.));
#10280 = DIRECTION('',(1.,0.,0.));
#10281 = DIRECTION('',(-0.,1.,0.));
#10282 = DEFINITIONAL_REPRESENTATION('',(#10283),#10287);
#10283 = CIRCLE('',#10284,13.);
#10284 = AXIS2_PLACEMENT_2D('',#10285,#10286);
#10285 = CARTESIAN_POINT('',(0.,0.));
#10286 = DIRECTION('',(1.,-0.));
#10287 = ( GEOMETRIC_REPRESENTATION_CONTEXT(2) 
PARAMETRIC_REPRESENTATION_CONTEXT() REPRESENTATION_CONTEXT('2D SPACE',''
  ) );
#10288 = PCURVE('',#10289,#10294);
#10289 = CYLINDRICAL_SURFACE('',#10290,13.);
#10290 = AXIS2_PLACEMENT_3D('',#10291,#10292,#10293);
#10291 = CARTESIAN_POINT('',(29.6,0.,0.));
#10292 = DIRECTION('',(-1.,-0.,-0.));
#10293 = DIRECTION('',(0.,1.,0.));
#10294 = DEFINITIONAL_REPRESENTATION('',(#10295),#10299);
#10295 = LINE('',#10296,#10297);
#10296 = CARTESIAN_POINT('',(-0.,0.));
#10297 = VECTOR('',#10298,1.);
#10298 = DIRECTION('',(-1.,0.));
#10299 = ( GEOMETRIC_REPRESENTATION_CONTEXT(2) 
PARAMETRIC_REPRESENTATION_CONTEXT() REPRESENTATION_CONTEXT('2D SPACE',''
  ) );
#10300 = FACE_BOUND('',#10301,.F.);
#10301 = EDGE_LOOP('',(#10302));
#10302 = ORIENTED_EDGE('',*,*,#10303,.T.);
#10303 = EDGE_CURVE('',#10304,#10304,#10306,.T.);
#10304 = VERTEX_POINT('',#10305);
#10305 = CARTESIAN_POINT('',(29.6,1.5,-10.5));
#10306 = SURFACE_CURVE('',#10307,(#10312,#10319),.PCURVE_S1.);
#10307 = CIRCLE('',#10308,1.5);
#10308 = AXIS2_PLACEMENT_3D('',#10309,#10310,#10311);
#10309 = CARTESIAN_POINT('',(29.6,-1.928818708657E-15,-10.5));
#10310 = DIRECTION('',(1.,0.,0.));
#10311 = DIRECTION('',(0.,1.,0.));
#10312 = PCURVE('',#10277,#10313);
#10313 = DEFINITIONAL_REPRESENTATION('',(#10314),#10318);
#10314 = CIRCLE('',#10315,1.5);
#10315 = AXIS2_PLACEMENT_2D('',#10316,#10317);
#10316 = CARTESIAN_POINT('',(-1.928818708657E-15,-10.5));
#10317 = DIRECTION('',(1.,-0.));
#10318 = ( GEOMETRIC_REPRESENTATION_CONTEXT(2) 
PARAMETRIC_REPRESENTATION_CONTEXT() REPRESENTATION_CONTEXT('2D SPACE',''
  ) );
#10319 = PCURVE('',#10320,#10325);
#10320 = CYLINDRICAL_SURFACE('',#10321,1.5);
#10321 = AXIS2_PLACEMENT_3D('',#10322,#10323,#10324);
#10322 = CARTESIAN_POINT('',(29.6,-1.928818708657E-15,-10.5));
#10323 = DIRECTION('',(-1.,-0.,-0.));
#10324 = DIRECTION('',(0.,1.,0.));
#10325 = DEFINITIONAL_REPRESENTATION('',(#10326),#10330);
#10326 = LINE('',#10327,#10328);
#10327 = CARTESIAN_POINT('',(-0.,0.));
#10328 = VECTOR('',#10329,1.);
#10329 = DIRECTION('',(-1.,0.));
#10330 = ( GEOMETRIC_REPRESENTATION_CONTEXT(2) 
PARAMETRIC_REPRESENTATION_CONTEXT() REPRESENTATION_CONTEXT('2D SPACE',''
  ) );
#10331 = FACE_BOUND('',#10332,.F.);
#10332 = EDGE_LOOP('',(#10333));
#10333 = ORIENTED_EDGE('',*,*,#10334,.T.);
#10334 = EDGE_CURVE('',#10335,#10335,#10337,.T.);
#10335 = VERTEX_POINT('',#10336);
#10336 = CARTESIAN_POINT('',(29.6,10.593266739737,5.25));
#10337 = SURFACE_CURVE('',#10338,(#10343,#10350),.PCURVE_S1.);
#10338 = CIRCLE('',#10339,1.5);
#10339 = AXIS2_PLACEMENT_3D('',#10340,#10341,#10342);
#10340 = CARTESIAN_POINT('',(29.6,9.093266739737,5.25));
#10341 = DIRECTION('',(1.,0.,0.));
#10342 = DIRECTION('',(0.,1.,0.));
#10343 = PCURVE('',#10277,#10344);
#10344 = DEFINITIONAL_REPRESENTATION('',(#10345),#10349);
#10345 = CIRCLE('',#10346,1.5);
#10346 = AXIS2_PLACEMENT_2D('',#10347,#10348);
#10347 = CARTESIAN_POINT('',(9.093266739737,5.25));
#10348 = DIRECTION('',(1.,-0.));
#10349 = ( GEOMETRIC_REPRESENTATION_CONTEXT(2) 
PARAMETRIC_REPRESENTATION_CONTEXT() REPRESENTATION_CONTEXT('2D SPACE',''
  ) );
#10350 = PCURVE('',#10351,#10356);
#10351 = CYLINDRICAL_SURFACE('',#10352,1.5);
#10352 = AXIS2_PLACEMENT_3D('',#10353,#10354,#10355);
#10353 = CARTESIAN_POINT('',(29.6,9.093266739737,5.25));
#10354 = DIRECTION('',(-1.,-0.,-0.));
#10355 = DIRECTION('',(0.,1.,0.));
#10356 = DEFINITIONAL_REPRESENTATION('',(#10357),#10361);
#10357 = LINE('',#10358,#10359);
#10358 = CARTESIAN_POINT('',(-0.,0.));
#10359 = VECTOR('',#10360,1.);
#10360 = DIRECTION('',(-1.,0.));
#10361 = ( GEOMETRIC_REPRESENTATION_CONTEXT(2) 
PARAMETRIC_REPRESENTATION_CONTEXT() REPRESENTATION_CONTEXT('2D SPACE',''
  ) );
#10362 = FACE_BOUND('',#10363,.F.);
#10363 = EDGE_LOOP('',(#10364));
#10364 = ORIENTED_EDGE('',*,*,#10365,.T.);
#10365 = EDGE_CURVE('',#10366,#10366,#10368,.T.);
#10366 = VERTEX_POINT('',#10367);
#10367 = CARTESIAN_POINT('',(29.6,-7.593266739737,5.25));
#10368 = SURFACE_CURVE('',#10369,(#10374,#10381),.PCURVE_S1.);
#10369 = CIRCLE('',#10370,1.5);
#10370 = AXIS2_PLACEMENT_3D('',#10371,#10372,#10373);
#10371 = CARTESIAN_POINT('',(29.6,-9.093266739737,5.25));
#10372 = DIRECTION('',(1.,0.,0.));
#10373 = DIRECTION('',(0.,1.,0.));
#10374 = PCURVE('',#10277,#10375);
#10375 = DEFINITIONAL_REPRESENTATION('',(#10376),#10380);
#10376 = CIRCLE('',#10377,1.5);
#10377 = AXIS2_PLACEMENT_2D('',#10378,#10379);
#10378 = CARTESIAN_POINT('',(-9.093266739737,5.25));
#10379 = DIRECTION('',(1.,-0.));
#10380 = ( GEOMETRIC_REPRESENTATION_CONTEXT(2) 
PARAMETRIC_REPRESENTATION_CONTEXT() REPRESENTATION_CONTEXT('2D SPACE',''
  ) );
#10381 = PCURVE('',#10382,#10387);
#10382 = CYLINDRICAL_SURFACE('',#10383,1.5);
#10383 = AXIS2_PLACEMENT_3D('',#10384,#10385,#10386);
#10384 = CARTESIAN_POINT('',(29.6,-9.093266739737,5.25));
#10385 = DIRECTION('',(-1.,-0.,-0.));
#10386 = DIRECTION('',(0.,1.,0.));
#10387 = DEFINITIONAL_REPRESENTATION('',(#10388),#10392);
#10388 = LINE('',#10389,#10390);
#10389 = CARTESIAN_POINT('',(-0.,0.));
#10390 = VECTOR('',#10391,1.);
#10391 = DIRECTION('',(-1.,0.));
#10392 = ( GEOMETRIC_REPRESENTATION_CONTEXT(2) 
PARAMETRIC_REPRESENTATION_CONTEXT() REPRESENTATION_CONTEXT('2D SPACE',''
  ) );
#10393 = ADVANCED_FACE('',(#10394),#10289,.T.);
#10394 = FACE_BOUND('',#10395,.F.);
#10395 = EDGE_LOOP('',(#10396,#10397,#10420,#10447));
#10396 = ORIENTED_EDGE('',*,*,#10267,.T.);
#10397 = ORIENTED_EDGE('',*,*,#10398,.T.);
#10398 = EDGE_CURVE('',#10268,#10399,#10401,.T.);
#10399 = VERTEX_POINT('',#10400);
#10400 = CARTESIAN_POINT('',(28.,13.,0.));
#10401 = SEAM_CURVE('',#10402,(#10406,#10413),.PCURVE_S1.);
#10402 = LINE('',#10403,#10404);
#10403 = CARTESIAN_POINT('',(29.6,13.,0.));
#10404 = VECTOR('',#10405,1.);
#10405 = DIRECTION('',(-1.,0.,0.));
#10406 = PCURVE('',#10289,#10407);
#10407 = DEFINITIONAL_REPRESENTATION('',(#10408),#10412);
#10408 = LINE('',#10409,#10410);
#10409 = CARTESIAN_POINT('',(-0.,0.));
#10410 = VECTOR('',#10411,1.);
#10411 = DIRECTION('',(-0.,1.));
#10412 = ( GEOMETRIC_REPRESENTATION_CONTEXT(2) 
PARAMETRIC_REPRESENTATION_CONTEXT() REPRESENTATION_CONTEXT('2D SPACE',''
  ) );
#10413 = PCURVE('',#10289,#10414);
#10414 = DEFINITIONAL_REPRESENTATION('',(#10415),#10419);
#10415 = LINE('',#10416,#10417);
#10416 = CARTESIAN_POINT('',(-6.28318530718,0.));
#10417 = VECTOR('',#10418,1.);
#10418 = DIRECTION('',(-0.,1.));
#10419 = ( GEOMETRIC_REPRESENTATION_CONTEXT(2) 
PARAMETRIC_REPRESENTATION_CONTEXT() REPRESENTATION_CONTEXT('2D SPACE',''
  ) );
#10420 = ORIENTED_EDGE('',*,*,#10421,.F.);
#10421 = EDGE_CURVE('',#10399,#10399,#10422,.T.);
#10422 = SURFACE_CURVE('',#10423,(#10428,#10435),.PCURVE_S1.);
#10423 = CIRCLE('',#10424,13.);
#10424 = AXIS2_PLACEMENT_3D('',#10425,#10426,#10427);
#10425 = CARTESIAN_POINT('',(28.,0.,0.));
#10426 = DIRECTION('',(1.,0.,0.));
#10427 = DIRECTION('',(-0.,1.,0.));
#10428 = PCURVE('',#10289,#10429);
#10429 = DEFINITIONAL_REPRESENTATION('',(#10430),#10434);
#10430 = LINE('',#10431,#10432);
#10431 = CARTESIAN_POINT('',(-0.,1.6));
#10432 = VECTOR('',#10433,1.);
#10433 = DIRECTION('',(-1.,0.));
#10434 = ( GEOMETRIC_REPRESENTATION_CONTEXT(2) 
PARAMETRIC_REPRESENTATION_CONTEXT() REPRESENTATION_CONTEXT('2D SPACE',''
  ) );
#10435 = PCURVE('',#10436,#10441);
#10436 = PLANE('',#10437);
#10437 = AXIS2_PLACEMENT_3D('',#10438,#10439,#10440);
#10438 = CARTESIAN_POINT('',(28.,0.,0.));
#10439 = DIRECTION('',(1.,0.,0.));
#10440 = DIRECTION('',(-0.,1.,0.));
#10441 = DEFINITIONAL_REPRESENTATION('',(#10442),#10446);
#10442 = CIRCLE('',#10443,13.);
#10443 = AXIS2_PLACEMENT_2D('',#10444,#10445);
#10444 = CARTESIAN_POINT('',(0.,0.));
#10445 = DIRECTION('',(1.,0.));
#10446 = ( GEOMETRIC_REPRESENTATION_CONTEXT(2) 
PARAMETRIC_REPRESENTATION_CONTEXT() REPRESENTATION_CONTEXT('2D SPACE',''
  ) );
#10447 = ORIENTED_EDGE('',*,*,#10398,.F.);
#10448 = ADVANCED_FACE('',(#10449),#10320,.T.);
#10449 = FACE_BOUND('',#10450,.F.);
#10450 = EDGE_LOOP('',(#10451,#10474,#10501,#10502));
#10451 = ORIENTED_EDGE('',*,*,#10452,.T.);
#10452 = EDGE_CURVE('',#10304,#10453,#10455,.T.);
#10453 = VERTEX_POINT('',#10454);
#10454 = CARTESIAN_POINT('',(55.,1.5,-10.5));
#10455 = SEAM_CURVE('',#10456,(#10460,#10467),.PCURVE_S1.);
#10456 = LINE('',#10457,#10458);
#10457 = CARTESIAN_POINT('',(29.6,1.5,-10.5));
#10458 = VECTOR('',#10459,1.);
#10459 = DIRECTION('',(1.,0.,0.));
#10460 = PCURVE('',#10320,#10461);
#10461 = DEFINITIONAL_REPRESENTATION('',(#10462),#10466);
#10462 = LINE('',#10463,#10464);
#10463 = CARTESIAN_POINT('',(-0.,0.));
#10464 = VECTOR('',#10465,1.);
#10465 = DIRECTION('',(-0.,-1.));
#10466 = ( GEOMETRIC_REPRESENTATION_CONTEXT(2) 
PARAMETRIC_REPRESENTATION_CONTEXT() REPRESENTATION_CONTEXT('2D SPACE',''
  ) );
#10467 = PCURVE('',#10320,#10468);
#10468 = DEFINITIONAL_REPRESENTATION('',(#10469),#10473);
#10469 = LINE('',#10470,#10471);
#10470 = CARTESIAN_POINT('',(-6.28318530718,0.));
#10471 = VECTOR('',#10472,1.);
#10472 = DIRECTION('',(-0.,-1.));
#10473 = ( GEOMETRIC_REPRESENTATION_CONTEXT(2) 
PARAMETRIC_REPRESENTATION_CONTEXT() REPRESENTATION_CONTEXT('2D SPACE',''
  ) );
#10474 = ORIENTED_EDGE('',*,*,#10475,.T.);
#10475 = EDGE_CURVE('',#10453,#10453,#10476,.T.);
#10476 = SURFACE_CURVE('',#10477,(#10482,#10489),.PCURVE_S1.);
#10477 = CIRCLE('',#10478,1.5);
#10478 = AXIS2_PLACEMENT_3D('',#10479,#10480,#10481);
#10479 = CARTESIAN_POINT('',(55.,-1.928818708657E-15,-10.5));
#10480 = DIRECTION('',(1.,0.,0.));
#10481 = DIRECTION('',(0.,1.,0.));
#10482 = PCURVE('',#10320,#10483);
#10483 = DEFINITIONAL_REPRESENTATION('',(#10484),#10488);
#10484 = LINE('',#10485,#10486);
#10485 = CARTESIAN_POINT('',(-0.,-25.4));
#10486 = VECTOR('',#10487,1.);
#10487 = DIRECTION('',(-1.,0.));
#10488 = ( GEOMETRIC_REPRESENTATION_CONTEXT(2) 
PARAMETRIC_REPRESENTATION_CONTEXT() REPRESENTATION_CONTEXT('2D SPACE',''
  ) );
#10489 = PCURVE('',#10490,#10495);
#10490 = PLANE('',#10491);
#10491 = AXIS2_PLACEMENT_3D('',#10492,#10493,#10494);
#10492 = CARTESIAN_POINT('',(55.,0.,0.));
#10493 = DIRECTION('',(1.,0.,0.));
#10494 = DIRECTION('',(-0.,1.,0.));
#10495 = DEFINITIONAL_REPRESENTATION('',(#10496),#10500);
#10496 = CIRCLE('',#10497,1.5);
#10497 = AXIS2_PLACEMENT_2D('',#10498,#10499);
#10498 = CARTESIAN_POINT('',(-1.928818708657E-15,-10.5));
#10499 = DIRECTION('',(1.,0.));
#10500 = ( GEOMETRIC_REPRESENTATION_CONTEXT(2) 
PARAMETRIC_REPRESENTATION_CONTEXT() REPRESENTATION_CONTEXT('2D SPACE',''
  ) );
#10501 = ORIENTED_EDGE('',*,*,#10452,.F.);
#10502 = ORIENTED_EDGE('',*,*,#10303,.F.);
#10503 = ADVANCED_FACE('',(#10504),#10351,.T.);
#10504 = FACE_BOUND('',#10505,.F.);
#10505 = EDGE_LOOP('',(#10506,#10529,#10551,#10552));
#10506 = ORIENTED_EDGE('',*,*,#10507,.T.);
#10507 = EDGE_CURVE('',#10335,#10508,#10510,.T.);
#10508 = VERTEX_POINT('',#10509);
#10509 = CARTESIAN_POINT('',(55.,10.593266739737,5.25));
#10510 = SEAM_CURVE('',#10511,(#10515,#10522),.PCURVE_S1.);
#10511 = LINE('',#10512,#10513);
#10512 = CARTESIAN_POINT('',(29.6,10.593266739737,5.25));
#10513 = VECTOR('',#10514,1.);
#10514 = DIRECTION('',(1.,0.,0.));
#10515 = PCURVE('',#10351,#10516);
#10516 = DEFINITIONAL_REPRESENTATION('',(#10517),#10521);
#10517 = LINE('',#10518,#10519);
#10518 = CARTESIAN_POINT('',(-0.,0.));
#10519 = VECTOR('',#10520,1.);
#10520 = DIRECTION('',(-0.,-1.));
#10521 = ( GEOMETRIC_REPRESENTATION_CONTEXT(2) 
PARAMETRIC_REPRESENTATION_CONTEXT() REPRESENTATION_CONTEXT('2D SPACE',''
  ) );
#10522 = PCURVE('',#10351,#10523);
#10523 = DEFINITIONAL_REPRESENTATION('',(#10524),#10528);
#10524 = LINE('',#10525,#10526);
#10525 = CARTESIAN_POINT('',(-6.28318530718,0.));
#10526 = VECTOR('',#10527,1.);
#10527 = DIRECTION('',(-0.,-1.));
#10528 = ( GEOMETRIC_REPRESENTATION_CONTEXT(2) 
PARAMETRIC_REPRESENTATION_CONTEXT() REPRESENTATION_CONTEXT('2D SPACE',''
  ) );
#10529 = ORIENTED_EDGE('',*,*,#10530,.T.);
#10530 = EDGE_CURVE('',#10508,#10508,#10531,.T.);
#10531 = SURFACE_CURVE('',#10532,(#10537,#10544),.PCURVE_S1.);
#10532 = CIRCLE('',#10533,1.5);
#10533 = AXIS2_PLACEMENT_3D('',#10534,#10535,#10536);
#10534 = CARTESIAN_POINT('',(55.,9.093266739737,5.25));
#10535 = DIRECTION('',(1.,0.,0.));
#10536 = DIRECTION('',(0.,1.,0.));
#10537 = PCURVE('',#10351,#10538);
#10538 = DEFINITIONAL_REPRESENTATION('',(#10539),#10543);
#10539 = LINE('',#10540,#10541);
#10540 = CARTESIAN_POINT('',(-0.,-25.4));
#10541 = VECTOR('',#10542,1.);
#10542 = DIRECTION('',(-1.,0.));
#10543 = ( GEOMETRIC_REPRESENTATION_CONTEXT(2) 
PARAMETRIC_REPRESENTATION_CONTEXT() REPRESENTATION_CONTEXT('2D SPACE',''
  ) );
#10544 = PCURVE('',#10490,#10545);
#10545 = DEFINITIONAL_REPRESENTATION('',(#10546),#10550);
#10546 = CIRCLE('',#10547,1.5);
#10547 = AXIS2_PLACEMENT_2D('',#10548,#10549);
#10548 = CARTESIAN_POINT('',(9.093266739737,5.25));
#10549 = DIRECTION('',(1.,0.));
#10550 = ( GEOMETRIC_REPRESENTATION_CONTEXT(2) 
PARAMETRIC_REPRESENTATION_CONTEXT() REPRESENTATION_CONTEXT('2D SPACE',''
  ) );
#10551 = ORIENTED_EDGE('',*,*,#10507,.F.);
#10552 = ORIENTED_EDGE('',*,*,#10334,.F.);
#10553 = ADVANCED_FACE('',(#10554),#10382,.T.);
#10554 = FACE_BOUND('',#10555,.F.);
#10555 = EDGE_LOOP('',(#10556,#10579,#10601,#10602));
#10556 = ORIENTED_EDGE('',*,*,#10557,.T.);
#10557 = EDGE_CURVE('',#10366,#10558,#10560,.T.);
#10558 = VERTEX_POINT('',#10559);
#10559 = CARTESIAN_POINT('',(55.,-7.593266739737,5.25));
#10560 = SEAM_CURVE('',#10561,(#10565,#10572),.PCURVE_S1.);
#10561 = LINE('',#10562,#10563);
#10562 = CARTESIAN_POINT('',(29.6,-7.593266739737,5.25));
#10563 = VECTOR('',#10564,1.);
#10564 = DIRECTION('',(1.,0.,0.));
#10565 = PCURVE('',#10382,#10566);
#10566 = DEFINITIONAL_REPRESENTATION('',(#10567),#10571);
#10567 = LINE('',#10568,#10569);
#10568 = CARTESIAN_POINT('',(-0.,0.));
#10569 = VECTOR('',#10570,1.);
#10570 = DIRECTION('',(-0.,-1.));
#10571 = ( GEOMETRIC_REPRESENTATION_CONTEXT(2) 
PARAMETRIC_REPRESENTATION_CONTEXT() REPRESENTATION_CONTEXT('2D SPACE',''
  ) );
#10572 = PCURVE('',#10382,#10573);
#10573 = DEFINITIONAL_REPRESENTATION('',(#10574),#10578);
#10574 = LINE('',#10575,#10576);
#10575 = CARTESIAN_POINT('',(-6.28318530718,0.));
#10576 = VECTOR('',#10577,1.);
#10577 = DIRECTION('',(-0.,-1.));
#10578 = ( GEOMETRIC_REPRESENTATION_CONTEXT(2) 
PARAMETRIC_REPRESENTATION_CONTEXT() REPRESENTATION_CONTEXT('2D SPACE',''
  ) );
#10579 = ORIENTED_EDGE('',*,*,#10580,.T.);
#10580 = EDGE_CURVE('',#10558,#10558,#10581,.T.);
#10581 = SURFACE_CURVE('',#10582,(#10587,#10594),.PCURVE_S1.);
#10582 = CIRCLE('',#10583,1.5);
#10583 = AXIS2_PLACEMENT_3D('',#10584,#10585,#10586);
#10584 = CARTESIAN_POINT('',(55.,-9.093266739737,5.25));
#10585 = DIRECTION('',(1.,0.,0.));
#10586 = DIRECTION('',(0.,1.,0.));
#10587 = PCURVE('',#10382,#10588);
#10588 = DEFINITIONAL_REPRESENTATION('',(#10589),#10593);
#10589 = LINE('',#10590,#10591);
#10590 = CARTESIAN_POINT('',(-0.,-25.4));
#10591 = VECTOR('',#10592,1.);
#10592 = DIRECTION('',(-1.,0.));
#10593 = ( GEOMETRIC_REPRESENTATION_CONTEXT(2) 
PARAMETRIC_REPRESENTATION_CONTEXT() REPRESENTATION_CONTEXT('2D SPACE',''
  ) );
#10594 = PCURVE('',#10490,#10595);
#10595 = DEFINITIONAL_REPRESENTATION('',(#10596),#10600);
#10596 = CIRCLE('',#10597,1.5);
#10597 = AXIS2_PLACEMENT_2D('',#10598,#10599);
#10598 = CARTESIAN_POINT('',(-9.093266739737,5.25));
#10599 = DIRECTION('',(1.,0.));
#10600 = ( GEOMETRIC_REPRESENTATION_CONTEXT(2) 
PARAMETRIC_REPRESENTATION_CONTEXT() REPRESENTATION_CONTEXT('2D SPACE',''
  ) );
#10601 = ORIENTED_EDGE('',*,*,#10557,.F.);
#10602 = ORIENTED_EDGE('',*,*,#10365,.F.);
#10603 = ADVANCED_FACE('',(#10604),#10436,.F.);
#10604 = FACE_BOUND('',#10605,.F.);
#10605 = EDGE_LOOP('',(#10606));
#10606 = ORIENTED_EDGE('',*,*,#10421,.T.);
#10607 = ADVANCED_FACE('',(#10608,#10639,#10642,#10645),#10490,.F.);
#10608 = FACE_BOUND('',#10609,.F.);
#10609 = EDGE_LOOP('',(#10610));
#10610 = ORIENTED_EDGE('',*,*,#10611,.T.);
#10611 = EDGE_CURVE('',#10612,#10612,#10614,.T.);
#10612 = VERTEX_POINT('',#10613);
#10613 = CARTESIAN_POINT('',(55.,13.,0.));
#10614 = SURFACE_CURVE('',#10615,(#10620,#10627),.PCURVE_S1.);
#10615 = CIRCLE('',#10616,13.);
#10616 = AXIS2_PLACEMENT_3D('',#10617,#10618,#10619);
#10617 = CARTESIAN_POINT('',(55.,0.,0.));
#10618 = DIRECTION('',(1.,0.,0.));
#10619 = DIRECTION('',(-0.,1.,0.));
#10620 = PCURVE('',#10490,#10621);
#10621 = DEFINITIONAL_REPRESENTATION('',(#10622),#10626);
#10622 = CIRCLE('',#10623,13.);
#10623 = AXIS2_PLACEMENT_2D('',#10624,#10625);
#10624 = CARTESIAN_POINT('',(0.,0.));
#10625 = DIRECTION('',(1.,0.));
#10626 = ( GEOMETRIC_REPRESENTATION_CONTEXT(2) 
PARAMETRIC_REPRESENTATION_CONTEXT() REPRESENTATION_CONTEXT('2D SPACE',''
  ) );
#10627 = PCURVE('',#10628,#10633);
#10628 = CYLINDRICAL_SURFACE('',#10629,13.);
#10629 = AXIS2_PLACEMENT_3D('',#10630,#10631,#10632);
#10630 = CARTESIAN_POINT('',(56.6,0.,0.));
#10631 = DIRECTION('',(-1.,-0.,-0.));
#10632 = DIRECTION('',(0.,1.,0.));
#10633 = DEFINITIONAL_REPRESENTATION('',(#10634),#10638);
#10634 = LINE('',#10635,#10636);
#10635 = CARTESIAN_POINT('',(-0.,1.6));
#10636 = VECTOR('',#10637,1.);
#10637 = DIRECTION('',(-1.,0.));
#10638 = ( GEOMETRIC_REPRESENTATION_CONTEXT(2) 
PARAMETRIC_REPRESENTATION_CONTEXT() REPRESENTATION_CONTEXT('2D SPACE',''
  ) );
#10639 = FACE_BOUND('',#10640,.F.);
#10640 = EDGE_LOOP('',(#10641));
#10641 = ORIENTED_EDGE('',*,*,#10475,.F.);
#10642 = FACE_BOUND('',#10643,.F.);
#10643 = EDGE_LOOP('',(#10644));
#10644 = ORIENTED_EDGE('',*,*,#10580,.F.);
#10645 = FACE_BOUND('',#10646,.F.);
#10646 = EDGE_LOOP('',(#10647));
#10647 = ORIENTED_EDGE('',*,*,#10530,.F.);
#10648 = ADVANCED_FACE('',(#10649),#10628,.T.);
#10649 = FACE_BOUND('',#10650,.F.);
#10650 = EDGE_LOOP('',(#10651,#10680,#10701,#10702));
#10651 = ORIENTED_EDGE('',*,*,#10652,.T.);
#10652 = EDGE_CURVE('',#10653,#10653,#10655,.T.);
#10653 = VERTEX_POINT('',#10654);
#10654 = CARTESIAN_POINT('',(56.6,13.,0.));
#10655 = SURFACE_CURVE('',#10656,(#10661,#10668),.PCURVE_S1.);
#10656 = CIRCLE('',#10657,13.);
#10657 = AXIS2_PLACEMENT_3D('',#10658,#10659,#10660);
#10658 = CARTESIAN_POINT('',(56.6,0.,0.));
#10659 = DIRECTION('',(1.,0.,0.));
#10660 = DIRECTION('',(-0.,1.,0.));
#10661 = PCURVE('',#10628,#10662);
#10662 = DEFINITIONAL_REPRESENTATION('',(#10663),#10667);
#10663 = LINE('',#10664,#10665);
#10664 = CARTESIAN_POINT('',(-0.,0.));
#10665 = VECTOR('',#10666,1.);
#10666 = DIRECTION('',(-1.,0.));
#10667 = ( GEOMETRIC_REPRESENTATION_CONTEXT(2) 
PARAMETRIC_REPRESENTATION_CONTEXT() REPRESENTATION_CONTEXT('2D SPACE',''
  ) );
#10668 = PCURVE('',#10669,#10674);
#10669 = PLANE('',#10670);
#10670 = AXIS2_PLACEMENT_3D('',#10671,#10672,#10673);
#10671 = CARTESIAN_POINT('',(56.6,0.,0.));
#10672 = DIRECTION('',(1.,0.,0.));
#10673 = DIRECTION('',(-0.,1.,0.));
#10674 = DEFINITIONAL_REPRESENTATION('',(#10675),#10679);
#10675 = CIRCLE('',#10676,13.);
#10676 = AXIS2_PLACEMENT_2D('',#10677,#10678);
#10677 = CARTESIAN_POINT('',(0.,0.));
#10678 = DIRECTION('',(1.,-0.));
#10679 = ( GEOMETRIC_REPRESENTATION_CONTEXT(2) 
PARAMETRIC_REPRESENTATION_CONTEXT() REPRESENTATION_CONTEXT('2D SPACE',''
  ) );
#10680 = ORIENTED_EDGE('',*,*,#10681,.T.);
#10681 = EDGE_CURVE('',#10653,#10612,#10682,.T.);
#10682 = SEAM_CURVE('',#10683,(#10687,#10694),.PCURVE_S1.);
#10683 = LINE('',#10684,#10685);
#10684 = CARTESIAN_POINT('',(56.6,13.,0.));
#10685 = VECTOR('',#10686,1.);
#10686 = DIRECTION('',(-1.,0.,0.));
#10687 = PCURVE('',#10628,#10688);
#10688 = DEFINITIONAL_REPRESENTATION('',(#10689),#10693);
#10689 = LINE('',#10690,#10691);
#10690 = CARTESIAN_POINT('',(-0.,0.));
#10691 = VECTOR('',#10692,1.);
#10692 = DIRECTION('',(-0.,1.));
#10693 = ( GEOMETRIC_REPRESENTATION_CONTEXT(2) 
PARAMETRIC_REPRESENTATION_CONTEXT() REPRESENTATION_CONTEXT('2D SPACE',''
  ) );
#10694 = PCURVE('',#10628,#10695);
#10695 = DEFINITIONAL_REPRESENTATION('',(#10696),#10700);
#10696 = LINE('',#10697,#10698);
#10697 = CARTESIAN_POINT('',(-6.28318530718,0.));
#10698 = VECTOR('',#10699,1.);
#10699 = DIRECTION('',(-0.,1.));
#10700 = ( GEOMETRIC_REPRESENTATION_CONTEXT(2) 
PARAMETRIC_REPRESENTATION_CONTEXT() REPRESENTATION_CONTEXT('2D SPACE',''
  ) );
#10701 = ORIENTED_EDGE('',*,*,#10611,.F.);
#10702 = ORIENTED_EDGE('',*,*,#10681,.F.);
#10703 = ADVANCED_FACE('',(#10704),#10669,.T.);
#10704 = FACE_BOUND('',#10705,.F.);
#10705 = EDGE_LOOP('',(#10706));
#10706 = ORIENTED_EDGE('',*,*,#10652,.F.);
#10707 = ( GEOMETRIC_REPRESENTATION_CONTEXT(3) 
GLOBAL_UNCERTAINTY_ASSIGNED_CONTEXT((#10711)) 
GLOBAL_UNIT_ASSIGNED_CONTEXT((#10708,#10709,#10710)) 
REPRESENTATION_CONTEXT('Context #1',
  '3D Context with UNIT and UNCERTAINTY') );
#10708 = ( LENGTH_UNIT() NAMED_UNIT(*) SI_UNIT(.MILLI.,.METRE.) );
#10709 = ( NAMED_UNIT(*) PLANE_ANGLE_UNIT() SI_UNIT($,.RADIAN.) );
#10710 = ( NAMED_UNIT(*) SI_UNIT($,.STERADIAN.) SOLID_ANGLE_UNIT() );
#10711 = UNCERTAINTY_MEASURE_WITH_UNIT(LENGTH_MEASURE(1.E-07),#10708,
  'distance_accuracy_value','confusion accuracy');
#10712 = CONTEXT_DEPENDENT_SHAPE_REPRESENTATION(#10713,#10715);
#10713 = ( REPRESENTATION_RELATIONSHIP('','',#10260,#10) 
REPRESENTATION_RELATIONSHIP_WITH_TRANSFORMATION(#10714) 
SHAPE_REPRESENTATION_RELATIONSHIP() );
#10714 = ITEM_DEFINED_TRANSFORMATION('','',#11,#47);
#10715 = PRODUCT_DEFINITION_SHAPE('Placement','Placement of an item',
  #10716);
#10716 = NEXT_ASSEMBLY_USAGE_OCCURRENCE('9','E-301_pcb','',#5,#10255,$);
#10717 = PRODUCT_RELATED_PRODUCT_CATEGORY('part',$,(#10257));
#10718 = SHAPE_DEFINITION_REPRESENTATION(#10719,#10725);
#10719 = PRODUCT_DEFINITION_SHAPE('','',#10720);
#10720 = PRODUCT_DEFINITION('design','',#10721,#10724);
#10721 = PRODUCT_DEFINITION_FORMATION('','',#10722);
#10722 = PRODUCT('P-204_connector','P-204_connector','',(#10723));
#10723 = PRODUCT_CONTEXT('',#2,'mechanical');
#10724 = PRODUCT_DEFINITION_CONTEXT('part definition',#2,'design');
#10725 = ADVANCED_BREP_SHAPE_REPRESENTATION('',(#11,#10726),#11098);
#10726 = MANIFOLD_SOLID_BREP('',#10727);
#10727 = CLOSED_SHELL('',(#10728,#10796,#10851,#10906,#10941,#10980,
    #11035,#11090,#11094));
#10728 = ADVANCED_FACE('',(#10729,#10765),#10742,.T.);
#10729 = FACE_BOUND('',#10730,.F.);
#10730 = EDGE_LOOP('',(#10731));
#10731 = ORIENTED_EDGE('',*,*,#10732,.F.);
#10732 = EDGE_CURVE('',#10733,#10733,#10735,.T.);
#10733 = VERTEX_POINT('',#10734);
#10734 = CARTESIAN_POINT('',(85.,10.,0.));
#10735 = SURFACE_CURVE('',#10736,(#10741,#10753),.PCURVE_S1.);
#10736 = CIRCLE('',#10737,10.);
#10737 = AXIS2_PLACEMENT_3D('',#10738,#10739,#10740);
#10738 = CARTESIAN_POINT('',(85.,0.,0.));
#10739 = DIRECTION('',(1.,0.,0.));
#10740 = DIRECTION('',(-0.,1.,0.));
#10741 = PCURVE('',#10742,#10747);
#10742 = PLANE('',#10743);
#10743 = AXIS2_PLACEMENT_3D('',#10744,#10745,#10746);
#10744 = CARTESIAN_POINT('',(85.,0.,0.));
#10745 = DIRECTION('',(1.,0.,0.));
#10746 = DIRECTION('',(-0.,1.,0.));
#10747 = DEFINITIONAL_REPRESENTATION('',(#10748),#10752);
#10748 = CIRCLE('',#10749,10.);
#10749 = AXIS2_PLACEMENT_2D('',#10750,#10751);
#10750 = CARTESIAN_POINT('',(0.,0.));
#10751 = DIRECTION('',(1.,-0.));
#10752 = ( GEOMETRIC_REPRESENTATION_CONTEXT(2) 
PARAMETRIC_REPRESENTATION_CONTEXT() REPRESENTATION_CONTEXT('2D SPACE',''
  ) );
#10753 = PCURVE('',#10754,#10759);
#10754 = CYLINDRICAL_SURFACE('',#10755,10.);
#10755 = AXIS2_PLACEMENT_3D('',#10756,#10757,#10758);
#10756 = CARTESIAN_POINT('',(85.,0.,0.));
#10757 = DIRECTION('',(-1.,-0.,-0.));
#10758 = DIRECTION('',(0.,1.,0.));
#10759 = DEFINITIONAL_REPRESENTATION('',(#10760),#10764);
#10760 = LINE('',#10761,#10762);
#10761 = CARTESIAN_POINT('',(-0.,0.));
#10762 = VECTOR('',#10763,1.);
#10763 = DIRECTION('',(-1.,0.));
#10764 = ( GEOMETRIC_REPRESENTATION_CONTEXT(2) 
PARAMETRIC_REPRESENTATION_CONTEXT() REPRESENTATION_CONTEXT('2D SPACE',''
  ) );
#10765 = FACE_BOUND('',#10766,.F.);
#10766 = EDGE_LOOP('',(#10767));
#10767 = ORIENTED_EDGE('',*,*,#10768,.T.);
#10768 = EDGE_CURVE('',#10769,#10769,#10771,.T.);
#10769 = VERTEX_POINT('',#10770);
#10770 = CARTESIAN_POINT('',(85.,6.,0.));
#10771 = SURFACE_CURVE('',#10772,(#10777,#10784),.PCURVE_S1.);
#10772 = CIRCLE('',#10773,6.);
#10773 = AXIS2_PLACEMENT_3D('',#10774,#10775,#10776);
#10774 = CARTESIAN_POINT('',(85.,0.,0.));
#10775 = DIRECTION('',(1.,0.,0.));
#10776 = DIRECTION('',(-0.,1.,0.));
#10777 = PCURVE('',#10742,#10778);
#10778 = DEFINITIONAL_REPRESENTATION('',(#10779),#10783);
#10779 = CIRCLE('',#10780,6.);
#10780 = AXIS2_PLACEMENT_2D('',#10781,#10782);
#10781 = CARTESIAN_POINT('',(0.,0.));
#10782 = DIRECTION('',(1.,-0.));
#10783 = ( GEOMETRIC_REPRESENTATION_CONTEXT(2) 
PARAMETRIC_REPRESENTATION_CONTEXT() REPRESENTATION_CONTEXT('2D SPACE',''
  ) );
#10784 = PCURVE('',#10785,#10790);
#10785 = CYLINDRICAL_SURFACE('',#10786,6.);
#10786 = AXIS2_PLACEMENT_3D('',#10787,#10788,#10789);
#10787 = CARTESIAN_POINT('',(96.,0.,0.));
#10788 = DIRECTION('',(-1.,-0.,-0.));
#10789 = DIRECTION('',(0.,1.,0.));
#10790 = DEFINITIONAL_REPRESENTATION('',(#10791),#10795);
#10791 = LINE('',#10792,#10793);
#10792 = CARTESIAN_POINT('',(-0.,11.));
#10793 = VECTOR('',#10794,1.);
#10794 = DIRECTION('',(-1.,0.));
#10795 = ( GEOMETRIC_REPRESENTATION_CONTEXT(2) 
PARAMETRIC_REPRESENTATION_CONTEXT() REPRESENTATION_CONTEXT('2D SPACE',''
  ) );
#10796 = ADVANCED_FACE('',(#10797),#10754,.T.);
#10797 = FACE_BOUND('',#10798,.F.);
#10798 = EDGE_LOOP('',(#10799,#10800,#10823,#10850));
#10799 = ORIENTED_EDGE('',*,*,#10732,.T.);
#10800 = ORIENTED_EDGE('',*,*,#10801,.T.);
#10801 = EDGE_CURVE('',#10733,#10802,#10804,.T.);
#10802 = VERTEX_POINT('',#10803);
#10803 = CARTESIAN_POINT('',(81.,10.,0.));
#10804 = SEAM_CURVE('',#10805,(#10809,#10816),.PCURVE_S1.);
#10805 = LINE('',#10806,#10807);
#10806 = CARTESIAN_POINT('',(85.,10.,0.));
#10807 = VECTOR('',#10808,1.);
#10808 = DIRECTION('',(-1.,0.,0.));
#10809 = PCURVE('',#10754,#10810);
#10810 = DEFINITIONAL_REPRESENTATION('',(#10811),#10815);
#10811 = LINE('',#10812,#10813);
#10812 = CARTESIAN_POINT('',(-0.,0.));
#10813 = VECTOR('',#10814,1.);
#10814 = DIRECTION('',(-0.,1.));
#10815 = ( GEOMETRIC_REPRESENTATION_CONTEXT(2) 
PARAMETRIC_REPRESENTATION_CONTEXT() REPRESENTATION_CONTEXT('2D SPACE',''
  ) );
#10816 = PCURVE('',#10754,#10817);
#10817 = DEFINITIONAL_REPRESENTATION('',(#10818),#10822);
#10818 = LINE('',#10819,#10820);
#10819 = CARTESIAN_POINT('',(-6.28318530718,0.));
#10820 = VECTOR('',#10821,1.);
#10821 = DIRECTION('',(-0.,1.));
#10822 = ( GEOMETRIC_REPRESENTATION_CONTEXT(2) 
PARAMETRIC_REPRESENTATION_CONTEXT() REPRESENTATION_CONTEXT('2D SPACE',''
  ) );
#10823 = ORIENTED_EDGE('',*,*,#10824,.F.);
#10824 = EDGE_CURVE('',#10802,#10802,#10825,.T.);
#10825 = SURFACE_CURVE('',#10826,(#10831,#10838),.PCURVE_S1.);
#10826 = CIRCLE('',#10827,10.);
#10827 = AXIS2_PLACEMENT_3D('',#10828,#10829,#10830);
#10828 = CARTESIAN_POINT('',(81.,0.,0.));
#10829 = DIRECTION('',(1.,0.,0.));
#10830 = DIRECTION('',(-0.,1.,0.));
#10831 = PCURVE('',#10754,#10832);
#10832 = DEFINITIONAL_REPRESENTATION('',(#10833),#10837);
#10833 = LINE('',#10834,#10835);
#10834 = CARTESIAN_POINT('',(-0.,4.));
#10835 = VECTOR('',#10836,1.);
#10836 = DIRECTION('',(-1.,0.));
#10837 = ( GEOMETRIC_REPRESENTATION_CONTEXT(2) 
PARAMETRIC_REPRESENTATION_CONTEXT() REPRESENTATION_CONTEXT('2D SPACE',''
  ) );
#10838 = PCURVE('',#10839,#10844);
#10839 = PLANE('',#10840);
#10840 = AXIS2_PLACEMENT_3D('',#10841,#10842,#10843);
#10841 = CARTESIAN_POINT('',(81.,0.,0.));
#10842 = DIRECTION('',(1.,0.,0.));
#10843 = DIRECTION('',(-0.,1.,0.));
#10844 = DEFINITIONAL_REPRESENTATION('',(#10845),#10849);
#10845 = CIRCLE('',#10846,10.);
#10846 = AXIS2_PLACEMENT_2D('',#10847,#10848);
#10847 = CARTESIAN_POINT('',(0.,0.));
#10848 = DIRECTION('',(1.,0.));
#10849 = ( GEOMETRIC_REPRESENTATION_CONTEXT(2) 
PARAMETRIC_REPRESENTATION_CONTEXT() REPRESENTATION_CONTEXT('2D SPACE',''
  ) );
#10850 = ORIENTED_EDGE('',*,*,#10801,.F.);
#10851 = ADVANCED_FACE('',(#10852),#10785,.T.);
#10852 = FACE_BOUND('',#10853,.F.);
#10853 = EDGE_LOOP('',(#10854,#10883,#10904,#10905));
#10854 = ORIENTED_EDGE('',*,*,#10855,.T.);
#10855 = EDGE_CURVE('',#10856,#10856,#10858,.T.);
#10856 = VERTEX_POINT('',#10857);
#10857 = CARTESIAN_POINT('',(96.,6.,0.));
#10858 = SURFACE_CURVE('',#10859,(#10864,#10871),.PCURVE_S1.);
#10859 = CIRCLE('',#10860,6.);
#10860 = AXIS2_PLACEMENT_3D('',#10861,#10862,#10863);
#10861 = CARTESIAN_POINT('',(96.,0.,0.));
#10862 = DIRECTION('',(1.,0.,0.));
#10863 = DIRECTION('',(-0.,1.,0.));
#10864 = PCURVE('',#10785,#10865);
#10865 = DEFINITIONAL_REPRESENTATION('',(#10866),#10870);
#10866 = LINE('',#10867,#10868);
#10867 = CARTESIAN_POINT('',(-0.,0.));
#10868 = VECTOR('',#10869,1.);
#10869 = DIRECTION('',(-1.,0.));
#10870 = ( GEOMETRIC_REPRESENTATION_CONTEXT(2) 
PARAMETRIC_REPRESENTATION_CONTEXT() REPRESENTATION_CONTEXT('2D SPACE',''
  ) );
#10871 = PCURVE('',#10872,#10877);
#10872 = PLANE('',#10873);
#10873 = AXIS2_PLACEMENT_3D('',#10874,#10875,#10876);
#10874 = CARTESIAN_POINT('',(96.,0.,0.));
#10875 = DIRECTION('',(1.,0.,0.));
#10876 = DIRECTION('',(-0.,1.,0.));
#10877 = DEFINITIONAL_REPRESENTATION('',(#10878),#10882);
#10878 = CIRCLE('',#10879,6.);
#10879 = AXIS2_PLACEMENT_2D('',#10880,#10881);
#10880 = CARTESIAN_POINT('',(0.,0.));
#10881 = DIRECTION('',(1.,-0.));
#10882 = ( GEOMETRIC_REPRESENTATION_CONTEXT(2) 
PARAMETRIC_REPRESENTATION_CONTEXT() REPRESENTATION_CONTEXT('2D SPACE',''
  ) );
#10883 = ORIENTED_EDGE('',*,*,#10884,.T.);
#10884 = EDGE_CURVE('',#10856,#10769,#10885,.T.);
#10885 = SEAM_CURVE('',#10886,(#10890,#10897),.PCURVE_S1.);
#10886 = LINE('',#10887,#10888);
#10887 = CARTESIAN_POINT('',(96.,6.,0.));
#10888 = VECTOR('',#10889,1.);
#10889 = DIRECTION('',(-1.,0.,0.));
#10890 = PCURVE('',#10785,#10891);
#10891 = DEFINITIONAL_REPRESENTATION('',(#10892),#10896);
#10892 = LINE('',#10893,#10894);
#10893 = CARTESIAN_POINT('',(-0.,0.));
#10894 = VECTOR('',#10895,1.);
#10895 = DIRECTION('',(-0.,1.));
#10896 = ( GEOMETRIC_REPRESENTATION_CONTEXT(2) 
PARAMETRIC_REPRESENTATION_CONTEXT() REPRESENTATION_CONTEXT('2D SPACE',''
  ) );
#10897 = PCURVE('',#10785,#10898);
#10898 = DEFINITIONAL_REPRESENTATION('',(#10899),#10903);
#10899 = LINE('',#10900,#10901);
#10900 = CARTESIAN_POINT('',(-6.28318530718,0.));
#10901 = VECTOR('',#10902,1.);
#10902 = DIRECTION('',(-0.,1.));
#10903 = ( GEOMETRIC_REPRESENTATION_CONTEXT(2) 
PARAMETRIC_REPRESENTATION_CONTEXT() REPRESENTATION_CONTEXT('2D SPACE',''
  ) );
#10904 = ORIENTED_EDGE('',*,*,#10768,.F.);
#10905 = ORIENTED_EDGE('',*,*,#10884,.F.);
#10906 = ADVANCED_FACE('',(#10907,#10910),#10839,.F.);
#10907 = FACE_BOUND('',#10908,.F.);
#10908 = EDGE_LOOP('',(#10909));
#10909 = ORIENTED_EDGE('',*,*,#10824,.T.);
#10910 = FACE_BOUND('',#10911,.F.);
#10911 = EDGE_LOOP('',(#10912));
#10912 = ORIENTED_EDGE('',*,*,#10913,.F.);
#10913 = EDGE_CURVE('',#10914,#10914,#10916,.T.);
#10914 = VERTEX_POINT('',#10915);
#10915 = CARTESIAN_POINT('',(81.,7.95,0.));
#10916 = SURFACE_CURVE('',#10917,(#10922,#10929),.PCURVE_S1.);
#10917 = CIRCLE('',#10918,7.95);
#10918 = AXIS2_PLACEMENT_3D('',#10919,#10920,#10921);
#10919 = CARTESIAN_POINT('',(81.,0.,0.));
#10920 = DIRECTION('',(1.,0.,0.));
#10921 = DIRECTION('',(-0.,1.,0.));
#10922 = PCURVE('',#10839,#10923);
#10923 = DEFINITIONAL_REPRESENTATION('',(#10924),#10928);
#10924 = CIRCLE('',#10925,7.95);
#10925 = AXIS2_PLACEMENT_2D('',#10926,#10927);
#10926 = CARTESIAN_POINT('',(0.,0.));
#10927 = DIRECTION('',(1.,0.));
#10928 = ( GEOMETRIC_REPRESENTATION_CONTEXT(2) 
PARAMETRIC_REPRESENTATION_CONTEXT() REPRESENTATION_CONTEXT('2D SPACE',''
  ) );
#10929 = PCURVE('',#10930,#10935);
#10930 = CYLINDRICAL_SURFACE('',#10931,7.95);
#10931 = AXIS2_PLACEMENT_3D('',#10932,#10933,#10934);
#10932 = CARTESIAN_POINT('',(81.,0.,0.));
#10933 = DIRECTION('',(-1.,-0.,-0.));
#10934 = DIRECTION('',(0.,1.,0.));
#10935 = DEFINITIONAL_REPRESENTATION('',(#10936),#10940);
#10936 = LINE('',#10937,#10938);
#10937 = CARTESIAN_POINT('',(-0.,0.));
#10938 = VECTOR('',#10939,1.);
#10939 = DIRECTION('',(-1.,0.));
#10940 = ( GEOMETRIC_REPRESENTATION_CONTEXT(2) 
PARAMETRIC_REPRESENTATION_CONTEXT() REPRESENTATION_CONTEXT('2D SPACE',''
  ) );
#10941 = ADVANCED_FACE('',(#10942,#10945),#10872,.T.);
#10942 = FACE_BOUND('',#10943,.F.);
#10943 = EDGE_LOOP('',(#10944));
#10944 = ORIENTED_EDGE('',*,*,#10855,.F.);
#10945 = FACE_BOUND('',#10946,.F.);
#10946 = EDGE_LOOP('',(#10947));
#10947 = ORIENTED_EDGE('',*,*,#10948,.F.);
#10948 = EDGE_CURVE('',#10949,#10949,#10951,.T.);
#10949 = VERTEX_POINT('',#10950);
#10950 = CARTESIAN_POINT('',(96.,4.75,0.));
#10951 = SURFACE_CURVE('',#10952,(#10957,#10968),.PCURVE_S1.);
#10952 = CIRCLE('',#10953,4.75);
#10953 = AXIS2_PLACEMENT_3D('',#10954,#10955,#10956);
#10954 = CARTESIAN_POINT('',(96.,0.,0.));
#10955 = DIRECTION('',(-1.,0.,0.));
#10956 = DIRECTION('',(0.,1.,0.));
#10957 = PCURVE('',#10872,#10958);
#10958 = DEFINITIONAL_REPRESENTATION('',(#10959),#10967);
#10959 = ( BOUNDED_CURVE() B_SPLINE_CURVE(2,(#10960,#10961,#10962,#10963
    ,#10964,#10965,#10966),.UNSPECIFIED.,.T.,.F.) 
B_SPLINE_CURVE_WITH_KNOTS((1,2,2,2,2,1),(-2.094395102393,0.,
    2.094395102393,4.188790204786,6.28318530718,8.377580409573),
.UNSPECIFIED.) CURVE() GEOMETRIC_REPRESENTATION_ITEM() 
RATIONAL_B_SPLINE_CURVE((1.,0.5,1.,0.5,1.,0.5,1.)) REPRESENTATION_ITEM(
  '') );
#10960 = CARTESIAN_POINT('',(4.75,0.));
#10961 = CARTESIAN_POINT('',(4.75,-8.227241335952));
#10962 = CARTESIAN_POINT('',(-2.375,-4.113620667976));
#10963 = CARTESIAN_POINT('',(-9.5,-1.16341445919E-15));
#10964 = CARTESIAN_POINT('',(-2.375,4.113620667976));
#10965 = CARTESIAN_POINT('',(4.75,8.227241335952));
#10966 = CARTESIAN_POINT('',(4.75,0.));
#10967 = ( GEOMETRIC_REPRESENTATION_CONTEXT(2) 
PARAMETRIC_REPRESENTATION_CONTEXT() REPRESENTATION_CONTEXT('2D SPACE',''
  ) );
#10968 = PCURVE('',#10969,#10974);
#10969 = CYLINDRICAL_SURFACE('',#10970,4.75);
#10970 = AXIS2_PLACEMENT_3D('',#10971,#10972,#10973);
#10971 = CARTESIAN_POINT('',(96.1,0.,0.));
#10972 = DIRECTION('',(-1.,-0.,-0.));
#10973 = DIRECTION('',(0.,1.,0.));
#10974 = DEFINITIONAL_REPRESENTATION('',(#10975),#10979);
#10975 = LINE('',#10976,#10977);
#10976 = CARTESIAN_POINT('',(-6.28318530718,9.999999999999E-02));
#10977 = VECTOR('',#10978,1.);
#10978 = DIRECTION('',(1.,-0.));
#10979 = ( GEOMETRIC_REPRESENTATION_CONTEXT(2) 
PARAMETRIC_REPRESENTATION_CONTEXT() REPRESENTATION_CONTEXT('2D SPACE',''
  ) );
#10980 = ADVANCED_FACE('',(#10981),#10930,.T.);
#10981 = FACE_BOUND('',#10982,.F.);
#10982 = EDGE_LOOP('',(#10983,#10984,#11007,#11034));
#10983 = ORIENTED_EDGE('',*,*,#10913,.T.);
#10984 = ORIENTED_EDGE('',*,*,#10985,.T.);
#10985 = EDGE_CURVE('',#10914,#10986,#10988,.T.);
#10986 = VERTEX_POINT('',#10987);
#10987 = CARTESIAN_POINT('',(71.,7.95,0.));
#10988 = SEAM_CURVE('',#10989,(#10993,#11000),.PCURVE_S1.);
#10989 = LINE('',#10990,#10991);
#10990 = CARTESIAN_POINT('',(81.,7.95,0.));
#10991 = VECTOR('',#10992,1.);
#10992 = DIRECTION('',(-1.,0.,0.));
#10993 = PCURVE('',#10930,#10994);
#10994 = DEFINITIONAL_REPRESENTATION('',(#10995),#10999);
#10995 = LINE('',#10996,#10997);
#10996 = CARTESIAN_POINT('',(-0.,0.));
#10997 = VECTOR('',#10998,1.);
#10998 = DIRECTION('',(-0.,1.));
#10999 = ( GEOMETRIC_REPRESENTATION_CONTEXT(2) 
PARAMETRIC_REPRESENTATION_CONTEXT() REPRESENTATION_CONTEXT('2D SPACE',''
  ) );
#11000 = PCURVE('',#10930,#11001);
#11001 = DEFINITIONAL_REPRESENTATION('',(#11002),#11006);
#11002 = LINE('',#11003,#11004);
#11003 = CARTESIAN_POINT('',(-6.28318530718,0.));
#11004 = VECTOR('',#11005,1.);
#11005 = DIRECTION('',(-0.,1.));
#11006 = ( GEOMETRIC_REPRESENTATION_CONTEXT(2) 
PARAMETRIC_REPRESENTATION_CONTEXT() REPRESENTATION_CONTEXT('2D SPACE',''
  ) );
#11007 = ORIENTED_EDGE('',*,*,#11008,.F.);
#11008 = EDGE_CURVE('',#10986,#10986,#11009,.T.);
#11009 = SURFACE_CURVE('',#11010,(#11015,#11022),.PCURVE_S1.);
#11010 = CIRCLE('',#11011,7.95);
#11011 = AXIS2_PLACEMENT_3D('',#11012,#11013,#11014);
#11012 = CARTESIAN_POINT('',(71.,0.,0.));
#11013 = DIRECTION('',(1.,0.,0.));
#11014 = DIRECTION('',(-0.,1.,0.));
#11015 = PCURVE('',#10930,#11016);
#11016 = DEFINITIONAL_REPRESENTATION('',(#11017),#11021);
#11017 = LINE('',#11018,#11019);
#11018 = CARTESIAN_POINT('',(-0.,10.));
#11019 = VECTOR('',#11020,1.);
#11020 = DIRECTION('',(-1.,0.));
#11021 = ( GEOMETRIC_REPRESENTATION_CONTEXT(2) 
PARAMETRIC_REPRESENTATION_CONTEXT() REPRESENTATION_CONTEXT('2D SPACE',''
  ) );
#11022 = PCURVE('',#11023,#11028);
#11023 = PLANE('',#11024);
#11024 = AXIS2_PLACEMENT_3D('',#11025,#11026,#11027);
#11025 = CARTESIAN_POINT('',(71.,0.,0.));
#11026 = DIRECTION('',(1.,0.,0.));
#11027 = DIRECTION('',(-0.,1.,0.));
#11028 = DEFINITIONAL_REPRESENTATION('',(#11029),#11033);
#11029 = CIRCLE('',#11030,7.95);
#11030 = AXIS2_PLACEMENT_2D('',#11031,#11032);
#11031 = CARTESIAN_POINT('',(0.,0.));
#11032 = DIRECTION('',(1.,0.));
#11033 = ( GEOMETRIC_REPRESENTATION_CONTEXT(2) 
PARAMETRIC_REPRESENTATION_CONTEXT() REPRESENTATION_CONTEXT('2D SPACE',''
  ) );
#11034 = ORIENTED_EDGE('',*,*,#10985,.F.);
#11035 = ADVANCED_FACE('',(#11036),#10969,.F.);
#11036 = FACE_BOUND('',#11037,.T.);
#11037 = EDGE_LOOP('',(#11038,#11039,#11062,#11089));
#11038 = ORIENTED_EDGE('',*,*,#10948,.F.);
#11039 = ORIENTED_EDGE('',*,*,#11040,.T.);
#11040 = EDGE_CURVE('',#10949,#11041,#11043,.T.);
#11041 = VERTEX_POINT('',#11042);
#11042 = CARTESIAN_POINT('',(88.,4.75,0.));
#11043 = SEAM_CURVE('',#11044,(#11048,#11055),.PCURVE_S1.);
#11044 = LINE('',#11045,#11046);
#11045 = CARTESIAN_POINT('',(96.1,4.75,0.));
#11046 = VECTOR('',#11047,1.);
#11047 = DIRECTION('',(-1.,0.,0.));
#11048 = PCURVE('',#10969,#11049);
#11049 = DEFINITIONAL_REPRESENTATION('',(#11050),#11054);
#11050 = LINE('',#11051,#11052);
#11051 = CARTESIAN_POINT('',(-0.,0.));
#11052 = VECTOR('',#11053,1.);
#11053 = DIRECTION('',(-0.,1.));
#11054 = ( GEOMETRIC_REPRESENTATION_CONTEXT(2) 
PARAMETRIC_REPRESENTATION_CONTEXT() REPRESENTATION_CONTEXT('2D SPACE',''
  ) );
#11055 = PCURVE('',#10969,#11056);
#11056 = DEFINITIONAL_REPRESENTATION('',(#11057),#11061);
#11057 = LINE('',#11058,#11059);
#11058 = CARTESIAN_POINT('',(-6.28318530718,0.));
#11059 = VECTOR('',#11060,1.);
#11060 = DIRECTION('',(-0.,1.));
#11061 = ( GEOMETRIC_REPRESENTATION_CONTEXT(2) 
PARAMETRIC_REPRESENTATION_CONTEXT() REPRESENTATION_CONTEXT('2D SPACE',''
  ) );
#11062 = ORIENTED_EDGE('',*,*,#11063,.F.);
#11063 = EDGE_CURVE('',#11041,#11041,#11064,.T.);
#11064 = SURFACE_CURVE('',#11065,(#11070,#11077),.PCURVE_S1.);
#11065 = CIRCLE('',#11066,4.75);
#11066 = AXIS2_PLACEMENT_3D('',#11067,#11068,#11069);
#11067 = CARTESIAN_POINT('',(88.,0.,0.));
#11068 = DIRECTION('',(1.,0.,0.));
#11069 = DIRECTION('',(-0.,1.,0.));
#11070 = PCURVE('',#10969,#11071);
#11071 = DEFINITIONAL_REPRESENTATION('',(#11072),#11076);
#11072 = LINE('',#11073,#11074);
#11073 = CARTESIAN_POINT('',(-0.,8.1));
#11074 = VECTOR('',#11075,1.);
#11075 = DIRECTION('',(-1.,0.));
#11076 = ( GEOMETRIC_REPRESENTATION_CONTEXT(2) 
PARAMETRIC_REPRESENTATION_CONTEXT() REPRESENTATION_CONTEXT('2D SPACE',''
  ) );
#11077 = PCURVE('',#11078,#11083);
#11078 = PLANE('',#11079);
#11079 = AXIS2_PLACEMENT_3D('',#11080,#11081,#11082);
#11080 = CARTESIAN_POINT('',(88.,0.,0.));
#11081 = DIRECTION('',(1.,0.,0.));
#11082 = DIRECTION('',(-0.,1.,0.));
#11083 = DEFINITIONAL_REPRESENTATION('',(#11084),#11088);
#11084 = CIRCLE('',#11085,4.75);
#11085 = AXIS2_PLACEMENT_2D('',#11086,#11087);
#11086 = CARTESIAN_POINT('',(0.,0.));
#11087 = DIRECTION('',(1.,0.));
#11088 = ( GEOMETRIC_REPRESENTATION_CONTEXT(2) 
PARAMETRIC_REPRESENTATION_CONTEXT() REPRESENTATION_CONTEXT('2D SPACE',''
  ) );
#11089 = ORIENTED_EDGE('',*,*,#11040,.F.);
#11090 = ADVANCED_FACE('',(#11091),#11023,.F.);
#11091 = FACE_BOUND('',#11092,.F.);
#11092 = EDGE_LOOP('',(#11093));
#11093 = ORIENTED_EDGE('',*,*,#11008,.T.);
#11094 = ADVANCED_FACE('',(#11095),#11078,.T.);
#11095 = FACE_BOUND('',#11096,.T.);
#11096 = EDGE_LOOP('',(#11097));
#11097 = ORIENTED_EDGE('',*,*,#11063,.T.);
#11098 = ( GEOMETRIC_REPRESENTATION_CONTEXT(3) 
GLOBAL_UNCERTAINTY_ASSIGNED_CONTEXT((#11102)) 
GLOBAL_UNIT_ASSIGNED_CONTEXT((#11099,#11100,#11101)) 
REPRESENTATION_CONTEXT('Context #1',
  '3D Context with UNIT and UNCERTAINTY') );
#11099 = ( LENGTH_UNIT() NAMED_UNIT(*) SI_UNIT(.MILLI.,.METRE.) );
#11100 = ( NAMED_UNIT(*) PLANE_ANGLE_UNIT() SI_UNIT($,.RADIAN.) );
#11101 = ( NAMED_UNIT(*) SI_UNIT($,.STERADIAN.) SOLID_ANGLE_UNIT() );
#11102 = UNCERTAINTY_MEASURE_WITH_UNIT(LENGTH_MEASURE(1.E-07),#11099,
  'distance_accuracy_value','confusion accuracy');
#11103 = CONTEXT_DEPENDENT_SHAPE_REPRESENTATION(#11104,#11106);
#11104 = ( REPRESENTATION_RELATIONSHIP('','',#10725,#10) 
REPRESENTATION_RELATIONSHIP_WITH_TRANSFORMATION(#11105) 
SHAPE_REPRESENTATION_RELATIONSHIP() );
#11105 = ITEM_DEFINED_TRANSFORMATION('','',#11,#51);
#11106 = PRODUCT_DEFINITION_SHAPE('Placement','Placement of an item',
  #11107);
#11107 = NEXT_ASSEMBLY_USAGE_OCCURRENCE('10','P-204_connector','',#5,
  #10720,$);
#11108 = PRODUCT_RELATED_PRODUCT_CATEGORY('part',$,(#10722));
#11109 = MECHANICAL_DESIGN_GEOMETRIC_PRESENTATION_REPRESENTATION('',(
    #11110),#10107);
#11110 = STYLED_ITEM('color',(#11111),#9925);
#11111 = PRESENTATION_STYLE_ASSIGNMENT((#11112));
#11112 = SURFACE_STYLE_USAGE(.BOTH.,#11113);
#11113 = SURFACE_SIDE_STYLE('',(#11114));
#11114 = SURFACE_STYLE_FILL_AREA(#11115);
#11115 = FILL_AREA_STYLE('',(#11116));
#11116 = FILL_AREA_STYLE_COLOUR('',#11117);
#11117 = COLOUR_RGB('',0.199999998682,0.649999988539,0.299999996101);
#11118 = MECHANICAL_DESIGN_GEOMETRIC_PRESENTATION_REPRESENTATION('',(
    #11119),#2421);
#11119 = STYLED_ITEM('color',(#11120),#69);
#11120 = PRESENTATION_STYLE_ASSIGNMENT((#11121));
#11121 = SURFACE_STYLE_USAGE(.BOTH.,#11122);
#11122 = SURFACE_SIDE_STYLE('',(#11123));
#11123 = SURFACE_STYLE_FILL_AREA(#11124);
#11124 = FILL_AREA_STYLE('',(#11125));
#11125 = FILL_AREA_STYLE_COLOUR('',#11126);
#11126 = COLOUR_RGB('',0.720000003324,0.740000011925,0.78000000177);
#11127 = MECHANICAL_DESIGN_GEOMETRIC_PRESENTATION_REPRESENTATION('',(
    #11128),#6082);
#11128 = STYLED_ITEM('color',(#11129),#2440);
#11129 = PRESENTATION_STYLE_ASSIGNMENT((#11130));
#11130 = SURFACE_STYLE_USAGE(.BOTH.,#11131);
#11131 = SURFACE_SIDE_STYLE('',(#11132));
#11132 = SURFACE_STYLE_FILL_AREA(#11133);
#11133 = FILL_AREA_STYLE('',(#11134));
#11134 = FILL_AREA_STYLE_COLOUR('',#11135);
#11135 = COLOUR_RGB('',0.800000010877,0.819999987296,0.859999984366);
#11136 = MECHANICAL_DESIGN_GEOMETRIC_PRESENTATION_REPRESENTATION('',(
    #11137),#11098);
#11137 = STYLED_ITEM('color',(#11138),#10726);
#11138 = PRESENTATION_STYLE_ASSIGNMENT((#11139));
#11139 = SURFACE_STYLE_USAGE(.BOTH.,#11140);
#11140 = SURFACE_SIDE_STYLE('',(#11141));
#11141 = SURFACE_STYLE_FILL_AREA(#11142);
#11142 = FILL_AREA_STYLE('',(#11143));
#11143 = FILL_AREA_STYLE_COLOUR('',#11144);
#11144 = COLOUR_RGB('',0.350000000377,0.350000000377,0.380000002513);
#11145 = MECHANICAL_DESIGN_GEOMETRIC_PRESENTATION_REPRESENTATION('',(
    #11146),#9906);
#11146 = STYLED_ITEM('color',(#11147),#8932);
#11147 = PRESENTATION_STYLE_ASSIGNMENT((#11148));
#11148 = SURFACE_STYLE_USAGE(.BOTH.,#11149);
#11149 = SURFACE_SIDE_STYLE('',(#11150));
#11150 = SURFACE_STYLE_FILL_AREA(#11151);
#11151 = FILL_AREA_STYLE('',(#11152));
#11152 = FILL_AREA_STYLE_COLOUR('',#11153);
#11153 = COLOUR_RGB('',0.950000001282,0.930000003373,0.850000012718);
#11154 = MECHANICAL_DESIGN_GEOMETRIC_PRESENTATION_REPRESENTATION('',(
    #11155),#10707);
#11155 = STYLED_ITEM('color',(#11156),#10261);
#11156 = PRESENTATION_STYLE_ASSIGNMENT((#11157));
#11157 = SURFACE_STYLE_USAGE(.BOTH.,#11158);
#11158 = SURFACE_SIDE_STYLE('',(#11159));
#11159 = SURFACE_STYLE_FILL_AREA(#11160);
#11160 = FILL_AREA_STYLE('',(#11161));
#11161 = FILL_AREA_STYLE_COLOUR('',#11162);
#11162 = COLOUR_RGB('',9.999999991362E-02,0.45000000386,0.199999998682);
#11163 = MECHANICAL_DESIGN_GEOMETRIC_PRESENTATION_REPRESENTATION('',(
    #11164),#6471);
#11164 = STYLED_ITEM('color',(#11165),#6101);
#11165 = PRESENTATION_STYLE_ASSIGNMENT((#11166));
#11166 = SURFACE_STYLE_USAGE(.BOTH.,#11167);
#11167 = SURFACE_SIDE_STYLE('',(#11168));
#11168 = SURFACE_STYLE_FILL_AREA(#11169);
#11169 = FILL_AREA_STYLE('',(#11170));
#11170 = FILL_AREA_STYLE_COLOUR('',#11171);
#11171 = COLOUR_RGB('',0.819999987296,0.839999997739,0.879999997771);
#11172 = MECHANICAL_DESIGN_GEOMETRIC_PRESENTATION_REPRESENTATION('',(
    #11173,#11181),#10242);
#11173 = STYLED_ITEM('color',(#11174),#10126);
#11174 = PRESENTATION_STYLE_ASSIGNMENT((#11175));
#11175 = SURFACE_STYLE_USAGE(.BOTH.,#11176);
#11176 = SURFACE_SIDE_STYLE('',(#11177));
#11177 = SURFACE_STYLE_FILL_AREA(#11178);
#11178 = FILL_AREA_STYLE('',(#11179));
#11179 = FILL_AREA_STYLE_COLOUR('',#11180);
#11180 = COLOUR_RGB('',9.999999991362E-02,9.999999991362E-02,
  9.999999991362E-02);
#11181 = STYLED_ITEM('color',(#11182),#10184);
#11182 = PRESENTATION_STYLE_ASSIGNMENT((#11183));
#11183 = SURFACE_STYLE_USAGE(.BOTH.,#11184);
#11184 = SURFACE_SIDE_STYLE('',(#11185));
#11185 = SURFACE_STYLE_FILL_AREA(#11186);
#11186 = FILL_AREA_STYLE('',(#11187));
#11187 = FILL_AREA_STYLE_COLOUR('',#11180);
#11188 = MECHANICAL_DESIGN_GEOMETRIC_PRESENTATION_REPRESENTATION('',(
    #11189),#8913);
#11189 = STYLED_ITEM('color',(#11190),#7687);
#11190 = PRESENTATION_STYLE_ASSIGNMENT((#11191));
#11191 = SURFACE_STYLE_USAGE(.BOTH.,#11192);
#11192 = SURFACE_SIDE_STYLE('',(#11193));
#11193 = SURFACE_STYLE_FILL_AREA(#11194);
#11194 = FILL_AREA_STYLE('',(#11195));
#11195 = FILL_AREA_STYLE_COLOUR('',#11196);
#11196 = COLOUR_RGB('',0.850000012718,0.649999988539,0.250000000672);
#11197 = MECHANICAL_DESIGN_GEOMETRIC_PRESENTATION_REPRESENTATION('',(
    #11198),#7668);
#11198 = STYLED_ITEM('color',(#11199),#6490);
#11199 = PRESENTATION_STYLE_ASSIGNMENT((#11200));
#11200 = SURFACE_STYLE_USAGE(.BOTH.,#11201);
#11201 = SURFACE_SIDE_STYLE('',(#11202));
#11202 = SURFACE_STYLE_FILL_AREA(#11203);
#11203 = FILL_AREA_STYLE('',(#11204));
#11204 = FILL_AREA_STYLE_COLOUR('',#11126);
ENDSEC;
END-ISO-10303-21;
