ISO-10303-21;
HEADER;
FILE_DESCRIPTION(('Open CASCADE Model'),'2;1');
FILE_NAME('Open CASCADE Shape Model','2026-09-29T06:18:39',('Author'),(
    'Open CASCADE'),'Open CASCADE STEP processor 7.9','Open CASCADE 7.9'
  ,'Unknown');
FILE_SCHEMA(('AUTOMOTIVE_DESIGN { 1 0 10303 214 1 1 1 1 }'));
ENDSEC;
DATA;
#1 = APPLICATION_PROTOCOL_DEFINITION('international standard',
  'automotive_design',2000,#2);
#2 = APPLICATION_CONTEXT(
  'core data for automotive mechanical design processes');
#3 = SHAPE_DEFINITION_REPRESENTATION(#4,#10);
#4 = PRODUCT_DEFINITION_SHAPE('','',#5);
#5 = PRODUCT_DEFINITION('design','',#6,#9);
#6 = PRODUCT_DEFINITION_FORMATION('','',#7);
#7 = PRODUCT('Open CASCADE STEP translator 7.9 2',
  'Open CASCADE STEP translator 7.9 2','',(#8));
#8 = PRODUCT_CONTEXT('',#2,'mechanical');
#9 = PRODUCT_DEFINITION_CONTEXT('part definition',#2,'design');
#10 = ADVANCED_BREP_SHAPE_REPRESENTATION('',(#11,#15),#3587);
#11 = AXIS2_PLACEMENT_3D('',#12,#13,#14);
#12 = CARTESIAN_POINT('',(0.,0.,0.));
#13 = DIRECTION('',(0.,0.,1.));
#14 = DIRECTION('',(1.,0.,-0.));
#15 = MANIFOLD_SOLID_BREP('',#16);
#16 = CLOSED_SHELL('',(#17,#89,#1604,#1659,#1875,#2086,#2125,#2318,#2511
    ,#2701,#2894,#3087,#3277,#3316,#3469,#3523,#3573,#3580));
#17 = ADVANCED_FACE('',(#18,#54),#31,.T.);
#18 = FACE_BOUND('',#19,.F.);
#19 = EDGE_LOOP('',(#20));
#20 = ORIENTED_EDGE('',*,*,#21,.F.);
#21 = EDGE_CURVE('',#22,#22,#24,.T.);
#22 = VERTEX_POINT('',#23);
#23 = CARTESIAN_POINT('',(-30.,6.,0.));
#24 = SURFACE_CURVE('',#25,(#30,#42),.PCURVE_S1.);
#25 = CIRCLE('',#26,6.);
#26 = AXIS2_PLACEMENT_3D('',#27,#28,#29);
#27 = CARTESIAN_POINT('',(-30.,0.,0.));
#28 = DIRECTION('',(1.,0.,0.));
#29 = DIRECTION('',(-0.,1.,0.));
#30 = PCURVE('',#31,#36);
#31 = PLANE('',#32);
#32 = AXIS2_PLACEMENT_3D('',#33,#34,#35);
#33 = CARTESIAN_POINT('',(-30.,0.,0.));
#34 = DIRECTION('',(1.,0.,0.));
#35 = DIRECTION('',(-0.,1.,0.));
#36 = DEFINITIONAL_REPRESENTATION('',(#37),#41);
#37 = CIRCLE('',#38,6.);
#38 = AXIS2_PLACEMENT_2D('',#39,#40);
#39 = CARTESIAN_POINT('',(0.,0.));
#40 = DIRECTION('',(1.,-0.));
#41 = ( GEOMETRIC_REPRESENTATION_CONTEXT(2) 
PARAMETRIC_REPRESENTATION_CONTEXT() REPRESENTATION_CONTEXT('2D SPACE',''
  ) );
#42 = PCURVE('',#43,#48);
#43 = CYLINDRICAL_SURFACE('',#44,6.);
#44 = AXIS2_PLACEMENT_3D('',#45,#46,#47);
#45 = CARTESIAN_POINT('',(-30.,0.,0.));
#46 = DIRECTION('',(-1.,-0.,-0.));
#47 = DIRECTION('',(0.,1.,0.));
#48 = DEFINITIONAL_REPRESENTATION('',(#49),#53);
#49 = LINE('',#50,#51);
#50 = CARTESIAN_POINT('',(-0.,0.));
#51 = VECTOR('',#52,1.);
#52 = DIRECTION('',(-1.,0.));
#53 = ( GEOMETRIC_REPRESENTATION_CONTEXT(2) 
PARAMETRIC_REPRESENTATION_CONTEXT() REPRESENTATION_CONTEXT('2D SPACE',''
  ) );
#54 = FACE_BOUND('',#55,.F.);
#55 = EDGE_LOOP('',(#56));
#56 = ORIENTED_EDGE('',*,*,#57,.F.);
#57 = EDGE_CURVE('',#58,#58,#60,.T.);
#58 = VERTEX_POINT('',#59);
#59 = CARTESIAN_POINT('',(-30.,5.1,0.));
#60 = SURFACE_CURVE('',#61,(#66,#77),.PCURVE_S1.);
#61 = CIRCLE('',#62,5.1);
#62 = AXIS2_PLACEMENT_3D('',#63,#64,#65);
#63 = CARTESIAN_POINT('',(-30.,0.,0.));
#64 = DIRECTION('',(-1.,0.,0.));
#65 = DIRECTION('',(0.,1.,0.));
#66 = PCURVE('',#31,#67);
#67 = DEFINITIONAL_REPRESENTATION('',(#68),#76);
#68 = ( BOUNDED_CURVE() B_SPLINE_CURVE(2,(#69,#70,#71,#72,#73,#74,#75),
.UNSPECIFIED.,.T.,.F.) B_SPLINE_CURVE_WITH_KNOTS((1,2,2,2,2,1),(
    -2.094395102393,0.,2.094395102393,4.188790204786,6.28318530718,
8.377580409573),.UNSPECIFIED.) CURVE() GEOMETRIC_REPRESENTATION_ITEM() 
RATIONAL_B_SPLINE_CURVE((1.,0.5,1.,0.5,1.,0.5,1.)) REPRESENTATION_ITEM(
  '') );
#69 = CARTESIAN_POINT('',(5.1,0.));
#70 = CARTESIAN_POINT('',(5.1,-8.833459118601));
#71 = CARTESIAN_POINT('',(-2.55,-4.416729559301));
#72 = CARTESIAN_POINT('',(-10.2,-1.24913973513E-15));
#73 = CARTESIAN_POINT('',(-2.55,4.416729559301));
#74 = CARTESIAN_POINT('',(5.1,8.833459118601));
#75 = CARTESIAN_POINT('',(5.1,0.));
#76 = ( GEOMETRIC_REPRESENTATION_CONTEXT(2) 
PARAMETRIC_REPRESENTATION_CONTEXT() REPRESENTATION_CONTEXT('2D SPACE',''
  ) );
#77 = PCURVE('',#78,#83);
#78 = CYLINDRICAL_SURFACE('',#79,5.1);
#79 = AXIS2_PLACEMENT_3D('',#80,#81,#82);
#80 = CARTESIAN_POINT('',(-29.99,0.,0.));
#81 = DIRECTION('',(-1.,-0.,-0.));
#82 = DIRECTION('',(0.,1.,0.));
#83 = DEFINITIONAL_REPRESENTATION('',(#84),#88);
#84 = LINE('',#85,#86);
#85 = CARTESIAN_POINT('',(-6.28318530718,1.E-02));
#86 = VECTOR('',#87,1.);
#87 = DIRECTION('',(1.,-0.));
#88 = ( GEOMETRIC_REPRESENTATION_CONTEXT(2) 
PARAMETRIC_REPRESENTATION_CONTEXT() REPRESENTATION_CONTEXT('2D SPACE',''
  ) );
#89 = ADVANCED_FACE('',(#90,#566,#740,#914,#1085,#1259,#1433),#43,.T.);
#90 = FACE_BOUND('',#91,.F.);
#91 = EDGE_LOOP('',(#92,#93,#116,#213,#236,#333,#356,#383,#384,#474,#475
    ,#565));
#92 = ORIENTED_EDGE('',*,*,#21,.T.);
#93 = ORIENTED_EDGE('',*,*,#94,.T.);
#94 = EDGE_CURVE('',#22,#95,#97,.T.);
#95 = VERTEX_POINT('',#96);
#96 = CARTESIAN_POINT('',(-39.6,6.,0.));
#97 = SEAM_CURVE('',#98,(#102,#109),.PCURVE_S1.);
#98 = LINE('',#99,#100);
#99 = CARTESIAN_POINT('',(-30.,6.,0.));
#100 = VECTOR('',#101,1.);
#101 = DIRECTION('',(-1.,0.,0.));
#102 = PCURVE('',#43,#103);
#103 = DEFINITIONAL_REPRESENTATION('',(#104),#108);
#104 = LINE('',#105,#106);
#105 = CARTESIAN_POINT('',(-0.,0.));
#106 = VECTOR('',#107,1.);
#107 = DIRECTION('',(-0.,1.));
#108 = ( GEOMETRIC_REPRESENTATION_CONTEXT(2) 
PARAMETRIC_REPRESENTATION_CONTEXT() REPRESENTATION_CONTEXT('2D SPACE',''
  ) );
#109 = PCURVE('',#43,#110);
#110 = DEFINITIONAL_REPRESENTATION('',(#111),#115);
#111 = LINE('',#112,#113);
#112 = CARTESIAN_POINT('',(-6.28318530718,0.));
#113 = VECTOR('',#114,1.);
#114 = DIRECTION('',(-0.,1.));
#115 = ( GEOMETRIC_REPRESENTATION_CONTEXT(2) 
PARAMETRIC_REPRESENTATION_CONTEXT() REPRESENTATION_CONTEXT('2D SPACE',''
  ) );
#116 = ORIENTED_EDGE('',*,*,#117,.T.);
#117 = EDGE_CURVE('',#95,#118,#120,.T.);
#118 = VERTEX_POINT('',#119);
#119 = CARTESIAN_POINT('',(-42.,6.,0.));
#120 = SURFACE_CURVE('',#121,(#148,#178),.PCURVE_S1.);
#121 = B_SPLINE_CURVE_WITH_KNOTS('',7,(#122,#123,#124,#125,#126,#127,
    #128,#129,#130,#131,#132,#133,#134,#135,#136,#137,#138,#139,#140,
    #141,#142,#143,#144,#145,#146,#147),.UNSPECIFIED.,.F.,.F.,(8,6,6,6,8
    ),(0.,0.25132360927,0.500038513304,0.748749809771,1.),
  .UNSPECIFIED.);
#122 = CARTESIAN_POINT('',(-39.6,6.,-6.661338147751E-16));
#123 = CARTESIAN_POINT('',(-39.6,6.,-0.155616010645));
#124 = CARTESIAN_POINT('',(-39.62354352748,5.99529106638,-0.308273074768
    ));
#125 = CARTESIAN_POINT('',(-39.66901993453,5.986196988159,
    -0.453704406693));
#126 = CARTESIAN_POINT('',(-39.73389738528,5.973777015185,
    -0.588145492285));
#127 = CARTESIAN_POINT('',(-39.81475762532,5.959633841666,
    -0.708523779448));
#128 = CARTESIAN_POINT('',(-39.90730517375,5.945355749597,
    -0.812746730419));
#129 = CARTESIAN_POINT('',(-40.1045174911,5.918973401613,-0.986612776035
    ));
#130 = CARTESIAN_POINT('',(-40.21090457537,5.90659976901,-1.058241506382
    ));
#131 = CARTESIAN_POINT('',(-40.32327469935,5.895867625351,-1.11517524046
    ));
#132 = CARTESIAN_POINT('',(-40.43981787313,5.887419407231,
    -1.157653357969));
#133 = CARTESIAN_POINT('',(-40.55901221349,5.881656725812,
    -1.185884299216));
#134 = CARTESIAN_POINT('',(-40.67950478507,5.87877538268,-1.2));
#135 = CARTESIAN_POINT('',(-40.92049346716,5.87877538268,-1.2));
#136 = CARTESIAN_POINT('',(-41.04098559839,5.881656638884,
    -1.185884716655));
#137 = CARTESIAN_POINT('',(-41.16018070717,5.887419276877,
    -1.157654019381));
#138 = CARTESIAN_POINT('',(-41.27672533485,5.895867555013,
    -1.115175617249));
#139 = CARTESIAN_POINT('',(-41.38909682707,5.906599897341,-1.05824099159
    ));
#140 = CARTESIAN_POINT('',(-41.49548412765,5.918973618165,
    -0.986611348903));
#141 = CARTESIAN_POINT('',(-41.69266567223,5.945351849479,
    -0.812772433135));
#142 = CARTESIAN_POINT('',(-41.78522725933,5.959630693236,
    -0.708550432103));
#143 = CARTESIAN_POINT('',(-41.86611223891,5.97377811452,-0.588147938305
    ));
#144 = CARTESIAN_POINT('',(-41.93100333347,5.986201622001,
    -0.453669797767));
#145 = CARTESIAN_POINT('',(-41.97647395299,5.995294575516,
    -0.308210043268));
#146 = CARTESIAN_POINT('',(-42.,6.,-0.155558190332));
#147 = CARTESIAN_POINT('',(-42.,6.,-2.22044604925E-16));
#148 = PCURVE('',#43,#149);
#149 = DEFINITIONAL_REPRESENTATION('',(#150),#177);
#150 = B_SPLINE_CURVE_WITH_KNOTS('',7,(#151,#152,#153,#154,#155,#156,
    #157,#158,#159,#160,#161,#162,#163,#164,#165,#166,#167,#168,#169,
    #170,#171,#172,#173,#174,#175,#176),.UNSPECIFIED.,.F.,.F.,(8,6,6,6,8
    ),(0.,0.25132360927,0.500038513304,0.748749809771,1.),
  .UNSPECIFIED.);
#151 = CARTESIAN_POINT('',(-6.28318530718,9.6));
#152 = CARTESIAN_POINT('',(-6.257249305405,9.6));
#153 = CARTESIAN_POINT('',(-6.231806428075,9.623543527484));
#154 = CARTESIAN_POINT('',(-6.207539557981,9.669019934537));
#155 = CARTESIAN_POINT('',(-6.185051583484,9.733897385288));
#156 = CARTESIAN_POINT('',(-6.164856589372,9.814757625327));
#157 = CARTESIAN_POINT('',(-6.147325709613,9.907305173758));
#158 = CARTESIAN_POINT('',(-6.11801633014,10.104517491105));
#159 = CARTESIAN_POINT('',(-6.105903930829,10.210904575374));
#160 = CARTESIAN_POINT('',(-6.096248956331,10.323274699352));
#161 = CARTESIAN_POINT('',(-6.089030696249,10.439817873132));
#162 = CARTESIAN_POINT('',(-6.084228515952,10.559012213497));
#163 = CARTESIAN_POINT('',(-6.081827386389,10.679504785073));
#164 = CARTESIAN_POINT('',(-6.081827386389,10.920493467165));
#165 = CARTESIAN_POINT('',(-6.084228444969,11.040985598396));
#166 = CARTESIAN_POINT('',(-6.089030583684,11.160180707176));
#167 = CARTESIAN_POINT('',(-6.096248892736,11.276725334852));
#168 = CARTESIAN_POINT('',(-6.105904018853,11.389096827071));
#169 = CARTESIAN_POINT('',(-6.118016570718,11.495484127658));
#170 = CARTESIAN_POINT('',(-6.147321376791,11.692665672234));
#171 = CARTESIAN_POINT('',(-6.164852117308,11.785227259335));
#172 = CARTESIAN_POINT('',(-6.185051208668,11.866112238915));
#173 = CARTESIAN_POINT('',(-6.207545356719,11.93100333347));
#174 = CARTESIAN_POINT('',(-6.231816934823,11.976473952995));
#175 = CARTESIAN_POINT('',(-6.257258942124,12.));
#176 = CARTESIAN_POINT('',(-6.28318530718,12.));
#177 = ( GEOMETRIC_REPRESENTATION_CONTEXT(2) 
PARAMETRIC_REPRESENTATION_CONTEXT() REPRESENTATION_CONTEXT('2D SPACE',''
  ) );
#178 = PCURVE('',#179,#184);
#179 = CYLINDRICAL_SURFACE('',#180,1.2);
#180 = AXIS2_PLACEMENT_3D('',#181,#182,#183);
#181 = CARTESIAN_POINT('',(-40.8,0.,0.));
#182 = DIRECTION('',(0.,-1.,-0.));
#183 = DIRECTION('',(1.,0.,0.));
#184 = DEFINITIONAL_REPRESENTATION('',(#185),#212);
#185 = B_SPLINE_CURVE_WITH_KNOTS('',7,(#186,#187,#188,#189,#190,#191,
    #192,#193,#194,#195,#196,#197,#198,#199,#200,#201,#202,#203,#204,
    #205,#206,#207,#208,#209,#210,#211),.UNSPECIFIED.,.F.,.F.,(8,6,6,6,8
    ),(0.,0.25132360927,0.500038513304,0.748749809771,1.),
  .UNSPECIFIED.);
#186 = CARTESIAN_POINT('',(0.,-6.));
#187 = CARTESIAN_POINT('',(-0.129680008871,-6.));
#188 = CARTESIAN_POINT('',(-0.256894157376,-5.99529106638));
#189 = CARTESIAN_POINT('',(-0.381649215064,-5.986196988159));
#190 = CARTESIAN_POINT('',(-0.503759623158,-5.973777015185));
#191 = CARTESIAN_POINT('',(-0.622824938691,-5.959633841666));
#192 = CARTESIAN_POINT('',(-0.738112337605,-5.945355749597));
#193 = CARTESIAN_POINT('',(-0.957204688649,-5.918973401613));
#194 = CARTESIAN_POINT('',(-1.063180647183,-5.90659976901));
#195 = CARTESIAN_POINT('',(-1.166911422858,-5.895867625351));
#196 = CARTESIAN_POINT('',(-1.268990652083,-5.887419407231));
#197 = CARTESIAN_POINT('',(-1.369973240628,-5.881656725812));
#198 = CARTESIAN_POINT('',(-1.470383647689,-5.87877538268));
#199 = CARTESIAN_POINT('',(-1.671207549432,-5.87877538268));
#200 = CARTESIAN_POINT('',(-1.771617582339,-5.881656638884));
#201 = CARTESIAN_POINT('',(-1.872600757927,-5.887419276877));
#202 = CARTESIAN_POINT('',(-1.97468113449,-5.895867555013));
#203 = CARTESIAN_POINT('',(-2.078413170555,-5.906599897341));
#204 = CARTESIAN_POINT('',(-2.184389763301,-5.918973618165));
#205 = CARTESIAN_POINT('',(-2.403447927439,-5.945351849479));
#206 = CARTESIAN_POINT('',(-2.518743590406,-5.959630693236));
#207 = CARTESIAN_POINT('',(-2.637835719855,-5.973778114519));
#208 = CARTESIAN_POINT('',(-2.759976206453,-5.986201622001));
#209 = CARTESIAN_POINT('',(-2.884751027562,-5.995294575516));
#210 = CARTESIAN_POINT('',(-3.011960828313,-6.));
#211 = CARTESIAN_POINT('',(-3.14159265359,-6.));
#212 = ( GEOMETRIC_REPRESENTATION_CONTEXT(2) 
PARAMETRIC_REPRESENTATION_CONTEXT() REPRESENTATION_CONTEXT('2D SPACE',''
  ) );
#213 = ORIENTED_EDGE('',*,*,#214,.T.);
#214 = EDGE_CURVE('',#118,#215,#217,.T.);
#215 = VERTEX_POINT('',#216);
#216 = CARTESIAN_POINT('',(-44.,6.,0.));
#217 = SEAM_CURVE('',#218,(#222,#229),.PCURVE_S1.);
#218 = LINE('',#219,#220);
#219 = CARTESIAN_POINT('',(-30.,6.,0.));
#220 = VECTOR('',#221,1.);
#221 = DIRECTION('',(-1.,0.,0.));
#222 = PCURVE('',#43,#223);
#223 = DEFINITIONAL_REPRESENTATION('',(#224),#228);
#224 = LINE('',#225,#226);
#225 = CARTESIAN_POINT('',(-0.,0.));
#226 = VECTOR('',#227,1.);
#227 = DIRECTION('',(-0.,1.));
#228 = ( GEOMETRIC_REPRESENTATION_CONTEXT(2) 
PARAMETRIC_REPRESENTATION_CONTEXT() REPRESENTATION_CONTEXT('2D SPACE',''
  ) );
#229 = PCURVE('',#43,#230);
#230 = DEFINITIONAL_REPRESENTATION('',(#231),#235);
#231 = LINE('',#232,#233);
#232 = CARTESIAN_POINT('',(-6.28318530718,0.));
#233 = VECTOR('',#234,1.);
#234 = DIRECTION('',(-0.,1.));
#235 = ( GEOMETRIC_REPRESENTATION_CONTEXT(2) 
PARAMETRIC_REPRESENTATION_CONTEXT() REPRESENTATION_CONTEXT('2D SPACE',''
  ) );
#236 = ORIENTED_EDGE('',*,*,#237,.T.);
#237 = EDGE_CURVE('',#215,#238,#240,.T.);
#238 = VERTEX_POINT('',#239);
#239 = CARTESIAN_POINT('',(-46.4,6.,0.));
#240 = SURFACE_CURVE('',#241,(#268,#298),.PCURVE_S1.);
#241 = B_SPLINE_CURVE_WITH_KNOTS('',7,(#242,#243,#244,#245,#246,#247,
    #248,#249,#250,#251,#252,#253,#254,#255,#256,#257,#258,#259,#260,
    #261,#262,#263,#264,#265,#266,#267),.UNSPECIFIED.,.F.,.F.,(8,6,6,6,8
    ),(0.,0.251323607018,0.500038513342,0.748749811969,1.),
  .UNSPECIFIED.);
#242 = CARTESIAN_POINT('',(-44.,6.,-6.661338147751E-16));
#243 = CARTESIAN_POINT('',(-44.,6.,-0.155616010645));
#244 = CARTESIAN_POINT('',(-44.02354352748,5.99529106638,-0.308273074768
    ));
#245 = CARTESIAN_POINT('',(-44.06901993453,5.986196988159,
    -0.453704406693));
#246 = CARTESIAN_POINT('',(-44.13389738528,5.973777015185,
    -0.588145492285));
#247 = CARTESIAN_POINT('',(-44.21475762532,5.959633841666,
    -0.708523779448));
#248 = CARTESIAN_POINT('',(-44.30730517375,5.945355749597,
    -0.812746730419));
#249 = CARTESIAN_POINT('',(-44.50451749288,5.918973401374,
    -0.986612777606));
#250 = CARTESIAN_POINT('',(-44.61090457155,5.906599769625,-1.05824150238
    ));
#251 = CARTESIAN_POINT('',(-44.72327470079,5.895867624702,
    -1.115175244734));
#252 = CARTESIAN_POINT('',(-44.83981787676,5.887419407543,
    -1.157653355812));
#253 = CARTESIAN_POINT('',(-44.95901220893,5.881656725754,
    -1.185884299658));
#254 = CARTESIAN_POINT('',(-45.0795047869,5.87877538268,-1.2));
#255 = CARTESIAN_POINT('',(-45.32049346526,5.87877538268,-1.2));
#256 = CARTESIAN_POINT('',(-45.44098560312,5.881656638826,
    -1.185884717118));
#257 = CARTESIAN_POINT('',(-45.56018070363,5.887419277201,
    -1.157654017132));
#258 = CARTESIAN_POINT('',(-45.67672533328,5.89586755436,-1.115175621553
    ));
#259 = CARTESIAN_POINT('',(-45.78909683082,5.906599897943,
    -1.058240987672));
#260 = CARTESIAN_POINT('',(-45.89548412594,5.918973617936,
    -0.986611350411));
#261 = CARTESIAN_POINT('',(-46.09266567223,5.945351849479,
    -0.812772433135));
#262 = CARTESIAN_POINT('',(-46.18522725933,5.959630693236,
    -0.708550432103));
#263 = CARTESIAN_POINT('',(-46.26611223891,5.97377811452,-0.588147938305
    ));
#264 = CARTESIAN_POINT('',(-46.33100333347,5.986201622001,
    -0.453669797767));
#265 = CARTESIAN_POINT('',(-46.37647395299,5.995294575516,
    -0.308210043268));
#266 = CARTESIAN_POINT('',(-46.4,6.,-0.155558190332));
#267 = CARTESIAN_POINT('',(-46.4,6.,-2.22044604925E-16));
#268 = PCURVE('',#43,#269);
#269 = DEFINITIONAL_REPRESENTATION('',(#270),#297);
#270 = B_SPLINE_CURVE_WITH_KNOTS('',7,(#271,#272,#273,#274,#275,#276,
    #277,#278,#279,#280,#281,#282,#283,#284,#285,#286,#287,#288,#289,
    #290,#291,#292,#293,#294,#295,#296),.UNSPECIFIED.,.F.,.F.,(8,6,6,6,8
    ),(0.,0.251323607018,0.500038513342,0.748749811969,1.),
  .UNSPECIFIED.);
#271 = CARTESIAN_POINT('',(-6.28318530718,14.));
#272 = CARTESIAN_POINT('',(-6.257249305405,14.));
#273 = CARTESIAN_POINT('',(-6.231806428075,14.023543527484));
#274 = CARTESIAN_POINT('',(-6.207539557981,14.069019934537));
#275 = CARTESIAN_POINT('',(-6.185051583484,14.133897385288));
#276 = CARTESIAN_POINT('',(-6.164856589372,14.214757625327));
#277 = CARTESIAN_POINT('',(-6.147325709613,14.307305173758));
#278 = CARTESIAN_POINT('',(-6.118016329875,14.504517492887));
#279 = CARTESIAN_POINT('',(-6.105903931504,14.610904571555));
#280 = CARTESIAN_POINT('',(-6.096248955611,14.723274700796));
#281 = CARTESIAN_POINT('',(-6.089030696612,14.839817876769));
#282 = CARTESIAN_POINT('',(-6.084228515878,14.959012208935));
#283 = CARTESIAN_POINT('',(-6.081827386389,15.079504786905));
#284 = CARTESIAN_POINT('',(-6.081827386389,15.320493465269));
#285 = CARTESIAN_POINT('',(-6.084228444891,15.440985603123));
#286 = CARTESIAN_POINT('',(-6.089030584062,15.560180703631));
#287 = CARTESIAN_POINT('',(-6.09624889201,15.676725333286));
#288 = CARTESIAN_POINT('',(-6.105904019514,15.789096830827));
#289 = CARTESIAN_POINT('',(-6.118016570464,15.895484125949));
#290 = CARTESIAN_POINT('',(-6.147321376791,16.092665672234));
#291 = CARTESIAN_POINT('',(-6.164852117308,16.185227259335));
#292 = CARTESIAN_POINT('',(-6.185051208668,16.266112238914));
#293 = CARTESIAN_POINT('',(-6.207545356719,16.33100333347));
#294 = CARTESIAN_POINT('',(-6.231816934823,16.376473952995));
#295 = CARTESIAN_POINT('',(-6.257258942124,16.4));
#296 = CARTESIAN_POINT('',(-6.28318530718,16.4));
#297 = ( GEOMETRIC_REPRESENTATION_CONTEXT(2) 
PARAMETRIC_REPRESENTATION_CONTEXT() REPRESENTATION_CONTEXT('2D SPACE',''
  ) );
#298 = PCURVE('',#299,#304);
#299 = CYLINDRICAL_SURFACE('',#300,1.2);
#300 = AXIS2_PLACEMENT_3D('',#301,#302,#303);
#301 = CARTESIAN_POINT('',(-45.2,0.,0.));
#302 = DIRECTION('',(0.,-1.,-0.));
#303 = DIRECTION('',(1.,0.,0.));
#304 = DEFINITIONAL_REPRESENTATION('',(#305),#332);
#305 = B_SPLINE_CURVE_WITH_KNOTS('',7,(#306,#307,#308,#309,#310,#311,
    #312,#313,#314,#315,#316,#317,#318,#319,#320,#321,#322,#323,#324,
    #325,#326,#327,#328,#329,#330,#331),.UNSPECIFIED.,.F.,.F.,(8,6,6,6,8
    ),(0.,0.251323607018,0.500038513342,0.748749811969,1.),
  .UNSPECIFIED.);
#306 = CARTESIAN_POINT('',(0.,-6.));
#307 = CARTESIAN_POINT('',(-0.129680008871,-6.));
#308 = CARTESIAN_POINT('',(-0.256894157376,-5.99529106638));
#309 = CARTESIAN_POINT('',(-0.381649215064,-5.986196988159));
#310 = CARTESIAN_POINT('',(-0.503759623158,-5.973777015185));
#311 = CARTESIAN_POINT('',(-0.622824938691,-5.959633841666));
#312 = CARTESIAN_POINT('',(-0.738112337605,-5.945355749597));
#313 = CARTESIAN_POINT('',(-0.957204690629,-5.918973401374));
#314 = CARTESIAN_POINT('',(-1.063180642774,-5.906599769625));
#315 = CARTESIAN_POINT('',(-1.166911425398,-5.895867624702));
#316 = CARTESIAN_POINT('',(-1.268990654377,-5.887419407543));
#317 = CARTESIAN_POINT('',(-1.369973237005,-5.881656725754));
#318 = CARTESIAN_POINT('',(-1.470383649216,-5.87877538268));
#319 = CARTESIAN_POINT('',(-1.671207547853,-5.87877538268));
#320 = CARTESIAN_POINT('',(-1.771617586081,-5.881656638826));
#321 = CARTESIAN_POINT('',(-1.87260075575,-5.887419277201));
#322 = CARTESIAN_POINT('',(-1.974681131833,-5.89586755436));
#323 = CARTESIAN_POINT('',(-2.078413174889,-5.906599897943));
#324 = CARTESIAN_POINT('',(-2.184389761401,-5.918973617936));
#325 = CARTESIAN_POINT('',(-2.403447927439,-5.945351849479));
#326 = CARTESIAN_POINT('',(-2.518743590407,-5.959630693236));
#327 = CARTESIAN_POINT('',(-2.637835719855,-5.97377811452));
#328 = CARTESIAN_POINT('',(-2.759976206453,-5.986201622001));
#329 = CARTESIAN_POINT('',(-2.884751027562,-5.995294575516));
#330 = CARTESIAN_POINT('',(-3.011960828313,-6.));
#331 = CARTESIAN_POINT('',(-3.14159265359,-6.));
#332 = ( GEOMETRIC_REPRESENTATION_CONTEXT(2) 
PARAMETRIC_REPRESENTATION_CONTEXT() REPRESENTATION_CONTEXT('2D SPACE',''
  ) );
#333 = ORIENTED_EDGE('',*,*,#334,.T.);
#334 = EDGE_CURVE('',#238,#335,#337,.T.);
#335 = VERTEX_POINT('',#336);
#336 = CARTESIAN_POINT('',(-48.,6.,0.));
#337 = SEAM_CURVE('',#338,(#342,#349),.PCURVE_S1.);
#338 = LINE('',#339,#340);
#339 = CARTESIAN_POINT('',(-30.,6.,0.));
#340 = VECTOR('',#341,1.);
#341 = DIRECTION('',(-1.,0.,0.));
#342 = PCURVE('',#43,#343);
#343 = DEFINITIONAL_REPRESENTATION('',(#344),#348);
#344 = LINE('',#345,#346);
#345 = CARTESIAN_POINT('',(-0.,0.));
#346 = VECTOR('',#347,1.);
#347 = DIRECTION('',(-0.,1.));
#348 = ( GEOMETRIC_REPRESENTATION_CONTEXT(2) 
PARAMETRIC_REPRESENTATION_CONTEXT() REPRESENTATION_CONTEXT('2D SPACE',''
  ) );
#349 = PCURVE('',#43,#350);
#350 = DEFINITIONAL_REPRESENTATION('',(#351),#355);
#351 = LINE('',#352,#353);
#352 = CARTESIAN_POINT('',(-6.28318530718,0.));
#353 = VECTOR('',#354,1.);
#354 = DIRECTION('',(-0.,1.));
#355 = ( GEOMETRIC_REPRESENTATION_CONTEXT(2) 
PARAMETRIC_REPRESENTATION_CONTEXT() REPRESENTATION_CONTEXT('2D SPACE',''
  ) );
#356 = ORIENTED_EDGE('',*,*,#357,.F.);
#357 = EDGE_CURVE('',#335,#335,#358,.T.);
#358 = SURFACE_CURVE('',#359,(#364,#371),.PCURVE_S1.);
#359 = CIRCLE('',#360,6.);
#360 = AXIS2_PLACEMENT_3D('',#361,#362,#363);
#361 = CARTESIAN_POINT('',(-48.,0.,0.));
#362 = DIRECTION('',(1.,0.,0.));
#363 = DIRECTION('',(-0.,1.,0.));
#364 = PCURVE('',#43,#365);
#365 = DEFINITIONAL_REPRESENTATION('',(#366),#370);
#366 = LINE('',#367,#368);
#367 = CARTESIAN_POINT('',(-0.,18.));
#368 = VECTOR('',#369,1.);
#369 = DIRECTION('',(-1.,0.));
#370 = ( GEOMETRIC_REPRESENTATION_CONTEXT(2) 
PARAMETRIC_REPRESENTATION_CONTEXT() REPRESENTATION_CONTEXT('2D SPACE',''
  ) );
#371 = PCURVE('',#372,#377);
#372 = PLANE('',#373);
#373 = AXIS2_PLACEMENT_3D('',#374,#375,#376);
#374 = CARTESIAN_POINT('',(-48.,0.,0.));
#375 = DIRECTION('',(1.,0.,0.));
#376 = DIRECTION('',(-0.,1.,0.));
#377 = DEFINITIONAL_REPRESENTATION('',(#378),#382);
#378 = CIRCLE('',#379,6.);
#379 = AXIS2_PLACEMENT_2D('',#380,#381);
#380 = CARTESIAN_POINT('',(0.,0.));
#381 = DIRECTION('',(1.,0.));
#382 = ( GEOMETRIC_REPRESENTATION_CONTEXT(2) 
PARAMETRIC_REPRESENTATION_CONTEXT() REPRESENTATION_CONTEXT('2D SPACE',''
  ) );
#383 = ORIENTED_EDGE('',*,*,#334,.F.);
#384 = ORIENTED_EDGE('',*,*,#385,.T.);
#385 = EDGE_CURVE('',#238,#215,#386,.T.);
#386 = SURFACE_CURVE('',#387,(#414,#444),.PCURVE_S1.);
#387 = B_SPLINE_CURVE_WITH_KNOTS('',7,(#388,#389,#390,#391,#392,#393,
    #394,#395,#396,#397,#398,#399,#400,#401,#402,#403,#404,#405,#406,
    #407,#408,#409,#410,#411,#412,#413),.UNSPECIFIED.,.F.,.F.,(8,6,6,6,8
    ),(0.,0.251323986702,0.500035159817,0.748746329017,1.),
  .UNSPECIFIED.);
#388 = CARTESIAN_POINT('',(-46.4,6.,4.594282438712E-16));
#389 = CARTESIAN_POINT('',(-46.4,6.,0.155616010645));
#390 = CARTESIAN_POINT('',(-46.37645647251,5.99529106638,0.308273074768)
  );
#391 = CARTESIAN_POINT('',(-46.33098006546,5.986196988159,0.453704406693
    ));
#392 = CARTESIAN_POINT('',(-46.26610261471,5.973777015185,0.588145492285
    ));
#393 = CARTESIAN_POINT('',(-46.18524237467,5.959633841666,0.708523779448
    ));
#394 = CARTESIAN_POINT('',(-46.09269482624,5.945355749597,0.812746730419
    ));
#395 = CARTESIAN_POINT('',(-45.89548412765,5.918973618165,0.986611348904
    ));
#396 = CARTESIAN_POINT('',(-45.78909682707,5.906599897341,1.058240991589
    ));
#397 = CARTESIAN_POINT('',(-45.67672533485,5.895867555013,1.11517561725)
  );
#398 = CARTESIAN_POINT('',(-45.56018070717,5.887419276877,1.157654019381
    ));
#399 = CARTESIAN_POINT('',(-45.44098559839,5.881656638884,1.185884716655
    ));
#400 = CARTESIAN_POINT('',(-45.32049346716,5.87877538268,1.2));
#401 = CARTESIAN_POINT('',(-45.07950653473,5.87877538268,1.2));
#402 = CARTESIAN_POINT('',(-44.95901439687,5.881656638826,1.185884717118
    ));
#403 = CARTESIAN_POINT('',(-44.83981929636,5.887419277201,1.157654017132
    ));
#404 = CARTESIAN_POINT('',(-44.72327466671,5.89586755436,1.115175621553)
  );
#405 = CARTESIAN_POINT('',(-44.61090316917,5.906599897943,1.058240987672
    ));
#406 = CARTESIAN_POINT('',(-44.50451587405,5.918973617936,0.98661135041)
  );
#407 = CARTESIAN_POINT('',(-44.30733290254,5.94535204014,0.812771176634)
  );
#408 = CARTESIAN_POINT('',(-44.21476927637,5.959631215901,0.708546728266
    ));
#409 = CARTESIAN_POINT('',(-44.13388513451,5.973778654238,0.588142833399
    ));
#410 = CARTESIAN_POINT('',(-44.06899646433,5.986201694854,0.453666519638
    ));
#411 = CARTESIAN_POINT('',(-44.02352710998,5.99529434811,0.308210847002)
  );
#412 = CARTESIAN_POINT('',(-44.,6.,0.155561751618));
#413 = CARTESIAN_POINT('',(-44.,6.,1.469576158977E-16));
#414 = PCURVE('',#43,#415);
#415 = DEFINITIONAL_REPRESENTATION('',(#416),#443);
#416 = B_SPLINE_CURVE_WITH_KNOTS('',7,(#417,#418,#419,#420,#421,#422,
    #423,#424,#425,#426,#427,#428,#429,#430,#431,#432,#433,#434,#435,
    #436,#437,#438,#439,#440,#441,#442),.UNSPECIFIED.,.F.,.F.,(8,6,6,6,8
    ),(0.,0.251323986702,0.500035159817,0.748746329017,1.),
  .UNSPECIFIED.);
#417 = CARTESIAN_POINT('',(0.,16.4));
#418 = CARTESIAN_POINT('',(-2.593600177412E-02,16.4));
#419 = CARTESIAN_POINT('',(-5.137887910442E-02,16.376456472516));
#420 = CARTESIAN_POINT('',(-7.564574919839E-02,16.330980065463));
#421 = CARTESIAN_POINT('',(-9.813372369592E-02,16.266102614712));
#422 = CARTESIAN_POINT('',(-0.118328717807,16.185242374673));
#423 = CARTESIAN_POINT('',(-0.135859597566,16.092694826242));
#424 = CARTESIAN_POINT('',(-0.165168736461,15.895484127658));
#425 = CARTESIAN_POINT('',(-0.177281288326,15.789096827072));
#426 = CARTESIAN_POINT('',(-0.186936414444,15.676725334852));
#427 = CARTESIAN_POINT('',(-0.194154723496,15.560180707177));
#428 = CARTESIAN_POINT('',(-0.198956862211,15.440985598394));
#429 = CARTESIAN_POINT('',(-0.20135792079,15.320493467166));
#430 = CARTESIAN_POINT('',(-0.20135792079,15.079506534731));
#431 = CARTESIAN_POINT('',(-0.198956862288,14.959014396877));
#432 = CARTESIAN_POINT('',(-0.194154723117,14.839819296369));
#433 = CARTESIAN_POINT('',(-0.186936415169,14.723274666714));
#434 = CARTESIAN_POINT('',(-0.177281287666,14.610903169173));
#435 = CARTESIAN_POINT('',(-0.165168736715,14.504515874051));
#436 = CARTESIAN_POINT('',(-0.135863718574,14.307332902546));
#437 = CARTESIAN_POINT('',(-0.118332565553,14.214769276377));
#438 = CARTESIAN_POINT('',(-9.81332464908E-02,14.133885134519));
#439 = CARTESIAN_POINT('',(-7.563940284514E-02,14.068996464332));
#440 = CARTESIAN_POINT('',(-5.136850813186E-02,14.023527109985));
#441 = CARTESIAN_POINT('',(-2.592695860299E-02,14.));
#442 = CARTESIAN_POINT('',(0.,14.));
#443 = ( GEOMETRIC_REPRESENTATION_CONTEXT(2) 
PARAMETRIC_REPRESENTATION_CONTEXT() REPRESENTATION_CONTEXT('2D SPACE',''
  ) );
#444 = PCURVE('',#299,#445);
#445 = DEFINITIONAL_REPRESENTATION('',(#446),#473);
#446 = B_SPLINE_CURVE_WITH_KNOTS('',7,(#447,#448,#449,#450,#451,#452,
    #453,#454,#455,#456,#457,#458,#459,#460,#461,#462,#463,#464,#465,
    #466,#467,#468,#469,#470,#471,#472),.UNSPECIFIED.,.F.,.F.,(8,6,6,6,8
    ),(0.,0.251323986702,0.500035159817,0.748746329017,1.),
  .UNSPECIFIED.);
#447 = CARTESIAN_POINT('',(-3.14159265359,-6.));
#448 = CARTESIAN_POINT('',(-3.27127266246,-6.));
#449 = CARTESIAN_POINT('',(-3.398486810966,-5.99529106638));
#450 = CARTESIAN_POINT('',(-3.523241868654,-5.986196988159));
#451 = CARTESIAN_POINT('',(-3.645352276748,-5.973777015185));
#452 = CARTESIAN_POINT('',(-3.764417592281,-5.959633841666));
#453 = CARTESIAN_POINT('',(-3.879704991195,-5.945355749597));
#454 = CARTESIAN_POINT('',(-4.09879554388,-5.918973618165));
#455 = CARTESIAN_POINT('',(-4.204772136624,-5.906599897341));
#456 = CARTESIAN_POINT('',(-4.308504172691,-5.895867555013));
#457 = CARTESIAN_POINT('',(-4.410584549252,-5.887419276877));
#458 = CARTESIAN_POINT('',(-4.511567724842,-5.881656638884));
#459 = CARTESIAN_POINT('',(-4.611977757747,-5.87877538268));
#460 = CARTESIAN_POINT('',(-4.812800201442,-5.87877538268));
#461 = CARTESIAN_POINT('',(-4.913210239671,-5.881656638826));
#462 = CARTESIAN_POINT('',(-5.014193409339,-5.887419277201));
#463 = CARTESIAN_POINT('',(-5.116273785422,-5.89586755436));
#464 = CARTESIAN_POINT('',(-5.220005828478,-5.906599897943));
#465 = CARTESIAN_POINT('',(-5.325982414991,-5.918973617936));
#466 = CARTESIAN_POINT('',(-5.545042164372,-5.94535204014));
#467 = CARTESIAN_POINT('',(-5.660340446412,-5.959631215901));
#468 = CARTESIAN_POINT('',(-5.779432938996,-5.973778654238));
#469 = CARTESIAN_POINT('',(-5.901571351124,-5.986201694854));
#470 = CARTESIAN_POINT('',(-6.026343013973,-5.99529434811));
#471 = CARTESIAN_POINT('',(-6.153550514165,-6.));
#472 = CARTESIAN_POINT('',(-6.28318530718,-6.));
#473 = ( GEOMETRIC_REPRESENTATION_CONTEXT(2) 
PARAMETRIC_REPRESENTATION_CONTEXT() REPRESENTATION_CONTEXT('2D SPACE',''
  ) );
#474 = ORIENTED_EDGE('',*,*,#214,.F.);
#475 = ORIENTED_EDGE('',*,*,#476,.T.);
#476 = EDGE_CURVE('',#118,#95,#477,.T.);
#477 = SURFACE_CURVE('',#478,(#505,#535),.PCURVE_S1.);
#478 = B_SPLINE_CURVE_WITH_KNOTS('',7,(#479,#480,#481,#482,#483,#484,
    #485,#486,#487,#488,#489,#490,#491,#492,#493,#494,#495,#496,#497,
    #498,#499,#500,#501,#502,#503,#504),.UNSPECIFIED.,.F.,.F.,(8,6,6,6,8
    ),(0.,0.251323986702,0.500035159817,0.748746329017,1.),
  .UNSPECIFIED.);
#479 = CARTESIAN_POINT('',(-42.,6.,4.594282438712E-16));
#480 = CARTESIAN_POINT('',(-42.,6.,0.155616010645));
#481 = CARTESIAN_POINT('',(-41.97645647251,5.99529106638,0.308273074768)
  );
#482 = CARTESIAN_POINT('',(-41.93098006546,5.986196988159,0.453704406693
    ));
#483 = CARTESIAN_POINT('',(-41.86610261471,5.973777015185,0.588145492286
    ));
#484 = CARTESIAN_POINT('',(-41.78524237467,5.959633841666,0.708523779448
    ));
#485 = CARTESIAN_POINT('',(-41.69269482624,5.945355749597,0.812746730419
    ));
#486 = CARTESIAN_POINT('',(-41.49548412765,5.918973618165,0.986611348904
    ));
#487 = CARTESIAN_POINT('',(-41.38909682707,5.906599897341,1.058240991589
    ));
#488 = CARTESIAN_POINT('',(-41.27672533485,5.895867555013,1.11517561725)
  );
#489 = CARTESIAN_POINT('',(-41.16018070717,5.887419276877,1.157654019381
    ));
#490 = CARTESIAN_POINT('',(-41.04098559839,5.881656638884,1.185884716655
    ));
#491 = CARTESIAN_POINT('',(-40.92049346716,5.87877538268,1.2));
#492 = CARTESIAN_POINT('',(-40.67950653473,5.87877538268,1.2));
#493 = CARTESIAN_POINT('',(-40.55901439687,5.881656638826,1.185884717118
    ));
#494 = CARTESIAN_POINT('',(-40.43981929636,5.887419277201,1.157654017132
    ));
#495 = CARTESIAN_POINT('',(-40.32327466671,5.89586755436,1.115175621553)
  );
#496 = CARTESIAN_POINT('',(-40.21090316917,5.906599897943,1.058240987672
    ));
#497 = CARTESIAN_POINT('',(-40.10451587405,5.918973617936,0.98661135041)
  );
#498 = CARTESIAN_POINT('',(-39.90733290254,5.94535204014,0.812771176634)
  );
#499 = CARTESIAN_POINT('',(-39.81476927637,5.959631215901,0.708546728266
    ));
#500 = CARTESIAN_POINT('',(-39.73388513451,5.973778654238,0.588142833399
    ));
#501 = CARTESIAN_POINT('',(-39.66899646433,5.986201694854,0.453666519638
    ));
#502 = CARTESIAN_POINT('',(-39.62352710998,5.99529434811,0.308210847002)
  );
#503 = CARTESIAN_POINT('',(-39.6,6.,0.155561751618));
#504 = CARTESIAN_POINT('',(-39.6,6.,1.469576158977E-16));
#505 = PCURVE('',#43,#506);
#506 = DEFINITIONAL_REPRESENTATION('',(#507),#534);
#507 = B_SPLINE_CURVE_WITH_KNOTS('',7,(#508,#509,#510,#511,#512,#513,
    #514,#515,#516,#517,#518,#519,#520,#521,#522,#523,#524,#525,#526,
    #527,#528,#529,#530,#531,#532,#533),.UNSPECIFIED.,.F.,.F.,(8,6,6,6,8
    ),(0.,0.251323986702,0.500035159817,0.748746329017,1.),
  .UNSPECIFIED.);
#508 = CARTESIAN_POINT('',(0.,12.));
#509 = CARTESIAN_POINT('',(-2.593600177411E-02,12.));
#510 = CARTESIAN_POINT('',(-5.137887910445E-02,11.976456472516));
#511 = CARTESIAN_POINT('',(-7.564574919833E-02,11.930980065463));
#512 = CARTESIAN_POINT('',(-9.813372369598E-02,11.866102614712));
#513 = CARTESIAN_POINT('',(-0.118328717807,11.785242374673));
#514 = CARTESIAN_POINT('',(-0.135859597566,11.692694826242));
#515 = CARTESIAN_POINT('',(-0.165168736461,11.495484127658));
#516 = CARTESIAN_POINT('',(-0.177281288326,11.389096827072));
#517 = CARTESIAN_POINT('',(-0.186936414444,11.276725334852));
#518 = CARTESIAN_POINT('',(-0.194154723496,11.160180707177));
#519 = CARTESIAN_POINT('',(-0.198956862211,11.040985598394));
#520 = CARTESIAN_POINT('',(-0.20135792079,10.920493467166));
#521 = CARTESIAN_POINT('',(-0.20135792079,10.679506534731));
#522 = CARTESIAN_POINT('',(-0.198956862288,10.559014396877));
#523 = CARTESIAN_POINT('',(-0.194154723117,10.439819296369));
#524 = CARTESIAN_POINT('',(-0.186936415169,10.323274666714));
#525 = CARTESIAN_POINT('',(-0.177281287666,10.210903169173));
#526 = CARTESIAN_POINT('',(-0.165168736715,10.104515874051));
#527 = CARTESIAN_POINT('',(-0.135863718574,9.907332902546));
#528 = CARTESIAN_POINT('',(-0.118332565553,9.814769276377));
#529 = CARTESIAN_POINT('',(-9.81332464908E-02,9.733885134519));
#530 = CARTESIAN_POINT('',(-7.563940284514E-02,9.668996464332));
#531 = CARTESIAN_POINT('',(-5.136850813186E-02,9.623527109985));
#532 = CARTESIAN_POINT('',(-2.592695860299E-02,9.6));
#533 = CARTESIAN_POINT('',(0.,9.6));
#534 = ( GEOMETRIC_REPRESENTATION_CONTEXT(2) 
PARAMETRIC_REPRESENTATION_CONTEXT() REPRESENTATION_CONTEXT('2D SPACE',''
  ) );
#535 = PCURVE('',#179,#536);
#536 = DEFINITIONAL_REPRESENTATION('',(#537),#564);
#537 = B_SPLINE_CURVE_WITH_KNOTS('',7,(#538,#539,#540,#541,#542,#543,
    #544,#545,#546,#547,#548,#549,#550,#551,#552,#553,#554,#555,#556,
    #557,#558,#559,#560,#561,#562,#563),.UNSPECIFIED.,.F.,.F.,(8,6,6,6,8
    ),(0.,0.251323986702,0.500035159817,0.748746329017,1.),
  .UNSPECIFIED.);
#538 = CARTESIAN_POINT('',(-3.14159265359,-6.));
#539 = CARTESIAN_POINT('',(-3.27127266246,-6.));
#540 = CARTESIAN_POINT('',(-3.398486810966,-5.99529106638));
#541 = CARTESIAN_POINT('',(-3.523241868654,-5.986196988159));
#542 = CARTESIAN_POINT('',(-3.645352276749,-5.973777015185));
#543 = CARTESIAN_POINT('',(-3.76441759228,-5.959633841666));
#544 = CARTESIAN_POINT('',(-3.879704991195,-5.945355749597));
#545 = CARTESIAN_POINT('',(-4.09879554388,-5.918973618165));
#546 = CARTESIAN_POINT('',(-4.204772136624,-5.906599897341));
#547 = CARTESIAN_POINT('',(-4.308504172691,-5.895867555013));
#548 = CARTESIAN_POINT('',(-4.410584549252,-5.887419276877));
#549 = CARTESIAN_POINT('',(-4.511567724842,-5.881656638884));
#550 = CARTESIAN_POINT('',(-4.611977757747,-5.87877538268));
#551 = CARTESIAN_POINT('',(-4.812800201442,-5.87877538268));
#552 = CARTESIAN_POINT('',(-4.913210239671,-5.881656638826));
#553 = CARTESIAN_POINT('',(-5.014193409339,-5.887419277201));
#554 = CARTESIAN_POINT('',(-5.116273785422,-5.89586755436));
#555 = CARTESIAN_POINT('',(-5.220005828478,-5.906599897943));
#556 = CARTESIAN_POINT('',(-5.325982414991,-5.918973617936));
#557 = CARTESIAN_POINT('',(-5.545042164372,-5.94535204014));
#558 = CARTESIAN_POINT('',(-5.660340446412,-5.959631215901));
#559 = CARTESIAN_POINT('',(-5.779432938996,-5.973778654238));
#560 = CARTESIAN_POINT('',(-5.901571351124,-5.986201694854));
#561 = CARTESIAN_POINT('',(-6.026343013973,-5.99529434811));
#562 = CARTESIAN_POINT('',(-6.153550514165,-6.));
#563 = CARTESIAN_POINT('',(-6.28318530718,-6.));
#564 = ( GEOMETRIC_REPRESENTATION_CONTEXT(2) 
PARAMETRIC_REPRESENTATION_CONTEXT() REPRESENTATION_CONTEXT('2D SPACE',''
  ) );
#565 = ORIENTED_EDGE('',*,*,#94,.F.);
#566 = FACE_BOUND('',#567,.F.);
#567 = EDGE_LOOP('',(#568));
#568 = ORIENTED_EDGE('',*,*,#569,.T.);
#569 = EDGE_CURVE('',#570,#570,#572,.T.);
#570 = VERTEX_POINT('',#571);
#571 = CARTESIAN_POINT('',(-37.4,3.673940397442E-16,6.));
#572 = SURFACE_CURVE('',#573,(#625,#680),.PCURVE_S1.);
#573 = B_SPLINE_CURVE_WITH_KNOTS('',8,(#574,#575,#576,#577,#578,#579,
    #580,#581,#582,#583,#584,#585,#586,#587,#588,#589,#590,#591,#592,
    #593,#594,#595,#596,#597,#598,#599,#600,#601,#602,#603,#604,#605,
    #606,#607,#608,#609,#610,#611,#612,#613,#614,#615,#616,#617,#618,
    #619,#620,#621,#622,#623,#624),.UNSPECIFIED.,.T.,.F.,(9,7,7,7,7,7,7,
    9),(0.,0.125942377801,0.250577492937,0.400411221622,0.536143139198,
    0.750200174727,0.874464925028,1.),.UNSPECIFIED.);
#574 = CARTESIAN_POINT('',(-37.4,2.22044604925E-16,6.));
#575 = CARTESIAN_POINT('',(-37.4,0.136164009314,6.));
#576 = CARTESIAN_POINT('',(-37.41765764561,0.270108808737,5.996468299785
    ));
#577 = CARTESIAN_POINT('',(-37.45196628189,0.399167657221,5.989607267492
    ));
#578 = CARTESIAN_POINT('',(-37.50145865991,0.520924949489,5.979987001672
    ));
#579 = CARTESIAN_POINT('',(-37.5642199753,0.633287349972,5.968473325115)
  );
#580 = CARTESIAN_POINT('',(-37.63789451243,0.734579517191,5.956064318649
    ));
#581 = CARTESIAN_POINT('',(-37.71969524723,0.823670049561,5.943698250539
    ));
#582 = CARTESIAN_POINT('',(-37.89225602647,0.97580284085,5.920613695844)
  );
#583 = CARTESIAN_POINT('',(-37.98430780188,1.040334321186,5.909693177562
    ));
#584 = CARTESIAN_POINT('',(-38.08113590233,1.093825091352,5.899892179048
    ));
#585 = CARTESIAN_POINT('',(-38.18154628878,1.136414300273,5.891643516122
    ));
#586 = CARTESIAN_POINT('',(-38.28451575133,1.168239959754,5.885258401872
    ));
#587 = CARTESIAN_POINT('',(-38.38913535342,1.189413224744,5.880936389986
    ));
#588 = CARTESIAN_POINT('',(-38.49456668854,1.2,5.87877538268));
#589 = CARTESIAN_POINT('',(-38.7267497219,1.2,5.87877538268));
#590 = CARTESIAN_POINT('',(-38.8535215648,1.184699777629,5.881898448956)
  );
#591 = CARTESIAN_POINT('',(-38.97891828711,1.154088518546,5.888147254063
    ));
#592 = CARTESIAN_POINT('',(-39.10145975706,1.108012723438,5.897319681504
    ));
#593 = CARTESIAN_POINT('',(-39.21948167265,1.046246347152,5.908997879534
    ));
#594 = CARTESIAN_POINT('',(-39.33103608277,0.968546870884,5.922513667336
    ));
#595 = CARTESIAN_POINT('',(-39.43375218697,0.874744138454,5.93692561863)
  );
#596 = CARTESIAN_POINT('',(-39.60692783096,0.665410744725,5.963831985875
    ));
#597 = CARTESIAN_POINT('',(-39.68146100249,0.55040208514,5.976681039805)
  );
#598 = CARTESIAN_POINT('',(-39.7428270931,0.421667336187,5.988328121617)
  );
#599 = CARTESIAN_POINT('',(-39.78706339702,0.282291802721,5.997306965805
    ));
#600 = CARTESIAN_POINT('',(-39.81160141238,0.136212812389,6.002411563512
    ));
#601 = CARTESIAN_POINT('',(-39.81525409755,-1.218020962734E-02,
    6.003081036038));
#602 = CARTESIAN_POINT('',(-39.79824466533,-0.158431831265,
    5.999545553579));
#603 = CARTESIAN_POINT('',(-39.70561266421,-0.519209655767,
    5.981578957044));
#604 = CARTESIAN_POINT('',(-39.60448947965,-0.71408533155,5.962554201888
    ));
#605 = CARTESIAN_POINT('',(-39.47133086432,-0.877610735959,
    5.939535836354));
#606 = CARTESIAN_POINT('',(-39.31540341153,-1.0080433337,5.916987728564)
  );
#607 = CARTESIAN_POINT('',(-39.14439795101,-1.104885800058,
    5.898187035501));
#608 = CARTESIAN_POINT('',(-38.96467107032,-1.168586745696,
    5.885188314977));
#609 = CARTESIAN_POINT('',(-38.78161558284,-1.2,5.87877538268));
#610 = CARTESIAN_POINT('',(-38.49456821637,-1.2,5.87877538268));
#611 = CARTESIAN_POINT('',(-38.38913743431,-1.189413537519,
    5.880936324827));
#612 = CARTESIAN_POINT('',(-38.28451745848,-1.168240530814,
    5.885258287641));
#613 = CARTESIAN_POINT('',(-38.18154697901,-1.136414818273,
    5.891643415951));
#614 = CARTESIAN_POINT('',(-38.0811353557,-1.093825132686,5.899892183372
    ));
#615 = CARTESIAN_POINT('',(-37.98430634782,-1.040333580998,
    5.909693327537));
#616 = CARTESIAN_POINT('',(-37.89225460838,-0.975801590636,
    5.920613885551));
#617 = CARTESIAN_POINT('',(-37.71971950992,-0.823691439999,
    5.943695004765));
#618 = CARTESIAN_POINT('',(-37.63791018291,-0.734602840358,
    5.956061421961));
#619 = CARTESIAN_POINT('',(-37.56421668771,-0.633294293974,
    5.968473364862));
#620 = CARTESIAN_POINT('',(-37.50144079942,-0.520904676518,
    5.979990174546));
#621 = CARTESIAN_POINT('',(-37.45194545645,-0.399120642399,
    5.989611439825));
#622 = CARTESIAN_POINT('',(-37.41764533248,-0.270048573156,
    5.996470761083));
#623 = CARTESIAN_POINT('',(-37.4,-0.136116532666,6.));
#624 = CARTESIAN_POINT('',(-37.4,2.22044604925E-16,6.));
#625 = PCURVE('',#43,#626);
#626 = DEFINITIONAL_REPRESENTATION('',(#627),#679);
#627 = B_SPLINE_CURVE_WITH_KNOTS('',8,(#628,#629,#630,#631,#632,#633,
    #634,#635,#636,#637,#638,#639,#640,#641,#642,#643,#644,#645,#646,
    #647,#648,#649,#650,#651,#652,#653,#654,#655,#656,#657,#658,#659,
    #660,#661,#662,#663,#664,#665,#666,#667,#668,#669,#670,#671,#672,
    #673,#674,#675,#676,#677,#678),.UNSPECIFIED.,.T.,.F.,(9,7,7,7,7,7,7,
    9),(0.,0.125942377801,0.250577492937,0.400411221622,0.536143139198,
    0.750200174727,0.874464925028,1.),.UNSPECIFIED.);
#628 = CARTESIAN_POINT('',(-1.570796326795,7.4));
#629 = CARTESIAN_POINT('',(-1.548102325243,7.4));
#630 = CARTESIAN_POINT('',(-1.525778167023,7.417657645613));
#631 = CARTESIAN_POINT('',(-1.504250653882,7.451966281892));
#632 = CARTESIAN_POINT('',(-1.483906590348,7.501458659912));
#633 = CARTESIAN_POINT('',(-1.465089480307,7.564219975303));
#634 = CARTESIAN_POINT('',(-1.448084889048,7.637894512435));
#635 = CARTESIAN_POINT('',(-1.433095336306,7.719695247239));
#636 = CARTESIAN_POINT('',(-1.407449629035,7.892256026478));
#637 = CARTESIAN_POINT('',(-1.396543050712,7.984307801888));
#638 = CARTESIAN_POINT('',(-1.387480591186,8.081135902331));
#639 = CARTESIAN_POINT('',(-1.380250845727,8.181546288782));
#640 = CARTESIAN_POINT('',(-1.374840898452,8.284515751331));
#641 = CARTESIAN_POINT('',(-1.371239253121,8.389135353428));
#642 = CARTESIAN_POINT('',(-1.369438406005,8.494566688542));
#643 = CARTESIAN_POINT('',(-1.369438406005,8.726749721908));
#644 = CARTESIAN_POINT('',(-1.372041029902,8.853521564806));
#645 = CARTESIAN_POINT('',(-1.377248098707,8.978918287118));
#646 = CARTESIAN_POINT('',(-1.385078024517,9.101459757068));
#647 = CARTESIAN_POINT('',(-1.395553697124,9.219481672654));
#648 = CARTESIAN_POINT('',(-1.408694734165,9.331036082773));
#649 = CARTESIAN_POINT('',(-1.424507169798,9.433752186975));
#650 = CARTESIAN_POINT('',(-1.459683085773,9.606927830962));
#651 = CARTESIAN_POINT('',(-1.478967726826,9.681461002499));
#652 = CARTESIAN_POINT('',(-1.500503378743,9.7428270931));
#653 = CARTESIAN_POINT('',(-1.523763755835,9.787063397023));
#654 = CARTESIAN_POINT('',(-1.548103628228,9.811601412389));
#655 = CARTESIAN_POINT('',(-1.572818760988,9.815254097554));
#656 = CARTESIAN_POINT('',(-1.597193247772,9.798244665339));
#657 = CARTESIAN_POINT('',(-1.657397399816,9.705612664218));
#658 = CARTESIAN_POINT('',(-1.689994149471,9.604489479655));
#659 = CARTESIAN_POINT('',(-1.717481921203,9.471330864322));
#660 = CARTESIAN_POINT('',(-1.739534665983,9.315403411538));
#661 = CARTESIAN_POINT('',(-1.755974885583,9.144397951018));
#662 = CARTESIAN_POINT('',(-1.76681076741,8.964671070325));
#663 = CARTESIAN_POINT('',(-1.772154247585,8.781615582844));
#664 = CARTESIAN_POINT('',(-1.772154247585,8.494568216377));
#665 = CARTESIAN_POINT('',(-1.770353453655,8.389137434313));
#666 = CARTESIAN_POINT('',(-1.766751852301,8.28451745848));
#667 = CARTESIAN_POINT('',(-1.761341895758,8.181546979011));
#668 = CARTESIAN_POINT('',(-1.754112068955,8.081135355701));
#669 = CARTESIAN_POINT('',(-1.745049477169,7.984306347827));
#670 = CARTESIAN_POINT('',(-1.7341428138,7.892254608389));
#671 = CARTESIAN_POINT('',(-1.708500923166,7.719719509929));
#672 = CARTESIAN_POINT('',(-1.693511680603,7.637910182919));
#673 = CARTESIAN_POINT('',(-1.676504317934,7.564216687716));
#674 = CARTESIAN_POINT('',(-1.657682651463,7.501440799426));
#675 = CARTESIAN_POINT('',(-1.637334144123,7.451945456452));
#676 = CARTESIAN_POINT('',(-1.615804447545,7.417645332489));
#677 = CARTESIAN_POINT('',(-1.593482415573,7.4));
#678 = CARTESIAN_POINT('',(-1.570796326795,7.4));
#679 = ( GEOMETRIC_REPRESENTATION_CONTEXT(2) 
PARAMETRIC_REPRESENTATION_CONTEXT() REPRESENTATION_CONTEXT('2D SPACE',''
  ) );
#680 = PCURVE('',#681,#686);
#681 = CYLINDRICAL_SURFACE('',#682,1.2);
#682 = AXIS2_PLACEMENT_3D('',#683,#684,#685);
#683 = CARTESIAN_POINT('',(-38.6,0.,0.));
#684 = DIRECTION('',(-0.,-6.123233995737E-17,-1.));
#685 = DIRECTION('',(1.,0.,-0.));
#686 = DEFINITIONAL_REPRESENTATION('',(#687),#739);
#687 = B_SPLINE_CURVE_WITH_KNOTS('',8,(#688,#689,#690,#691,#692,#693,
    #694,#695,#696,#697,#698,#699,#700,#701,#702,#703,#704,#705,#706,
    #707,#708,#709,#710,#711,#712,#713,#714,#715,#716,#717,#718,#719,
    #720,#721,#722,#723,#724,#725,#726,#727,#728,#729,#730,#731,#732,
    #733,#734,#735,#736,#737,#738),.UNSPECIFIED.,.F.,.F.,(9,7,7,7,7,7,7,
    9),(0.,0.125942377801,0.250577492937,0.400411221622,0.536143139198,
    0.750200174727,0.874464925028,1.),.UNSPECIFIED.);
#688 = CARTESIAN_POINT('',(0.,-6.));
#689 = CARTESIAN_POINT('',(-0.113470007762,-6.));
#690 = CARTESIAN_POINT('',(-0.22509062025,-5.996468299785));
#691 = CARTESIAN_POINT('',(-0.334866068431,-5.989607267492));
#692 = CARTESIAN_POINT('',(-0.442704419111,-5.979987001672));
#693 = CARTESIAN_POINT('',(-0.548409116483,-5.968473325115));
#694 = CARTESIAN_POINT('',(-0.651646788419,-5.956064318649));
#695 = CARTESIAN_POINT('',(-0.751877047463,-5.943698250539));
#696 = CARTESIAN_POINT('',(-0.943582856359,-5.920613695844));
#697 = CARTESIAN_POINT('',(-1.036686654738,-5.909693177562));
#698 = CARTESIAN_POINT('',(-1.128012381914,-5.899892179048));
#699 = CARTESIAN_POINT('',(-1.217951039887,-5.891643516122));
#700 = CARTESIAN_POINT('',(-1.306859122862,-5.885258401872));
#701 = CARTESIAN_POINT('',(-1.395075840058,-5.880936389986));
#702 = CARTESIAN_POINT('',(-1.482935233913,-5.87877538268));
#703 = CARTESIAN_POINT('',(-1.676421095051,-5.87877538268));
#704 = CARTESIAN_POINT('',(-1.782064015475,-5.881898448956));
#705 = CARTESIAN_POINT('',(-1.888357940897,-5.888147254063));
#706 = CARTESIAN_POINT('',(-1.995864496697,-5.897319681504));
#707 = CARTESIAN_POINT('',(-2.105160692423,-5.908997879534));
#708 = CARTESIAN_POINT('',(-2.216860093016,-5.922513667336));
#709 = CARTESIAN_POINT('',(-2.331652022103,-5.93692561863));
#710 = CARTESIAN_POINT('',(-2.558052407054,-5.963831985875));
#711 = CARTESIAN_POINT('',(-2.671490526377,-5.976681039805));
#712 = CARTESIAN_POINT('',(-2.788642926705,-5.988328121617));
#713 = CARTESIAN_POINT('',(-2.908200638448,-5.997306965805));
#714 = CARTESIAN_POINT('',(-3.029217102145,-6.002411563512));
#715 = CARTESIAN_POINT('',(-3.150900718656,-6.003081036038));
#716 = CARTESIAN_POINT('',(-3.272472626986,-5.999545553579));
#717 = CARTESIAN_POINT('',(-3.582872600009,-5.981578957044));
#718 = CARTESIAN_POINT('',(-3.761126170562,-5.962554201888));
#719 = CARTESIAN_POINT('',(-3.931141114355,-5.939535836354));
#720 = CARTESIAN_POINT('',(-4.094719745059,-5.916987728564));
#721 = CARTESIAN_POINT('',(-4.253448984612,-5.898187035501));
#722 = CARTESIAN_POINT('',(-4.408494756198,-5.885188314977));
#723 = CARTESIAN_POINT('',(-4.561042661348,-5.87877538268));
#724 = CARTESIAN_POINT('',(-4.800248800071,-5.87877538268));
#725 = CARTESIAN_POINT('',(-4.888107727785,-5.880936324827));
#726 = CARTESIAN_POINT('',(-4.97632472078,-5.885258287641));
#727 = CARTESIAN_POINT('',(-5.065233599791,-5.891643415951));
#728 = CARTESIAN_POINT('',(-5.155173301491,-5.899892183372));
#729 = CARTESIAN_POINT('',(-5.246499972259,-5.909693327537));
#730 = CARTESIAN_POINT('',(-5.339604026242,-5.920613885551));
#731 = CARTESIAN_POINT('',(-5.531281305164,-5.943695004765));
#732 = CARTESIAN_POINT('',(-5.631515875902,-5.956061421961));
#733 = CARTESIAN_POINT('',(-5.734773254277,-5.968473364862));
#734 = CARTESIAN_POINT('',(-5.84050214506,-5.979990174546));
#735 = CARTESIAN_POINT('',(-5.948360724693,-5.989611439825));
#736 = CARTESIAN_POINT('',(-6.058144889021,-5.996470761083));
#737 = CARTESIAN_POINT('',(-6.169754863292,-6.));
#738 = CARTESIAN_POINT('',(-6.28318530718,-6.));
#739 = ( GEOMETRIC_REPRESENTATION_CONTEXT(2) 
PARAMETRIC_REPRESENTATION_CONTEXT() REPRESENTATION_CONTEXT('2D SPACE',''
  ) );
#740 = FACE_BOUND('',#741,.F.);
#741 = EDGE_LOOP('',(#742));
#742 = ORIENTED_EDGE('',*,*,#743,.T.);
#743 = EDGE_CURVE('',#744,#744,#746,.T.);
#744 = VERTEX_POINT('',#745);
#745 = CARTESIAN_POINT('',(-37.4,-1.102182119233E-15,-6.));
#746 = SURFACE_CURVE('',#747,(#799,#854),.PCURVE_S1.);
#747 = B_SPLINE_CURVE_WITH_KNOTS('',8,(#748,#749,#750,#751,#752,#753,
    #754,#755,#756,#757,#758,#759,#760,#761,#762,#763,#764,#765,#766,
    #767,#768,#769,#770,#771,#772,#773,#774,#775,#776,#777,#778,#779,
    #780,#781,#782,#783,#784,#785,#786,#787,#788,#789,#790,#791,#792,
    #793,#794,#795,#796,#797,#798),.UNSPECIFIED.,.T.,.F.,(9,7,7,7,7,7,7,
    9),(0.,0.125942377778,0.250577492891,0.400411221549,0.5361431391,
    0.750200174589,0.874464925041,1.),.UNSPECIFIED.);
#748 = CARTESIAN_POINT('',(-37.4,-8.881784197001E-16,-6.));
#749 = CARTESIAN_POINT('',(-37.4,-0.136164009314,-6.));
#750 = CARTESIAN_POINT('',(-37.41765764561,-0.270108808737,
    -5.996468299785));
#751 = CARTESIAN_POINT('',(-37.45196628189,-0.399167657221,
    -5.989607267492));
#752 = CARTESIAN_POINT('',(-37.50145865991,-0.520924949489,
    -5.979987001672));
#753 = CARTESIAN_POINT('',(-37.5642199753,-0.633287349971,
    -5.968473325115));
#754 = CARTESIAN_POINT('',(-37.63789451243,-0.734579517191,
    -5.956064318649));
#755 = CARTESIAN_POINT('',(-37.71969524723,-0.823670049561,
    -5.943698250539));
#756 = CARTESIAN_POINT('',(-37.89225602647,-0.97580284085,
    -5.920613695844));
#757 = CARTESIAN_POINT('',(-37.98430780188,-1.040334321187,
    -5.909693177562));
#758 = CARTESIAN_POINT('',(-38.08113590233,-1.093825091352,
    -5.899892179048));
#759 = CARTESIAN_POINT('',(-38.18154628878,-1.136414300273,
    -5.891643516122));
#760 = CARTESIAN_POINT('',(-38.28451575133,-1.168239959755,
    -5.885258401872));
#761 = CARTESIAN_POINT('',(-38.38913535342,-1.189413224744,
    -5.880936389986));
#762 = CARTESIAN_POINT('',(-38.49456668854,-1.2,-5.87877538268));
#763 = CARTESIAN_POINT('',(-38.7267497219,-1.2,-5.87877538268));
#764 = CARTESIAN_POINT('',(-38.8535215648,-1.184699777629,
    -5.881898448956));
#765 = CARTESIAN_POINT('',(-38.97891828711,-1.154088518546,
    -5.888147254063));
#766 = CARTESIAN_POINT('',(-39.10145975706,-1.108012723438,
    -5.897319681504));
#767 = CARTESIAN_POINT('',(-39.21948167265,-1.046246347151,
    -5.908997879534));
#768 = CARTESIAN_POINT('',(-39.33103608277,-0.968546870884,
    -5.922513667336));
#769 = CARTESIAN_POINT('',(-39.43375218697,-0.874744138454,
    -5.93692561863));
#770 = CARTESIAN_POINT('',(-39.60692783096,-0.665410744725,
    -5.963831985875));
#771 = CARTESIAN_POINT('',(-39.68146100249,-0.55040208514,
    -5.976681039805));
#772 = CARTESIAN_POINT('',(-39.7428270931,-0.421667336187,
    -5.988328121617));
#773 = CARTESIAN_POINT('',(-39.78706339702,-0.282291802721,
    -5.997306965805));
#774 = CARTESIAN_POINT('',(-39.81160141238,-0.136212812389,
    -6.002411563512));
#775 = CARTESIAN_POINT('',(-39.81525409755,1.218020962737E-02,
    -6.003081036038));
#776 = CARTESIAN_POINT('',(-39.79824466533,0.158431831265,
    -5.999545553579));
#777 = CARTESIAN_POINT('',(-39.70561266421,0.519209655767,
    -5.981578957044));
#778 = CARTESIAN_POINT('',(-39.60448947965,0.714085331551,
    -5.962554201887));
#779 = CARTESIAN_POINT('',(-39.47133086432,0.877610735958,
    -5.939535836354));
#780 = CARTESIAN_POINT('',(-39.31540341153,1.008043333701,
    -5.916987728564));
#781 = CARTESIAN_POINT('',(-39.14439795101,1.104885800057,
    -5.898187035501));
#782 = CARTESIAN_POINT('',(-38.96467107032,1.168586745697,
    -5.885188314977));
#783 = CARTESIAN_POINT('',(-38.78161558284,1.2,-5.87877538268));
#784 = CARTESIAN_POINT('',(-38.49456821623,1.2,-5.87877538268));
#785 = CARTESIAN_POINT('',(-38.38913743441,1.189413537491,
    -5.880936324833));
#786 = CARTESIAN_POINT('',(-38.28451745861,1.168240530859,-5.88525828763
    ));
#787 = CARTESIAN_POINT('',(-38.18154697898,1.136414818315,
    -5.891643415945));
#788 = CARTESIAN_POINT('',(-38.08113535556,1.093825132627,
    -5.899892183386));
#789 = CARTESIAN_POINT('',(-37.98430634778,1.040333580918,
    -5.909693327547));
#790 = CARTESIAN_POINT('',(-37.8922546085,0.975801590735,-5.920613885536
    ));
#791 = CARTESIAN_POINT('',(-37.71971950992,0.823691439999,
    -5.943695004765));
#792 = CARTESIAN_POINT('',(-37.63791018291,0.734602840358,
    -5.956061421961));
#793 = CARTESIAN_POINT('',(-37.56421668771,0.633294293974,
    -5.968473364862));
#794 = CARTESIAN_POINT('',(-37.50144079942,0.520904676518,
    -5.979990174546));
#795 = CARTESIAN_POINT('',(-37.45194545645,0.399120642399,
    -5.989611439825));
#796 = CARTESIAN_POINT('',(-37.41764533248,0.270048573156,
    -5.996470761083));
#797 = CARTESIAN_POINT('',(-37.4,0.136116532666,-6.));
#798 = CARTESIAN_POINT('',(-37.4,-8.881784197001E-16,-6.));
#799 = PCURVE('',#43,#800);
#800 = DEFINITIONAL_REPRESENTATION('',(#801),#853);
#801 = B_SPLINE_CURVE_WITH_KNOTS('',8,(#802,#803,#804,#805,#806,#807,
    #808,#809,#810,#811,#812,#813,#814,#815,#816,#817,#818,#819,#820,
    #821,#822,#823,#824,#825,#826,#827,#828,#829,#830,#831,#832,#833,
    #834,#835,#836,#837,#838,#839,#840,#841,#842,#843,#844,#845,#846,
    #847,#848,#849,#850,#851,#852),.UNSPECIFIED.,.T.,.F.,(9,7,7,7,7,7,7,
    9),(0.,0.125942377778,0.250577492891,0.400411221549,0.5361431391,
    0.750200174589,0.874464925041,1.),.UNSPECIFIED.);
#802 = CARTESIAN_POINT('',(-4.712388980385,7.4));
#803 = CARTESIAN_POINT('',(-4.689694978832,7.4));
#804 = CARTESIAN_POINT('',(-4.667370820613,7.417657645613));
#805 = CARTESIAN_POINT('',(-4.645843307472,7.451966281892));
#806 = CARTESIAN_POINT('',(-4.625499243938,7.501458659912));
#807 = CARTESIAN_POINT('',(-4.606682133897,7.564219975303));
#808 = CARTESIAN_POINT('',(-4.589677542638,7.637894512435));
#809 = CARTESIAN_POINT('',(-4.574687989896,7.719695247239));
#810 = CARTESIAN_POINT('',(-4.549042282625,7.892256026478));
#811 = CARTESIAN_POINT('',(-4.538135704302,7.984307801888));
#812 = CARTESIAN_POINT('',(-4.529073244776,8.08113590233));
#813 = CARTESIAN_POINT('',(-4.521843499316,8.181546288782));
#814 = CARTESIAN_POINT('',(-4.516433552042,8.284515751331));
#815 = CARTESIAN_POINT('',(-4.512831906711,8.389135353428));
#816 = CARTESIAN_POINT('',(-4.511031059594,8.494566688542));
#817 = CARTESIAN_POINT('',(-4.511031059594,8.726749721908));
#818 = CARTESIAN_POINT('',(-4.513633683492,8.853521564806));
#819 = CARTESIAN_POINT('',(-4.518840752296,8.978918287118));
#820 = CARTESIAN_POINT('',(-4.526670678107,9.101459757068));
#821 = CARTESIAN_POINT('',(-4.537146350714,9.219481672654));
#822 = CARTESIAN_POINT('',(-4.550287387755,9.331036082773));
#823 = CARTESIAN_POINT('',(-4.566099823388,9.433752186975));
#824 = CARTESIAN_POINT('',(-4.601275739363,9.606927830962));
#825 = CARTESIAN_POINT('',(-4.620560380416,9.681461002499));
#826 = CARTESIAN_POINT('',(-4.642096032333,9.7428270931));
#827 = CARTESIAN_POINT('',(-4.665356409425,9.787063397023));
#828 = CARTESIAN_POINT('',(-4.689696281818,9.811601412388));
#829 = CARTESIAN_POINT('',(-4.714411414578,9.815254097554));
#830 = CARTESIAN_POINT('',(-4.738785901361,9.798244665339));
#831 = CARTESIAN_POINT('',(-4.798990053406,9.705612664218));
#832 = CARTESIAN_POINT('',(-4.831586803061,9.604489479655));
#833 = CARTESIAN_POINT('',(-4.859074574793,9.471330864322));
#834 = CARTESIAN_POINT('',(-4.881127319573,9.315403411538));
#835 = CARTESIAN_POINT('',(-4.897567539172,9.144397951019));
#836 = CARTESIAN_POINT('',(-4.908403420999,8.964671070324));
#837 = CARTESIAN_POINT('',(-4.913746901175,8.781615582844));
#838 = CARTESIAN_POINT('',(-4.913746901175,8.49456821623));
#839 = CARTESIAN_POINT('',(-4.91194610724,8.389137434412));
#840 = CARTESIAN_POINT('',(-4.908344505899,8.284517458617));
#841 = CARTESIAN_POINT('',(-4.902934549355,8.181546978986));
#842 = CARTESIAN_POINT('',(-4.895704722534,8.081135355565));
#843 = CARTESIAN_POINT('',(-4.886642130745,7.984306347782));
#844 = CARTESIAN_POINT('',(-4.875735467407,7.892254608501));
#845 = CARTESIAN_POINT('',(-4.850093576756,7.719719509929));
#846 = CARTESIAN_POINT('',(-4.835104334193,7.637910182919));
#847 = CARTESIAN_POINT('',(-4.818096971524,7.564216687716));
#848 = CARTESIAN_POINT('',(-4.799275305053,7.501440799426));
#849 = CARTESIAN_POINT('',(-4.778926797712,7.451945456452));
#850 = CARTESIAN_POINT('',(-4.757397101134,7.417645332489));
#851 = CARTESIAN_POINT('',(-4.735075069162,7.4));
#852 = CARTESIAN_POINT('',(-4.712388980385,7.4));
#853 = ( GEOMETRIC_REPRESENTATION_CONTEXT(2) 
PARAMETRIC_REPRESENTATION_CONTEXT() REPRESENTATION_CONTEXT('2D SPACE',''
  ) );
#854 = PCURVE('',#855,#860);
#855 = CYLINDRICAL_SURFACE('',#856,1.2);
#856 = AXIS2_PLACEMENT_3D('',#857,#858,#859);
#857 = CARTESIAN_POINT('',(-38.6,0.,0.));
#858 = DIRECTION('',(-0.,1.836970198721E-16,1.));
#859 = DIRECTION('',(1.,0.,0.));
#860 = DEFINITIONAL_REPRESENTATION('',(#861),#913);
#861 = B_SPLINE_CURVE_WITH_KNOTS('',8,(#862,#863,#864,#865,#866,#867,
    #868,#869,#870,#871,#872,#873,#874,#875,#876,#877,#878,#879,#880,
    #881,#882,#883,#884,#885,#886,#887,#888,#889,#890,#891,#892,#893,
    #894,#895,#896,#897,#898,#899,#900,#901,#902,#903,#904,#905,#906,
    #907,#908,#909,#910,#911,#912),.UNSPECIFIED.,.F.,.F.,(9,7,7,7,7,7,7,
    9),(0.,0.125942377778,0.250577492891,0.400411221549,0.5361431391,
    0.750200174589,0.874464925041,1.),.UNSPECIFIED.);
#862 = CARTESIAN_POINT('',(0.,-6.));
#863 = CARTESIAN_POINT('',(-0.113470007762,-6.));
#864 = CARTESIAN_POINT('',(-0.22509062025,-5.996468299785));
#865 = CARTESIAN_POINT('',(-0.334866068431,-5.989607267492));
#866 = CARTESIAN_POINT('',(-0.442704419111,-5.979987001672));
#867 = CARTESIAN_POINT('',(-0.548409116483,-5.968473325115));
#868 = CARTESIAN_POINT('',(-0.651646788419,-5.956064318649));
#869 = CARTESIAN_POINT('',(-0.751877047463,-5.943698250539));
#870 = CARTESIAN_POINT('',(-0.943582856359,-5.920613695844));
#871 = CARTESIAN_POINT('',(-1.036686654738,-5.909693177562));
#872 = CARTESIAN_POINT('',(-1.128012381914,-5.899892179048));
#873 = CARTESIAN_POINT('',(-1.217951039887,-5.891643516122));
#874 = CARTESIAN_POINT('',(-1.306859122862,-5.885258401872));
#875 = CARTESIAN_POINT('',(-1.395075840058,-5.880936389986));
#876 = CARTESIAN_POINT('',(-1.482935233913,-5.87877538268));
#877 = CARTESIAN_POINT('',(-1.676421095051,-5.87877538268));
#878 = CARTESIAN_POINT('',(-1.782064015475,-5.881898448956));
#879 = CARTESIAN_POINT('',(-1.888357940897,-5.888147254063));
#880 = CARTESIAN_POINT('',(-1.995864496697,-5.897319681504));
#881 = CARTESIAN_POINT('',(-2.105160692423,-5.908997879534));
#882 = CARTESIAN_POINT('',(-2.216860093016,-5.922513667336));
#883 = CARTESIAN_POINT('',(-2.331652022103,-5.93692561863));
#884 = CARTESIAN_POINT('',(-2.558052407054,-5.963831985875));
#885 = CARTESIAN_POINT('',(-2.671490526377,-5.976681039805));
#886 = CARTESIAN_POINT('',(-2.788642926705,-5.988328121617));
#887 = CARTESIAN_POINT('',(-2.908200638448,-5.997306965805));
#888 = CARTESIAN_POINT('',(-3.029217102145,-6.002411563512));
#889 = CARTESIAN_POINT('',(-3.150900718656,-6.003081036038));
#890 = CARTESIAN_POINT('',(-3.272472626986,-5.999545553579));
#891 = CARTESIAN_POINT('',(-3.582872600009,-5.981578957044));
#892 = CARTESIAN_POINT('',(-3.761126170563,-5.962554201887));
#893 = CARTESIAN_POINT('',(-3.931141114352,-5.939535836354));
#894 = CARTESIAN_POINT('',(-4.094719745062,-5.916987728564));
#895 = CARTESIAN_POINT('',(-4.253448984609,-5.898187035501));
#896 = CARTESIAN_POINT('',(-4.408494756199,-5.885188314977));
#897 = CARTESIAN_POINT('',(-4.561042661348,-5.87877538268));
#898 = CARTESIAN_POINT('',(-4.800248800193,-5.87877538268));
#899 = CARTESIAN_POINT('',(-4.888107727702,-5.880936324833));
#900 = CARTESIAN_POINT('',(-4.976324720671,-5.88525828763));
#901 = CARTESIAN_POINT('',(-5.065233599798,-5.891643415945));
#902 = CARTESIAN_POINT('',(-5.155173301604,-5.899892183386));
#903 = CARTESIAN_POINT('',(-5.246499972331,-5.909693327547));
#904 = CARTESIAN_POINT('',(-5.339604026118,-5.920613885536));
#905 = CARTESIAN_POINT('',(-5.531281305165,-5.943695004765));
#906 = CARTESIAN_POINT('',(-5.631515875902,-5.956061421961));
#907 = CARTESIAN_POINT('',(-5.734773254277,-5.968473364862));
#908 = CARTESIAN_POINT('',(-5.84050214506,-5.979990174546));
#909 = CARTESIAN_POINT('',(-5.948360724693,-5.989611439825));
#910 = CARTESIAN_POINT('',(-6.058144889021,-5.996470761083));
#911 = CARTESIAN_POINT('',(-6.169754863292,-6.));
#912 = CARTESIAN_POINT('',(-6.28318530718,-6.));
#913 = ( GEOMETRIC_REPRESENTATION_CONTEXT(2) 
PARAMETRIC_REPRESENTATION_CONTEXT() REPRESENTATION_CONTEXT('2D SPACE',''
  ) );
#914 = FACE_BOUND('',#915,.F.);
#915 = EDGE_LOOP('',(#916));
#916 = ORIENTED_EDGE('',*,*,#917,.T.);
#917 = EDGE_CURVE('',#918,#918,#920,.T.);
#918 = VERTEX_POINT('',#919);
#919 = CARTESIAN_POINT('',(-39.6,-6.,7.347880794884E-16));
#920 = SURFACE_CURVE('',#921,(#972,#1026),.PCURVE_S1.);
#921 = B_SPLINE_CURVE_WITH_KNOTS('',7,(#922,#923,#924,#925,#926,#927,
    #928,#929,#930,#931,#932,#933,#934,#935,#936,#937,#938,#939,#940,
    #941,#942,#943,#944,#945,#946,#947,#948,#949,#950,#951,#952,#953,
    #954,#955,#956,#957,#958,#959,#960,#961,#962,#963,#964,#965,#966,
    #967,#968,#969,#970,#971),.UNSPECIFIED.,.T.,.F.,(8,6,6,6,6,6,6,6,8),
  (0.,0.125656369249,0.250008444558,0.374358716096,0.49999851765,
    0.625661230612,0.750015994607,0.874372367827,1.),.UNSPECIFIED.);
#922 = CARTESIAN_POINT('',(-39.6,-6.,6.661338147751E-16));
#923 = CARTESIAN_POINT('',(-39.6,-6.,0.155616010645));
#924 = CARTESIAN_POINT('',(-39.62354352748,-5.99529106638,0.308273074768
    ));
#925 = CARTESIAN_POINT('',(-39.66901993453,-5.986196988159,
    0.453704406693));
#926 = CARTESIAN_POINT('',(-39.73389738528,-5.973777015185,
    0.588145492286));
#927 = CARTESIAN_POINT('',(-39.81475762532,-5.959633841666,
    0.708523779448));
#928 = CARTESIAN_POINT('',(-39.90730517375,-5.945355749597,
    0.812746730419));
#929 = CARTESIAN_POINT('',(-40.10451749288,-5.918973401374,
    0.986612777606));
#930 = CARTESIAN_POINT('',(-40.21090457155,-5.906599769625,1.05824150238
    ));
#931 = CARTESIAN_POINT('',(-40.32327470079,-5.895867624702,
    1.115175244734));
#932 = CARTESIAN_POINT('',(-40.43981787676,-5.887419407543,
    1.157653355812));
#933 = CARTESIAN_POINT('',(-40.55901220893,-5.881656725754,
    1.185884299658));
#934 = CARTESIAN_POINT('',(-40.6795047869,-5.87877538268,1.2));
#935 = CARTESIAN_POINT('',(-40.92049346526,-5.87877538268,1.2));
#936 = CARTESIAN_POINT('',(-41.04098560312,-5.881656638826,
    1.185884717118));
#937 = CARTESIAN_POINT('',(-41.16018070363,-5.887419277201,
    1.157654017132));
#938 = CARTESIAN_POINT('',(-41.27672533328,-5.89586755436,1.115175621553
    ));
#939 = CARTESIAN_POINT('',(-41.38909683082,-5.906599897943,
    1.058240987672));
#940 = CARTESIAN_POINT('',(-41.49548412594,-5.918973617936,0.98661135041
    ));
#941 = CARTESIAN_POINT('',(-41.69268155925,-5.945353974788,0.81275842684
    ));
#942 = CARTESIAN_POINT('',(-41.78523473205,-5.959632308396,
    0.708536587933));
#943 = CARTESIAN_POINT('',(-41.86610653801,-5.973777394757,
    0.588147614862));
#944 = CARTESIAN_POINT('',(-41.93099103715,-5.986199176047,
    0.453688863856));
#945 = CARTESIAN_POINT('',(-41.97646505798,-5.995292787169,
    0.308242915554));
#946 = CARTESIAN_POINT('',(-42.,-6.,0.155587638012));
#947 = CARTESIAN_POINT('',(-42.,-6.,-0.155616010645));
#948 = CARTESIAN_POINT('',(-41.97645647251,-5.99529106638,
    -0.308273074768));
#949 = CARTESIAN_POINT('',(-41.93098006546,-5.986196988159,
    -0.453704406694));
#950 = CARTESIAN_POINT('',(-41.86610261471,-5.973777015185,
    -0.588145492285));
#951 = CARTESIAN_POINT('',(-41.78524237467,-5.959633841666,
    -0.708523779448));
#952 = CARTESIAN_POINT('',(-41.69269482624,-5.945355749597,
    -0.812746730419));
#953 = CARTESIAN_POINT('',(-41.49548533819,-5.918973780106,
    -0.98661028167));
#954 = CARTESIAN_POINT('',(-41.38909780109,-5.90659998067,-1.0582406815)
  );
#955 = CARTESIAN_POINT('',(-41.27672520046,-5.895867494017,
    -1.115175949781));
#956 = CARTESIAN_POINT('',(-41.16017954597,-5.887419170722,
    -1.157654544046));
#957 = CARTESIAN_POINT('',(-41.04098385989,-5.881656565343,
    -1.185885077576));
#958 = CARTESIAN_POINT('',(-40.92049190603,-5.87877538268,-1.2));
#959 = CARTESIAN_POINT('',(-40.67950653473,-5.87877538268,-1.2));
#960 = CARTESIAN_POINT('',(-40.55901439687,-5.881656638826,
    -1.185884717118));
#961 = CARTESIAN_POINT('',(-40.43981929636,-5.887419277201,
    -1.157654017131));
#962 = CARTESIAN_POINT('',(-40.32327466671,-5.89586755436,
    -1.115175621554));
#963 = CARTESIAN_POINT('',(-40.21090316917,-5.906599897943,
    -1.058240987672));
#964 = CARTESIAN_POINT('',(-40.10451587405,-5.918973617936,
    -0.98661135041));
#965 = CARTESIAN_POINT('',(-39.90733290254,-5.94535204014,
    -0.812771176634));
#966 = CARTESIAN_POINT('',(-39.81476927637,-5.959631215901,
    -0.708546728266));
#967 = CARTESIAN_POINT('',(-39.73388513452,-5.973778654238,-0.5881428334
    ));
#968 = CARTESIAN_POINT('',(-39.66899646433,-5.986201694854,
    -0.453666519637));
#969 = CARTESIAN_POINT('',(-39.62352710998,-5.99529434811,
    -0.308210847003));
#970 = CARTESIAN_POINT('',(-39.6,-6.,-0.155561751618));
#971 = CARTESIAN_POINT('',(-39.6,-6.,6.661338147751E-16));
#972 = PCURVE('',#43,#973);
#973 = DEFINITIONAL_REPRESENTATION('',(#974),#1025);
#974 = B_SPLINE_CURVE_WITH_KNOTS('',7,(#975,#976,#977,#978,#979,#980,
    #981,#982,#983,#984,#985,#986,#987,#988,#989,#990,#991,#992,#993,
    #994,#995,#996,#997,#998,#999,#1000,#1001,#1002,#1003,#1004,#1005,
    #1006,#1007,#1008,#1009,#1010,#1011,#1012,#1013,#1014,#1015,#1016,
    #1017,#1018,#1019,#1020,#1021,#1022,#1023,#1024),.UNSPECIFIED.,.T.,
  .F.,(8,6,6,6,6,6,6,6,8),(0.,0.125656369249,0.250008444558,
    0.374358716096,0.49999851765,0.625661230612,0.750015994607,
    0.874372367827,1.),.UNSPECIFIED.);
#975 = CARTESIAN_POINT('',(-3.14159265359,9.6));
#976 = CARTESIAN_POINT('',(-3.115656651816,9.6));
#977 = CARTESIAN_POINT('',(-3.090213774485,9.623543527484));
#978 = CARTESIAN_POINT('',(-3.065946904391,9.669019934537));
#979 = CARTESIAN_POINT('',(-3.043458929894,9.733897385288));
#980 = CARTESIAN_POINT('',(-3.023263935782,9.814757625327));
#981 = CARTESIAN_POINT('',(-3.005733056023,9.907305173758));
#982 = CARTESIAN_POINT('',(-2.976423676286,10.104517492887));
#983 = CARTESIAN_POINT('',(-2.964311277914,10.210904571555));
#984 = CARTESIAN_POINT('',(-2.954656302021,10.323274700796));
#985 = CARTESIAN_POINT('',(-2.947438043022,10.439817876769));
#986 = CARTESIAN_POINT('',(-2.942635862288,10.559012208935));
#987 = CARTESIAN_POINT('',(-2.940234732799,10.679504786905));
#988 = CARTESIAN_POINT('',(-2.940234732799,10.920493465269));
#989 = CARTESIAN_POINT('',(-2.942635791301,11.040985603123));
#990 = CARTESIAN_POINT('',(-2.947437930472,11.160180703631));
#991 = CARTESIAN_POINT('',(-2.954656238421,11.276725333286));
#992 = CARTESIAN_POINT('',(-2.964311365924,11.389096830827));
#993 = CARTESIAN_POINT('',(-2.976423916874,11.495484125949));
#994 = CARTESIAN_POINT('',(-3.005731084305,11.692681559256));
#995 = CARTESIAN_POINT('',(-3.023261786203,11.785234732055));
#996 = CARTESIAN_POINT('',(-3.043458589888,11.866106538014));
#997 = CARTESIAN_POINT('',(-3.06594951078,11.930991037151));
#998 = CARTESIAN_POINT('',(-3.090218801282,11.976465057981));
#999 = CARTESIAN_POINT('',(-3.115661380588,12.));
#1000 = CARTESIAN_POINT('',(-3.167528655364,12.));
#1001 = CARTESIAN_POINT('',(-3.192971532694,11.976456472516));
#1002 = CARTESIAN_POINT('',(-3.217238402788,11.930980065463));
#1003 = CARTESIAN_POINT('',(-3.239726377286,11.866102614713));
#1004 = CARTESIAN_POINT('',(-3.259921371397,11.785242374673));
#1005 = CARTESIAN_POINT('',(-3.277452251156,11.692694826242));
#1006 = CARTESIAN_POINT('',(-3.306761210143,11.495485338196));
#1007 = CARTESIAN_POINT('',(-3.318873888708,11.389097801094));
#1008 = CARTESIAN_POINT('',(-3.328529124281,11.276725200462));
#1009 = CARTESIAN_POINT('',(-3.335747466309,11.16017954597));
#1010 = CARTESIAN_POINT('',(-3.340549577202,11.040983859891));
#1011 = CARTESIAN_POINT('',(-3.34295057438,10.920491906032));
#1012 = CARTESIAN_POINT('',(-3.34295057438,10.679506534731));
#1013 = CARTESIAN_POINT('',(-3.340549515878,10.559014396877));
#1014 = CARTESIAN_POINT('',(-3.335747376707,10.439819296368));
#1015 = CARTESIAN_POINT('',(-3.328529068759,10.323274666715));
#1016 = CARTESIAN_POINT('',(-3.318873941256,10.210903169173));
#1017 = CARTESIAN_POINT('',(-3.306761390305,10.104515874051));
#1018 = CARTESIAN_POINT('',(-3.277456372164,9.907332902546));
#1019 = CARTESIAN_POINT('',(-3.259925219142,9.814769276377));
#1020 = CARTESIAN_POINT('',(-3.239725900081,9.73388513452));
#1021 = CARTESIAN_POINT('',(-3.217232056435,9.668996464332));
#1022 = CARTESIAN_POINT('',(-3.192961161722,9.623527109985));
#1023 = CARTESIAN_POINT('',(-3.167519612193,9.6));
#1024 = CARTESIAN_POINT('',(-3.14159265359,9.6));
#1025 = ( GEOMETRIC_REPRESENTATION_CONTEXT(2) 
PARAMETRIC_REPRESENTATION_CONTEXT() REPRESENTATION_CONTEXT('2D SPACE',''
  ) );
#1026 = PCURVE('',#1027,#1032);
#1027 = CYLINDRICAL_SURFACE('',#1028,1.2);
#1028 = AXIS2_PLACEMENT_3D('',#1029,#1030,#1031);
#1029 = CARTESIAN_POINT('',(-40.8,0.,0.));
#1030 = DIRECTION('',(-0.,1.,-1.224646799147E-16));
#1031 = DIRECTION('',(1.,0.,0.));
#1032 = DEFINITIONAL_REPRESENTATION('',(#1033),#1084);
#1033 = B_SPLINE_CURVE_WITH_KNOTS('',7,(#1034,#1035,#1036,#1037,#1038,
    #1039,#1040,#1041,#1042,#1043,#1044,#1045,#1046,#1047,#1048,#1049,
    #1050,#1051,#1052,#1053,#1054,#1055,#1056,#1057,#1058,#1059,#1060,
    #1061,#1062,#1063,#1064,#1065,#1066,#1067,#1068,#1069,#1070,#1071,
    #1072,#1073,#1074,#1075,#1076,#1077,#1078,#1079,#1080,#1081,#1082,
    #1083),.UNSPECIFIED.,.F.,.F.,(8,6,6,6,6,6,6,6,8),(0.,0.125656369249,
    0.250008444558,0.374358716096,0.49999851765,0.625661230612,
    0.750015994607,0.874372367827,1.),.UNSPECIFIED.);
#1034 = CARTESIAN_POINT('',(0.,-6.));
#1035 = CARTESIAN_POINT('',(-0.129680008871,-6.));
#1036 = CARTESIAN_POINT('',(-0.256894157376,-5.99529106638));
#1037 = CARTESIAN_POINT('',(-0.381649215064,-5.986196988159));
#1038 = CARTESIAN_POINT('',(-0.503759623159,-5.973777015185));
#1039 = CARTESIAN_POINT('',(-0.622824938691,-5.959633841666));
#1040 = CARTESIAN_POINT('',(-0.738112337605,-5.945355749597));
#1041 = CARTESIAN_POINT('',(-0.957204690629,-5.918973401374));
#1042 = CARTESIAN_POINT('',(-1.063180642774,-5.906599769625));
#1043 = CARTESIAN_POINT('',(-1.166911425398,-5.895867624702));
#1044 = CARTESIAN_POINT('',(-1.268990654376,-5.887419407543));
#1045 = CARTESIAN_POINT('',(-1.369973237005,-5.881656725754));
#1046 = CARTESIAN_POINT('',(-1.470383649216,-5.87877538268));
#1047 = CARTESIAN_POINT('',(-1.671207547853,-5.87877538268));
#1048 = CARTESIAN_POINT('',(-1.771617586081,-5.881656638826));
#1049 = CARTESIAN_POINT('',(-1.872600755749,-5.887419277201));
#1050 = CARTESIAN_POINT('',(-1.974681131833,-5.89586755436));
#1051 = CARTESIAN_POINT('',(-2.078413174888,-5.906599897943));
#1052 = CARTESIAN_POINT('',(-2.184389761401,-5.918973617936));
#1053 = CARTESIAN_POINT('',(-2.403465577072,-5.945353974788));
#1054 = CARTESIAN_POINT('',(-2.518755882551,-5.959632308396));
#1055 = CARTESIAN_POINT('',(-2.637833418924,-5.973777394757));
#1056 = CARTESIAN_POINT('',(-2.759958314634,-5.986199176047));
#1057 = CARTESIAN_POINT('',(-2.884723633671,-5.995292787169));
#1058 = CARTESIAN_POINT('',(-3.011936288579,-6.));
#1059 = CARTESIAN_POINT('',(-3.27127266246,-6.));
#1060 = CARTESIAN_POINT('',(-3.398486810966,-5.99529106638));
#1061 = CARTESIAN_POINT('',(-3.523241868654,-5.986196988159));
#1062 = CARTESIAN_POINT('',(-3.645352276748,-5.973777015185));
#1063 = CARTESIAN_POINT('',(-3.764417592281,-5.959633841666));
#1064 = CARTESIAN_POINT('',(-3.879704991194,-5.945355749597));
#1065 = CARTESIAN_POINT('',(-4.098794199036,-5.918973780106));
#1066 = CARTESIAN_POINT('',(-4.204771356951,-5.90659998067));
#1067 = CARTESIAN_POINT('',(-4.308504362706,-5.895867494017));
#1068 = CARTESIAN_POINT('',(-4.410585589922,-5.887419170722));
#1069 = CARTESIAN_POINT('',(-4.511569169616,-5.881656565343));
#1070 = CARTESIAN_POINT('',(-4.611979058691,-5.87877538268));
#1071 = CARTESIAN_POINT('',(-4.812800201442,-5.87877538268));
#1072 = CARTESIAN_POINT('',(-4.91321023967,-5.881656638826));
#1073 = CARTESIAN_POINT('',(-5.01419340934,-5.887419277201));
#1074 = CARTESIAN_POINT('',(-5.116273785421,-5.89586755436));
#1075 = CARTESIAN_POINT('',(-5.220005828478,-5.906599897943));
#1076 = CARTESIAN_POINT('',(-5.325982414991,-5.918973617936));
#1077 = CARTESIAN_POINT('',(-5.545042164372,-5.94535204014));
#1078 = CARTESIAN_POINT('',(-5.660340446413,-5.959631215901));
#1079 = CARTESIAN_POINT('',(-5.779432938995,-5.973778654238));
#1080 = CARTESIAN_POINT('',(-5.901571351126,-5.986201694854));
#1081 = CARTESIAN_POINT('',(-6.026343013972,-5.99529434811));
#1082 = CARTESIAN_POINT('',(-6.153550514165,-6.));
#1083 = CARTESIAN_POINT('',(-6.28318530718,-6.));
#1084 = ( GEOMETRIC_REPRESENTATION_CONTEXT(2) 
PARAMETRIC_REPRESENTATION_CONTEXT() REPRESENTATION_CONTEXT('2D SPACE',''
  ) );
#1085 = FACE_BOUND('',#1086,.F.);
#1086 = EDGE_LOOP('',(#1087));
#1087 = ORIENTED_EDGE('',*,*,#1088,.T.);
#1088 = EDGE_CURVE('',#1089,#1089,#1091,.T.);
#1089 = VERTEX_POINT('',#1090);
#1090 = CARTESIAN_POINT('',(-41.8,3.673940397442E-16,6.));
#1091 = SURFACE_CURVE('',#1092,(#1144,#1199),.PCURVE_S1.);
#1092 = B_SPLINE_CURVE_WITH_KNOTS('',8,(#1093,#1094,#1095,#1096,#1097,
    #1098,#1099,#1100,#1101,#1102,#1103,#1104,#1105,#1106,#1107,#1108,
    #1109,#1110,#1111,#1112,#1113,#1114,#1115,#1116,#1117,#1118,#1119,
    #1120,#1121,#1122,#1123,#1124,#1125,#1126,#1127,#1128,#1129,#1130,
    #1131,#1132,#1133,#1134,#1135,#1136,#1137,#1138,#1139,#1140,#1141,
    #1142,#1143),.UNSPECIFIED.,.T.,.F.,(9,7,7,7,7,7,7,9),(0.,
    0.125942377778,0.250577492891,0.400411221549,0.536143139099,
    0.750200174589,0.874464925041,1.),.UNSPECIFIED.);
#1093 = CARTESIAN_POINT('',(-41.8,2.22044604925E-16,6.));
#1094 = CARTESIAN_POINT('',(-41.8,0.136164009314,6.));
#1095 = CARTESIAN_POINT('',(-41.81765764561,0.270108808737,
    5.996468299785));
#1096 = CARTESIAN_POINT('',(-41.85196628189,0.399167657221,
    5.989607267492));
#1097 = CARTESIAN_POINT('',(-41.90145865991,0.520924949489,
    5.979987001672));
#1098 = CARTESIAN_POINT('',(-41.9642199753,0.633287349971,5.968473325115
    ));
#1099 = CARTESIAN_POINT('',(-42.03789451243,0.734579517191,
    5.956064318649));
#1100 = CARTESIAN_POINT('',(-42.11969524723,0.823670049561,
    5.943698250539));
#1101 = CARTESIAN_POINT('',(-42.29225602647,0.97580284085,5.920613695844
    ));
#1102 = CARTESIAN_POINT('',(-42.38430780188,1.040334321186,
    5.909693177562));
#1103 = CARTESIAN_POINT('',(-42.48113590233,1.093825091352,
    5.899892179048));
#1104 = CARTESIAN_POINT('',(-42.58154628878,1.136414300273,
    5.891643516122));
#1105 = CARTESIAN_POINT('',(-42.68451575133,1.168239959754,
    5.885258401872));
#1106 = CARTESIAN_POINT('',(-42.78913535342,1.189413224744,
    5.880936389986));
#1107 = CARTESIAN_POINT('',(-42.89456668854,1.2,5.87877538268));
#1108 = CARTESIAN_POINT('',(-43.1267497219,1.2,5.87877538268));
#1109 = CARTESIAN_POINT('',(-43.2535215648,1.184699777629,5.881898448956
    ));
#1110 = CARTESIAN_POINT('',(-43.37891828711,1.154088518546,
    5.888147254063));
#1111 = CARTESIAN_POINT('',(-43.50145975706,1.108012723438,
    5.897319681504));
#1112 = CARTESIAN_POINT('',(-43.61948167265,1.046246347152,
    5.908997879534));
#1113 = CARTESIAN_POINT('',(-43.73103608277,0.968546870884,
    5.922513667336));
#1114 = CARTESIAN_POINT('',(-43.83375218697,0.874744138454,5.93692561863
    ));
#1115 = CARTESIAN_POINT('',(-44.00692783096,0.665410744725,
    5.963831985875));
#1116 = CARTESIAN_POINT('',(-44.08146100249,0.55040208514,5.976681039805
    ));
#1117 = CARTESIAN_POINT('',(-44.1428270931,0.421667336187,5.988328121617
    ));
#1118 = CARTESIAN_POINT('',(-44.18706339702,0.282291802721,
    5.997306965805));
#1119 = CARTESIAN_POINT('',(-44.21160141238,0.136212812389,
    6.002411563512));
#1120 = CARTESIAN_POINT('',(-44.21525409755,-1.218020962744E-02,
    6.003081036038));
#1121 = CARTESIAN_POINT('',(-44.19824466533,-0.158431831265,
    5.999545553579));
#1122 = CARTESIAN_POINT('',(-44.10561266421,-0.519209655767,
    5.981578957044));
#1123 = CARTESIAN_POINT('',(-44.00448947965,-0.71408533155,
    5.962554201888));
#1124 = CARTESIAN_POINT('',(-43.87133086432,-0.877610735959,
    5.939535836354));
#1125 = CARTESIAN_POINT('',(-43.71540341154,-1.0080433337,5.916987728564
    ));
#1126 = CARTESIAN_POINT('',(-43.54439795101,-1.104885800058,
    5.898187035501));
#1127 = CARTESIAN_POINT('',(-43.36467107032,-1.168586745696,
    5.885188314977));
#1128 = CARTESIAN_POINT('',(-43.18161558284,-1.2,5.87877538268));
#1129 = CARTESIAN_POINT('',(-42.89456821623,-1.2,5.87877538268));
#1130 = CARTESIAN_POINT('',(-42.78913743441,-1.189413537491,
    5.880936324833));
#1131 = CARTESIAN_POINT('',(-42.68451745861,-1.168240530859,
    5.88525828763));
#1132 = CARTESIAN_POINT('',(-42.58154697898,-1.136414818315,
    5.891643415945));
#1133 = CARTESIAN_POINT('',(-42.48113535556,-1.093825132627,
    5.899892183386));
#1134 = CARTESIAN_POINT('',(-42.38430634778,-1.040333580917,
    5.909693327547));
#1135 = CARTESIAN_POINT('',(-42.2922546085,-0.975801590735,
    5.920613885536));
#1136 = CARTESIAN_POINT('',(-42.11971950992,-0.823691439999,
    5.943695004765));
#1137 = CARTESIAN_POINT('',(-42.03791018291,-0.734602840358,
    5.956061421961));
#1138 = CARTESIAN_POINT('',(-41.96421668771,-0.633294293974,
    5.968473364862));
#1139 = CARTESIAN_POINT('',(-41.90144079942,-0.520904676518,
    5.979990174546));
#1140 = CARTESIAN_POINT('',(-41.85194545645,-0.399120642399,
    5.989611439825));
#1141 = CARTESIAN_POINT('',(-41.81764533248,-0.270048573156,
    5.996470761083));
#1142 = CARTESIAN_POINT('',(-41.8,-0.136116532665,6.));
#1143 = CARTESIAN_POINT('',(-41.8,2.22044604925E-16,6.));
#1144 = PCURVE('',#43,#1145);
#1145 = DEFINITIONAL_REPRESENTATION('',(#1146),#1198);
#1146 = B_SPLINE_CURVE_WITH_KNOTS('',8,(#1147,#1148,#1149,#1150,#1151,
    #1152,#1153,#1154,#1155,#1156,#1157,#1158,#1159,#1160,#1161,#1162,
    #1163,#1164,#1165,#1166,#1167,#1168,#1169,#1170,#1171,#1172,#1173,
    #1174,#1175,#1176,#1177,#1178,#1179,#1180,#1181,#1182,#1183,#1184,
    #1185,#1186,#1187,#1188,#1189,#1190,#1191,#1192,#1193,#1194,#1195,
    #1196,#1197),.UNSPECIFIED.,.T.,.F.,(9,7,7,7,7,7,7,9),(0.,
    0.125942377778,0.250577492891,0.400411221549,0.536143139099,
    0.750200174589,0.874464925041,1.),.UNSPECIFIED.);
#1147 = CARTESIAN_POINT('',(-1.570796326795,11.8));
#1148 = CARTESIAN_POINT('',(-1.548102325243,11.8));
#1149 = CARTESIAN_POINT('',(-1.525778167023,11.817657645613));
#1150 = CARTESIAN_POINT('',(-1.504250653882,11.851966281892));
#1151 = CARTESIAN_POINT('',(-1.483906590348,11.901458659912));
#1152 = CARTESIAN_POINT('',(-1.465089480307,11.964219975303));
#1153 = CARTESIAN_POINT('',(-1.448084889048,12.037894512435));
#1154 = CARTESIAN_POINT('',(-1.433095336306,12.119695247239));
#1155 = CARTESIAN_POINT('',(-1.407449629035,12.292256026478));
#1156 = CARTESIAN_POINT('',(-1.396543050712,12.384307801888));
#1157 = CARTESIAN_POINT('',(-1.387480591186,12.481135902331));
#1158 = CARTESIAN_POINT('',(-1.380250845727,12.581546288782));
#1159 = CARTESIAN_POINT('',(-1.374840898452,12.684515751331));
#1160 = CARTESIAN_POINT('',(-1.371239253121,12.789135353428));
#1161 = CARTESIAN_POINT('',(-1.369438406005,12.894566688542));
#1162 = CARTESIAN_POINT('',(-1.369438406005,13.126749721908));
#1163 = CARTESIAN_POINT('',(-1.372041029902,13.253521564806));
#1164 = CARTESIAN_POINT('',(-1.377248098707,13.378918287119));
#1165 = CARTESIAN_POINT('',(-1.385078024517,13.501459757068));
#1166 = CARTESIAN_POINT('',(-1.395553697124,13.619481672653));
#1167 = CARTESIAN_POINT('',(-1.408694734165,13.731036082773));
#1168 = CARTESIAN_POINT('',(-1.424507169798,13.833752186975));
#1169 = CARTESIAN_POINT('',(-1.459683085773,14.006927830962));
#1170 = CARTESIAN_POINT('',(-1.478967726826,14.081461002499));
#1171 = CARTESIAN_POINT('',(-1.500503378743,14.1428270931));
#1172 = CARTESIAN_POINT('',(-1.523763755835,14.187063397023));
#1173 = CARTESIAN_POINT('',(-1.548103628228,14.211601412389));
#1174 = CARTESIAN_POINT('',(-1.572818760988,14.215254097554));
#1175 = CARTESIAN_POINT('',(-1.597193247772,14.198244665339));
#1176 = CARTESIAN_POINT('',(-1.657397399816,14.105612664218));
#1177 = CARTESIAN_POINT('',(-1.689994149471,14.004489479656));
#1178 = CARTESIAN_POINT('',(-1.717481921203,13.87133086432));
#1179 = CARTESIAN_POINT('',(-1.739534665983,13.71540341154));
#1180 = CARTESIAN_POINT('',(-1.755974885582,13.544397951016));
#1181 = CARTESIAN_POINT('',(-1.76681076741,13.364671070326));
#1182 = CARTESIAN_POINT('',(-1.772154247585,13.181615582843));
#1183 = CARTESIAN_POINT('',(-1.772154247585,12.89456821623));
#1184 = CARTESIAN_POINT('',(-1.77035345365,12.789137434413));
#1185 = CARTESIAN_POINT('',(-1.766751852309,12.684517458617));
#1186 = CARTESIAN_POINT('',(-1.761341895765,12.581546978986));
#1187 = CARTESIAN_POINT('',(-1.754112068945,12.481135355565));
#1188 = CARTESIAN_POINT('',(-1.745049477155,12.384306347782));
#1189 = CARTESIAN_POINT('',(-1.734142813817,12.292254608501));
#1190 = CARTESIAN_POINT('',(-1.708500923166,12.119719509929));
#1191 = CARTESIAN_POINT('',(-1.693511680603,12.037910182919));
#1192 = CARTESIAN_POINT('',(-1.676504317934,11.964216687716));
#1193 = CARTESIAN_POINT('',(-1.657682651463,11.901440799426));
#1194 = CARTESIAN_POINT('',(-1.637334144122,11.851945456452));
#1195 = CARTESIAN_POINT('',(-1.615804447545,11.817645332489));
#1196 = CARTESIAN_POINT('',(-1.593482415572,11.8));
#1197 = CARTESIAN_POINT('',(-1.570796326795,11.8));
#1198 = ( GEOMETRIC_REPRESENTATION_CONTEXT(2) 
PARAMETRIC_REPRESENTATION_CONTEXT() REPRESENTATION_CONTEXT('2D SPACE',''
  ) );
#1199 = PCURVE('',#1200,#1205);
#1200 = CYLINDRICAL_SURFACE('',#1201,1.2);
#1201 = AXIS2_PLACEMENT_3D('',#1202,#1203,#1204);
#1202 = CARTESIAN_POINT('',(-43.,0.,0.));
#1203 = DIRECTION('',(-0.,-6.123233995737E-17,-1.));
#1204 = DIRECTION('',(1.,0.,-0.));
#1205 = DEFINITIONAL_REPRESENTATION('',(#1206),#1258);
#1206 = B_SPLINE_CURVE_WITH_KNOTS('',8,(#1207,#1208,#1209,#1210,#1211,
    #1212,#1213,#1214,#1215,#1216,#1217,#1218,#1219,#1220,#1221,#1222,
    #1223,#1224,#1225,#1226,#1227,#1228,#1229,#1230,#1231,#1232,#1233,
    #1234,#1235,#1236,#1237,#1238,#1239,#1240,#1241,#1242,#1243,#1244,
    #1245,#1246,#1247,#1248,#1249,#1250,#1251,#1252,#1253,#1254,#1255,
    #1256,#1257),.UNSPECIFIED.,.F.,.F.,(9,7,7,7,7,7,7,9),(0.,
    0.125942377778,0.250577492891,0.400411221549,0.536143139099,
    0.750200174589,0.874464925041,1.),.UNSPECIFIED.);
#1207 = CARTESIAN_POINT('',(0.,-6.));
#1208 = CARTESIAN_POINT('',(-0.113470007762,-6.));
#1209 = CARTESIAN_POINT('',(-0.22509062025,-5.996468299785));
#1210 = CARTESIAN_POINT('',(-0.334866068431,-5.989607267492));
#1211 = CARTESIAN_POINT('',(-0.442704419111,-5.979987001672));
#1212 = CARTESIAN_POINT('',(-0.548409116483,-5.968473325115));
#1213 = CARTESIAN_POINT('',(-0.651646788419,-5.956064318649));
#1214 = CARTESIAN_POINT('',(-0.751877047463,-5.943698250539));
#1215 = CARTESIAN_POINT('',(-0.943582856359,-5.920613695844));
#1216 = CARTESIAN_POINT('',(-1.036686654738,-5.909693177562));
#1217 = CARTESIAN_POINT('',(-1.128012381914,-5.899892179048));
#1218 = CARTESIAN_POINT('',(-1.217951039887,-5.891643516122));
#1219 = CARTESIAN_POINT('',(-1.306859122862,-5.885258401872));
#1220 = CARTESIAN_POINT('',(-1.395075840058,-5.880936389986));
#1221 = CARTESIAN_POINT('',(-1.482935233913,-5.87877538268));
#1222 = CARTESIAN_POINT('',(-1.676421095051,-5.87877538268));
#1223 = CARTESIAN_POINT('',(-1.782064015475,-5.881898448956));
#1224 = CARTESIAN_POINT('',(-1.888357940897,-5.888147254063));
#1225 = CARTESIAN_POINT('',(-1.995864496698,-5.897319681504));
#1226 = CARTESIAN_POINT('',(-2.105160692423,-5.908997879534));
#1227 = CARTESIAN_POINT('',(-2.216860093016,-5.922513667336));
#1228 = CARTESIAN_POINT('',(-2.331652022103,-5.93692561863));
#1229 = CARTESIAN_POINT('',(-2.558052407054,-5.963831985875));
#1230 = CARTESIAN_POINT('',(-2.671490526377,-5.976681039805));
#1231 = CARTESIAN_POINT('',(-2.788642926705,-5.988328121617));
#1232 = CARTESIAN_POINT('',(-2.908200638448,-5.997306965805));
#1233 = CARTESIAN_POINT('',(-3.029217102145,-6.002411563512));
#1234 = CARTESIAN_POINT('',(-3.150900718656,-6.003081036038));
#1235 = CARTESIAN_POINT('',(-3.272472626986,-5.999545553579));
#1236 = CARTESIAN_POINT('',(-3.582872600009,-5.981578957044));
#1237 = CARTESIAN_POINT('',(-3.761126170562,-5.962554201888));
#1238 = CARTESIAN_POINT('',(-3.931141114354,-5.939535836354));
#1239 = CARTESIAN_POINT('',(-4.094719745059,-5.916987728564));
#1240 = CARTESIAN_POINT('',(-4.253448984612,-5.898187035501));
#1241 = CARTESIAN_POINT('',(-4.408494756198,-5.885188314977));
#1242 = CARTESIAN_POINT('',(-4.561042661348,-5.87877538268));
#1243 = CARTESIAN_POINT('',(-4.800248800193,-5.87877538268));
#1244 = CARTESIAN_POINT('',(-4.888107727701,-5.880936324833));
#1245 = CARTESIAN_POINT('',(-4.976324720671,-5.88525828763));
#1246 = CARTESIAN_POINT('',(-5.065233599798,-5.891643415945));
#1247 = CARTESIAN_POINT('',(-5.155173301604,-5.899892183386));
#1248 = CARTESIAN_POINT('',(-5.246499972332,-5.909693327547));
#1249 = CARTESIAN_POINT('',(-5.339604026117,-5.920613885536));
#1250 = CARTESIAN_POINT('',(-5.531281305164,-5.943695004765));
#1251 = CARTESIAN_POINT('',(-5.631515875903,-5.956061421961));
#1252 = CARTESIAN_POINT('',(-5.734773254276,-5.968473364862));
#1253 = CARTESIAN_POINT('',(-5.84050214506,-5.979990174546));
#1254 = CARTESIAN_POINT('',(-5.948360724693,-5.989611439825));
#1255 = CARTESIAN_POINT('',(-6.05814488902,-5.996470761083));
#1256 = CARTESIAN_POINT('',(-6.169754863292,-6.));
#1257 = CARTESIAN_POINT('',(-6.28318530718,-6.));
#1258 = ( GEOMETRIC_REPRESENTATION_CONTEXT(2) 
PARAMETRIC_REPRESENTATION_CONTEXT() REPRESENTATION_CONTEXT('2D SPACE',''
  ) );
#1259 = FACE_BOUND('',#1260,.F.);
#1260 = EDGE_LOOP('',(#1261));
#1261 = ORIENTED_EDGE('',*,*,#1262,.T.);
#1262 = EDGE_CURVE('',#1263,#1263,#1265,.T.);
#1263 = VERTEX_POINT('',#1264);
#1264 = CARTESIAN_POINT('',(-41.8,-1.102182119233E-15,-6.));
#1265 = SURFACE_CURVE('',#1266,(#1318,#1373),.PCURVE_S1.);
#1266 = B_SPLINE_CURVE_WITH_KNOTS('',8,(#1267,#1268,#1269,#1270,#1271,
    #1272,#1273,#1274,#1275,#1276,#1277,#1278,#1279,#1280,#1281,#1282,
    #1283,#1284,#1285,#1286,#1287,#1288,#1289,#1290,#1291,#1292,#1293,
    #1294,#1295,#1296,#1297,#1298,#1299,#1300,#1301,#1302,#1303,#1304,
    #1305,#1306,#1307,#1308,#1309,#1310,#1311,#1312,#1313,#1314,#1315,
    #1316,#1317),.UNSPECIFIED.,.T.,.F.,(9,7,7,7,7,7,7,9),(0.,
    0.125942378572,0.25057749447,0.400411224072,0.536143142478,
    0.750200179317,0.874464928423,1.),.UNSPECIFIED.);
#1267 = CARTESIAN_POINT('',(-41.8,-8.881784197001E-16,-6.));
#1268 = CARTESIAN_POINT('',(-41.8,-0.136164009314,-6.));
#1269 = CARTESIAN_POINT('',(-41.81765764561,-0.270108808737,
    -5.996468299785));
#1270 = CARTESIAN_POINT('',(-41.85196628189,-0.399167657221,
    -5.989607267492));
#1271 = CARTESIAN_POINT('',(-41.90145865991,-0.520924949489,
    -5.979987001672));
#1272 = CARTESIAN_POINT('',(-41.9642199753,-0.633287349972,
    -5.968473325115));
#1273 = CARTESIAN_POINT('',(-42.03789451243,-0.734579517191,
    -5.956064318649));
#1274 = CARTESIAN_POINT('',(-42.11969524723,-0.823670049561,
    -5.943698250539));
#1275 = CARTESIAN_POINT('',(-42.29225602647,-0.97580284085,
    -5.920613695844));
#1276 = CARTESIAN_POINT('',(-42.38430780188,-1.040334321187,
    -5.909693177562));
#1277 = CARTESIAN_POINT('',(-42.48113590233,-1.093825091352,
    -5.899892179048));
#1278 = CARTESIAN_POINT('',(-42.58154628878,-1.136414300273,
    -5.891643516122));
#1279 = CARTESIAN_POINT('',(-42.68451575133,-1.168239959754,
    -5.885258401872));
#1280 = CARTESIAN_POINT('',(-42.78913535342,-1.189413224744,
    -5.880936389986));
#1281 = CARTESIAN_POINT('',(-42.89456668854,-1.2,-5.87877538268));
#1282 = CARTESIAN_POINT('',(-43.1267497219,-1.2,-5.87877538268));
#1283 = CARTESIAN_POINT('',(-43.2535215648,-1.184699777629,
    -5.881898448956));
#1284 = CARTESIAN_POINT('',(-43.37891828711,-1.154088518546,
    -5.888147254063));
#1285 = CARTESIAN_POINT('',(-43.50145975706,-1.108012723438,
    -5.897319681504));
#1286 = CARTESIAN_POINT('',(-43.61948167265,-1.046246347151,
    -5.908997879534));
#1287 = CARTESIAN_POINT('',(-43.73103608277,-0.968546870884,
    -5.922513667336));
#1288 = CARTESIAN_POINT('',(-43.83375218697,-0.874744138454,
    -5.93692561863));
#1289 = CARTESIAN_POINT('',(-44.00692783096,-0.665410744725,
    -5.963831985875));
#1290 = CARTESIAN_POINT('',(-44.08146100249,-0.55040208514,
    -5.976681039805));
#1291 = CARTESIAN_POINT('',(-44.1428270931,-0.421667336187,
    -5.988328121617));
#1292 = CARTESIAN_POINT('',(-44.18706339702,-0.282291802721,
    -5.997306965805));
#1293 = CARTESIAN_POINT('',(-44.21160141238,-0.136212812389,
    -6.002411563512));
#1294 = CARTESIAN_POINT('',(-44.21525409755,1.218020962729E-02,
    -6.003081036038));
#1295 = CARTESIAN_POINT('',(-44.19824466533,0.158431831265,
    -5.999545553579));
#1296 = CARTESIAN_POINT('',(-44.10561266421,0.519209655767,
    -5.981578957044));
#1297 = CARTESIAN_POINT('',(-44.00448947965,0.714085331551,
    -5.962554201887));
#1298 = CARTESIAN_POINT('',(-43.87133086432,0.877610735958,
    -5.939535836354));
#1299 = CARTESIAN_POINT('',(-43.71540341153,1.008043333702,
    -5.916987728564));
#1300 = CARTESIAN_POINT('',(-43.54439795101,1.104885800057,
    -5.898187035501));
#1301 = CARTESIAN_POINT('',(-43.36467107032,1.168586745697,
    -5.885188314977));
#1302 = CARTESIAN_POINT('',(-43.18161558284,1.2,-5.87877538268));
#1303 = CARTESIAN_POINT('',(-42.89456821803,1.2,-5.87877538268));
#1304 = CARTESIAN_POINT('',(-42.78913743124,1.189413537866,
    -5.880936324783));
#1305 = CARTESIAN_POINT('',(-42.68451745892,1.168240529582,
    -5.885258287821));
#1306 = CARTESIAN_POINT('',(-42.58154698156,1.1364148193,-5.891643415787
    ));
#1307 = CARTESIAN_POINT('',(-42.48113535527,1.093825133907,
    -5.89989218319));
#1308 = CARTESIAN_POINT('',(-42.38430634543,1.040333578437,
    -5.909693327931));
#1309 = CARTESIAN_POINT('',(-42.29225460988,0.975801591955,
    -5.920613885351));
#1310 = CARTESIAN_POINT('',(-42.11971950992,0.823691439999,
    -5.943695004765));
#1311 = CARTESIAN_POINT('',(-42.03791018291,0.734602840358,
    -5.956061421961));
#1312 = CARTESIAN_POINT('',(-41.96421668771,0.633294293974,
    -5.968473364862));
#1313 = CARTESIAN_POINT('',(-41.90144079942,0.520904676518,
    -5.979990174546));
#1314 = CARTESIAN_POINT('',(-41.85194545645,0.399120642399,
    -5.989611439825));
#1315 = CARTESIAN_POINT('',(-41.81764533248,0.270048573156,
    -5.996470761083));
#1316 = CARTESIAN_POINT('',(-41.8,0.136116532666,-6.));
#1317 = CARTESIAN_POINT('',(-41.8,-8.881784197001E-16,-6.));
#1318 = PCURVE('',#43,#1319);
#1319 = DEFINITIONAL_REPRESENTATION('',(#1320),#1372);
#1320 = B_SPLINE_CURVE_WITH_KNOTS('',8,(#1321,#1322,#1323,#1324,#1325,
    #1326,#1327,#1328,#1329,#1330,#1331,#1332,#1333,#1334,#1335,#1336,
    #1337,#1338,#1339,#1340,#1341,#1342,#1343,#1344,#1345,#1346,#1347,
    #1348,#1349,#1350,#1351,#1352,#1353,#1354,#1355,#1356,#1357,#1358,
    #1359,#1360,#1361,#1362,#1363,#1364,#1365,#1366,#1367,#1368,#1369,
    #1370,#1371),.UNSPECIFIED.,.T.,.F.,(9,7,7,7,7,7,7,9),(0.,
    0.125942378572,0.25057749447,0.400411224072,0.536143142478,
    0.750200179317,0.874464928423,1.),.UNSPECIFIED.);
#1321 = CARTESIAN_POINT('',(-4.712388980385,11.8));
#1322 = CARTESIAN_POINT('',(-4.689694978832,11.8));
#1323 = CARTESIAN_POINT('',(-4.667370820613,11.817657645613));
#1324 = CARTESIAN_POINT('',(-4.645843307472,11.851966281892));
#1325 = CARTESIAN_POINT('',(-4.625499243938,11.901458659912));
#1326 = CARTESIAN_POINT('',(-4.606682133897,11.964219975303));
#1327 = CARTESIAN_POINT('',(-4.589677542638,12.037894512435));
#1328 = CARTESIAN_POINT('',(-4.574687989896,12.119695247239));
#1329 = CARTESIAN_POINT('',(-4.549042282625,12.292256026478));
#1330 = CARTESIAN_POINT('',(-4.538135704302,12.384307801888));
#1331 = CARTESIAN_POINT('',(-4.529073244776,12.481135902331));
#1332 = CARTESIAN_POINT('',(-4.521843499316,12.581546288782));
#1333 = CARTESIAN_POINT('',(-4.516433552042,12.684515751331));
#1334 = CARTESIAN_POINT('',(-4.512831906711,12.789135353428));
#1335 = CARTESIAN_POINT('',(-4.511031059594,12.894566688542));
#1336 = CARTESIAN_POINT('',(-4.511031059594,13.126749721908));
#1337 = CARTESIAN_POINT('',(-4.513633683492,13.253521564806));
#1338 = CARTESIAN_POINT('',(-4.518840752296,13.378918287118));
#1339 = CARTESIAN_POINT('',(-4.526670678107,13.501459757068));
#1340 = CARTESIAN_POINT('',(-4.537146350714,13.619481672654));
#1341 = CARTESIAN_POINT('',(-4.550287387755,13.731036082773));
#1342 = CARTESIAN_POINT('',(-4.566099823388,13.833752186975));
#1343 = CARTESIAN_POINT('',(-4.601275739363,14.006927830962));
#1344 = CARTESIAN_POINT('',(-4.620560380416,14.081461002499));
#1345 = CARTESIAN_POINT('',(-4.642096032333,14.1428270931));
#1346 = CARTESIAN_POINT('',(-4.665356409425,14.187063397023));
#1347 = CARTESIAN_POINT('',(-4.689696281818,14.211601412388));
#1348 = CARTESIAN_POINT('',(-4.714411414578,14.215254097554));
#1349 = CARTESIAN_POINT('',(-4.738785901361,14.198244665339));
#1350 = CARTESIAN_POINT('',(-4.798990053406,14.105612664218));
#1351 = CARTESIAN_POINT('',(-4.831586803061,14.004489479655));
#1352 = CARTESIAN_POINT('',(-4.859074574793,13.871330864322));
#1353 = CARTESIAN_POINT('',(-4.881127319574,13.715403411538));
#1354 = CARTESIAN_POINT('',(-4.897567539172,13.544397951018));
#1355 = CARTESIAN_POINT('',(-4.908403421,13.364671070325));
#1356 = CARTESIAN_POINT('',(-4.913746901175,13.181615582844));
#1357 = CARTESIAN_POINT('',(-4.913746901175,12.894568218036));
#1358 = CARTESIAN_POINT('',(-4.911946107303,12.789137431241));
#1359 = CARTESIAN_POINT('',(-4.908344505684,12.684517458923));
#1360 = CARTESIAN_POINT('',(-4.902934549521,12.581546981566));
#1361 = CARTESIAN_POINT('',(-4.89570472275,12.481135355272));
#1362 = CARTESIAN_POINT('',(-4.886642130326,12.384306345436));
#1363 = CARTESIAN_POINT('',(-4.875735467612,12.292254609884));
#1364 = CARTESIAN_POINT('',(-4.850093576756,12.119719509929));
#1365 = CARTESIAN_POINT('',(-4.835104334193,12.037910182919));
#1366 = CARTESIAN_POINT('',(-4.818096971524,11.964216687716));
#1367 = CARTESIAN_POINT('',(-4.799275305053,11.901440799426));
#1368 = CARTESIAN_POINT('',(-4.778926797712,11.851945456452));
#1369 = CARTESIAN_POINT('',(-4.757397101134,11.817645332489));
#1370 = CARTESIAN_POINT('',(-4.735075069162,11.8));
#1371 = CARTESIAN_POINT('',(-4.712388980385,11.8));
#1372 = ( GEOMETRIC_REPRESENTATION_CONTEXT(2) 
PARAMETRIC_REPRESENTATION_CONTEXT() REPRESENTATION_CONTEXT('2D SPACE',''
  ) );
#1373 = PCURVE('',#1374,#1379);
#1374 = CYLINDRICAL_SURFACE('',#1375,1.2);
#1375 = AXIS2_PLACEMENT_3D('',#1376,#1377,#1378);
#1376 = CARTESIAN_POINT('',(-43.,0.,0.));
#1377 = DIRECTION('',(-0.,1.836970198721E-16,1.));
#1378 = DIRECTION('',(1.,0.,0.));
#1379 = DEFINITIONAL_REPRESENTATION('',(#1380),#1432);
#1380 = B_SPLINE_CURVE_WITH_KNOTS('',8,(#1381,#1382,#1383,#1384,#1385,
    #1386,#1387,#1388,#1389,#1390,#1391,#1392,#1393,#1394,#1395,#1396,
    #1397,#1398,#1399,#1400,#1401,#1402,#1403,#1404,#1405,#1406,#1407,
    #1408,#1409,#1410,#1411,#1412,#1413,#1414,#1415,#1416,#1417,#1418,
    #1419,#1420,#1421,#1422,#1423,#1424,#1425,#1426,#1427,#1428,#1429,
    #1430,#1431),.UNSPECIFIED.,.F.,.F.,(9,7,7,7,7,7,7,9),(0.,
    0.125942378572,0.25057749447,0.400411224072,0.536143142478,
    0.750200179317,0.874464928423,1.),.UNSPECIFIED.);
#1381 = CARTESIAN_POINT('',(0.,-6.));
#1382 = CARTESIAN_POINT('',(-0.113470007762,-6.));
#1383 = CARTESIAN_POINT('',(-0.22509062025,-5.996468299785));
#1384 = CARTESIAN_POINT('',(-0.334866068431,-5.989607267492));
#1385 = CARTESIAN_POINT('',(-0.442704419111,-5.979987001672));
#1386 = CARTESIAN_POINT('',(-0.548409116483,-5.968473325115));
#1387 = CARTESIAN_POINT('',(-0.651646788419,-5.956064318649));
#1388 = CARTESIAN_POINT('',(-0.751877047463,-5.943698250539));
#1389 = CARTESIAN_POINT('',(-0.943582856359,-5.920613695844));
#1390 = CARTESIAN_POINT('',(-1.036686654738,-5.909693177562));
#1391 = CARTESIAN_POINT('',(-1.128012381914,-5.899892179048));
#1392 = CARTESIAN_POINT('',(-1.217951039887,-5.891643516122));
#1393 = CARTESIAN_POINT('',(-1.306859122862,-5.885258401872));
#1394 = CARTESIAN_POINT('',(-1.395075840058,-5.880936389986));
#1395 = CARTESIAN_POINT('',(-1.482935233913,-5.87877538268));
#1396 = CARTESIAN_POINT('',(-1.676421095051,-5.87877538268));
#1397 = CARTESIAN_POINT('',(-1.782064015475,-5.881898448956));
#1398 = CARTESIAN_POINT('',(-1.888357940897,-5.888147254063));
#1399 = CARTESIAN_POINT('',(-1.995864496697,-5.897319681504));
#1400 = CARTESIAN_POINT('',(-2.105160692423,-5.908997879534));
#1401 = CARTESIAN_POINT('',(-2.216860093016,-5.922513667336));
#1402 = CARTESIAN_POINT('',(-2.331652022103,-5.93692561863));
#1403 = CARTESIAN_POINT('',(-2.558052407054,-5.963831985875));
#1404 = CARTESIAN_POINT('',(-2.671490526377,-5.976681039805));
#1405 = CARTESIAN_POINT('',(-2.788642926705,-5.988328121617));
#1406 = CARTESIAN_POINT('',(-2.908200638448,-5.997306965805));
#1407 = CARTESIAN_POINT('',(-3.029217102145,-6.002411563512));
#1408 = CARTESIAN_POINT('',(-3.150900718656,-6.003081036038));
#1409 = CARTESIAN_POINT('',(-3.272472626986,-5.999545553579));
#1410 = CARTESIAN_POINT('',(-3.582872600009,-5.981578957044));
#1411 = CARTESIAN_POINT('',(-3.761126170563,-5.962554201887));
#1412 = CARTESIAN_POINT('',(-3.931141114352,-5.939535836354));
#1413 = CARTESIAN_POINT('',(-4.094719745063,-5.916987728564));
#1414 = CARTESIAN_POINT('',(-4.253448984609,-5.898187035501));
#1415 = CARTESIAN_POINT('',(-4.408494756199,-5.885188314977));
#1416 = CARTESIAN_POINT('',(-4.561042661348,-5.87877538268));
#1417 = CARTESIAN_POINT('',(-4.800248798688,-5.87877538268));
#1418 = CARTESIAN_POINT('',(-4.888107730196,-5.880936324783));
#1419 = CARTESIAN_POINT('',(-4.976324720823,-5.885258287821));
#1420 = CARTESIAN_POINT('',(-5.065233597374,-5.891643415787));
#1421 = CARTESIAN_POINT('',(-5.155173301455,-5.89989218319));
#1422 = CARTESIAN_POINT('',(-5.246499975035,-5.909693327931));
#1423 = CARTESIAN_POINT('',(-5.33960402458,-5.920613885351));
#1424 = CARTESIAN_POINT('',(-5.531281305165,-5.943695004765));
#1425 = CARTESIAN_POINT('',(-5.631515875902,-5.956061421961));
#1426 = CARTESIAN_POINT('',(-5.734773254277,-5.968473364862));
#1427 = CARTESIAN_POINT('',(-5.84050214506,-5.979990174546));
#1428 = CARTESIAN_POINT('',(-5.948360724693,-5.989611439825));
#1429 = CARTESIAN_POINT('',(-6.058144889021,-5.996470761083));
#1430 = CARTESIAN_POINT('',(-6.169754863292,-6.));
#1431 = CARTESIAN_POINT('',(-6.28318530718,-6.));
#1432 = ( GEOMETRIC_REPRESENTATION_CONTEXT(2) 
PARAMETRIC_REPRESENTATION_CONTEXT() REPRESENTATION_CONTEXT('2D SPACE',''
  ) );
#1433 = FACE_BOUND('',#1434,.F.);
#1434 = EDGE_LOOP('',(#1435));
#1435 = ORIENTED_EDGE('',*,*,#1436,.T.);
#1436 = EDGE_CURVE('',#1437,#1437,#1439,.T.);
#1437 = VERTEX_POINT('',#1438);
#1438 = CARTESIAN_POINT('',(-44.,-6.,7.347880794884E-16));
#1439 = SURFACE_CURVE('',#1440,(#1491,#1545),.PCURVE_S1.);
#1440 = B_SPLINE_CURVE_WITH_KNOTS('',7,(#1441,#1442,#1443,#1444,#1445,
    #1446,#1447,#1448,#1449,#1450,#1451,#1452,#1453,#1454,#1455,#1456,
    #1457,#1458,#1459,#1460,#1461,#1462,#1463,#1464,#1465,#1466,#1467,
    #1468,#1469,#1470,#1471,#1472,#1473,#1474,#1475,#1476,#1477,#1478,
    #1479,#1480,#1481,#1482,#1483,#1484,#1485,#1486,#1487,#1488,#1489,
    #1490),.UNSPECIFIED.,.T.,.F.,(8,6,6,6,6,6,6,6,8),(0.,0.125656369249,
    0.250008444558,0.374358716096,0.49999851765,0.625661230612,
    0.750015994607,0.874372367827,1.),.UNSPECIFIED.);
#1441 = CARTESIAN_POINT('',(-44.,-6.,6.661338147751E-16));
#1442 = CARTESIAN_POINT('',(-44.,-6.,0.155616010645));
#1443 = CARTESIAN_POINT('',(-44.02354352748,-5.99529106638,
    0.308273074768));
#1444 = CARTESIAN_POINT('',(-44.06901993453,-5.986196988159,
    0.453704406693));
#1445 = CARTESIAN_POINT('',(-44.13389738528,-5.973777015185,
    0.588145492286));
#1446 = CARTESIAN_POINT('',(-44.21475762532,-5.959633841666,
    0.708523779448));
#1447 = CARTESIAN_POINT('',(-44.30730517375,-5.945355749597,
    0.812746730419));
#1448 = CARTESIAN_POINT('',(-44.50451749288,-5.918973401374,
    0.986612777606));
#1449 = CARTESIAN_POINT('',(-44.61090457155,-5.906599769625,
    1.05824150238));
#1450 = CARTESIAN_POINT('',(-44.72327470079,-5.895867624702,
    1.115175244734));
#1451 = CARTESIAN_POINT('',(-44.83981787676,-5.887419407543,
    1.157653355812));
#1452 = CARTESIAN_POINT('',(-44.95901220893,-5.881656725754,
    1.185884299658));
#1453 = CARTESIAN_POINT('',(-45.0795047869,-5.87877538268,1.2));
#1454 = CARTESIAN_POINT('',(-45.32049346526,-5.87877538268,1.2));
#1455 = CARTESIAN_POINT('',(-45.44098560312,-5.881656638826,
    1.185884717118));
#1456 = CARTESIAN_POINT('',(-45.56018070363,-5.887419277201,
    1.157654017132));
#1457 = CARTESIAN_POINT('',(-45.67672533328,-5.89586755436,
    1.115175621553));
#1458 = CARTESIAN_POINT('',(-45.78909683082,-5.906599897943,
    1.058240987672));
#1459 = CARTESIAN_POINT('',(-45.89548412594,-5.918973617936,
    0.98661135041));
#1460 = CARTESIAN_POINT('',(-46.09268155925,-5.945353974788,
    0.81275842684));
#1461 = CARTESIAN_POINT('',(-46.18523473205,-5.959632308396,
    0.708536587933));
#1462 = CARTESIAN_POINT('',(-46.26610653801,-5.973777394757,
    0.588147614862));
#1463 = CARTESIAN_POINT('',(-46.33099103715,-5.986199176047,
    0.453688863856));
#1464 = CARTESIAN_POINT('',(-46.37646505798,-5.995292787169,
    0.308242915554));
#1465 = CARTESIAN_POINT('',(-46.4,-6.,0.155587638012));
#1466 = CARTESIAN_POINT('',(-46.4,-6.,-0.155616010645));
#1467 = CARTESIAN_POINT('',(-46.37645647251,-5.99529106638,
    -0.308273074768));
#1468 = CARTESIAN_POINT('',(-46.33098006546,-5.986196988159,
    -0.453704406693));
#1469 = CARTESIAN_POINT('',(-46.26610261471,-5.973777015185,
    -0.588145492286));
#1470 = CARTESIAN_POINT('',(-46.18524237467,-5.959633841666,
    -0.708523779448));
#1471 = CARTESIAN_POINT('',(-46.09269482624,-5.945355749597,
    -0.812746730419));
#1472 = CARTESIAN_POINT('',(-45.89548533819,-5.918973780106,
    -0.98661028167));
#1473 = CARTESIAN_POINT('',(-45.78909780109,-5.90659998067,-1.0582406815
    ));
#1474 = CARTESIAN_POINT('',(-45.67672520046,-5.895867494017,
    -1.115175949781));
#1475 = CARTESIAN_POINT('',(-45.56017954597,-5.887419170722,
    -1.157654544046));
#1476 = CARTESIAN_POINT('',(-45.44098385989,-5.881656565343,
    -1.185885077576));
#1477 = CARTESIAN_POINT('',(-45.32049190603,-5.87877538268,-1.2));
#1478 = CARTESIAN_POINT('',(-45.07950653473,-5.87877538268,-1.2));
#1479 = CARTESIAN_POINT('',(-44.95901439687,-5.881656638826,
    -1.185884717118));
#1480 = CARTESIAN_POINT('',(-44.83981929636,-5.887419277201,
    -1.157654017131));
#1481 = CARTESIAN_POINT('',(-44.72327466671,-5.89586755436,
    -1.115175621554));
#1482 = CARTESIAN_POINT('',(-44.61090316917,-5.906599897943,
    -1.058240987672));
#1483 = CARTESIAN_POINT('',(-44.50451587405,-5.918973617936,
    -0.98661135041));
#1484 = CARTESIAN_POINT('',(-44.30733290254,-5.94535204014,
    -0.812771176634));
#1485 = CARTESIAN_POINT('',(-44.21476927637,-5.959631215901,
    -0.708546728266));
#1486 = CARTESIAN_POINT('',(-44.13388513452,-5.973778654238,
    -0.5881428334));
#1487 = CARTESIAN_POINT('',(-44.06899646433,-5.986201694854,
    -0.453666519637));
#1488 = CARTESIAN_POINT('',(-44.02352710998,-5.99529434811,
    -0.308210847003));
#1489 = CARTESIAN_POINT('',(-44.,-6.,-0.155561751618));
#1490 = CARTESIAN_POINT('',(-44.,-6.,6.661338147751E-16));
#1491 = PCURVE('',#43,#1492);
#1492 = DEFINITIONAL_REPRESENTATION('',(#1493),#1544);
#1493 = B_SPLINE_CURVE_WITH_KNOTS('',7,(#1494,#1495,#1496,#1497,#1498,
    #1499,#1500,#1501,#1502,#1503,#1504,#1505,#1506,#1507,#1508,#1509,
    #1510,#1511,#1512,#1513,#1514,#1515,#1516,#1517,#1518,#1519,#1520,
    #1521,#1522,#1523,#1524,#1525,#1526,#1527,#1528,#1529,#1530,#1531,
    #1532,#1533,#1534,#1535,#1536,#1537,#1538,#1539,#1540,#1541,#1542,
    #1543),.UNSPECIFIED.,.T.,.F.,(8,6,6,6,6,6,6,6,8),(0.,0.125656369249,
    0.250008444558,0.374358716096,0.49999851765,0.625661230612,
    0.750015994607,0.874372367827,1.),.UNSPECIFIED.);
#1494 = CARTESIAN_POINT('',(-3.14159265359,14.));
#1495 = CARTESIAN_POINT('',(-3.115656651816,14.));
#1496 = CARTESIAN_POINT('',(-3.090213774485,14.023543527484));
#1497 = CARTESIAN_POINT('',(-3.065946904391,14.069019934537));
#1498 = CARTESIAN_POINT('',(-3.043458929894,14.133897385288));
#1499 = CARTESIAN_POINT('',(-3.023263935782,14.214757625327));
#1500 = CARTESIAN_POINT('',(-3.005733056023,14.307305173758));
#1501 = CARTESIAN_POINT('',(-2.976423676286,14.504517492887));
#1502 = CARTESIAN_POINT('',(-2.964311277914,14.610904571555));
#1503 = CARTESIAN_POINT('',(-2.954656302021,14.723274700796));
#1504 = CARTESIAN_POINT('',(-2.947438043022,14.839817876769));
#1505 = CARTESIAN_POINT('',(-2.942635862288,14.959012208935));
#1506 = CARTESIAN_POINT('',(-2.940234732799,15.079504786905));
#1507 = CARTESIAN_POINT('',(-2.940234732799,15.320493465269));
#1508 = CARTESIAN_POINT('',(-2.942635791301,15.440985603123));
#1509 = CARTESIAN_POINT('',(-2.947437930472,15.560180703631));
#1510 = CARTESIAN_POINT('',(-2.954656238421,15.676725333286));
#1511 = CARTESIAN_POINT('',(-2.964311365924,15.789096830827));
#1512 = CARTESIAN_POINT('',(-2.976423916874,15.895484125949));
#1513 = CARTESIAN_POINT('',(-3.005731084305,16.092681559256));
#1514 = CARTESIAN_POINT('',(-3.023261786203,16.185234732055));
#1515 = CARTESIAN_POINT('',(-3.043458589888,16.266106538014));
#1516 = CARTESIAN_POINT('',(-3.06594951078,16.330991037151));
#1517 = CARTESIAN_POINT('',(-3.090218801282,16.376465057981));
#1518 = CARTESIAN_POINT('',(-3.115661380588,16.4));
#1519 = CARTESIAN_POINT('',(-3.167528655364,16.4));
#1520 = CARTESIAN_POINT('',(-3.192971532694,16.376456472516));
#1521 = CARTESIAN_POINT('',(-3.217238402788,16.330980065463));
#1522 = CARTESIAN_POINT('',(-3.239726377286,16.266102614712));
#1523 = CARTESIAN_POINT('',(-3.259921371397,16.185242374673));
#1524 = CARTESIAN_POINT('',(-3.277452251156,16.092694826242));
#1525 = CARTESIAN_POINT('',(-3.306761210143,15.895485338196));
#1526 = CARTESIAN_POINT('',(-3.318873888708,15.789097801094));
#1527 = CARTESIAN_POINT('',(-3.328529124281,15.676725200462));
#1528 = CARTESIAN_POINT('',(-3.335747466309,15.56017954597));
#1529 = CARTESIAN_POINT('',(-3.340549577202,15.440983859891));
#1530 = CARTESIAN_POINT('',(-3.34295057438,15.320491906032));
#1531 = CARTESIAN_POINT('',(-3.34295057438,15.079506534731));
#1532 = CARTESIAN_POINT('',(-3.340549515878,14.959014396877));
#1533 = CARTESIAN_POINT('',(-3.335747376707,14.839819296368));
#1534 = CARTESIAN_POINT('',(-3.328529068759,14.723274666715));
#1535 = CARTESIAN_POINT('',(-3.318873941256,14.610903169173));
#1536 = CARTESIAN_POINT('',(-3.306761390305,14.504515874051));
#1537 = CARTESIAN_POINT('',(-3.277456372164,14.307332902546));
#1538 = CARTESIAN_POINT('',(-3.259925219142,14.214769276377));
#1539 = CARTESIAN_POINT('',(-3.239725900081,14.13388513452));
#1540 = CARTESIAN_POINT('',(-3.217232056435,14.068996464332));
#1541 = CARTESIAN_POINT('',(-3.192961161722,14.023527109985));
#1542 = CARTESIAN_POINT('',(-3.167519612193,14.));
#1543 = CARTESIAN_POINT('',(-3.14159265359,14.));
#1544 = ( GEOMETRIC_REPRESENTATION_CONTEXT(2) 
PARAMETRIC_REPRESENTATION_CONTEXT() REPRESENTATION_CONTEXT('2D SPACE',''
  ) );
#1545 = PCURVE('',#1546,#1551);
#1546 = CYLINDRICAL_SURFACE('',#1547,1.2);
#1547 = AXIS2_PLACEMENT_3D('',#1548,#1549,#1550);
#1548 = CARTESIAN_POINT('',(-45.2,0.,0.));
#1549 = DIRECTION('',(-0.,1.,-1.224646799147E-16));
#1550 = DIRECTION('',(1.,0.,0.));
#1551 = DEFINITIONAL_REPRESENTATION('',(#1552),#1603);
#1552 = B_SPLINE_CURVE_WITH_KNOTS('',7,(#1553,#1554,#1555,#1556,#1557,
    #1558,#1559,#1560,#1561,#1562,#1563,#1564,#1565,#1566,#1567,#1568,
    #1569,#1570,#1571,#1572,#1573,#1574,#1575,#1576,#1577,#1578,#1579,
    #1580,#1581,#1582,#1583,#1584,#1585,#1586,#1587,#1588,#1589,#1590,
    #1591,#1592,#1593,#1594,#1595,#1596,#1597,#1598,#1599,#1600,#1601,
    #1602),.UNSPECIFIED.,.F.,.F.,(8,6,6,6,6,6,6,6,8),(0.,0.125656369249,
    0.250008444558,0.374358716096,0.49999851765,0.625661230612,
    0.750015994607,0.874372367827,1.),.UNSPECIFIED.);
#1553 = CARTESIAN_POINT('',(0.,-6.));
#1554 = CARTESIAN_POINT('',(-0.129680008871,-6.));
#1555 = CARTESIAN_POINT('',(-0.256894157376,-5.99529106638));
#1556 = CARTESIAN_POINT('',(-0.381649215064,-5.986196988159));
#1557 = CARTESIAN_POINT('',(-0.503759623159,-5.973777015185));
#1558 = CARTESIAN_POINT('',(-0.622824938691,-5.959633841666));
#1559 = CARTESIAN_POINT('',(-0.738112337605,-5.945355749597));
#1560 = CARTESIAN_POINT('',(-0.957204690629,-5.918973401374));
#1561 = CARTESIAN_POINT('',(-1.063180642774,-5.906599769625));
#1562 = CARTESIAN_POINT('',(-1.166911425398,-5.895867624702));
#1563 = CARTESIAN_POINT('',(-1.268990654376,-5.887419407543));
#1564 = CARTESIAN_POINT('',(-1.369973237005,-5.881656725754));
#1565 = CARTESIAN_POINT('',(-1.470383649216,-5.87877538268));
#1566 = CARTESIAN_POINT('',(-1.671207547853,-5.87877538268));
#1567 = CARTESIAN_POINT('',(-1.771617586081,-5.881656638826));
#1568 = CARTESIAN_POINT('',(-1.872600755749,-5.887419277201));
#1569 = CARTESIAN_POINT('',(-1.974681131833,-5.89586755436));
#1570 = CARTESIAN_POINT('',(-2.078413174888,-5.906599897943));
#1571 = CARTESIAN_POINT('',(-2.184389761401,-5.918973617936));
#1572 = CARTESIAN_POINT('',(-2.403465577072,-5.945353974788));
#1573 = CARTESIAN_POINT('',(-2.518755882551,-5.959632308396));
#1574 = CARTESIAN_POINT('',(-2.637833418924,-5.973777394757));
#1575 = CARTESIAN_POINT('',(-2.759958314634,-5.986199176047));
#1576 = CARTESIAN_POINT('',(-2.884723633671,-5.995292787169));
#1577 = CARTESIAN_POINT('',(-3.011936288579,-6.));
#1578 = CARTESIAN_POINT('',(-3.27127266246,-6.));
#1579 = CARTESIAN_POINT('',(-3.398486810966,-5.99529106638));
#1580 = CARTESIAN_POINT('',(-3.523241868653,-5.986196988159));
#1581 = CARTESIAN_POINT('',(-3.645352276749,-5.973777015185));
#1582 = CARTESIAN_POINT('',(-3.76441759228,-5.959633841666));
#1583 = CARTESIAN_POINT('',(-3.879704991195,-5.945355749597));
#1584 = CARTESIAN_POINT('',(-4.098794199036,-5.918973780106));
#1585 = CARTESIAN_POINT('',(-4.204771356951,-5.90659998067));
#1586 = CARTESIAN_POINT('',(-4.308504362706,-5.895867494017));
#1587 = CARTESIAN_POINT('',(-4.410585589922,-5.887419170722));
#1588 = CARTESIAN_POINT('',(-4.511569169616,-5.881656565343));
#1589 = CARTESIAN_POINT('',(-4.611979058691,-5.87877538268));
#1590 = CARTESIAN_POINT('',(-4.812800201442,-5.87877538268));
#1591 = CARTESIAN_POINT('',(-4.91321023967,-5.881656638826));
#1592 = CARTESIAN_POINT('',(-5.01419340934,-5.887419277201));
#1593 = CARTESIAN_POINT('',(-5.116273785421,-5.89586755436));
#1594 = CARTESIAN_POINT('',(-5.220005828478,-5.906599897943));
#1595 = CARTESIAN_POINT('',(-5.325982414991,-5.918973617936));
#1596 = CARTESIAN_POINT('',(-5.545042164372,-5.94535204014));
#1597 = CARTESIAN_POINT('',(-5.660340446413,-5.959631215901));
#1598 = CARTESIAN_POINT('',(-5.779432938995,-5.973778654238));
#1599 = CARTESIAN_POINT('',(-5.901571351126,-5.986201694854));
#1600 = CARTESIAN_POINT('',(-6.026343013972,-5.99529434811));
#1601 = CARTESIAN_POINT('',(-6.153550514165,-6.));
#1602 = CARTESIAN_POINT('',(-6.28318530718,-6.));
#1603 = ( GEOMETRIC_REPRESENTATION_CONTEXT(2) 
PARAMETRIC_REPRESENTATION_CONTEXT() REPRESENTATION_CONTEXT('2D SPACE',''
  ) );
#1604 = ADVANCED_FACE('',(#1605),#78,.F.);
#1605 = FACE_BOUND('',#1606,.T.);
#1606 = EDGE_LOOP('',(#1607,#1608,#1631,#1658));
#1607 = ORIENTED_EDGE('',*,*,#57,.F.);
#1608 = ORIENTED_EDGE('',*,*,#1609,.T.);
#1609 = EDGE_CURVE('',#58,#1610,#1612,.T.);
#1610 = VERTEX_POINT('',#1611);
#1611 = CARTESIAN_POINT('',(-31.51,5.1,0.));
#1612 = SEAM_CURVE('',#1613,(#1617,#1624),.PCURVE_S1.);
#1613 = LINE('',#1614,#1615);
#1614 = CARTESIAN_POINT('',(-29.99,5.1,0.));
#1615 = VECTOR('',#1616,1.);
#1616 = DIRECTION('',(-1.,0.,0.));
#1617 = PCURVE('',#78,#1618);
#1618 = DEFINITIONAL_REPRESENTATION('',(#1619),#1623);
#1619 = LINE('',#1620,#1621);
#1620 = CARTESIAN_POINT('',(-0.,0.));
#1621 = VECTOR('',#1622,1.);
#1622 = DIRECTION('',(-0.,1.));
#1623 = ( GEOMETRIC_REPRESENTATION_CONTEXT(2) 
PARAMETRIC_REPRESENTATION_CONTEXT() REPRESENTATION_CONTEXT('2D SPACE',''
  ) );
#1624 = PCURVE('',#78,#1625);
#1625 = DEFINITIONAL_REPRESENTATION('',(#1626),#1630);
#1626 = LINE('',#1627,#1628);
#1627 = CARTESIAN_POINT('',(-6.28318530718,0.));
#1628 = VECTOR('',#1629,1.);
#1629 = DIRECTION('',(-0.,1.));
#1630 = ( GEOMETRIC_REPRESENTATION_CONTEXT(2) 
PARAMETRIC_REPRESENTATION_CONTEXT() REPRESENTATION_CONTEXT('2D SPACE',''
  ) );
#1631 = ORIENTED_EDGE('',*,*,#1632,.F.);
#1632 = EDGE_CURVE('',#1610,#1610,#1633,.T.);
#1633 = SURFACE_CURVE('',#1634,(#1639,#1646),.PCURVE_S1.);
#1634 = CIRCLE('',#1635,5.1);
#1635 = AXIS2_PLACEMENT_3D('',#1636,#1637,#1638);
#1636 = CARTESIAN_POINT('',(-31.51,0.,0.));
#1637 = DIRECTION('',(1.,0.,0.));
#1638 = DIRECTION('',(-0.,1.,0.));
#1639 = PCURVE('',#78,#1640);
#1640 = DEFINITIONAL_REPRESENTATION('',(#1641),#1645);
#1641 = LINE('',#1642,#1643);
#1642 = CARTESIAN_POINT('',(-0.,1.52));
#1643 = VECTOR('',#1644,1.);
#1644 = DIRECTION('',(-1.,0.));
#1645 = ( GEOMETRIC_REPRESENTATION_CONTEXT(2) 
PARAMETRIC_REPRESENTATION_CONTEXT() REPRESENTATION_CONTEXT('2D SPACE',''
  ) );
#1646 = PCURVE('',#1647,#1652);
#1647 = PLANE('',#1648);
#1648 = AXIS2_PLACEMENT_3D('',#1649,#1650,#1651);
#1649 = CARTESIAN_POINT('',(-31.51,0.,0.));
#1650 = DIRECTION('',(1.,0.,0.));
#1651 = DIRECTION('',(-0.,1.,0.));
#1652 = DEFINITIONAL_REPRESENTATION('',(#1653),#1657);
#1653 = CIRCLE('',#1654,5.1);
#1654 = AXIS2_PLACEMENT_2D('',#1655,#1656);
#1655 = CARTESIAN_POINT('',(0.,0.));
#1656 = DIRECTION('',(1.,0.));
#1657 = ( GEOMETRIC_REPRESENTATION_CONTEXT(2) 
PARAMETRIC_REPRESENTATION_CONTEXT() REPRESENTATION_CONTEXT('2D SPACE',''
  ) );
#1658 = ORIENTED_EDGE('',*,*,#1609,.F.);
#1659 = ADVANCED_FACE('',(#1660),#179,.F.);
#1660 = FACE_BOUND('',#1661,.T.);
#1661 = EDGE_LOOP('',(#1662,#1761,#1782,#1783,#1784,#1785));
#1662 = ORIENTED_EDGE('',*,*,#1663,.F.);
#1663 = EDGE_CURVE('',#1664,#1666,#1668,.T.);
#1664 = VERTEX_POINT('',#1665);
#1665 = CARTESIAN_POINT('',(-39.6,4.5,0.));
#1666 = VERTEX_POINT('',#1667);
#1667 = CARTESIAN_POINT('',(-42.,4.5,0.));
#1668 = SURFACE_CURVE('',#1669,(#1696,#1726),.PCURVE_S1.);
#1669 = B_SPLINE_CURVE_WITH_KNOTS('',7,(#1670,#1671,#1672,#1673,#1674,
    #1675,#1676,#1677,#1678,#1679,#1680,#1681,#1682,#1683,#1684,#1685,
    #1686,#1687,#1688,#1689,#1690,#1691,#1692,#1693,#1694,#1695),
  .UNSPECIFIED.,.F.,.F.,(8,6,6,6,8),(0.,0.241820130929,0.500027240623,
    0.758242510804,1.),.UNSPECIFIED.);
#1670 = CARTESIAN_POINT('',(-39.6,4.5,-4.440892098501E-16));
#1671 = CARTESIAN_POINT('',(-39.6,4.5,-0.149353015263));
#1672 = CARTESIAN_POINT('',(-39.62168658439,4.494216620842,
    -0.296019467169));
#1673 = CARTESIAN_POINT('',(-39.66365620723,4.483026223069,
    -0.436214782509));
#1674 = CARTESIAN_POINT('',(-39.72371172789,4.467619164447,
    -0.566561430445));
#1675 = CARTESIAN_POINT('',(-39.79887285418,4.449809633474,
    -0.684242243092));
#1676 = CARTESIAN_POINT('',(-39.88534828023,4.431501236884,
    -0.78724624176));
#1677 = CARTESIAN_POINT('',(-40.07805405225,4.39563949058,
    -0.968209006927));
#1678 = CARTESIAN_POINT('',(-40.18720340976,4.377853757327,
    -1.045854341986));
#1679 = CARTESIAN_POINT('',(-40.3033409048,4.362220034971,-1.10769204472
    ));
#1680 = CARTESIAN_POINT('',(-40.42436596606,4.349808265273,
    -1.153887875858));
#1681 = CARTESIAN_POINT('',(-40.54851159492,4.341305512296,
    -1.184618554739));
#1682 = CARTESIAN_POINT('',(-40.6742183869,4.33704968844,-1.2));
#1683 = CARTESIAN_POINT('',(-40.92578558835,4.33704968844,-1.2));
#1684 = CARTESIAN_POINT('',(-41.05149134261,4.341305777858,
    -1.184617592229));
#1685 = CARTESIAN_POINT('',(-41.17563460775,4.349808468645,
    -1.153887146339));
#1686 = CARTESIAN_POINT('',(-41.29665833809,4.362219935704,
    -1.107692233235));
#1687 = CARTESIAN_POINT('',(-41.41279609171,4.377853656451,
    -1.045854904333));
#1688 = CARTESIAN_POINT('',(-41.52194615769,4.395639529652,
    -0.968208809764));
#1689 = CARTESIAN_POINT('',(-41.71462443713,4.431496159699,
    -0.787271861857));
#1690 = CARTESIAN_POINT('',(-41.80111332289,4.449805750153,
    -0.684267999448));
#1691 = CARTESIAN_POINT('',(-41.87629749497,4.467620724522,
    -0.566563083187));
#1692 = CARTESIAN_POINT('',(-41.93636548562,4.483031979828,
    -0.436180704701));
#1693 = CARTESIAN_POINT('',(-41.97832960098,4.49422095456,
    -0.295958418524));
#1694 = CARTESIAN_POINT('',(-42.,4.5,-0.14929723983));
#1695 = CARTESIAN_POINT('',(-42.,4.5,0.));
#1696 = PCURVE('',#179,#1697);
#1697 = DEFINITIONAL_REPRESENTATION('',(#1698),#1725);
#1698 = B_SPLINE_CURVE_WITH_KNOTS('',7,(#1699,#1700,#1701,#1702,#1703,
    #1704,#1705,#1706,#1707,#1708,#1709,#1710,#1711,#1712,#1713,#1714,
    #1715,#1716,#1717,#1718,#1719,#1720,#1721,#1722,#1723,#1724),
  .UNSPECIFIED.,.F.,.F.,(8,6,6,6,8),(0.,0.241820130929,0.500027240623,
    0.758242510804,1.),.UNSPECIFIED.);
#1699 = CARTESIAN_POINT('',(0.,-4.5));
#1700 = CARTESIAN_POINT('',(-0.124460846052,-4.5));
#1701 = CARTESIAN_POINT('',(-0.246682828452,-4.494216620842));
#1702 = CARTESIAN_POINT('',(-0.36666150519,-4.483026223069));
#1703 = CARTESIAN_POINT('',(-0.484220649159,-4.467619164447));
#1704 = CARTESIAN_POINT('',(-0.598985517365,-4.449809633474));
#1705 = CARTESIAN_POINT('',(-0.710276363034,-4.431501236884));
#1706 = CARTESIAN_POINT('',(-0.930571362458,-4.39563949058));
#1707 = CARTESIAN_POINT('',(-1.041170058339,-4.377853757327));
#1708 = CARTESIAN_POINT('',(-1.149400177315,-4.362220034971));
#1709 = CARTESIAN_POINT('',(-1.255886766008,-4.349808265273));
#1710 = CARTESIAN_POINT('',(-1.361222718859,-4.341305512296));
#1711 = CARTESIAN_POINT('',(-1.465978315882,-4.33704968844));
#1712 = CARTESIAN_POINT('',(-1.675617650421,-4.33704968844));
#1713 = CARTESIAN_POINT('',(-1.780372376689,-4.341305777858));
#1714 = CARTESIAN_POINT('',(-1.88570654827,-4.349808468645));
#1715 = CARTESIAN_POINT('',(-1.992191904421,-4.362219935704));
#1716 = CARTESIAN_POINT('',(-2.100421976309,-4.377853656451));
#1717 = CARTESIAN_POINT('',(-2.211021531149,-4.395639529652));
#1718 = CARTESIAN_POINT('',(-2.431285101934,-4.431496159699));
#1719 = CARTESIAN_POINT('',(-2.542584056089,-4.449805750153));
#1720 = CARTESIAN_POINT('',(-2.657374885526,-4.467620724522));
#1721 = CARTESIAN_POINT('',(-2.774963039039,-4.483031979828));
#1722 = CARTESIAN_POINT('',(-2.894960703058,-4.49422095456));
#1723 = CARTESIAN_POINT('',(-3.017178287065,-4.5));
#1724 = CARTESIAN_POINT('',(-3.14159265359,-4.5));
#1725 = ( GEOMETRIC_REPRESENTATION_CONTEXT(2) 
PARAMETRIC_REPRESENTATION_CONTEXT() REPRESENTATION_CONTEXT('2D SPACE',''
  ) );
#1726 = PCURVE('',#1727,#1732);
#1727 = CYLINDRICAL_SURFACE('',#1728,4.5);
#1728 = AXIS2_PLACEMENT_3D('',#1729,#1730,#1731);
#1729 = CARTESIAN_POINT('',(-37.,0.,0.));
#1730 = DIRECTION('',(-1.,-0.,-0.));
#1731 = DIRECTION('',(0.,1.,0.));
#1732 = DEFINITIONAL_REPRESENTATION('',(#1733),#1760);
#1733 = B_SPLINE_CURVE_WITH_KNOTS('',7,(#1734,#1735,#1736,#1737,#1738,
    #1739,#1740,#1741,#1742,#1743,#1744,#1745,#1746,#1747,#1748,#1749,
    #1750,#1751,#1752,#1753,#1754,#1755,#1756,#1757,#1758,#1759),
  .UNSPECIFIED.,.F.,.F.,(8,6,6,6,8),(0.,0.241820130929,0.500027240623,
    0.758242510804,1.),.UNSPECIFIED.);
#1734 = CARTESIAN_POINT('',(-6.28318530718,2.6));
#1735 = CARTESIAN_POINT('',(-6.249995748232,2.6));
#1736 = CARTESIAN_POINT('',(-6.217403151758,2.621686584394));
#1737 = CARTESIAN_POINT('',(-6.186189199015,2.663656207234));
#1738 = CARTESIAN_POINT('',(-6.157053038693,2.723711727895));
#1739 = CARTESIAN_POINT('',(-6.130618297979,2.798872854185));
#1740 = CARTESIAN_POINT('',(-6.107374321942,2.88534828023));
#1741 = CARTESIAN_POINT('',(-6.06637833465,3.078054052259));
#1742 = CARTESIAN_POINT('',(-6.048684657677,3.18720340976));
#1743 = CARTESIAN_POINT('',(-6.034514209132,3.303340904804));
#1744 = CARTESIAN_POINT('',(-6.023884635957,3.424365966064));
#1745 = CARTESIAN_POINT('',(-6.016799037723,3.548511594928));
#1746 = CARTESIAN_POINT('',(-6.013252511346,3.674218386904));
#1747 = CARTESIAN_POINT('',(-6.013252511346,3.925785588351));
#1748 = CARTESIAN_POINT('',(-6.016799260105,4.051491342616));
#1749 = CARTESIAN_POINT('',(-6.023884803082,4.175634607757));
#1750 = CARTESIAN_POINT('',(-6.034514164127,4.296658338093));
#1751 = CARTESIAN_POINT('',(-6.048684530584,4.412796091714));
#1752 = CARTESIAN_POINT('',(-6.066378379316,4.521946157699));
#1753 = CARTESIAN_POINT('',(-6.107368517869,4.714624437138));
#1754 = CARTESIAN_POINT('',(-6.130612513415,4.801113322898));
#1755 = CARTESIAN_POINT('',(-6.157052743246,4.876297494971));
#1756 = CARTESIAN_POINT('',(-6.186196837163,4.936365485629));
#1757 = CARTESIAN_POINT('',(-6.217416720475,4.978329600988));
#1758 = CARTESIAN_POINT('',(-6.250008142773,5.));
#1759 = CARTESIAN_POINT('',(-6.28318530718,5.));
#1760 = ( GEOMETRIC_REPRESENTATION_CONTEXT(2) 
PARAMETRIC_REPRESENTATION_CONTEXT() REPRESENTATION_CONTEXT('2D SPACE',''
  ) );
#1761 = ORIENTED_EDGE('',*,*,#1762,.T.);
#1762 = EDGE_CURVE('',#1664,#95,#1763,.T.);
#1763 = SEAM_CURVE('',#1764,(#1768,#1775),.PCURVE_S1.);
#1764 = LINE('',#1765,#1766);
#1765 = CARTESIAN_POINT('',(-39.6,0.,0.));
#1766 = VECTOR('',#1767,1.);
#1767 = DIRECTION('',(0.,1.,0.));
#1768 = PCURVE('',#179,#1769);
#1769 = DEFINITIONAL_REPRESENTATION('',(#1770),#1774);
#1770 = LINE('',#1771,#1772);
#1771 = CARTESIAN_POINT('',(-6.28318530718,0.));
#1772 = VECTOR('',#1773,1.);
#1773 = DIRECTION('',(-0.,-1.));
#1774 = ( GEOMETRIC_REPRESENTATION_CONTEXT(2) 
PARAMETRIC_REPRESENTATION_CONTEXT() REPRESENTATION_CONTEXT('2D SPACE',''
  ) );
#1775 = PCURVE('',#179,#1776);
#1776 = DEFINITIONAL_REPRESENTATION('',(#1777),#1781);
#1777 = LINE('',#1778,#1779);
#1778 = CARTESIAN_POINT('',(-0.,0.));
#1779 = VECTOR('',#1780,1.);
#1780 = DIRECTION('',(-0.,-1.));
#1781 = ( GEOMETRIC_REPRESENTATION_CONTEXT(2) 
PARAMETRIC_REPRESENTATION_CONTEXT() REPRESENTATION_CONTEXT('2D SPACE',''
  ) );
#1782 = ORIENTED_EDGE('',*,*,#117,.T.);
#1783 = ORIENTED_EDGE('',*,*,#476,.T.);
#1784 = ORIENTED_EDGE('',*,*,#1762,.F.);
#1785 = ORIENTED_EDGE('',*,*,#1786,.F.);
#1786 = EDGE_CURVE('',#1666,#1664,#1787,.T.);
#1787 = SURFACE_CURVE('',#1788,(#1815,#1845),.PCURVE_S1.);
#1788 = B_SPLINE_CURVE_WITH_KNOTS('',7,(#1789,#1790,#1791,#1792,#1793,
    #1794,#1795,#1796,#1797,#1798,#1799,#1800,#1801,#1802,#1803,#1804,
    #1805,#1806,#1807,#1808,#1809,#1810,#1811,#1812,#1813,#1814),
  .UNSPECIFIED.,.F.,.F.,(8,6,6,6,8),(0.,0.241822440742,0.500031471977,
    0.75824050321,1.),.UNSPECIFIED.);
#1789 = CARTESIAN_POINT('',(-42.,4.5,4.594282438712E-16));
#1790 = CARTESIAN_POINT('',(-42.,4.5,0.149353015263));
#1791 = CARTESIAN_POINT('',(-41.9783134156,4.494216620842,0.296019467169
    ));
#1792 = CARTESIAN_POINT('',(-41.93634379276,4.483026223069,
    0.436214782509));
#1793 = CARTESIAN_POINT('',(-41.8762882721,4.467619164447,0.566561430445
    ));
#1794 = CARTESIAN_POINT('',(-41.80112714581,4.449809633474,
    0.684242243092));
#1795 = CARTESIAN_POINT('',(-41.71465171977,4.431501236884,0.78724624176
    ));
#1796 = CARTESIAN_POINT('',(-41.52194615769,4.395639529652,
    0.968208809764));
#1797 = CARTESIAN_POINT('',(-41.41279609171,4.377853656451,
    1.045854904333));
#1798 = CARTESIAN_POINT('',(-41.29665833809,4.362219935704,
    1.107692233235));
#1799 = CARTESIAN_POINT('',(-41.17563460775,4.349808468645,
    1.153887146339));
#1800 = CARTESIAN_POINT('',(-41.05149134261,4.341305777858,
    1.184617592229));
#1801 = CARTESIAN_POINT('',(-40.92578558835,4.33704968844,1.2));
#1802 = CARTESIAN_POINT('',(-40.67421441164,4.33704968844,1.2));
#1803 = CARTESIAN_POINT('',(-40.54850865738,4.341305777858,
    1.184617592229));
#1804 = CARTESIAN_POINT('',(-40.42436539224,4.349808468645,
    1.153887146339));
#1805 = CARTESIAN_POINT('',(-40.3033416619,4.362219935704,1.107692233235
    ));
#1806 = CARTESIAN_POINT('',(-40.18720390828,4.377853656451,
    1.045854904333));
#1807 = CARTESIAN_POINT('',(-40.0780538423,4.395639529652,0.968208809764
    ));
#1808 = CARTESIAN_POINT('',(-39.885372538,4.431496722612,0.787269021325)
  );
#1809 = CARTESIAN_POINT('',(-39.79888257619,4.449806664947,
    0.684262731661));
#1810 = CARTESIAN_POINT('',(-39.72370061261,4.467621298279,
    0.566557994563));
#1811 = CARTESIAN_POINT('',(-39.66363562556,4.483031724933,
    0.436179568172));
#1812 = CARTESIAN_POINT('',(-39.62167233256,4.494220418362,
    0.295962838045));
#1813 = CARTESIAN_POINT('',(-39.6,4.5,0.149303940308));
#1814 = CARTESIAN_POINT('',(-39.6,4.5,1.469576158977E-16));
#1815 = PCURVE('',#179,#1816);
#1816 = DEFINITIONAL_REPRESENTATION('',(#1817),#1844);
#1817 = B_SPLINE_CURVE_WITH_KNOTS('',7,(#1818,#1819,#1820,#1821,#1822,
    #1823,#1824,#1825,#1826,#1827,#1828,#1829,#1830,#1831,#1832,#1833,
    #1834,#1835,#1836,#1837,#1838,#1839,#1840,#1841,#1842,#1843),
  .UNSPECIFIED.,.F.,.F.,(8,6,6,6,8),(0.,0.241822440742,0.500031471977,
    0.75824050321,1.),.UNSPECIFIED.);
#1818 = CARTESIAN_POINT('',(-3.14159265359,-4.5));
#1819 = CARTESIAN_POINT('',(-3.266053499642,-4.5));
#1820 = CARTESIAN_POINT('',(-3.388275482042,-4.494216620842));
#1821 = CARTESIAN_POINT('',(-3.508254158779,-4.483026223069));
#1822 = CARTESIAN_POINT('',(-3.625813302749,-4.467619164447));
#1823 = CARTESIAN_POINT('',(-3.740578170954,-4.449809633474));
#1824 = CARTESIAN_POINT('',(-3.851869016624,-4.431501236884));
#1825 = CARTESIAN_POINT('',(-4.07216377603,-4.395639529652));
#1826 = CARTESIAN_POINT('',(-4.182763330871,-4.377853656451));
#1827 = CARTESIAN_POINT('',(-4.290993402758,-4.362219935704));
#1828 = CARTESIAN_POINT('',(-4.397478758909,-4.349808468645));
#1829 = CARTESIAN_POINT('',(-4.502812930491,-4.341305777858));
#1830 = CARTESIAN_POINT('',(-4.607567656759,-4.33704968844));
#1831 = CARTESIAN_POINT('',(-4.817210304011,-4.33704968844));
#1832 = CARTESIAN_POINT('',(-4.921965030279,-4.341305777858));
#1833 = CARTESIAN_POINT('',(-5.02729920186,-4.349808468645));
#1834 = CARTESIAN_POINT('',(-5.133784558012,-4.362219935704));
#1835 = CARTESIAN_POINT('',(-5.242014629898,-4.377853656451));
#1836 = CARTESIAN_POINT('',(-5.352614184739,-4.395639529652));
#1837 = CARTESIAN_POINT('',(-5.572881213445,-4.431496722612));
#1838 = CARTESIAN_POINT('',(-5.684182202299,-4.449806664947));
#1839 = CARTESIAN_POINT('',(-5.798971798254,-4.467621298279));
#1840 = CARTESIAN_POINT('',(-5.916556220383,-4.483031724933));
#1841 = CARTESIAN_POINT('',(-6.036549676084,-4.494220418362));
#1842 = CARTESIAN_POINT('',(-6.158765356923,-4.5));
#1843 = CARTESIAN_POINT('',(-6.28318530718,-4.5));
#1844 = ( GEOMETRIC_REPRESENTATION_CONTEXT(2) 
PARAMETRIC_REPRESENTATION_CONTEXT() REPRESENTATION_CONTEXT('2D SPACE',''
  ) );
#1845 = PCURVE('',#1727,#1846);
#1846 = DEFINITIONAL_REPRESENTATION('',(#1847),#1874);
#1847 = B_SPLINE_CURVE_WITH_KNOTS('',7,(#1848,#1849,#1850,#1851,#1852,
    #1853,#1854,#1855,#1856,#1857,#1858,#1859,#1860,#1861,#1862,#1863,
    #1864,#1865,#1866,#1867,#1868,#1869,#1870,#1871,#1872,#1873),
  .UNSPECIFIED.,.F.,.F.,(8,6,6,6,8),(0.,0.241822440742,0.500031471977,
    0.75824050321,1.),.UNSPECIFIED.);
#1848 = CARTESIAN_POINT('',(0.,5.));
#1849 = CARTESIAN_POINT('',(-3.318955894727E-02,5.));
#1850 = CARTESIAN_POINT('',(-6.578215542204E-02,4.978313415606));
#1851 = CARTESIAN_POINT('',(-9.699610816425E-02,4.936343792766));
#1852 = CARTESIAN_POINT('',(-0.126132268487,4.876288272104));
#1853 = CARTESIAN_POINT('',(-0.1525670092,4.801127145815));
#1854 = CARTESIAN_POINT('',(-0.175810985238,4.71465171977));
#1855 = CARTESIAN_POINT('',(-0.216806927864,4.521946157699));
#1856 = CARTESIAN_POINT('',(-0.234500776596,4.412796091714));
#1857 = CARTESIAN_POINT('',(-0.248671143053,4.296658338093));
#1858 = CARTESIAN_POINT('',(-0.259300504098,4.175634607757));
#1859 = CARTESIAN_POINT('',(-0.266386047075,4.051491342615));
#1860 = CARTESIAN_POINT('',(-0.269932795833,3.925785588351));
#1861 = CARTESIAN_POINT('',(-0.269932795833,3.674214411649));
#1862 = CARTESIAN_POINT('',(-0.266386047075,3.548508657384));
#1863 = CARTESIAN_POINT('',(-0.259300504098,3.424365392243));
#1864 = CARTESIAN_POINT('',(-0.248671143053,3.303341661906));
#1865 = CARTESIAN_POINT('',(-0.234500776596,3.187203908286));
#1866 = CARTESIAN_POINT('',(-0.216806927864,3.078053842301));
#1867 = CARTESIAN_POINT('',(-0.175816145806,2.885372538003));
#1868 = CARTESIAN_POINT('',(-0.152571604407,2.798882576194));
#1869 = CARTESIAN_POINT('',(-0.12613143369,2.723700612617));
#1870 = CARTESIAN_POINT('',(-9.698822035467E-02,2.663635625561));
#1871 = CARTESIAN_POINT('',(-6.576957197257E-02,2.621672332563));
#1872 = CARTESIAN_POINT('',(-3.317865340169E-02,2.6));
#1873 = CARTESIAN_POINT('',(0.,2.6));
#1874 = ( GEOMETRIC_REPRESENTATION_CONTEXT(2) 
PARAMETRIC_REPRESENTATION_CONTEXT() REPRESENTATION_CONTEXT('2D SPACE',''
  ) );
#1875 = ADVANCED_FACE('',(#1876),#299,.F.);
#1876 = FACE_BOUND('',#1877,.T.);
#1877 = EDGE_LOOP('',(#1878,#1972,#1993,#1994,#1995,#1996));
#1878 = ORIENTED_EDGE('',*,*,#1879,.F.);
#1879 = EDGE_CURVE('',#1880,#1882,#1884,.T.);
#1880 = VERTEX_POINT('',#1881);
#1881 = CARTESIAN_POINT('',(-44.,4.5,0.));
#1882 = VERTEX_POINT('',#1883);
#1883 = CARTESIAN_POINT('',(-46.4,4.5,0.));
#1884 = SURFACE_CURVE('',#1885,(#1912,#1942),.PCURVE_S1.);
#1885 = B_SPLINE_CURVE_WITH_KNOTS('',7,(#1886,#1887,#1888,#1889,#1890,
    #1891,#1892,#1893,#1894,#1895,#1896,#1897,#1898,#1899,#1900,#1901,
    #1902,#1903,#1904,#1905,#1906,#1907,#1908,#1909,#1910,#1911),
  .UNSPECIFIED.,.F.,.F.,(8,6,6,6,8),(0.,0.241820130929,0.500027240623,
    0.758242510804,1.),.UNSPECIFIED.);
#1886 = CARTESIAN_POINT('',(-44.,4.5,-4.440892098501E-16));
#1887 = CARTESIAN_POINT('',(-44.,4.5,-0.149353015263));
#1888 = CARTESIAN_POINT('',(-44.02168658439,4.494216620842,
    -0.296019467169));
#1889 = CARTESIAN_POINT('',(-44.06365620723,4.483026223069,
    -0.436214782509));
#1890 = CARTESIAN_POINT('',(-44.12371172789,4.467619164447,
    -0.566561430445));
#1891 = CARTESIAN_POINT('',(-44.19887285418,4.449809633474,
    -0.684242243091));
#1892 = CARTESIAN_POINT('',(-44.28534828023,4.431501236884,
    -0.787246241761));
#1893 = CARTESIAN_POINT('',(-44.47805405225,4.39563949058,
    -0.968209006928));
#1894 = CARTESIAN_POINT('',(-44.58720340976,4.377853757327,
    -1.045854341986));
#1895 = CARTESIAN_POINT('',(-44.7033409048,4.362220034971,-1.10769204472
    ));
#1896 = CARTESIAN_POINT('',(-44.82436596606,4.349808265273,
    -1.153887875858));
#1897 = CARTESIAN_POINT('',(-44.94851159492,4.341305512296,
    -1.184618554739));
#1898 = CARTESIAN_POINT('',(-45.0742183869,4.33704968844,-1.2));
#1899 = CARTESIAN_POINT('',(-45.32578558835,4.33704968844,-1.2));
#1900 = CARTESIAN_POINT('',(-45.45149134261,4.341305777858,
    -1.18461759223));
#1901 = CARTESIAN_POINT('',(-45.57563460775,4.349808468645,
    -1.153887146339));
#1902 = CARTESIAN_POINT('',(-45.69665833809,4.362219935704,
    -1.107692233235));
#1903 = CARTESIAN_POINT('',(-45.81279609171,4.377853656451,
    -1.045854904333));
#1904 = CARTESIAN_POINT('',(-45.92194615769,4.395639529652,
    -0.968208809764));
#1905 = CARTESIAN_POINT('',(-46.11462443713,4.431496159699,
    -0.787271861857));
#1906 = CARTESIAN_POINT('',(-46.20111332289,4.449805750153,
    -0.684267999448));
#1907 = CARTESIAN_POINT('',(-46.27629749497,4.467620724522,
    -0.566563083187));
#1908 = CARTESIAN_POINT('',(-46.33636548562,4.483031979828,
    -0.436180704701));
#1909 = CARTESIAN_POINT('',(-46.37832960098,4.49422095456,
    -0.295958418524));
#1910 = CARTESIAN_POINT('',(-46.4,4.5,-0.14929723983));
#1911 = CARTESIAN_POINT('',(-46.4,4.5,0.));
#1912 = PCURVE('',#299,#1913);
#1913 = DEFINITIONAL_REPRESENTATION('',(#1914),#1941);
#1914 = B_SPLINE_CURVE_WITH_KNOTS('',7,(#1915,#1916,#1917,#1918,#1919,
    #1920,#1921,#1922,#1923,#1924,#1925,#1926,#1927,#1928,#1929,#1930,
    #1931,#1932,#1933,#1934,#1935,#1936,#1937,#1938,#1939,#1940),
  .UNSPECIFIED.,.F.,.F.,(8,6,6,6,8),(0.,0.241820130929,0.500027240623,
    0.758242510804,1.),.UNSPECIFIED.);
#1915 = CARTESIAN_POINT('',(0.,-4.5));
#1916 = CARTESIAN_POINT('',(-0.124460846052,-4.5));
#1917 = CARTESIAN_POINT('',(-0.246682828452,-4.494216620842));
#1918 = CARTESIAN_POINT('',(-0.366661505189,-4.483026223069));
#1919 = CARTESIAN_POINT('',(-0.484220649159,-4.467619164447));
#1920 = CARTESIAN_POINT('',(-0.598985517364,-4.449809633474));
#1921 = CARTESIAN_POINT('',(-0.710276363034,-4.431501236884));
#1922 = CARTESIAN_POINT('',(-0.930571362458,-4.39563949058));
#1923 = CARTESIAN_POINT('',(-1.041170058339,-4.377853757327));
#1924 = CARTESIAN_POINT('',(-1.149400177315,-4.362220034971));
#1925 = CARTESIAN_POINT('',(-1.255886766008,-4.349808265273));
#1926 = CARTESIAN_POINT('',(-1.361222718859,-4.341305512296));
#1927 = CARTESIAN_POINT('',(-1.465978315882,-4.33704968844));
#1928 = CARTESIAN_POINT('',(-1.675617650421,-4.33704968844));
#1929 = CARTESIAN_POINT('',(-1.780372376689,-4.341305777858));
#1930 = CARTESIAN_POINT('',(-1.885706548271,-4.349808468645));
#1931 = CARTESIAN_POINT('',(-1.992191904421,-4.362219935704));
#1932 = CARTESIAN_POINT('',(-2.100421976309,-4.377853656451));
#1933 = CARTESIAN_POINT('',(-2.211021531149,-4.395639529652));
#1934 = CARTESIAN_POINT('',(-2.431285101934,-4.431496159699));
#1935 = CARTESIAN_POINT('',(-2.542584056089,-4.449805750153));
#1936 = CARTESIAN_POINT('',(-2.657374885526,-4.467620724522));
#1937 = CARTESIAN_POINT('',(-2.77496303904,-4.483031979828));
#1938 = CARTESIAN_POINT('',(-2.894960703058,-4.49422095456));
#1939 = CARTESIAN_POINT('',(-3.017178287065,-4.5));
#1940 = CARTESIAN_POINT('',(-3.14159265359,-4.5));
#1941 = ( GEOMETRIC_REPRESENTATION_CONTEXT(2) 
PARAMETRIC_REPRESENTATION_CONTEXT() REPRESENTATION_CONTEXT('2D SPACE',''
  ) );
#1942 = PCURVE('',#1727,#1943);
#1943 = DEFINITIONAL_REPRESENTATION('',(#1944),#1971);
#1944 = B_SPLINE_CURVE_WITH_KNOTS('',7,(#1945,#1946,#1947,#1948,#1949,
    #1950,#1951,#1952,#1953,#1954,#1955,#1956,#1957,#1958,#1959,#1960,
    #1961,#1962,#1963,#1964,#1965,#1966,#1967,#1968,#1969,#1970),
  .UNSPECIFIED.,.F.,.F.,(8,6,6,6,8),(0.,0.241820130929,0.500027240623,
    0.758242510804,1.),.UNSPECIFIED.);
#1945 = CARTESIAN_POINT('',(-6.28318530718,7.));
#1946 = CARTESIAN_POINT('',(-6.249995748232,7.));
#1947 = CARTESIAN_POINT('',(-6.217403151758,7.021686584394));
#1948 = CARTESIAN_POINT('',(-6.186189199015,7.063656207234));
#1949 = CARTESIAN_POINT('',(-6.157053038693,7.123711727896));
#1950 = CARTESIAN_POINT('',(-6.130618297979,7.198872854185));
#1951 = CARTESIAN_POINT('',(-6.107374321942,7.28534828023));
#1952 = CARTESIAN_POINT('',(-6.06637833465,7.478054052259));
#1953 = CARTESIAN_POINT('',(-6.048684657677,7.58720340976));
#1954 = CARTESIAN_POINT('',(-6.034514209132,7.703340904804));
#1955 = CARTESIAN_POINT('',(-6.023884635957,7.824365966064));
#1956 = CARTESIAN_POINT('',(-6.016799037723,7.948511594928));
#1957 = CARTESIAN_POINT('',(-6.013252511346,8.074218386904));
#1958 = CARTESIAN_POINT('',(-6.013252511346,8.325785588351));
#1959 = CARTESIAN_POINT('',(-6.016799260105,8.451491342615));
#1960 = CARTESIAN_POINT('',(-6.023884803082,8.575634607757));
#1961 = CARTESIAN_POINT('',(-6.034514164127,8.696658338093));
#1962 = CARTESIAN_POINT('',(-6.048684530584,8.812796091714));
#1963 = CARTESIAN_POINT('',(-6.066378379316,8.921946157699));
#1964 = CARTESIAN_POINT('',(-6.107368517869,9.114624437138));
#1965 = CARTESIAN_POINT('',(-6.130612513415,9.201113322898));
#1966 = CARTESIAN_POINT('',(-6.157052743246,9.276297494971));
#1967 = CARTESIAN_POINT('',(-6.186196837163,9.336365485629));
#1968 = CARTESIAN_POINT('',(-6.217416720475,9.378329600988));
#1969 = CARTESIAN_POINT('',(-6.250008142773,9.4));
#1970 = CARTESIAN_POINT('',(-6.28318530718,9.4));
#1971 = ( GEOMETRIC_REPRESENTATION_CONTEXT(2) 
PARAMETRIC_REPRESENTATION_CONTEXT() REPRESENTATION_CONTEXT('2D SPACE',''
  ) );
#1972 = ORIENTED_EDGE('',*,*,#1973,.T.);
#1973 = EDGE_CURVE('',#1880,#215,#1974,.T.);
#1974 = SEAM_CURVE('',#1975,(#1979,#1986),.PCURVE_S1.);
#1975 = LINE('',#1976,#1977);
#1976 = CARTESIAN_POINT('',(-44.,0.,0.));
#1977 = VECTOR('',#1978,1.);
#1978 = DIRECTION('',(0.,1.,0.));
#1979 = PCURVE('',#299,#1980);
#1980 = DEFINITIONAL_REPRESENTATION('',(#1981),#1985);
#1981 = LINE('',#1982,#1983);
#1982 = CARTESIAN_POINT('',(-6.28318530718,0.));
#1983 = VECTOR('',#1984,1.);
#1984 = DIRECTION('',(-0.,-1.));
#1985 = ( GEOMETRIC_REPRESENTATION_CONTEXT(2) 
PARAMETRIC_REPRESENTATION_CONTEXT() REPRESENTATION_CONTEXT('2D SPACE',''
  ) );
#1986 = PCURVE('',#299,#1987);
#1987 = DEFINITIONAL_REPRESENTATION('',(#1988),#1992);
#1988 = LINE('',#1989,#1990);
#1989 = CARTESIAN_POINT('',(-0.,0.));
#1990 = VECTOR('',#1991,1.);
#1991 = DIRECTION('',(-0.,-1.));
#1992 = ( GEOMETRIC_REPRESENTATION_CONTEXT(2) 
PARAMETRIC_REPRESENTATION_CONTEXT() REPRESENTATION_CONTEXT('2D SPACE',''
  ) );
#1993 = ORIENTED_EDGE('',*,*,#237,.T.);
#1994 = ORIENTED_EDGE('',*,*,#385,.T.);
#1995 = ORIENTED_EDGE('',*,*,#1973,.F.);
#1996 = ORIENTED_EDGE('',*,*,#1997,.F.);
#1997 = EDGE_CURVE('',#1882,#1880,#1998,.T.);
#1998 = SURFACE_CURVE('',#1999,(#2026,#2056),.PCURVE_S1.);
#1999 = B_SPLINE_CURVE_WITH_KNOTS('',7,(#2000,#2001,#2002,#2003,#2004,
    #2005,#2006,#2007,#2008,#2009,#2010,#2011,#2012,#2013,#2014,#2015,
    #2016,#2017,#2018,#2019,#2020,#2021,#2022,#2023,#2024,#2025),
  .UNSPECIFIED.,.F.,.F.,(8,6,6,6,8),(0.,0.241822440742,0.500031471976,
    0.75824050321,1.),.UNSPECIFIED.);
#2000 = CARTESIAN_POINT('',(-46.4,4.5,4.594282438712E-16));
#2001 = CARTESIAN_POINT('',(-46.4,4.5,0.149353015263));
#2002 = CARTESIAN_POINT('',(-46.3783134156,4.494216620842,0.296019467169
    ));
#2003 = CARTESIAN_POINT('',(-46.33634379276,4.483026223069,
    0.436214782509));
#2004 = CARTESIAN_POINT('',(-46.2762882721,4.467619164447,0.566561430445
    ));
#2005 = CARTESIAN_POINT('',(-46.20112714581,4.449809633474,
    0.684242243091));
#2006 = CARTESIAN_POINT('',(-46.11465171977,4.431501236884,0.78724624176
    ));
#2007 = CARTESIAN_POINT('',(-45.92194615769,4.395639529652,
    0.968208809764));
#2008 = CARTESIAN_POINT('',(-45.81279609171,4.377853656451,
    1.045854904333));
#2009 = CARTESIAN_POINT('',(-45.69665833809,4.362219935704,
    1.107692233235));
#2010 = CARTESIAN_POINT('',(-45.57563460775,4.349808468645,
    1.153887146339));
#2011 = CARTESIAN_POINT('',(-45.45149134261,4.341305777858,
    1.184617592229));
#2012 = CARTESIAN_POINT('',(-45.32578558835,4.33704968844,1.2));
#2013 = CARTESIAN_POINT('',(-45.07421441164,4.33704968844,1.2));
#2014 = CARTESIAN_POINT('',(-44.94850865738,4.341305777858,
    1.184617592229));
#2015 = CARTESIAN_POINT('',(-44.82436539224,4.349808468645,
    1.153887146339));
#2016 = CARTESIAN_POINT('',(-44.7033416619,4.362219935704,1.107692233235
    ));
#2017 = CARTESIAN_POINT('',(-44.58720390828,4.377853656451,
    1.045854904333));
#2018 = CARTESIAN_POINT('',(-44.4780538423,4.395639529652,0.968208809764
    ));
#2019 = CARTESIAN_POINT('',(-44.285372538,4.431496722612,0.787269021325)
  );
#2020 = CARTESIAN_POINT('',(-44.19888257619,4.449806664947,
    0.684262731661));
#2021 = CARTESIAN_POINT('',(-44.12370061261,4.467621298279,
    0.566557994562));
#2022 = CARTESIAN_POINT('',(-44.06363562556,4.483031724933,
    0.436179568172));
#2023 = CARTESIAN_POINT('',(-44.02167233256,4.494220418362,
    0.295962838045));
#2024 = CARTESIAN_POINT('',(-44.,4.5,0.149303940308));
#2025 = CARTESIAN_POINT('',(-44.,4.5,1.469576158977E-16));
#2026 = PCURVE('',#299,#2027);
#2027 = DEFINITIONAL_REPRESENTATION('',(#2028),#2055);
#2028 = B_SPLINE_CURVE_WITH_KNOTS('',7,(#2029,#2030,#2031,#2032,#2033,
    #2034,#2035,#2036,#2037,#2038,#2039,#2040,#2041,#2042,#2043,#2044,
    #2045,#2046,#2047,#2048,#2049,#2050,#2051,#2052,#2053,#2054),
  .UNSPECIFIED.,.F.,.F.,(8,6,6,6,8),(0.,0.241822440742,0.500031471976,
    0.75824050321,1.),.UNSPECIFIED.);
#2029 = CARTESIAN_POINT('',(-3.14159265359,-4.5));
#2030 = CARTESIAN_POINT('',(-3.266053499642,-4.5));
#2031 = CARTESIAN_POINT('',(-3.388275482042,-4.494216620842));
#2032 = CARTESIAN_POINT('',(-3.508254158779,-4.483026223069));
#2033 = CARTESIAN_POINT('',(-3.625813302749,-4.467619164447));
#2034 = CARTESIAN_POINT('',(-3.740578170954,-4.449809633474));
#2035 = CARTESIAN_POINT('',(-3.851869016624,-4.431501236884));
#2036 = CARTESIAN_POINT('',(-4.07216377603,-4.395639529652));
#2037 = CARTESIAN_POINT('',(-4.182763330871,-4.377853656451));
#2038 = CARTESIAN_POINT('',(-4.290993402758,-4.362219935704));
#2039 = CARTESIAN_POINT('',(-4.397478758909,-4.349808468645));
#2040 = CARTESIAN_POINT('',(-4.50281293049,-4.341305777858));
#2041 = CARTESIAN_POINT('',(-4.607567656759,-4.33704968844));
#2042 = CARTESIAN_POINT('',(-4.817210304011,-4.33704968844));
#2043 = CARTESIAN_POINT('',(-4.921965030279,-4.341305777858));
#2044 = CARTESIAN_POINT('',(-5.02729920186,-4.349808468645));
#2045 = CARTESIAN_POINT('',(-5.133784558011,-4.362219935704));
#2046 = CARTESIAN_POINT('',(-5.242014629899,-4.377853656451));
#2047 = CARTESIAN_POINT('',(-5.352614184739,-4.395639529652));
#2048 = CARTESIAN_POINT('',(-5.572881213445,-4.431496722612));
#2049 = CARTESIAN_POINT('',(-5.684182202299,-4.449806664947));
#2050 = CARTESIAN_POINT('',(-5.798971798254,-4.467621298279));
#2051 = CARTESIAN_POINT('',(-5.916556220382,-4.483031724933));
#2052 = CARTESIAN_POINT('',(-6.036549676084,-4.494220418362));
#2053 = CARTESIAN_POINT('',(-6.158765356923,-4.5));
#2054 = CARTESIAN_POINT('',(-6.28318530718,-4.5));
#2055 = ( GEOMETRIC_REPRESENTATION_CONTEXT(2) 
PARAMETRIC_REPRESENTATION_CONTEXT() REPRESENTATION_CONTEXT('2D SPACE',''
  ) );
#2056 = PCURVE('',#1727,#2057);
#2057 = DEFINITIONAL_REPRESENTATION('',(#2058),#2085);
#2058 = B_SPLINE_CURVE_WITH_KNOTS('',7,(#2059,#2060,#2061,#2062,#2063,
    #2064,#2065,#2066,#2067,#2068,#2069,#2070,#2071,#2072,#2073,#2074,
    #2075,#2076,#2077,#2078,#2079,#2080,#2081,#2082,#2083,#2084),
  .UNSPECIFIED.,.F.,.F.,(8,6,6,6,8),(0.,0.241822440742,0.500031471976,
    0.75824050321,1.),.UNSPECIFIED.);
#2059 = CARTESIAN_POINT('',(0.,9.4));
#2060 = CARTESIAN_POINT('',(-3.318955894726E-02,9.4));
#2061 = CARTESIAN_POINT('',(-6.578215542206E-02,9.378313415606));
#2062 = CARTESIAN_POINT('',(-9.699610816423E-02,9.336343792766));
#2063 = CARTESIAN_POINT('',(-0.126132268487,9.276288272104));
#2064 = CARTESIAN_POINT('',(-0.1525670092,9.201127145815));
#2065 = CARTESIAN_POINT('',(-0.175810985238,9.11465171977));
#2066 = CARTESIAN_POINT('',(-0.216806927864,8.921946157699));
#2067 = CARTESIAN_POINT('',(-0.234500776596,8.812796091714));
#2068 = CARTESIAN_POINT('',(-0.248671143053,8.696658338093));
#2069 = CARTESIAN_POINT('',(-0.259300504098,8.575634607757));
#2070 = CARTESIAN_POINT('',(-0.266386047075,8.451491342616));
#2071 = CARTESIAN_POINT('',(-0.269932795833,8.325785588351));
#2072 = CARTESIAN_POINT('',(-0.269932795833,8.074214411649));
#2073 = CARTESIAN_POINT('',(-0.266386047075,7.948508657384));
#2074 = CARTESIAN_POINT('',(-0.259300504098,7.824365392243));
#2075 = CARTESIAN_POINT('',(-0.248671143053,7.703341661907));
#2076 = CARTESIAN_POINT('',(-0.234500776596,7.587203908286));
#2077 = CARTESIAN_POINT('',(-0.216806927864,7.478053842301));
#2078 = CARTESIAN_POINT('',(-0.175816145806,7.285372538003));
#2079 = CARTESIAN_POINT('',(-0.152571604407,7.198882576194));
#2080 = CARTESIAN_POINT('',(-0.12613143369,7.123700612617));
#2081 = CARTESIAN_POINT('',(-9.698822035473E-02,7.063635625561));
#2082 = CARTESIAN_POINT('',(-6.576957197254E-02,7.021672332563));
#2083 = CARTESIAN_POINT('',(-3.31786534017E-02,7.));
#2084 = CARTESIAN_POINT('',(0.,7.));
#2085 = ( GEOMETRIC_REPRESENTATION_CONTEXT(2) 
PARAMETRIC_REPRESENTATION_CONTEXT() REPRESENTATION_CONTEXT('2D SPACE',''
  ) );
#2086 = ADVANCED_FACE('',(#2087,#2090),#372,.F.);
#2087 = FACE_BOUND('',#2088,.F.);
#2088 = EDGE_LOOP('',(#2089));
#2089 = ORIENTED_EDGE('',*,*,#357,.T.);
#2090 = FACE_BOUND('',#2091,.F.);
#2091 = EDGE_LOOP('',(#2092));
#2092 = ORIENTED_EDGE('',*,*,#2093,.T.);
#2093 = EDGE_CURVE('',#2094,#2094,#2096,.T.);
#2094 = VERTEX_POINT('',#2095);
#2095 = CARTESIAN_POINT('',(-48.,1.5,0.));
#2096 = SURFACE_CURVE('',#2097,(#2102,#2113),.PCURVE_S1.);
#2097 = CIRCLE('',#2098,1.5);
#2098 = AXIS2_PLACEMENT_3D('',#2099,#2100,#2101);
#2099 = CARTESIAN_POINT('',(-48.,0.,0.));
#2100 = DIRECTION('',(-1.,0.,0.));
#2101 = DIRECTION('',(0.,1.,0.));
#2102 = PCURVE('',#372,#2103);
#2103 = DEFINITIONAL_REPRESENTATION('',(#2104),#2112);
#2104 = ( BOUNDED_CURVE() B_SPLINE_CURVE(2,(#2105,#2106,#2107,#2108,
#2109,#2110,#2111),.UNSPECIFIED.,.T.,.F.) B_SPLINE_CURVE_WITH_KNOTS((1,2
    ,2,2,2,1),(-2.094395102393,0.,2.094395102393,4.188790204786,
6.28318530718,8.377580409573),.UNSPECIFIED.) CURVE() 
GEOMETRIC_REPRESENTATION_ITEM() RATIONAL_B_SPLINE_CURVE((1.,0.5,1.,0.5,
1.,0.5,1.)) REPRESENTATION_ITEM('') );
#2105 = CARTESIAN_POINT('',(1.5,0.));
#2106 = CARTESIAN_POINT('',(1.5,-2.598076211353));
#2107 = CARTESIAN_POINT('',(-0.75,-1.299038105677));
#2108 = CARTESIAN_POINT('',(-3.,-3.673940397442E-16));
#2109 = CARTESIAN_POINT('',(-0.75,1.299038105677));
#2110 = CARTESIAN_POINT('',(1.5,2.598076211353));
#2111 = CARTESIAN_POINT('',(1.5,0.));
#2112 = ( GEOMETRIC_REPRESENTATION_CONTEXT(2) 
PARAMETRIC_REPRESENTATION_CONTEXT() REPRESENTATION_CONTEXT('2D SPACE',''
  ) );
#2113 = PCURVE('',#2114,#2119);
#2114 = CYLINDRICAL_SURFACE('',#2115,1.5);
#2115 = AXIS2_PLACEMENT_3D('',#2116,#2117,#2118);
#2116 = CARTESIAN_POINT('',(-46.7,0.,0.));
#2117 = DIRECTION('',(-1.,-0.,-0.));
#2118 = DIRECTION('',(0.,1.,0.));
#2119 = DEFINITIONAL_REPRESENTATION('',(#2120),#2124);
#2120 = LINE('',#2121,#2122);
#2121 = CARTESIAN_POINT('',(-6.28318530718,1.3));
#2122 = VECTOR('',#2123,1.);
#2123 = DIRECTION('',(1.,-0.));
#2124 = ( GEOMETRIC_REPRESENTATION_CONTEXT(2) 
PARAMETRIC_REPRESENTATION_CONTEXT() REPRESENTATION_CONTEXT('2D SPACE',''
  ) );
#2125 = ADVANCED_FACE('',(#2126),#681,.F.);
#2126 = FACE_BOUND('',#2127,.T.);
#2127 = EDGE_LOOP('',(#2128,#2295,#2316,#2317));
#2128 = ORIENTED_EDGE('',*,*,#2129,.F.);
#2129 = EDGE_CURVE('',#2130,#2130,#2132,.T.);
#2130 = VERTEX_POINT('',#2131);
#2131 = CARTESIAN_POINT('',(-37.4,2.755455298082E-16,4.5));
#2132 = SURFACE_CURVE('',#2133,(#2185,#2240),.PCURVE_S1.);
#2133 = B_SPLINE_CURVE_WITH_KNOTS('',8,(#2134,#2135,#2136,#2137,#2138,
    #2139,#2140,#2141,#2142,#2143,#2144,#2145,#2146,#2147,#2148,#2149,
    #2150,#2151,#2152,#2153,#2154,#2155,#2156,#2157,#2158,#2159,#2160,
    #2161,#2162,#2163,#2164,#2165,#2166,#2167,#2168,#2169,#2170,#2171,
    #2172,#2173,#2174,#2175,#2176,#2177,#2178,#2179,#2180,#2181,#2182,
    #2183,#2184),.UNSPECIFIED.,.T.,.F.,(9,7,7,7,7,7,7,9),(0.,
    0.121400460295,0.251027641653,0.400783402629,0.536896813815,
    0.750647204476,0.879425597833,1.),.UNSPECIFIED.);
#2134 = CARTESIAN_POINT('',(-37.4,2.22044604925E-16,4.5));
#2135 = CARTESIAN_POINT('',(-37.4,0.130683888355,4.5));
#2136 = CARTESIAN_POINT('',(-37.41626493829,0.259352854192,
    4.495662465631));
#2137 = CARTESIAN_POINT('',(-37.44791759866,0.383641539257,
    4.487222622234));
#2138 = CARTESIAN_POINT('',(-37.49368396756,0.501388106477,
    4.475322693758));
#2139 = CARTESIAN_POINT('',(-37.55189715025,0.610691735187,
    4.460940590332));
#2140 = CARTESIAN_POINT('',(-37.62049171069,0.709993242759,
    4.445232534326));
#2141 = CARTESIAN_POINT('',(-37.69699767931,0.798185755654,
    4.429333331947));
#2142 = CARTESIAN_POINT('',(-37.86561522983,0.956528175175,
    4.397954303932));
#2143 = CARTESIAN_POINT('',(-37.95991607038,1.026443008221,4.38230019064
    ));
#2144 = CARTESIAN_POINT('',(-38.05978934416,1.084502906195,
    4.368082680855));
#2145 = CARTESIAN_POINT('',(-38.16385343543,1.130789960289,
    4.356014150122));
#2146 = CARTESIAN_POINT('',(-38.27092057688,1.165411880438,
    4.346619732906));
#2147 = CARTESIAN_POINT('',(-38.37993829292,1.188463916054,
    4.340241556332));
#2148 = CARTESIAN_POINT('',(-38.48994108854,1.2,4.33704968844));
#2149 = CARTESIAN_POINT('',(-38.72714891942,1.2,4.33704968844));
#2150 = CARTESIAN_POINT('',(-38.85428269511,1.184603206082,4.34130969123
    ));
#2151 = CARTESIAN_POINT('',(-38.97993028969,1.153814829956,
    4.349828667756));
#2152 = CARTESIAN_POINT('',(-39.10256247823,1.107535596806,
    4.362303577005));
#2153 = CARTESIAN_POINT('',(-39.22049586945,1.045613401884,
    4.378118994905));
#2154 = CARTESIAN_POINT('',(-39.33179605767,0.967888267827,4.39632785968
    ));
#2155 = CARTESIAN_POINT('',(-39.43414227228,0.874272606319,
    4.415649862805));
#2156 = CARTESIAN_POINT('',(-39.60684760536,0.665507720816,
    4.451659692733));
#2157 = CARTESIAN_POINT('',(-39.68139711054,0.550527992064,
    4.468869429888));
#2158 = CARTESIAN_POINT('',(-39.74278187335,0.421794783774,
    4.484436539853));
#2159 = CARTESIAN_POINT('',(-39.7870281459,0.282426805294,4.496405735697
    ));
#2160 = CARTESIAN_POINT('',(-39.81158291771,0.136361242343,
    4.503204909264));
#2161 = CARTESIAN_POINT('',(-39.8152628006,-1.203676576762E-02,
    4.504110095642));
#2162 = CARTESIAN_POINT('',(-39.79826928349,-0.158335949887,
    4.499404645789));
#2163 = CARTESIAN_POINT('',(-39.7058138637,-0.518426035513,
    4.475471756152));
#2164 = CARTESIAN_POINT('',(-39.60517401085,-0.712828971108,
    4.450176390675));
#2165 = CARTESIAN_POINT('',(-39.47255293076,-0.876227062499,
    4.419454517123));
#2166 = CARTESIAN_POINT('',(-39.31705611455,-1.00682497461,
    4.389108075166));
#2167 = CARTESIAN_POINT('',(-39.14624310811,-1.104046596851,
    4.363593036975));
#2168 = CARTESIAN_POINT('',(-38.96635118782,-1.168215772945,
    4.345845109216));
#2169 = CARTESIAN_POINT('',(-38.78268498468,-1.2,4.33704968844));
#2170 = CARTESIAN_POINT('',(-38.48993761019,-1.2,4.33704968844));
#2171 = CARTESIAN_POINT('',(-38.37993509595,-1.188463194172,
    4.340241755503));
#2172 = CARTESIAN_POINT('',(-38.27091911667,-1.165411063548,4.3466199596
    ));
#2173 = CARTESIAN_POINT('',(-38.16385352707,-1.130789689787,
    4.356014202174));
#2174 = CARTESIAN_POINT('',(-38.05979000429,-1.084503234897,
    4.368082580984));
#2175 = CARTESIAN_POINT('',(-37.95991639179,-1.026443380691,
    4.382300124751));
#2176 = CARTESIAN_POINT('',(-37.86561504612,-0.956528002657,
    4.39795433812));
#2177 = CARTESIAN_POINT('',(-37.69701890486,-0.798205687773,
    4.42932938196));
#2178 = CARTESIAN_POINT('',(-37.62050506664,-0.710014304078,
    4.445229179363));
#2179 = CARTESIAN_POINT('',(-37.55189384895,-0.610697270974,
    4.460940810779));
#2180 = CARTESIAN_POINT('',(-37.49366811908,-0.501368781367,
    4.475326511606));
#2181 = CARTESIAN_POINT('',(-37.44789939068,-0.383598294375,
    4.487227484969));
#2182 = CARTESIAN_POINT('',(-37.41625424942,-0.25929811361,
    4.495665313771));
#2183 = CARTESIAN_POINT('',(-37.4,-0.130640947769,4.5));
#2184 = CARTESIAN_POINT('',(-37.4,2.22044604925E-16,4.5));
#2185 = PCURVE('',#681,#2186);
#2186 = DEFINITIONAL_REPRESENTATION('',(#2187),#2239);
#2187 = B_SPLINE_CURVE_WITH_KNOTS('',8,(#2188,#2189,#2190,#2191,#2192,
    #2193,#2194,#2195,#2196,#2197,#2198,#2199,#2200,#2201,#2202,#2203,
    #2204,#2205,#2206,#2207,#2208,#2209,#2210,#2211,#2212,#2213,#2214,
    #2215,#2216,#2217,#2218,#2219,#2220,#2221,#2222,#2223,#2224,#2225,
    #2226,#2227,#2228,#2229,#2230,#2231,#2232,#2233,#2234,#2235,#2236,
    #2237,#2238),.UNSPECIFIED.,.F.,.F.,(9,7,7,7,7,7,7,9),(0.,
    0.121400460295,0.251027641653,0.400783402629,0.536896813815,
    0.750647204476,0.879425597833,1.),.UNSPECIFIED.);
#2188 = CARTESIAN_POINT('',(0.,-4.5));
#2189 = CARTESIAN_POINT('',(-0.108903240296,-4.5));
#2190 = CARTESIAN_POINT('',(-0.216127332852,-4.495662465631));
#2191 = CARTESIAN_POINT('',(-0.321669501413,-4.487222622234));
#2192 = CARTESIAN_POINT('',(-0.425441077174,-4.475322693758));
#2193 = CARTESIAN_POINT('',(-0.527257474736,-4.460940590332));
#2194 = CARTESIAN_POINT('',(-0.626808228782,-4.445232534326));
#2195 = CARTESIAN_POINT('',(-0.723593578897,-4.429333331947));
#2196 = CARTESIAN_POINT('',(-0.916351703392,-4.397954303932));
#2197 = CARTESIAN_POINT('',(-1.013520384369,-4.38230019064));
#2198 = CARTESIAN_POINT('',(-1.108813882699,-4.368082680855));
#2199 = CARTESIAN_POINT('',(-1.202643471661,-4.356014150122));
#2200 = CARTESIAN_POINT('',(-1.295387748327,-4.346619732906));
#2201 = CARTESIAN_POINT('',(-1.387411618115,-4.340241556332));
#2202 = CARTESIAN_POINT('',(-1.479080567246,-4.33704968844));
#2203 = CARTESIAN_POINT('',(-1.676753759647,-4.33704968844));
#2204 = CARTESIAN_POINT('',(-1.782698302345,-4.34130969123));
#2205 = CARTESIAN_POINT('',(-1.889218282968,-4.349828667756));
#2206 = CARTESIAN_POINT('',(-1.996847000192,-4.362303577005));
#2207 = CARTESIAN_POINT('',(-2.106138536436,-4.378118994905));
#2208 = CARTESIAN_POINT('',(-2.2176866741,-4.39632785968));
#2209 = CARTESIAN_POINT('',(-2.332161998343,-4.415649862805));
#2210 = CARTESIAN_POINT('',(-2.557947524484,-4.451659692733));
#2211 = CARTESIAN_POINT('',(-2.67137576565,-4.468869429888));
#2212 = CARTESIAN_POINT('',(-2.78853142553,-4.484436539853));
#2213 = CARTESIAN_POINT('',(-2.908085715242,-4.496405735697));
#2214 = CARTESIAN_POINT('',(-3.029095561349,-4.503204909264));
#2215 = CARTESIAN_POINT('',(-3.150783167632,-4.504110095642));
#2216 = CARTESIAN_POINT('',(-3.272390134174,-4.499404645789));
#2217 = CARTESIAN_POINT('',(-3.582198401959,-4.475471756152));
#2218 = CARTESIAN_POINT('',(-3.759970212008,-4.450176390675));
#2219 = CARTESIAN_POINT('',(-3.929660382069,-4.419454517123));
#2220 = CARTESIAN_POINT('',(-4.093076213807,-4.389108075166));
#2221 = CARTESIAN_POINT('',(-4.25181740793,-4.363593036975));
#2222 = CARTESIAN_POINT('',(-4.407094686599,-4.345845109216));
#2223 = CARTESIAN_POINT('',(-4.560151493145,-4.33704968844));
#2224 = CARTESIAN_POINT('',(-4.804107638557,-4.33704968844));
#2225 = CARTESIAN_POINT('',(-4.895776348712,-4.340241755503));
#2226 = CARTESIAN_POINT('',(-4.987798887517,-4.3466199596));
#2227 = CARTESIAN_POINT('',(-5.080541879936,-4.356014202174));
#2228 = CARTESIAN_POINT('',(-5.174370834969,-4.368082580984));
#2229 = CARTESIAN_POINT('',(-5.269664518608,-4.382300124751));
#2230 = CARTESIAN_POINT('',(-5.366833813803,-4.39795433812));
#2231 = CARTESIAN_POINT('',(-5.55956746392,-4.42932938196));
#2232 = CARTESIAN_POINT('',(-5.656356955085,-4.445229179363));
#2233 = CARTESIAN_POINT('',(-5.755925699772,-4.460940810779));
#2234 = CARTESIAN_POINT('',(-5.857764009318,-4.475326511606));
#2235 = CARTESIAN_POINT('',(-5.96155376627,-4.487227484969));
#2236 = CARTESIAN_POINT('',(-6.067103596294,-4.495665313771));
#2237 = CARTESIAN_POINT('',(-6.174317850705,-4.5));
#2238 = CARTESIAN_POINT('',(-6.28318530718,-4.5));
#2239 = ( GEOMETRIC_REPRESENTATION_CONTEXT(2) 
PARAMETRIC_REPRESENTATION_CONTEXT() REPRESENTATION_CONTEXT('2D SPACE',''
  ) );
#2240 = PCURVE('',#1727,#2241);
#2241 = DEFINITIONAL_REPRESENTATION('',(#2242),#2294);
#2242 = B_SPLINE_CURVE_WITH_KNOTS('',8,(#2243,#2244,#2245,#2246,#2247,
    #2248,#2249,#2250,#2251,#2252,#2253,#2254,#2255,#2256,#2257,#2258,
    #2259,#2260,#2261,#2262,#2263,#2264,#2265,#2266,#2267,#2268,#2269,
    #2270,#2271,#2272,#2273,#2274,#2275,#2276,#2277,#2278,#2279,#2280,
    #2281,#2282,#2283,#2284,#2285,#2286,#2287,#2288,#2289,#2290,#2291,
    #2292,#2293),.UNSPECIFIED.,.T.,.F.,(9,7,7,7,7,7,7,9),(0.,
    0.121400460295,0.251027641653,0.400783402629,0.536896813815,
    0.750647204476,0.879425597833,1.),.UNSPECIFIED.);
#2243 = CARTESIAN_POINT('',(-1.570796326795,0.4));
#2244 = CARTESIAN_POINT('',(-1.541755462716,0.4));
#2245 = CARTESIAN_POINT('',(-1.513162320492,0.416264938296));
#2246 = CARTESIAN_POINT('',(-1.485505450909,0.447917598669));
#2247 = CARTESIAN_POINT('',(-1.459232138469,0.493683967565));
#2248 = CARTESIAN_POINT('',(-1.43475103054,0.551897150254));
#2249 = CARTESIAN_POINT('',(-1.412418323585,0.620491710696));
#2250 = CARTESIAN_POINT('',(-1.392507062823,0.696997679312));
#2251 = CARTESIAN_POINT('',(-1.356635573943,0.865615229837));
#2252 = CARTESIAN_POINT('',(-1.340719096536,0.959916070384));
#2253 = CARTESIAN_POINT('',(-1.327439146952,1.059789344162));
#2254 = CARTESIAN_POINT('',(-1.31681044216,1.163853435434));
#2255 = CARTESIAN_POINT('',(-1.308838556234,1.270920576888));
#2256 = CARTESIAN_POINT('',(-1.303523425744,1.379938292923));
#2257 = CARTESIAN_POINT('',(-1.300863530961,1.489941088541));
#2258 = CARTESIAN_POINT('',(-1.300863530961,1.727148919423));
#2259 = CARTESIAN_POINT('',(-1.304413600924,1.854282695119));
#2260 = CARTESIAN_POINT('',(-1.311512489064,1.979930289693));
#2261 = CARTESIAN_POINT('',(-1.322163690433,2.102562478236));
#2262 = CARTESIAN_POINT('',(-1.336363058862,2.220495869457));
#2263 = CARTESIAN_POINT('',(-1.354094683175,2.331796057672));
#2264 = CARTESIAN_POINT('',(-1.375325263864,2.434142272282));
#2265 = CARTESIAN_POINT('',(-1.422402550081,2.606847605363));
#2266 = CARTESIAN_POINT('',(-1.448231687964,2.681397110541));
#2267 = CARTESIAN_POINT('',(-1.477028604968,2.742781873352));
#2268 = CARTESIAN_POINT('',(-1.508072796197,2.787028145908));
#2269 = CARTESIAN_POINT('',(-1.540516156358,2.81158291771));
#2270 = CARTESIAN_POINT('',(-1.57345326429,2.815262800605));
#2271 = CARTESIAN_POINT('',(-1.605962115658,2.798269283493));
#2272 = CARTESIAN_POINT('',(-1.686158680645,2.705813863703));
#2273 = CARTESIAN_POINT('',(-1.729636952478,2.605174010853));
#2274 = CARTESIAN_POINT('',(-1.766500104954,2.472552930768));
#2275 = CARTESIAN_POINT('',(-1.796271771353,2.31705611455));
#2276 = CARTESIAN_POINT('',(-1.818604957507,2.146243108117));
#2277 = CARTESIAN_POINT('',(-1.833400597997,1.966351187825));
#2278 = CARTESIAN_POINT('',(-1.840729122628,1.782684984688));
#2279 = CARTESIAN_POINT('',(-1.840729122628,1.489937610193));
#2280 = CARTESIAN_POINT('',(-1.838069061059,1.37993509595));
#2281 = CARTESIAN_POINT('',(-1.832753909509,1.270919116671));
#2282 = CARTESIAN_POINT('',(-1.82478215037,1.163853527075));
#2283 = CARTESIAN_POINT('',(-1.814153582426,1.059790004299));
#2284 = CARTESIAN_POINT('',(-1.800873641208,0.95991639179));
#2285 = CARTESIAN_POINT('',(-1.784957040564,0.865615046124));
#2286 = CARTESIAN_POINT('',(-1.749090106264,0.697018904863));
#2287 = CARTESIAN_POINT('',(-1.729179066552,0.620505066646));
#2288 = CARTESIAN_POINT('',(-1.706842824504,0.551893848958));
#2289 = CARTESIAN_POINT('',(-1.682356153817,0.493668119089));
#2290 = CARTESIAN_POINT('',(-1.656077554006,0.447899390687));
#2291 = CARTESIAN_POINT('',(-1.628418169125,0.416254249422));
#2292 = CARTESIAN_POINT('',(-1.599827648521,0.4));
#2293 = CARTESIAN_POINT('',(-1.570796326795,0.4));
#2294 = ( GEOMETRIC_REPRESENTATION_CONTEXT(2) 
PARAMETRIC_REPRESENTATION_CONTEXT() REPRESENTATION_CONTEXT('2D SPACE',''
  ) );
#2295 = ORIENTED_EDGE('',*,*,#2296,.T.);
#2296 = EDGE_CURVE('',#2130,#570,#2297,.T.);
#2297 = SEAM_CURVE('',#2298,(#2302,#2309),.PCURVE_S1.);
#2298 = LINE('',#2299,#2300);
#2299 = CARTESIAN_POINT('',(-37.4,0.,0.));
#2300 = VECTOR('',#2301,1.);
#2301 = DIRECTION('',(0.,6.123233995737E-17,1.));
#2302 = PCURVE('',#681,#2303);
#2303 = DEFINITIONAL_REPRESENTATION('',(#2304),#2308);
#2304 = LINE('',#2305,#2306);
#2305 = CARTESIAN_POINT('',(-6.28318530718,0.));
#2306 = VECTOR('',#2307,1.);
#2307 = DIRECTION('',(-0.,-1.));
#2308 = ( GEOMETRIC_REPRESENTATION_CONTEXT(2) 
PARAMETRIC_REPRESENTATION_CONTEXT() REPRESENTATION_CONTEXT('2D SPACE',''
  ) );
#2309 = PCURVE('',#681,#2310);
#2310 = DEFINITIONAL_REPRESENTATION('',(#2311),#2315);
#2311 = LINE('',#2312,#2313);
#2312 = CARTESIAN_POINT('',(-0.,0.));
#2313 = VECTOR('',#2314,1.);
#2314 = DIRECTION('',(-0.,-1.));
#2315 = ( GEOMETRIC_REPRESENTATION_CONTEXT(2) 
PARAMETRIC_REPRESENTATION_CONTEXT() REPRESENTATION_CONTEXT('2D SPACE',''
  ) );
#2316 = ORIENTED_EDGE('',*,*,#569,.T.);
#2317 = ORIENTED_EDGE('',*,*,#2296,.F.);
#2318 = ADVANCED_FACE('',(#2319),#855,.F.);
#2319 = FACE_BOUND('',#2320,.T.);
#2320 = EDGE_LOOP('',(#2321,#2488,#2509,#2510));
#2321 = ORIENTED_EDGE('',*,*,#2322,.F.);
#2322 = EDGE_CURVE('',#2323,#2323,#2325,.T.);
#2323 = VERTEX_POINT('',#2324);
#2324 = CARTESIAN_POINT('',(-37.4,-8.266365894245E-16,-4.5));
#2325 = SURFACE_CURVE('',#2326,(#2378,#2433),.PCURVE_S1.);
#2326 = B_SPLINE_CURVE_WITH_KNOTS('',8,(#2327,#2328,#2329,#2330,#2331,
    #2332,#2333,#2334,#2335,#2336,#2337,#2338,#2339,#2340,#2341,#2342,
    #2343,#2344,#2345,#2346,#2347,#2348,#2349,#2350,#2351,#2352,#2353,
    #2354,#2355,#2356,#2357,#2358,#2359,#2360,#2361,#2362,#2363,#2364,
    #2365,#2366,#2367,#2368,#2369,#2370,#2371,#2372,#2373,#2374,#2375,
    #2376,#2377),.UNSPECIFIED.,.T.,.F.,(9,7,7,7,7,7,7,9),(0.,
    0.121400460294,0.251027641653,0.400783402629,0.536896813815,
    0.750647204476,0.879425597833,1.),.UNSPECIFIED.);
#2327 = CARTESIAN_POINT('',(-37.4,-6.661338147751E-16,-4.5));
#2328 = CARTESIAN_POINT('',(-37.4,-0.130683888355,-4.5));
#2329 = CARTESIAN_POINT('',(-37.41626493829,-0.259352854192,
    -4.495662465631));
#2330 = CARTESIAN_POINT('',(-37.44791759866,-0.383641539257,
    -4.487222622234));
#2331 = CARTESIAN_POINT('',(-37.49368396756,-0.501388106477,
    -4.475322693758));
#2332 = CARTESIAN_POINT('',(-37.55189715025,-0.610691735187,
    -4.460940590332));
#2333 = CARTESIAN_POINT('',(-37.62049171069,-0.709993242759,
    -4.445232534326));
#2334 = CARTESIAN_POINT('',(-37.69699767931,-0.798185755654,
    -4.429333331947));
#2335 = CARTESIAN_POINT('',(-37.86561522983,-0.956528175175,
    -4.397954303932));
#2336 = CARTESIAN_POINT('',(-37.95991607038,-1.026443008222,
    -4.38230019064));
#2337 = CARTESIAN_POINT('',(-38.05978934416,-1.084502906195,
    -4.368082680855));
#2338 = CARTESIAN_POINT('',(-38.16385343543,-1.130789960289,
    -4.356014150122));
#2339 = CARTESIAN_POINT('',(-38.27092057688,-1.165411880438,
    -4.346619732906));
#2340 = CARTESIAN_POINT('',(-38.37993829292,-1.188463916054,
    -4.340241556332));
#2341 = CARTESIAN_POINT('',(-38.48994108854,-1.2,-4.33704968844));
#2342 = CARTESIAN_POINT('',(-38.72714891942,-1.2,-4.33704968844));
#2343 = CARTESIAN_POINT('',(-38.85428269511,-1.184603206082,
    -4.34130969123));
#2344 = CARTESIAN_POINT('',(-38.97993028969,-1.153814829955,
    -4.349828667756));
#2345 = CARTESIAN_POINT('',(-39.10256247823,-1.107535596806,
    -4.362303577005));
#2346 = CARTESIAN_POINT('',(-39.22049586945,-1.045613401884,
    -4.378118994905));
#2347 = CARTESIAN_POINT('',(-39.33179605767,-0.967888267826,
    -4.39632785968));
#2348 = CARTESIAN_POINT('',(-39.43414227228,-0.874272606319,
    -4.415649862805));
#2349 = CARTESIAN_POINT('',(-39.60684760536,-0.665507720816,
    -4.451659692733));
#2350 = CARTESIAN_POINT('',(-39.68139711054,-0.550527992065,
    -4.468869429888));
#2351 = CARTESIAN_POINT('',(-39.74278187335,-0.421794783773,
    -4.484436539853));
#2352 = CARTESIAN_POINT('',(-39.7870281459,-0.282426805294,
    -4.496405735697));
#2353 = CARTESIAN_POINT('',(-39.81158291771,-0.136361242344,
    -4.503204909264));
#2354 = CARTESIAN_POINT('',(-39.8152628006,1.203676576778E-02,
    -4.504110095642));
#2355 = CARTESIAN_POINT('',(-39.79826928349,0.158335949886,
    -4.499404645789));
#2356 = CARTESIAN_POINT('',(-39.7058138637,0.518426035513,
    -4.475471756152));
#2357 = CARTESIAN_POINT('',(-39.60517401085,0.712828971108,
    -4.450176390675));
#2358 = CARTESIAN_POINT('',(-39.47255293076,0.876227062499,
    -4.419454517123));
#2359 = CARTESIAN_POINT('',(-39.31705611455,1.006824974611,
    -4.389108075166));
#2360 = CARTESIAN_POINT('',(-39.14624310811,1.10404659685,
    -4.363593036975));
#2361 = CARTESIAN_POINT('',(-38.96635118782,1.168215772945,
    -4.345845109216));
#2362 = CARTESIAN_POINT('',(-38.78268498468,1.2,-4.33704968844));
#2363 = CARTESIAN_POINT('',(-38.48993761019,1.2,-4.33704968844));
#2364 = CARTESIAN_POINT('',(-38.37993509595,1.188463194172,
    -4.340241755503));
#2365 = CARTESIAN_POINT('',(-38.27091911667,1.165411063548,-4.3466199596
    ));
#2366 = CARTESIAN_POINT('',(-38.16385352707,1.130789689787,
    -4.356014202174));
#2367 = CARTESIAN_POINT('',(-38.05979000429,1.084503234897,
    -4.368082580984));
#2368 = CARTESIAN_POINT('',(-37.95991639179,1.026443380691,
    -4.382300124751));
#2369 = CARTESIAN_POINT('',(-37.86561504612,0.956528002657,
    -4.39795433812));
#2370 = CARTESIAN_POINT('',(-37.69701890486,0.798205687773,
    -4.42932938196));
#2371 = CARTESIAN_POINT('',(-37.62050506664,0.710014304078,
    -4.445229179363));
#2372 = CARTESIAN_POINT('',(-37.55189384895,0.610697270974,
    -4.460940810779));
#2373 = CARTESIAN_POINT('',(-37.49366811908,0.501368781367,
    -4.475326511606));
#2374 = CARTESIAN_POINT('',(-37.44789939068,0.383598294375,
    -4.487227484969));
#2375 = CARTESIAN_POINT('',(-37.41625424942,0.25929811361,
    -4.495665313771));
#2376 = CARTESIAN_POINT('',(-37.4,0.130640947769,-4.5));
#2377 = CARTESIAN_POINT('',(-37.4,-6.661338147751E-16,-4.5));
#2378 = PCURVE('',#855,#2379);
#2379 = DEFINITIONAL_REPRESENTATION('',(#2380),#2432);
#2380 = B_SPLINE_CURVE_WITH_KNOTS('',8,(#2381,#2382,#2383,#2384,#2385,
    #2386,#2387,#2388,#2389,#2390,#2391,#2392,#2393,#2394,#2395,#2396,
    #2397,#2398,#2399,#2400,#2401,#2402,#2403,#2404,#2405,#2406,#2407,
    #2408,#2409,#2410,#2411,#2412,#2413,#2414,#2415,#2416,#2417,#2418,
    #2419,#2420,#2421,#2422,#2423,#2424,#2425,#2426,#2427,#2428,#2429,
    #2430,#2431),.UNSPECIFIED.,.F.,.F.,(9,7,7,7,7,7,7,9),(0.,
    0.121400460294,0.251027641653,0.400783402629,0.536896813815,
    0.750647204476,0.879425597833,1.),.UNSPECIFIED.);
#2381 = CARTESIAN_POINT('',(0.,-4.5));
#2382 = CARTESIAN_POINT('',(-0.108903240296,-4.5));
#2383 = CARTESIAN_POINT('',(-0.216127332852,-4.495662465631));
#2384 = CARTESIAN_POINT('',(-0.321669501413,-4.487222622234));
#2385 = CARTESIAN_POINT('',(-0.425441077174,-4.475322693758));
#2386 = CARTESIAN_POINT('',(-0.527257474736,-4.460940590332));
#2387 = CARTESIAN_POINT('',(-0.626808228782,-4.445232534326));
#2388 = CARTESIAN_POINT('',(-0.723593578897,-4.429333331947));
#2389 = CARTESIAN_POINT('',(-0.916351703392,-4.397954303932));
#2390 = CARTESIAN_POINT('',(-1.013520384369,-4.38230019064));
#2391 = CARTESIAN_POINT('',(-1.108813882699,-4.368082680855));
#2392 = CARTESIAN_POINT('',(-1.202643471661,-4.356014150122));
#2393 = CARTESIAN_POINT('',(-1.295387748327,-4.346619732906));
#2394 = CARTESIAN_POINT('',(-1.387411618114,-4.340241556332));
#2395 = CARTESIAN_POINT('',(-1.479080567246,-4.33704968844));
#2396 = CARTESIAN_POINT('',(-1.676753759648,-4.33704968844));
#2397 = CARTESIAN_POINT('',(-1.782698302345,-4.34130969123));
#2398 = CARTESIAN_POINT('',(-1.889218282968,-4.349828667756));
#2399 = CARTESIAN_POINT('',(-1.996847000192,-4.362303577005));
#2400 = CARTESIAN_POINT('',(-2.106138536435,-4.378118994905));
#2401 = CARTESIAN_POINT('',(-2.217686674101,-4.39632785968));
#2402 = CARTESIAN_POINT('',(-2.332161998343,-4.415649862805));
#2403 = CARTESIAN_POINT('',(-2.557947524484,-4.451659692733));
#2404 = CARTESIAN_POINT('',(-2.671375765649,-4.468869429888));
#2405 = CARTESIAN_POINT('',(-2.788531425531,-4.484436539853));
#2406 = CARTESIAN_POINT('',(-2.908085715242,-4.496405735697));
#2407 = CARTESIAN_POINT('',(-3.029095561349,-4.503204909264));
#2408 = CARTESIAN_POINT('',(-3.150783167632,-4.504110095642));
#2409 = CARTESIAN_POINT('',(-3.272390134174,-4.499404645789));
#2410 = CARTESIAN_POINT('',(-3.582198401959,-4.475471756152));
#2411 = CARTESIAN_POINT('',(-3.759970212008,-4.450176390675));
#2412 = CARTESIAN_POINT('',(-3.929660382068,-4.419454517123));
#2413 = CARTESIAN_POINT('',(-4.093076213809,-4.389108075166));
#2414 = CARTESIAN_POINT('',(-4.251817407929,-4.363593036975));
#2415 = CARTESIAN_POINT('',(-4.4070946866,-4.345845109216));
#2416 = CARTESIAN_POINT('',(-4.560151493145,-4.33704968844));
#2417 = CARTESIAN_POINT('',(-4.804107638558,-4.33704968844));
#2418 = CARTESIAN_POINT('',(-4.895776348712,-4.340241755503));
#2419 = CARTESIAN_POINT('',(-4.987798887517,-4.3466199596));
#2420 = CARTESIAN_POINT('',(-5.080541879936,-4.356014202174));
#2421 = CARTESIAN_POINT('',(-5.174370834969,-4.368082580984));
#2422 = CARTESIAN_POINT('',(-5.269664518609,-4.382300124751));
#2423 = CARTESIAN_POINT('',(-5.366833813802,-4.39795433812));
#2424 = CARTESIAN_POINT('',(-5.55956746392,-4.42932938196));
#2425 = CARTESIAN_POINT('',(-5.656356955085,-4.445229179363));
#2426 = CARTESIAN_POINT('',(-5.755925699771,-4.460940810779));
#2427 = CARTESIAN_POINT('',(-5.857764009318,-4.475326511606));
#2428 = CARTESIAN_POINT('',(-5.96155376627,-4.487227484969));
#2429 = CARTESIAN_POINT('',(-6.067103596294,-4.495665313771));
#2430 = CARTESIAN_POINT('',(-6.174317850705,-4.5));
#2431 = CARTESIAN_POINT('',(-6.28318530718,-4.5));
#2432 = ( GEOMETRIC_REPRESENTATION_CONTEXT(2) 
PARAMETRIC_REPRESENTATION_CONTEXT() REPRESENTATION_CONTEXT('2D SPACE',''
  ) );
#2433 = PCURVE('',#1727,#2434);
#2434 = DEFINITIONAL_REPRESENTATION('',(#2435),#2487);
#2435 = B_SPLINE_CURVE_WITH_KNOTS('',8,(#2436,#2437,#2438,#2439,#2440,
    #2441,#2442,#2443,#2444,#2445,#2446,#2447,#2448,#2449,#2450,#2451,
    #2452,#2453,#2454,#2455,#2456,#2457,#2458,#2459,#2460,#2461,#2462,
    #2463,#2464,#2465,#2466,#2467,#2468,#2469,#2470,#2471,#2472,#2473,
    #2474,#2475,#2476,#2477,#2478,#2479,#2480,#2481,#2482,#2483,#2484,
    #2485,#2486),.UNSPECIFIED.,.T.,.F.,(9,7,7,7,7,7,7,9),(0.,
    0.121400460294,0.251027641653,0.400783402629,0.536896813815,
    0.750647204476,0.879425597833,1.),.UNSPECIFIED.);
#2436 = CARTESIAN_POINT('',(-4.712388980385,0.4));
#2437 = CARTESIAN_POINT('',(-4.683348116306,0.4));
#2438 = CARTESIAN_POINT('',(-4.654754974081,0.416264938296));
#2439 = CARTESIAN_POINT('',(-4.627098104499,0.447917598669));
#2440 = CARTESIAN_POINT('',(-4.600824792059,0.493683967565));
#2441 = CARTESIAN_POINT('',(-4.57634368413,0.551897150254));
#2442 = CARTESIAN_POINT('',(-4.554010977175,0.620491710696));
#2443 = CARTESIAN_POINT('',(-4.534099716413,0.696997679312));
#2444 = CARTESIAN_POINT('',(-4.498228227532,0.865615229837));
#2445 = CARTESIAN_POINT('',(-4.482311750126,0.959916070385));
#2446 = CARTESIAN_POINT('',(-4.469031800542,1.059789344162));
#2447 = CARTESIAN_POINT('',(-4.458403095749,1.163853435434));
#2448 = CARTESIAN_POINT('',(-4.450431209824,1.270920576888));
#2449 = CARTESIAN_POINT('',(-4.445116079334,1.379938292922));
#2450 = CARTESIAN_POINT('',(-4.442456184551,1.489941088541));
#2451 = CARTESIAN_POINT('',(-4.442456184551,1.727148919423));
#2452 = CARTESIAN_POINT('',(-4.446006254514,1.854282695119));
#2453 = CARTESIAN_POINT('',(-4.453105142654,1.979930289693));
#2454 = CARTESIAN_POINT('',(-4.463756344022,2.102562478236));
#2455 = CARTESIAN_POINT('',(-4.477955712452,2.220495869456));
#2456 = CARTESIAN_POINT('',(-4.495687336765,2.331796057672));
#2457 = CARTESIAN_POINT('',(-4.516917917453,2.434142272282));
#2458 = CARTESIAN_POINT('',(-4.563995203671,2.606847605363));
#2459 = CARTESIAN_POINT('',(-4.589824341553,2.681397110541));
#2460 = CARTESIAN_POINT('',(-4.618621258558,2.742781873352));
#2461 = CARTESIAN_POINT('',(-4.649665449787,2.787028145908));
#2462 = CARTESIAN_POINT('',(-4.682108809948,2.81158291771));
#2463 = CARTESIAN_POINT('',(-4.715045917879,2.815262800605));
#2464 = CARTESIAN_POINT('',(-4.747554769248,2.798269283493));
#2465 = CARTESIAN_POINT('',(-4.827751334235,2.705813863703));
#2466 = CARTESIAN_POINT('',(-4.871229606068,2.605174010853));
#2467 = CARTESIAN_POINT('',(-4.908092758543,2.472552930768));
#2468 = CARTESIAN_POINT('',(-4.937864424943,2.317056114549));
#2469 = CARTESIAN_POINT('',(-4.960197611097,2.146243108117));
#2470 = CARTESIAN_POINT('',(-4.974993251587,1.966351187824));
#2471 = CARTESIAN_POINT('',(-4.982321776218,1.782684984688));
#2472 = CARTESIAN_POINT('',(-4.982321776218,1.489937610193));
#2473 = CARTESIAN_POINT('',(-4.979661714649,1.379935095951));
#2474 = CARTESIAN_POINT('',(-4.974346563099,1.270919116671));
#2475 = CARTESIAN_POINT('',(-4.96637480396,1.163853527075));
#2476 = CARTESIAN_POINT('',(-4.955746236016,1.059790004299));
#2477 = CARTESIAN_POINT('',(-4.942466294797,0.959916391789));
#2478 = CARTESIAN_POINT('',(-4.926549694154,0.865615046124));
#2479 = CARTESIAN_POINT('',(-4.890682759854,0.697018904863));
#2480 = CARTESIAN_POINT('',(-4.870771720142,0.620505066646));
#2481 = CARTESIAN_POINT('',(-4.848435478094,0.551893848958));
#2482 = CARTESIAN_POINT('',(-4.823948807407,0.493668119089));
#2483 = CARTESIAN_POINT('',(-4.797670207596,0.447899390687));
#2484 = CARTESIAN_POINT('',(-4.770010822714,0.416254249422));
#2485 = CARTESIAN_POINT('',(-4.741420302111,0.4));
#2486 = CARTESIAN_POINT('',(-4.712388980385,0.4));
#2487 = ( GEOMETRIC_REPRESENTATION_CONTEXT(2) 
PARAMETRIC_REPRESENTATION_CONTEXT() REPRESENTATION_CONTEXT('2D SPACE',''
  ) );
#2488 = ORIENTED_EDGE('',*,*,#2489,.T.);
#2489 = EDGE_CURVE('',#2323,#744,#2490,.T.);
#2490 = SEAM_CURVE('',#2491,(#2495,#2502),.PCURVE_S1.);
#2491 = LINE('',#2492,#2493);
#2492 = CARTESIAN_POINT('',(-37.4,0.,0.));
#2493 = VECTOR('',#2494,1.);
#2494 = DIRECTION('',(0.,-1.836970198721E-16,-1.));
#2495 = PCURVE('',#855,#2496);
#2496 = DEFINITIONAL_REPRESENTATION('',(#2497),#2501);
#2497 = LINE('',#2498,#2499);
#2498 = CARTESIAN_POINT('',(-6.28318530718,0.));
#2499 = VECTOR('',#2500,1.);
#2500 = DIRECTION('',(-0.,-1.));
#2501 = ( GEOMETRIC_REPRESENTATION_CONTEXT(2) 
PARAMETRIC_REPRESENTATION_CONTEXT() REPRESENTATION_CONTEXT('2D SPACE',''
  ) );
#2502 = PCURVE('',#855,#2503);
#2503 = DEFINITIONAL_REPRESENTATION('',(#2504),#2508);
#2504 = LINE('',#2505,#2506);
#2505 = CARTESIAN_POINT('',(-0.,0.));
#2506 = VECTOR('',#2507,1.);
#2507 = DIRECTION('',(-0.,-1.));
#2508 = ( GEOMETRIC_REPRESENTATION_CONTEXT(2) 
PARAMETRIC_REPRESENTATION_CONTEXT() REPRESENTATION_CONTEXT('2D SPACE',''
  ) );
#2509 = ORIENTED_EDGE('',*,*,#743,.T.);
#2510 = ORIENTED_EDGE('',*,*,#2489,.F.);
#2511 = ADVANCED_FACE('',(#2512),#1027,.F.);
#2512 = FACE_BOUND('',#2513,.T.);
#2513 = EDGE_LOOP('',(#2514,#2678,#2699,#2700));
#2514 = ORIENTED_EDGE('',*,*,#2515,.F.);
#2515 = EDGE_CURVE('',#2516,#2516,#2518,.T.);
#2516 = VERTEX_POINT('',#2517);
#2517 = CARTESIAN_POINT('',(-39.6,-4.5,5.510910596163E-16));
#2518 = SURFACE_CURVE('',#2519,(#2570,#2624),.PCURVE_S1.);
#2519 = B_SPLINE_CURVE_WITH_KNOTS('',7,(#2520,#2521,#2522,#2523,#2524,
    #2525,#2526,#2527,#2528,#2529,#2530,#2531,#2532,#2533,#2534,#2535,
    #2536,#2537,#2538,#2539,#2540,#2541,#2542,#2543,#2544,#2545,#2546,
    #2547,#2548,#2549,#2550,#2551,#2552,#2553,#2554,#2555,#2556,#2557,
    #2558,#2559,#2560,#2561,#2562,#2563,#2564,#2565,#2566,#2567,#2568,
    #2569),.UNSPECIFIED.,.T.,.F.,(8,6,6,6,6,6,6,6,8),(0.,0.120902626276,
    0.249998237816,0.379097929348,0.49998790285,0.620900934458,
    0.750008549692,0.879116776676,1.),.UNSPECIFIED.);
#2520 = CARTESIAN_POINT('',(-39.6,-4.5,4.440892098501E-16));
#2521 = CARTESIAN_POINT('',(-39.6,-4.5,0.149353015263));
#2522 = CARTESIAN_POINT('',(-39.62168658439,-4.494216620842,
    0.296019467169));
#2523 = CARTESIAN_POINT('',(-39.66365620723,-4.483026223069,
    0.436214782509));
#2524 = CARTESIAN_POINT('',(-39.72371172789,-4.467619164447,
    0.566561430445));
#2525 = CARTESIAN_POINT('',(-39.79887285418,-4.449809633474,
    0.684242243091));
#2526 = CARTESIAN_POINT('',(-39.88534828023,-4.431501236884,
    0.78724624176));
#2527 = CARTESIAN_POINT('',(-40.07805405225,-4.39563949058,
    0.968209006927));
#2528 = CARTESIAN_POINT('',(-40.18720340976,-4.377853757327,
    1.045854341986));
#2529 = CARTESIAN_POINT('',(-40.3033409048,-4.362220034971,1.10769204472
    ));
#2530 = CARTESIAN_POINT('',(-40.42436596606,-4.349808265273,
    1.153887875858));
#2531 = CARTESIAN_POINT('',(-40.54851159492,-4.341305512296,
    1.184618554739));
#2532 = CARTESIAN_POINT('',(-40.6742183869,-4.33704968844,1.2));
#2533 = CARTESIAN_POINT('',(-40.92578558835,-4.33704968844,1.2));
#2534 = CARTESIAN_POINT('',(-41.05149134261,-4.341305777858,
    1.18461759223));
#2535 = CARTESIAN_POINT('',(-41.17563460775,-4.349808468645,
    1.153887146339));
#2536 = CARTESIAN_POINT('',(-41.29665833809,-4.362219935704,
    1.107692233235));
#2537 = CARTESIAN_POINT('',(-41.41279609171,-4.377853656451,
    1.045854904333));
#2538 = CARTESIAN_POINT('',(-41.52194615769,-4.395639529652,
    0.968208809764));
#2539 = CARTESIAN_POINT('',(-41.71463882506,-4.431498837232,
    0.787258350694));
#2540 = CARTESIAN_POINT('',(-41.80111974382,-4.449807637721,
    0.684255236816));
#2541 = CARTESIAN_POINT('',(-41.87629214847,-4.467619731754,
    0.566563381498));
#2542 = CARTESIAN_POINT('',(-41.93635446536,-4.483029061372,
    0.43619885848));
#2543 = CARTESIAN_POINT('',(-41.97832168673,-4.49421883151,
    0.295989029304));
#2544 = CARTESIAN_POINT('',(-42.,-4.5,0.149324533653));
#2545 = CARTESIAN_POINT('',(-42.,-4.5,-0.149353015263));
#2546 = CARTESIAN_POINT('',(-41.9783134156,-4.494216620842,
    -0.296019467169));
#2547 = CARTESIAN_POINT('',(-41.93634379276,-4.483026223069,
    -0.436214782509));
#2548 = CARTESIAN_POINT('',(-41.8762882721,-4.467619164447,
    -0.566561430445));
#2549 = CARTESIAN_POINT('',(-41.80112714581,-4.449809633474,
    -0.684242243092));
#2550 = CARTESIAN_POINT('',(-41.71465171977,-4.431501236884,
    -0.78724624176));
#2551 = CARTESIAN_POINT('',(-41.52194525926,-4.395639362457,
    -0.968209653451));
#2552 = CARTESIAN_POINT('',(-41.41279490145,-4.377853478913,
    -1.045855576312));
#2553 = CARTESIAN_POINT('',(-41.29665747304,-4.362219871435,
    -1.107692458635));
#2554 = CARTESIAN_POINT('',(-41.17563420586,-4.349808446976,
    -1.153887236386));
#2555 = CARTESIAN_POINT('',(-41.05149095593,-4.341305737994,
    -1.18461773409));
#2556 = CARTESIAN_POINT('',(-40.92578499234,-4.33704968844,-1.2));
#2557 = CARTESIAN_POINT('',(-40.67421441164,-4.33704968844,-1.2));
#2558 = CARTESIAN_POINT('',(-40.54850865738,-4.341305777858,
    -1.18461759223));
#2559 = CARTESIAN_POINT('',(-40.42436539224,-4.349808468645,
    -1.153887146338));
#2560 = CARTESIAN_POINT('',(-40.3033416619,-4.362219935704,
    -1.107692233235));
#2561 = CARTESIAN_POINT('',(-40.18720390828,-4.377853656451,
    -1.045854904333));
#2562 = CARTESIAN_POINT('',(-40.0780538423,-4.395639529652,
    -0.968208809764));
#2563 = CARTESIAN_POINT('',(-39.885372538,-4.431496722612,
    -0.787269021325));
#2564 = CARTESIAN_POINT('',(-39.79888257619,-4.449806664947,
    -0.684262731662));
#2565 = CARTESIAN_POINT('',(-39.72370061261,-4.467621298279,
    -0.566557994562));
#2566 = CARTESIAN_POINT('',(-39.66363562556,-4.483031724933,
    -0.436179568173));
#2567 = CARTESIAN_POINT('',(-39.62167233256,-4.494220418362,
    -0.295962838044));
#2568 = CARTESIAN_POINT('',(-39.6,-4.5,-0.149303940308));
#2569 = CARTESIAN_POINT('',(-39.6,-4.5,4.440892098501E-16));
#2570 = PCURVE('',#1027,#2571);
#2571 = DEFINITIONAL_REPRESENTATION('',(#2572),#2623);
#2572 = B_SPLINE_CURVE_WITH_KNOTS('',7,(#2573,#2574,#2575,#2576,#2577,
    #2578,#2579,#2580,#2581,#2582,#2583,#2584,#2585,#2586,#2587,#2588,
    #2589,#2590,#2591,#2592,#2593,#2594,#2595,#2596,#2597,#2598,#2599,
    #2600,#2601,#2602,#2603,#2604,#2605,#2606,#2607,#2608,#2609,#2610,
    #2611,#2612,#2613,#2614,#2615,#2616,#2617,#2618,#2619,#2620,#2621,
    #2622),.UNSPECIFIED.,.F.,.F.,(8,6,6,6,6,6,6,6,8),(0.,0.120902626276,
    0.249998237816,0.379097929348,0.49998790285,0.620900934458,
    0.750008549692,0.879116776676,1.),.UNSPECIFIED.);
#2573 = CARTESIAN_POINT('',(0.,-4.5));
#2574 = CARTESIAN_POINT('',(-0.124460846052,-4.5));
#2575 = CARTESIAN_POINT('',(-0.246682828452,-4.494216620842));
#2576 = CARTESIAN_POINT('',(-0.36666150519,-4.483026223069));
#2577 = CARTESIAN_POINT('',(-0.484220649159,-4.467619164447));
#2578 = CARTESIAN_POINT('',(-0.598985517364,-4.449809633474));
#2579 = CARTESIAN_POINT('',(-0.710276363034,-4.431501236884));
#2580 = CARTESIAN_POINT('',(-0.930571362458,-4.39563949058));
#2581 = CARTESIAN_POINT('',(-1.041170058339,-4.377853757327));
#2582 = CARTESIAN_POINT('',(-1.149400177315,-4.362220034971));
#2583 = CARTESIAN_POINT('',(-1.255886766007,-4.349808265273));
#2584 = CARTESIAN_POINT('',(-1.361222718858,-4.341305512296));
#2585 = CARTESIAN_POINT('',(-1.465978315882,-4.33704968844));
#2586 = CARTESIAN_POINT('',(-1.675617650421,-4.33704968844));
#2587 = CARTESIAN_POINT('',(-1.780372376689,-4.341305777858));
#2588 = CARTESIAN_POINT('',(-1.88570654827,-4.349808468645));
#2589 = CARTESIAN_POINT('',(-1.992191904422,-4.362219935704));
#2590 = CARTESIAN_POINT('',(-2.100421976308,-4.377853656451));
#2591 = CARTESIAN_POINT('',(-2.211021531149,-4.395639529652));
#2592 = CARTESIAN_POINT('',(-2.431301549747,-4.431498837232));
#2593 = CARTESIAN_POINT('',(-2.542595230716,-4.449807637721));
#2594 = CARTESIAN_POINT('',(-2.657372409799,-4.467619731754));
#2595 = CARTESIAN_POINT('',(-2.774946199467,-4.483029061372));
#2596 = CARTESIAN_POINT('',(-2.8949351939,-4.49421883151));
#2597 = CARTESIAN_POINT('',(-3.017155542212,-4.5));
#2598 = CARTESIAN_POINT('',(-3.266053499642,-4.5));
#2599 = CARTESIAN_POINT('',(-3.388275482042,-4.494216620842));
#2600 = CARTESIAN_POINT('',(-3.508254158779,-4.483026223069));
#2601 = CARTESIAN_POINT('',(-3.625813302749,-4.467619164447));
#2602 = CARTESIAN_POINT('',(-3.740578170954,-4.449809633474));
#2603 = CARTESIAN_POINT('',(-3.851869016624,-4.431501236884));
#2604 = CARTESIAN_POINT('',(-4.072164803093,-4.395639362457));
#2605 = CARTESIAN_POINT('',(-4.182764437543,-4.377853478913));
#2606 = CARTESIAN_POINT('',(-4.29099412101,-4.362219871435));
#2607 = CARTESIAN_POINT('',(-4.397479124991,-4.349808446976));
#2608 = CARTESIAN_POINT('',(-4.502813250149,-4.341305737994));
#2609 = CARTESIAN_POINT('',(-4.60756815343,-4.33704968844));
#2610 = CARTESIAN_POINT('',(-4.817210304011,-4.33704968844));
#2611 = CARTESIAN_POINT('',(-4.921965030278,-4.341305777858));
#2612 = CARTESIAN_POINT('',(-5.027299201862,-4.349808468645));
#2613 = CARTESIAN_POINT('',(-5.13378455801,-4.362219935704));
#2614 = CARTESIAN_POINT('',(-5.242014629899,-4.377853656451));
#2615 = CARTESIAN_POINT('',(-5.352614184739,-4.395639529652));
#2616 = CARTESIAN_POINT('',(-5.572881213445,-4.431496722612));
#2617 = CARTESIAN_POINT('',(-5.684182202299,-4.449806664947));
#2618 = CARTESIAN_POINT('',(-5.798971798255,-4.467621298279));
#2619 = CARTESIAN_POINT('',(-5.916556220382,-4.483031724933));
#2620 = CARTESIAN_POINT('',(-6.036549676084,-4.494220418362));
#2621 = CARTESIAN_POINT('',(-6.158765356923,-4.5));
#2622 = CARTESIAN_POINT('',(-6.28318530718,-4.5));
#2623 = ( GEOMETRIC_REPRESENTATION_CONTEXT(2) 
PARAMETRIC_REPRESENTATION_CONTEXT() REPRESENTATION_CONTEXT('2D SPACE',''
  ) );
#2624 = PCURVE('',#1727,#2625);
#2625 = DEFINITIONAL_REPRESENTATION('',(#2626),#2677);
#2626 = B_SPLINE_CURVE_WITH_KNOTS('',7,(#2627,#2628,#2629,#2630,#2631,
    #2632,#2633,#2634,#2635,#2636,#2637,#2638,#2639,#2640,#2641,#2642,
    #2643,#2644,#2645,#2646,#2647,#2648,#2649,#2650,#2651,#2652,#2653,
    #2654,#2655,#2656,#2657,#2658,#2659,#2660,#2661,#2662,#2663,#2664,
    #2665,#2666,#2667,#2668,#2669,#2670,#2671,#2672,#2673,#2674,#2675,
    #2676),.UNSPECIFIED.,.T.,.F.,(8,6,6,6,6,6,6,6,8),(0.,0.120902626276,
    0.249998237816,0.379097929348,0.49998790285,0.620900934458,
    0.750008549692,0.879116776676,1.),.UNSPECIFIED.);
#2627 = CARTESIAN_POINT('',(-3.14159265359,2.6));
#2628 = CARTESIAN_POINT('',(-3.108403094643,2.6));
#2629 = CARTESIAN_POINT('',(-3.075810498168,2.621686584394));
#2630 = CARTESIAN_POINT('',(-3.044596545426,2.663656207234));
#2631 = CARTESIAN_POINT('',(-3.015460385103,2.723711727896));
#2632 = CARTESIAN_POINT('',(-2.989025644389,2.798872854185));
#2633 = CARTESIAN_POINT('',(-2.965781668352,2.88534828023));
#2634 = CARTESIAN_POINT('',(-2.92478568106,3.078054052259));
#2635 = CARTESIAN_POINT('',(-2.907092004088,3.18720340976));
#2636 = CARTESIAN_POINT('',(-2.892921555542,3.303340904804));
#2637 = CARTESIAN_POINT('',(-2.882291982367,3.424365966063));
#2638 = CARTESIAN_POINT('',(-2.875206384133,3.548511594928));
#2639 = CARTESIAN_POINT('',(-2.871659857756,3.674218386905));
#2640 = CARTESIAN_POINT('',(-2.871659857756,3.925785588351));
#2641 = CARTESIAN_POINT('',(-2.875206606515,4.051491342616));
#2642 = CARTESIAN_POINT('',(-2.882292149492,4.175634607756));
#2643 = CARTESIAN_POINT('',(-2.892921510537,4.296658338094));
#2644 = CARTESIAN_POINT('',(-2.907091876994,4.412796091714));
#2645 = CARTESIAN_POINT('',(-2.924785725726,4.521946157699));
#2646 = CARTESIAN_POINT('',(-2.965778925149,4.714638825065));
#2647 = CARTESIAN_POINT('',(-2.989022724591,4.801119743825));
#2648 = CARTESIAN_POINT('',(-3.015459983352,4.876292148479));
#2649 = CARTESIAN_POINT('',(-3.044600119011,4.936354465364));
#2650 = CARTESIAN_POINT('',(-3.075817262571,4.978321686734));
#2651 = CARTESIAN_POINT('',(-3.108409423889,5.));
#2652 = CARTESIAN_POINT('',(-3.174782212537,5.));
#2653 = CARTESIAN_POINT('',(-3.207374809012,4.978313415606));
#2654 = CARTESIAN_POINT('',(-3.238588761754,4.936343792765));
#2655 = CARTESIAN_POINT('',(-3.267724922077,4.876288272105));
#2656 = CARTESIAN_POINT('',(-3.29415966279,4.801127145815));
#2657 = CARTESIAN_POINT('',(-3.317403638827,4.71465171977));
#2658 = CARTESIAN_POINT('',(-3.358399772586,4.521945259263));
#2659 = CARTESIAN_POINT('',(-3.376093584271,4.412794901454));
#2660 = CARTESIAN_POINT('',(-3.390263849139,4.296657473044));
#2661 = CARTESIAN_POINT('',(-3.400893177875,4.17563420586));
#2662 = CARTESIAN_POINT('',(-3.407978733584,4.051490955938));
#2663 = CARTESIAN_POINT('',(-3.411525449423,3.925784992346));
#2664 = CARTESIAN_POINT('',(-3.411525449423,3.674214411649));
#2665 = CARTESIAN_POINT('',(-3.407978700665,3.548508657385));
#2666 = CARTESIAN_POINT('',(-3.400893157687,3.424365392242));
#2667 = CARTESIAN_POINT('',(-3.390263796643,3.303341661908));
#2668 = CARTESIAN_POINT('',(-3.376093430185,3.187203908285));
#2669 = CARTESIAN_POINT('',(-3.358399581453,3.078053842301));
#2670 = CARTESIAN_POINT('',(-3.317408799396,2.885372538003));
#2671 = CARTESIAN_POINT('',(-3.294164257997,2.798882576194));
#2672 = CARTESIAN_POINT('',(-3.26772408728,2.723700612616));
#2673 = CARTESIAN_POINT('',(-3.238580873945,2.663635625561));
#2674 = CARTESIAN_POINT('',(-3.207362225562,2.621672332563));
#2675 = CARTESIAN_POINT('',(-3.174771306992,2.6));
#2676 = CARTESIAN_POINT('',(-3.14159265359,2.6));
#2677 = ( GEOMETRIC_REPRESENTATION_CONTEXT(2) 
PARAMETRIC_REPRESENTATION_CONTEXT() REPRESENTATION_CONTEXT('2D SPACE',''
  ) );
#2678 = ORIENTED_EDGE('',*,*,#2679,.T.);
#2679 = EDGE_CURVE('',#2516,#918,#2680,.T.);
#2680 = SEAM_CURVE('',#2681,(#2685,#2692),.PCURVE_S1.);
#2681 = LINE('',#2682,#2683);
#2682 = CARTESIAN_POINT('',(-39.6,0.,0.));
#2683 = VECTOR('',#2684,1.);
#2684 = DIRECTION('',(0.,-1.,1.224646799147E-16));
#2685 = PCURVE('',#1027,#2686);
#2686 = DEFINITIONAL_REPRESENTATION('',(#2687),#2691);
#2687 = LINE('',#2688,#2689);
#2688 = CARTESIAN_POINT('',(-6.28318530718,0.));
#2689 = VECTOR('',#2690,1.);
#2690 = DIRECTION('',(-0.,-1.));
#2691 = ( GEOMETRIC_REPRESENTATION_CONTEXT(2) 
PARAMETRIC_REPRESENTATION_CONTEXT() REPRESENTATION_CONTEXT('2D SPACE',''
  ) );
#2692 = PCURVE('',#1027,#2693);
#2693 = DEFINITIONAL_REPRESENTATION('',(#2694),#2698);
#2694 = LINE('',#2695,#2696);
#2695 = CARTESIAN_POINT('',(-0.,0.));
#2696 = VECTOR('',#2697,1.);
#2697 = DIRECTION('',(-0.,-1.));
#2698 = ( GEOMETRIC_REPRESENTATION_CONTEXT(2) 
PARAMETRIC_REPRESENTATION_CONTEXT() REPRESENTATION_CONTEXT('2D SPACE',''
  ) );
#2699 = ORIENTED_EDGE('',*,*,#917,.T.);
#2700 = ORIENTED_EDGE('',*,*,#2679,.F.);
#2701 = ADVANCED_FACE('',(#2702),#1200,.F.);
#2702 = FACE_BOUND('',#2703,.T.);
#2703 = EDGE_LOOP('',(#2704,#2871,#2892,#2893));
#2704 = ORIENTED_EDGE('',*,*,#2705,.F.);
#2705 = EDGE_CURVE('',#2706,#2706,#2708,.T.);
#2706 = VERTEX_POINT('',#2707);
#2707 = CARTESIAN_POINT('',(-41.8,2.755455298082E-16,4.5));
#2708 = SURFACE_CURVE('',#2709,(#2761,#2816),.PCURVE_S1.);
#2709 = B_SPLINE_CURVE_WITH_KNOTS('',8,(#2710,#2711,#2712,#2713,#2714,
    #2715,#2716,#2717,#2718,#2719,#2720,#2721,#2722,#2723,#2724,#2725,
    #2726,#2727,#2728,#2729,#2730,#2731,#2732,#2733,#2734,#2735,#2736,
    #2737,#2738,#2739,#2740,#2741,#2742,#2743,#2744,#2745,#2746,#2747,
    #2748,#2749,#2750,#2751,#2752,#2753,#2754,#2755,#2756,#2757,#2758,
    #2759,#2760),.UNSPECIFIED.,.T.,.F.,(9,7,7,7,7,7,7,9),(0.,
    0.121400460294,0.251027641653,0.400783402629,0.536896813815,
    0.750647204476,0.879425597833,1.),.UNSPECIFIED.);
#2710 = CARTESIAN_POINT('',(-41.8,2.22044604925E-16,4.5));
#2711 = CARTESIAN_POINT('',(-41.8,0.130683888355,4.5));
#2712 = CARTESIAN_POINT('',(-41.81626493829,0.259352854192,
    4.495662465631));
#2713 = CARTESIAN_POINT('',(-41.84791759866,0.383641539257,
    4.487222622234));
#2714 = CARTESIAN_POINT('',(-41.89368396756,0.501388106477,
    4.475322693758));
#2715 = CARTESIAN_POINT('',(-41.95189715025,0.610691735187,
    4.460940590332));
#2716 = CARTESIAN_POINT('',(-42.02049171069,0.709993242759,
    4.445232534326));
#2717 = CARTESIAN_POINT('',(-42.09699767931,0.798185755654,
    4.429333331947));
#2718 = CARTESIAN_POINT('',(-42.26561522983,0.956528175175,
    4.397954303932));
#2719 = CARTESIAN_POINT('',(-42.35991607038,1.026443008222,4.38230019064
    ));
#2720 = CARTESIAN_POINT('',(-42.45978934416,1.084502906195,
    4.368082680855));
#2721 = CARTESIAN_POINT('',(-42.56385343543,1.130789960289,
    4.356014150122));
#2722 = CARTESIAN_POINT('',(-42.67092057688,1.165411880438,
    4.346619732906));
#2723 = CARTESIAN_POINT('',(-42.77993829292,1.188463916054,
    4.340241556332));
#2724 = CARTESIAN_POINT('',(-42.88994108854,1.2,4.33704968844));
#2725 = CARTESIAN_POINT('',(-43.12714891942,1.2,4.33704968844));
#2726 = CARTESIAN_POINT('',(-43.25428269511,1.184603206082,4.34130969123
    ));
#2727 = CARTESIAN_POINT('',(-43.37993028969,1.153814829955,
    4.349828667756));
#2728 = CARTESIAN_POINT('',(-43.50256247823,1.107535596806,
    4.362303577005));
#2729 = CARTESIAN_POINT('',(-43.62049586945,1.045613401884,
    4.378118994905));
#2730 = CARTESIAN_POINT('',(-43.73179605767,0.967888267827,4.39632785968
    ));
#2731 = CARTESIAN_POINT('',(-43.83414227228,0.874272606319,
    4.415649862805));
#2732 = CARTESIAN_POINT('',(-44.00684760536,0.665507720816,
    4.451659692733));
#2733 = CARTESIAN_POINT('',(-44.08139711054,0.550527992065,
    4.468869429888));
#2734 = CARTESIAN_POINT('',(-44.14278187335,0.421794783773,
    4.484436539853));
#2735 = CARTESIAN_POINT('',(-44.1870281459,0.282426805294,4.496405735697
    ));
#2736 = CARTESIAN_POINT('',(-44.21158291771,0.136361242344,
    4.503204909264));
#2737 = CARTESIAN_POINT('',(-44.2152628006,-1.20367657678E-02,
    4.504110095642));
#2738 = CARTESIAN_POINT('',(-44.19826928349,-0.158335949886,
    4.499404645789));
#2739 = CARTESIAN_POINT('',(-44.1058138637,-0.518426035513,
    4.475471756152));
#2740 = CARTESIAN_POINT('',(-44.00517401085,-0.712828971108,
    4.450176390675));
#2741 = CARTESIAN_POINT('',(-43.87255293076,-0.876227062498,
    4.419454517123));
#2742 = CARTESIAN_POINT('',(-43.71705611455,-1.006824974611,
    4.389108075166));
#2743 = CARTESIAN_POINT('',(-43.54624310811,-1.10404659685,
    4.363593036975));
#2744 = CARTESIAN_POINT('',(-43.36635118782,-1.168215772945,
    4.345845109216));
#2745 = CARTESIAN_POINT('',(-43.18268498468,-1.2,4.33704968844));
#2746 = CARTESIAN_POINT('',(-42.88993761019,-1.2,4.33704968844));
#2747 = CARTESIAN_POINT('',(-42.77993509595,-1.188463194172,
    4.340241755503));
#2748 = CARTESIAN_POINT('',(-42.67091911667,-1.165411063548,4.3466199596
    ));
#2749 = CARTESIAN_POINT('',(-42.56385352707,-1.130789689787,
    4.356014202174));
#2750 = CARTESIAN_POINT('',(-42.45979000429,-1.084503234897,
    4.368082580984));
#2751 = CARTESIAN_POINT('',(-42.35991639178,-1.026443380691,
    4.382300124751));
#2752 = CARTESIAN_POINT('',(-42.26561504612,-0.956528002657,
    4.39795433812));
#2753 = CARTESIAN_POINT('',(-42.09701890486,-0.798205687773,
    4.42932938196));
#2754 = CARTESIAN_POINT('',(-42.02050506664,-0.710014304077,
    4.445229179363));
#2755 = CARTESIAN_POINT('',(-41.95189384895,-0.610697270975,
    4.460940810779));
#2756 = CARTESIAN_POINT('',(-41.89366811908,-0.501368781367,
    4.475326511606));
#2757 = CARTESIAN_POINT('',(-41.84789939068,-0.383598294374,
    4.487227484969));
#2758 = CARTESIAN_POINT('',(-41.81625424942,-0.25929811361,
    4.495665313771));
#2759 = CARTESIAN_POINT('',(-41.8,-0.130640947769,4.5));
#2760 = CARTESIAN_POINT('',(-41.8,2.22044604925E-16,4.5));
#2761 = PCURVE('',#1200,#2762);
#2762 = DEFINITIONAL_REPRESENTATION('',(#2763),#2815);
#2763 = B_SPLINE_CURVE_WITH_KNOTS('',8,(#2764,#2765,#2766,#2767,#2768,
    #2769,#2770,#2771,#2772,#2773,#2774,#2775,#2776,#2777,#2778,#2779,
    #2780,#2781,#2782,#2783,#2784,#2785,#2786,#2787,#2788,#2789,#2790,
    #2791,#2792,#2793,#2794,#2795,#2796,#2797,#2798,#2799,#2800,#2801,
    #2802,#2803,#2804,#2805,#2806,#2807,#2808,#2809,#2810,#2811,#2812,
    #2813,#2814),.UNSPECIFIED.,.F.,.F.,(9,7,7,7,7,7,7,9),(0.,
    0.121400460294,0.251027641653,0.400783402629,0.536896813815,
    0.750647204476,0.879425597833,1.),.UNSPECIFIED.);
#2764 = CARTESIAN_POINT('',(0.,-4.5));
#2765 = CARTESIAN_POINT('',(-0.108903240296,-4.5));
#2766 = CARTESIAN_POINT('',(-0.216127332852,-4.495662465631));
#2767 = CARTESIAN_POINT('',(-0.321669501413,-4.487222622234));
#2768 = CARTESIAN_POINT('',(-0.425441077174,-4.475322693758));
#2769 = CARTESIAN_POINT('',(-0.527257474736,-4.460940590332));
#2770 = CARTESIAN_POINT('',(-0.626808228782,-4.445232534326));
#2771 = CARTESIAN_POINT('',(-0.723593578897,-4.429333331947));
#2772 = CARTESIAN_POINT('',(-0.916351703392,-4.397954303932));
#2773 = CARTESIAN_POINT('',(-1.013520384369,-4.38230019064));
#2774 = CARTESIAN_POINT('',(-1.108813882699,-4.368082680855));
#2775 = CARTESIAN_POINT('',(-1.202643471661,-4.356014150122));
#2776 = CARTESIAN_POINT('',(-1.295387748327,-4.346619732906));
#2777 = CARTESIAN_POINT('',(-1.387411618114,-4.340241556332));
#2778 = CARTESIAN_POINT('',(-1.479080567246,-4.33704968844));
#2779 = CARTESIAN_POINT('',(-1.676753759647,-4.33704968844));
#2780 = CARTESIAN_POINT('',(-1.782698302345,-4.34130969123));
#2781 = CARTESIAN_POINT('',(-1.889218282968,-4.349828667756));
#2782 = CARTESIAN_POINT('',(-1.996847000192,-4.362303577005));
#2783 = CARTESIAN_POINT('',(-2.106138536435,-4.378118994905));
#2784 = CARTESIAN_POINT('',(-2.217686674101,-4.39632785968));
#2785 = CARTESIAN_POINT('',(-2.332161998343,-4.415649862805));
#2786 = CARTESIAN_POINT('',(-2.557947524484,-4.451659692733));
#2787 = CARTESIAN_POINT('',(-2.671375765649,-4.468869429888));
#2788 = CARTESIAN_POINT('',(-2.788531425531,-4.484436539853));
#2789 = CARTESIAN_POINT('',(-2.908085715242,-4.496405735697));
#2790 = CARTESIAN_POINT('',(-3.029095561349,-4.503204909264));
#2791 = CARTESIAN_POINT('',(-3.150783167632,-4.504110095642));
#2792 = CARTESIAN_POINT('',(-3.272390134174,-4.499404645789));
#2793 = CARTESIAN_POINT('',(-3.582198401959,-4.475471756152));
#2794 = CARTESIAN_POINT('',(-3.759970212009,-4.450176390675));
#2795 = CARTESIAN_POINT('',(-3.929660382066,-4.419454517123));
#2796 = CARTESIAN_POINT('',(-4.093076213811,-4.389108075166));
#2797 = CARTESIAN_POINT('',(-4.251817407927,-4.363593036975));
#2798 = CARTESIAN_POINT('',(-4.4070946866,-4.345845109216));
#2799 = CARTESIAN_POINT('',(-4.560151493145,-4.33704968844));
#2800 = CARTESIAN_POINT('',(-4.804107638558,-4.33704968844));
#2801 = CARTESIAN_POINT('',(-4.895776348711,-4.340241755503));
#2802 = CARTESIAN_POINT('',(-4.987798887517,-4.3466199596));
#2803 = CARTESIAN_POINT('',(-5.080541879936,-4.356014202174));
#2804 = CARTESIAN_POINT('',(-5.174370834969,-4.368082580984));
#2805 = CARTESIAN_POINT('',(-5.269664518609,-4.382300124751));
#2806 = CARTESIAN_POINT('',(-5.366833813802,-4.39795433812));
#2807 = CARTESIAN_POINT('',(-5.55956746392,-4.42932938196));
#2808 = CARTESIAN_POINT('',(-5.656356955086,-4.445229179363));
#2809 = CARTESIAN_POINT('',(-5.755925699771,-4.460940810779));
#2810 = CARTESIAN_POINT('',(-5.857764009318,-4.475326511606));
#2811 = CARTESIAN_POINT('',(-5.961553766271,-4.487227484969));
#2812 = CARTESIAN_POINT('',(-6.067103596294,-4.495665313771));
#2813 = CARTESIAN_POINT('',(-6.174317850705,-4.5));
#2814 = CARTESIAN_POINT('',(-6.28318530718,-4.5));
#2815 = ( GEOMETRIC_REPRESENTATION_CONTEXT(2) 
PARAMETRIC_REPRESENTATION_CONTEXT() REPRESENTATION_CONTEXT('2D SPACE',''
  ) );
#2816 = PCURVE('',#1727,#2817);
#2817 = DEFINITIONAL_REPRESENTATION('',(#2818),#2870);
#2818 = B_SPLINE_CURVE_WITH_KNOTS('',8,(#2819,#2820,#2821,#2822,#2823,
    #2824,#2825,#2826,#2827,#2828,#2829,#2830,#2831,#2832,#2833,#2834,
    #2835,#2836,#2837,#2838,#2839,#2840,#2841,#2842,#2843,#2844,#2845,
    #2846,#2847,#2848,#2849,#2850,#2851,#2852,#2853,#2854,#2855,#2856,
    #2857,#2858,#2859,#2860,#2861,#2862,#2863,#2864,#2865,#2866,#2867,
    #2868,#2869),.UNSPECIFIED.,.T.,.F.,(9,7,7,7,7,7,7,9),(0.,
    0.121400460294,0.251027641653,0.400783402629,0.536896813815,
    0.750647204476,0.879425597833,1.),.UNSPECIFIED.);
#2819 = CARTESIAN_POINT('',(-1.570796326795,4.8));
#2820 = CARTESIAN_POINT('',(-1.541755462716,4.8));
#2821 = CARTESIAN_POINT('',(-1.513162320492,4.816264938296));
#2822 = CARTESIAN_POINT('',(-1.485505450909,4.847917598669));
#2823 = CARTESIAN_POINT('',(-1.459232138469,4.893683967565));
#2824 = CARTESIAN_POINT('',(-1.43475103054,4.951897150254));
#2825 = CARTESIAN_POINT('',(-1.412418323585,5.020491710696));
#2826 = CARTESIAN_POINT('',(-1.392507062823,5.096997679312));
#2827 = CARTESIAN_POINT('',(-1.356635573943,5.265615229837));
#2828 = CARTESIAN_POINT('',(-1.340719096536,5.359916070385));
#2829 = CARTESIAN_POINT('',(-1.327439146952,5.459789344162));
#2830 = CARTESIAN_POINT('',(-1.31681044216,5.563853435434));
#2831 = CARTESIAN_POINT('',(-1.308838556234,5.670920576888));
#2832 = CARTESIAN_POINT('',(-1.303523425744,5.779938292922));
#2833 = CARTESIAN_POINT('',(-1.300863530961,5.889941088541));
#2834 = CARTESIAN_POINT('',(-1.300863530961,6.127148919423));
#2835 = CARTESIAN_POINT('',(-1.304413600924,6.254282695119));
#2836 = CARTESIAN_POINT('',(-1.311512489064,6.379930289693));
#2837 = CARTESIAN_POINT('',(-1.322163690433,6.502562478236));
#2838 = CARTESIAN_POINT('',(-1.336363058862,6.620495869456));
#2839 = CARTESIAN_POINT('',(-1.354094683175,6.731796057672));
#2840 = CARTESIAN_POINT('',(-1.375325263864,6.834142272282));
#2841 = CARTESIAN_POINT('',(-1.422402550081,7.006847605363));
#2842 = CARTESIAN_POINT('',(-1.448231687964,7.081397110541));
#2843 = CARTESIAN_POINT('',(-1.477028604968,7.142781873352));
#2844 = CARTESIAN_POINT('',(-1.508072796197,7.187028145908));
#2845 = CARTESIAN_POINT('',(-1.540516156358,7.21158291771));
#2846 = CARTESIAN_POINT('',(-1.57345326429,7.215262800605));
#2847 = CARTESIAN_POINT('',(-1.605962115658,7.198269283493));
#2848 = CARTESIAN_POINT('',(-1.686158680645,7.105813863703));
#2849 = CARTESIAN_POINT('',(-1.729636952478,7.005174010853));
#2850 = CARTESIAN_POINT('',(-1.766500104953,6.872552930768));
#2851 = CARTESIAN_POINT('',(-1.796271771353,6.71705611455));
#2852 = CARTESIAN_POINT('',(-1.818604957507,6.546243108117));
#2853 = CARTESIAN_POINT('',(-1.833400597998,6.366351187824));
#2854 = CARTESIAN_POINT('',(-1.840729122628,6.182684984688));
#2855 = CARTESIAN_POINT('',(-1.840729122628,5.889937610193));
#2856 = CARTESIAN_POINT('',(-1.838069061059,5.779935095951));
#2857 = CARTESIAN_POINT('',(-1.832753909509,5.670919116671));
#2858 = CARTESIAN_POINT('',(-1.82478215037,5.563853527075));
#2859 = CARTESIAN_POINT('',(-1.814153582426,5.459790004299));
#2860 = CARTESIAN_POINT('',(-1.800873641207,5.359916391789));
#2861 = CARTESIAN_POINT('',(-1.784957040564,5.265615046124));
#2862 = CARTESIAN_POINT('',(-1.749090106264,5.097018904863));
#2863 = CARTESIAN_POINT('',(-1.729179066552,5.020505066646));
#2864 = CARTESIAN_POINT('',(-1.706842824504,4.951893848958));
#2865 = CARTESIAN_POINT('',(-1.682356153817,4.893668119089));
#2866 = CARTESIAN_POINT('',(-1.656077554006,4.847899390687));
#2867 = CARTESIAN_POINT('',(-1.628418169125,4.816254249422));
#2868 = CARTESIAN_POINT('',(-1.599827648521,4.8));
#2869 = CARTESIAN_POINT('',(-1.570796326795,4.8));
#2870 = ( GEOMETRIC_REPRESENTATION_CONTEXT(2) 
PARAMETRIC_REPRESENTATION_CONTEXT() REPRESENTATION_CONTEXT('2D SPACE',''
  ) );
#2871 = ORIENTED_EDGE('',*,*,#2872,.T.);
#2872 = EDGE_CURVE('',#2706,#1089,#2873,.T.);
#2873 = SEAM_CURVE('',#2874,(#2878,#2885),.PCURVE_S1.);
#2874 = LINE('',#2875,#2876);
#2875 = CARTESIAN_POINT('',(-41.8,0.,0.));
#2876 = VECTOR('',#2877,1.);
#2877 = DIRECTION('',(0.,6.123233995737E-17,1.));
#2878 = PCURVE('',#1200,#2879);
#2879 = DEFINITIONAL_REPRESENTATION('',(#2880),#2884);
#2880 = LINE('',#2881,#2882);
#2881 = CARTESIAN_POINT('',(-6.28318530718,0.));
#2882 = VECTOR('',#2883,1.);
#2883 = DIRECTION('',(-0.,-1.));
#2884 = ( GEOMETRIC_REPRESENTATION_CONTEXT(2) 
PARAMETRIC_REPRESENTATION_CONTEXT() REPRESENTATION_CONTEXT('2D SPACE',''
  ) );
#2885 = PCURVE('',#1200,#2886);
#2886 = DEFINITIONAL_REPRESENTATION('',(#2887),#2891);
#2887 = LINE('',#2888,#2889);
#2888 = CARTESIAN_POINT('',(-0.,0.));
#2889 = VECTOR('',#2890,1.);
#2890 = DIRECTION('',(-0.,-1.));
#2891 = ( GEOMETRIC_REPRESENTATION_CONTEXT(2) 
PARAMETRIC_REPRESENTATION_CONTEXT() REPRESENTATION_CONTEXT('2D SPACE',''
  ) );
#2892 = ORIENTED_EDGE('',*,*,#1088,.T.);
#2893 = ORIENTED_EDGE('',*,*,#2872,.F.);
#2894 = ADVANCED_FACE('',(#2895),#1374,.F.);
#2895 = FACE_BOUND('',#2896,.T.);
#2896 = EDGE_LOOP('',(#2897,#3064,#3085,#3086));
#2897 = ORIENTED_EDGE('',*,*,#2898,.F.);
#2898 = EDGE_CURVE('',#2899,#2899,#2901,.T.);
#2899 = VERTEX_POINT('',#2900);
#2900 = CARTESIAN_POINT('',(-41.8,-8.266365894245E-16,-4.5));
#2901 = SURFACE_CURVE('',#2902,(#2954,#3009),.PCURVE_S1.);
#2902 = B_SPLINE_CURVE_WITH_KNOTS('',8,(#2903,#2904,#2905,#2906,#2907,
    #2908,#2909,#2910,#2911,#2912,#2913,#2914,#2915,#2916,#2917,#2918,
    #2919,#2920,#2921,#2922,#2923,#2924,#2925,#2926,#2927,#2928,#2929,
    #2930,#2931,#2932,#2933,#2934,#2935,#2936,#2937,#2938,#2939,#2940,
    #2941,#2942,#2943,#2944,#2945,#2946,#2947,#2948,#2949,#2950,#2951,
    #2952,#2953),.UNSPECIFIED.,.T.,.F.,(9,7,7,7,7,7,7,9),(0.,
    0.121400460294,0.251027641653,0.400783402629,0.536896813815,
    0.750647204476,0.879425597833,1.),.UNSPECIFIED.);
#2903 = CARTESIAN_POINT('',(-41.8,-6.661338147751E-16,-4.5));
#2904 = CARTESIAN_POINT('',(-41.8,-0.130683888355,-4.5));
#2905 = CARTESIAN_POINT('',(-41.81626493829,-0.259352854192,
    -4.495662465631));
#2906 = CARTESIAN_POINT('',(-41.84791759866,-0.383641539257,
    -4.487222622234));
#2907 = CARTESIAN_POINT('',(-41.89368396756,-0.501388106477,
    -4.475322693758));
#2908 = CARTESIAN_POINT('',(-41.95189715025,-0.610691735187,
    -4.460940590332));
#2909 = CARTESIAN_POINT('',(-42.02049171069,-0.709993242759,
    -4.445232534326));
#2910 = CARTESIAN_POINT('',(-42.09699767931,-0.798185755654,
    -4.429333331947));
#2911 = CARTESIAN_POINT('',(-42.26561522983,-0.956528175175,
    -4.397954303932));
#2912 = CARTESIAN_POINT('',(-42.35991607038,-1.026443008222,
    -4.38230019064));
#2913 = CARTESIAN_POINT('',(-42.45978934416,-1.084502906195,
    -4.368082680855));
#2914 = CARTESIAN_POINT('',(-42.56385343543,-1.130789960289,
    -4.356014150122));
#2915 = CARTESIAN_POINT('',(-42.67092057688,-1.165411880438,
    -4.346619732906));
#2916 = CARTESIAN_POINT('',(-42.77993829292,-1.188463916054,
    -4.340241556332));
#2917 = CARTESIAN_POINT('',(-42.88994108854,-1.2,-4.33704968844));
#2918 = CARTESIAN_POINT('',(-43.12714891942,-1.2,-4.33704968844));
#2919 = CARTESIAN_POINT('',(-43.25428269511,-1.184603206082,
    -4.34130969123));
#2920 = CARTESIAN_POINT('',(-43.37993028969,-1.153814829955,
    -4.349828667756));
#2921 = CARTESIAN_POINT('',(-43.50256247823,-1.107535596806,
    -4.362303577005));
#2922 = CARTESIAN_POINT('',(-43.62049586945,-1.045613401884,
    -4.378118994905));
#2923 = CARTESIAN_POINT('',(-43.73179605767,-0.967888267826,
    -4.39632785968));
#2924 = CARTESIAN_POINT('',(-43.83414227228,-0.874272606319,
    -4.415649862805));
#2925 = CARTESIAN_POINT('',(-44.00684760536,-0.665507720816,
    -4.451659692733));
#2926 = CARTESIAN_POINT('',(-44.08139711054,-0.550527992065,
    -4.468869429888));
#2927 = CARTESIAN_POINT('',(-44.14278187335,-0.421794783773,
    -4.484436539853));
#2928 = CARTESIAN_POINT('',(-44.1870281459,-0.282426805294,
    -4.496405735697));
#2929 = CARTESIAN_POINT('',(-44.21158291771,-0.136361242344,
    -4.503204909264));
#2930 = CARTESIAN_POINT('',(-44.2152628006,1.203676576771E-02,
    -4.504110095642));
#2931 = CARTESIAN_POINT('',(-44.19826928349,0.158335949887,
    -4.499404645789));
#2932 = CARTESIAN_POINT('',(-44.1058138637,0.518426035513,
    -4.475471756152));
#2933 = CARTESIAN_POINT('',(-44.00517401085,0.712828971108,
    -4.450176390675));
#2934 = CARTESIAN_POINT('',(-43.87255293076,0.876227062499,
    -4.419454517123));
#2935 = CARTESIAN_POINT('',(-43.71705611455,1.00682497461,
    -4.389108075166));
#2936 = CARTESIAN_POINT('',(-43.54624310811,1.10404659685,
    -4.363593036975));
#2937 = CARTESIAN_POINT('',(-43.36635118782,1.168215772945,
    -4.345845109216));
#2938 = CARTESIAN_POINT('',(-43.18268498468,1.2,-4.33704968844));
#2939 = CARTESIAN_POINT('',(-42.88993761019,1.2,-4.33704968844));
#2940 = CARTESIAN_POINT('',(-42.77993509595,1.188463194172,
    -4.340241755503));
#2941 = CARTESIAN_POINT('',(-42.67091911667,1.165411063548,-4.3466199596
    ));
#2942 = CARTESIAN_POINT('',(-42.56385352707,1.130789689787,
    -4.356014202174));
#2943 = CARTESIAN_POINT('',(-42.45979000429,1.084503234897,
    -4.368082580984));
#2944 = CARTESIAN_POINT('',(-42.35991639178,1.026443380691,
    -4.382300124751));
#2945 = CARTESIAN_POINT('',(-42.26561504612,0.956528002657,
    -4.39795433812));
#2946 = CARTESIAN_POINT('',(-42.09701890486,0.798205687773,
    -4.42932938196));
#2947 = CARTESIAN_POINT('',(-42.02050506664,0.710014304078,
    -4.445229179363));
#2948 = CARTESIAN_POINT('',(-41.95189384895,0.610697270974,
    -4.460940810779));
#2949 = CARTESIAN_POINT('',(-41.89366811908,0.501368781367,
    -4.475326511606));
#2950 = CARTESIAN_POINT('',(-41.84789939068,0.383598294375,
    -4.487227484969));
#2951 = CARTESIAN_POINT('',(-41.81625424942,0.25929811361,
    -4.495665313771));
#2952 = CARTESIAN_POINT('',(-41.8,0.130640947769,-4.5));
#2953 = CARTESIAN_POINT('',(-41.8,-6.661338147751E-16,-4.5));
#2954 = PCURVE('',#1374,#2955);
#2955 = DEFINITIONAL_REPRESENTATION('',(#2956),#3008);
#2956 = B_SPLINE_CURVE_WITH_KNOTS('',8,(#2957,#2958,#2959,#2960,#2961,
    #2962,#2963,#2964,#2965,#2966,#2967,#2968,#2969,#2970,#2971,#2972,
    #2973,#2974,#2975,#2976,#2977,#2978,#2979,#2980,#2981,#2982,#2983,
    #2984,#2985,#2986,#2987,#2988,#2989,#2990,#2991,#2992,#2993,#2994,
    #2995,#2996,#2997,#2998,#2999,#3000,#3001,#3002,#3003,#3004,#3005,
    #3006,#3007),.UNSPECIFIED.,.F.,.F.,(9,7,7,7,7,7,7,9),(0.,
    0.121400460294,0.251027641653,0.400783402629,0.536896813815,
    0.750647204476,0.879425597833,1.),.UNSPECIFIED.);
#2957 = CARTESIAN_POINT('',(0.,-4.5));
#2958 = CARTESIAN_POINT('',(-0.108903240296,-4.5));
#2959 = CARTESIAN_POINT('',(-0.216127332852,-4.495662465631));
#2960 = CARTESIAN_POINT('',(-0.321669501413,-4.487222622234));
#2961 = CARTESIAN_POINT('',(-0.425441077174,-4.475322693758));
#2962 = CARTESIAN_POINT('',(-0.527257474736,-4.460940590332));
#2963 = CARTESIAN_POINT('',(-0.626808228782,-4.445232534326));
#2964 = CARTESIAN_POINT('',(-0.723593578897,-4.429333331947));
#2965 = CARTESIAN_POINT('',(-0.916351703392,-4.397954303932));
#2966 = CARTESIAN_POINT('',(-1.013520384369,-4.38230019064));
#2967 = CARTESIAN_POINT('',(-1.108813882699,-4.368082680855));
#2968 = CARTESIAN_POINT('',(-1.202643471661,-4.356014150122));
#2969 = CARTESIAN_POINT('',(-1.295387748327,-4.346619732906));
#2970 = CARTESIAN_POINT('',(-1.387411618114,-4.340241556332));
#2971 = CARTESIAN_POINT('',(-1.479080567246,-4.33704968844));
#2972 = CARTESIAN_POINT('',(-1.676753759647,-4.33704968844));
#2973 = CARTESIAN_POINT('',(-1.782698302345,-4.34130969123));
#2974 = CARTESIAN_POINT('',(-1.889218282968,-4.349828667756));
#2975 = CARTESIAN_POINT('',(-1.996847000192,-4.362303577005));
#2976 = CARTESIAN_POINT('',(-2.106138536435,-4.378118994905));
#2977 = CARTESIAN_POINT('',(-2.217686674101,-4.39632785968));
#2978 = CARTESIAN_POINT('',(-2.332161998343,-4.415649862805));
#2979 = CARTESIAN_POINT('',(-2.557947524484,-4.451659692733));
#2980 = CARTESIAN_POINT('',(-2.671375765649,-4.468869429888));
#2981 = CARTESIAN_POINT('',(-2.78853142553,-4.484436539853));
#2982 = CARTESIAN_POINT('',(-2.908085715242,-4.496405735697));
#2983 = CARTESIAN_POINT('',(-3.029095561349,-4.503204909264));
#2984 = CARTESIAN_POINT('',(-3.150783167632,-4.504110095642));
#2985 = CARTESIAN_POINT('',(-3.272390134174,-4.499404645789));
#2986 = CARTESIAN_POINT('',(-3.582198401959,-4.475471756152));
#2987 = CARTESIAN_POINT('',(-3.759970212009,-4.450176390675));
#2988 = CARTESIAN_POINT('',(-3.929660382067,-4.419454517123));
#2989 = CARTESIAN_POINT('',(-4.09307621381,-4.389108075166));
#2990 = CARTESIAN_POINT('',(-4.251817407928,-4.363593036975));
#2991 = CARTESIAN_POINT('',(-4.4070946866,-4.345845109216));
#2992 = CARTESIAN_POINT('',(-4.560151493145,-4.33704968844));
#2993 = CARTESIAN_POINT('',(-4.804107638558,-4.33704968844));
#2994 = CARTESIAN_POINT('',(-4.895776348712,-4.340241755503));
#2995 = CARTESIAN_POINT('',(-4.987798887517,-4.3466199596));
#2996 = CARTESIAN_POINT('',(-5.080541879936,-4.356014202174));
#2997 = CARTESIAN_POINT('',(-5.174370834969,-4.368082580984));
#2998 = CARTESIAN_POINT('',(-5.269664518609,-4.382300124751));
#2999 = CARTESIAN_POINT('',(-5.366833813802,-4.39795433812));
#3000 = CARTESIAN_POINT('',(-5.55956746392,-4.42932938196));
#3001 = CARTESIAN_POINT('',(-5.656356955085,-4.445229179363));
#3002 = CARTESIAN_POINT('',(-5.755925699771,-4.460940810779));
#3003 = CARTESIAN_POINT('',(-5.857764009318,-4.475326511606));
#3004 = CARTESIAN_POINT('',(-5.96155376627,-4.487227484969));
#3005 = CARTESIAN_POINT('',(-6.067103596294,-4.495665313771));
#3006 = CARTESIAN_POINT('',(-6.174317850705,-4.5));
#3007 = CARTESIAN_POINT('',(-6.28318530718,-4.5));
#3008 = ( GEOMETRIC_REPRESENTATION_CONTEXT(2) 
PARAMETRIC_REPRESENTATION_CONTEXT() REPRESENTATION_CONTEXT('2D SPACE',''
  ) );
#3009 = PCURVE('',#1727,#3010);
#3010 = DEFINITIONAL_REPRESENTATION('',(#3011),#3063);
#3011 = B_SPLINE_CURVE_WITH_KNOTS('',8,(#3012,#3013,#3014,#3015,#3016,
    #3017,#3018,#3019,#3020,#3021,#3022,#3023,#3024,#3025,#3026,#3027,
    #3028,#3029,#3030,#3031,#3032,#3033,#3034,#3035,#3036,#3037,#3038,
    #3039,#3040,#3041,#3042,#3043,#3044,#3045,#3046,#3047,#3048,#3049,
    #3050,#3051,#3052,#3053,#3054,#3055,#3056,#3057,#3058,#3059,#3060,
    #3061,#3062),.UNSPECIFIED.,.T.,.F.,(9,7,7,7,7,7,7,9),(0.,
    0.121400460294,0.251027641653,0.400783402629,0.536896813815,
    0.750647204476,0.879425597833,1.),.UNSPECIFIED.);
#3012 = CARTESIAN_POINT('',(-4.712388980385,4.8));
#3013 = CARTESIAN_POINT('',(-4.683348116306,4.8));
#3014 = CARTESIAN_POINT('',(-4.654754974081,4.816264938296));
#3015 = CARTESIAN_POINT('',(-4.627098104499,4.847917598669));
#3016 = CARTESIAN_POINT('',(-4.600824792059,4.893683967565));
#3017 = CARTESIAN_POINT('',(-4.57634368413,4.951897150254));
#3018 = CARTESIAN_POINT('',(-4.554010977175,5.020491710696));
#3019 = CARTESIAN_POINT('',(-4.534099716413,5.096997679312));
#3020 = CARTESIAN_POINT('',(-4.498228227532,5.265615229837));
#3021 = CARTESIAN_POINT('',(-4.482311750126,5.359916070385));
#3022 = CARTESIAN_POINT('',(-4.469031800542,5.459789344162));
#3023 = CARTESIAN_POINT('',(-4.458403095749,5.563853435434));
#3024 = CARTESIAN_POINT('',(-4.450431209824,5.670920576888));
#3025 = CARTESIAN_POINT('',(-4.445116079334,5.779938292922));
#3026 = CARTESIAN_POINT('',(-4.442456184551,5.889941088541));
#3027 = CARTESIAN_POINT('',(-4.442456184551,6.127148919423));
#3028 = CARTESIAN_POINT('',(-4.446006254514,6.254282695119));
#3029 = CARTESIAN_POINT('',(-4.453105142654,6.379930289693));
#3030 = CARTESIAN_POINT('',(-4.463756344022,6.502562478236));
#3031 = CARTESIAN_POINT('',(-4.477955712452,6.620495869456));
#3032 = CARTESIAN_POINT('',(-4.495687336765,6.731796057672));
#3033 = CARTESIAN_POINT('',(-4.516917917453,6.834142272282));
#3034 = CARTESIAN_POINT('',(-4.563995203671,7.006847605363));
#3035 = CARTESIAN_POINT('',(-4.589824341553,7.081397110541));
#3036 = CARTESIAN_POINT('',(-4.618621258558,7.142781873352));
#3037 = CARTESIAN_POINT('',(-4.649665449787,7.187028145908));
#3038 = CARTESIAN_POINT('',(-4.682108809948,7.21158291771));
#3039 = CARTESIAN_POINT('',(-4.715045917879,7.215262800605));
#3040 = CARTESIAN_POINT('',(-4.747554769248,7.198269283493));
#3041 = CARTESIAN_POINT('',(-4.827751334235,7.105813863703));
#3042 = CARTESIAN_POINT('',(-4.871229606068,7.005174010854));
#3043 = CARTESIAN_POINT('',(-4.908092758543,6.872552930767));
#3044 = CARTESIAN_POINT('',(-4.937864424943,6.717056114551));
#3045 = CARTESIAN_POINT('',(-4.960197611097,6.546243108116));
#3046 = CARTESIAN_POINT('',(-4.974993251587,6.366351187825));
#3047 = CARTESIAN_POINT('',(-4.982321776218,6.182684984688));
#3048 = CARTESIAN_POINT('',(-4.982321776218,5.889937610193));
#3049 = CARTESIAN_POINT('',(-4.979661714649,5.779935095951));
#3050 = CARTESIAN_POINT('',(-4.974346563099,5.670919116671));
#3051 = CARTESIAN_POINT('',(-4.96637480396,5.563853527075));
#3052 = CARTESIAN_POINT('',(-4.955746236016,5.459790004299));
#3053 = CARTESIAN_POINT('',(-4.942466294797,5.359916391789));
#3054 = CARTESIAN_POINT('',(-4.926549694154,5.265615046124));
#3055 = CARTESIAN_POINT('',(-4.890682759854,5.097018904863));
#3056 = CARTESIAN_POINT('',(-4.870771720142,5.020505066646));
#3057 = CARTESIAN_POINT('',(-4.848435478094,4.951893848958));
#3058 = CARTESIAN_POINT('',(-4.823948807407,4.893668119089));
#3059 = CARTESIAN_POINT('',(-4.797670207596,4.847899390687));
#3060 = CARTESIAN_POINT('',(-4.770010822714,4.816254249422));
#3061 = CARTESIAN_POINT('',(-4.741420302111,4.8));
#3062 = CARTESIAN_POINT('',(-4.712388980385,4.8));
#3063 = ( GEOMETRIC_REPRESENTATION_CONTEXT(2) 
PARAMETRIC_REPRESENTATION_CONTEXT() REPRESENTATION_CONTEXT('2D SPACE',''
  ) );
#3064 = ORIENTED_EDGE('',*,*,#3065,.T.);
#3065 = EDGE_CURVE('',#2899,#1263,#3066,.T.);
#3066 = SEAM_CURVE('',#3067,(#3071,#3078),.PCURVE_S1.);
#3067 = LINE('',#3068,#3069);
#3068 = CARTESIAN_POINT('',(-41.8,0.,0.));
#3069 = VECTOR('',#3070,1.);
#3070 = DIRECTION('',(0.,-1.836970198721E-16,-1.));
#3071 = PCURVE('',#1374,#3072);
#3072 = DEFINITIONAL_REPRESENTATION('',(#3073),#3077);
#3073 = LINE('',#3074,#3075);
#3074 = CARTESIAN_POINT('',(-6.28318530718,0.));
#3075 = VECTOR('',#3076,1.);
#3076 = DIRECTION('',(-0.,-1.));
#3077 = ( GEOMETRIC_REPRESENTATION_CONTEXT(2) 
PARAMETRIC_REPRESENTATION_CONTEXT() REPRESENTATION_CONTEXT('2D SPACE',''
  ) );
#3078 = PCURVE('',#1374,#3079);
#3079 = DEFINITIONAL_REPRESENTATION('',(#3080),#3084);
#3080 = LINE('',#3081,#3082);
#3081 = CARTESIAN_POINT('',(-0.,0.));
#3082 = VECTOR('',#3083,1.);
#3083 = DIRECTION('',(-0.,-1.));
#3084 = ( GEOMETRIC_REPRESENTATION_CONTEXT(2) 
PARAMETRIC_REPRESENTATION_CONTEXT() REPRESENTATION_CONTEXT('2D SPACE',''
  ) );
#3085 = ORIENTED_EDGE('',*,*,#1262,.T.);
#3086 = ORIENTED_EDGE('',*,*,#3065,.F.);
#3087 = ADVANCED_FACE('',(#3088),#1546,.F.);
#3088 = FACE_BOUND('',#3089,.T.);
#3089 = EDGE_LOOP('',(#3090,#3254,#3275,#3276));
#3090 = ORIENTED_EDGE('',*,*,#3091,.F.);
#3091 = EDGE_CURVE('',#3092,#3092,#3094,.T.);
#3092 = VERTEX_POINT('',#3093);
#3093 = CARTESIAN_POINT('',(-44.,-4.5,5.510910596163E-16));
#3094 = SURFACE_CURVE('',#3095,(#3146,#3200),.PCURVE_S1.);
#3095 = B_SPLINE_CURVE_WITH_KNOTS('',7,(#3096,#3097,#3098,#3099,#3100,
    #3101,#3102,#3103,#3104,#3105,#3106,#3107,#3108,#3109,#3110,#3111,
    #3112,#3113,#3114,#3115,#3116,#3117,#3118,#3119,#3120,#3121,#3122,
    #3123,#3124,#3125,#3126,#3127,#3128,#3129,#3130,#3131,#3132,#3133,
    #3134,#3135,#3136,#3137,#3138,#3139,#3140,#3141,#3142,#3143,#3144,
    #3145),.UNSPECIFIED.,.T.,.F.,(8,6,6,6,6,6,6,6,8),(0.,0.120902626276,
    0.249998237816,0.379097929349,0.49998790285,0.620900934458,
    0.750008549692,0.879116776676,1.),.UNSPECIFIED.);
#3096 = CARTESIAN_POINT('',(-44.,-4.5,4.440892098501E-16));
#3097 = CARTESIAN_POINT('',(-44.,-4.5,0.149353015263));
#3098 = CARTESIAN_POINT('',(-44.02168658439,-4.494216620842,
    0.296019467169));
#3099 = CARTESIAN_POINT('',(-44.06365620723,-4.483026223069,
    0.43621478251));
#3100 = CARTESIAN_POINT('',(-44.12371172789,-4.467619164447,
    0.566561430445));
#3101 = CARTESIAN_POINT('',(-44.19887285418,-4.449809633474,
    0.684242243092));
#3102 = CARTESIAN_POINT('',(-44.28534828023,-4.431501236884,
    0.78724624176));
#3103 = CARTESIAN_POINT('',(-44.47805405225,-4.39563949058,
    0.968209006928));
#3104 = CARTESIAN_POINT('',(-44.58720340976,-4.377853757327,
    1.045854341986));
#3105 = CARTESIAN_POINT('',(-44.7033409048,-4.362220034971,1.10769204472
    ));
#3106 = CARTESIAN_POINT('',(-44.82436596606,-4.349808265273,
    1.153887875858));
#3107 = CARTESIAN_POINT('',(-44.94851159492,-4.341305512296,
    1.184618554739));
#3108 = CARTESIAN_POINT('',(-45.0742183869,-4.33704968844,1.2));
#3109 = CARTESIAN_POINT('',(-45.32578558835,-4.33704968844,1.2));
#3110 = CARTESIAN_POINT('',(-45.45149134261,-4.341305777858,
    1.184617592229));
#3111 = CARTESIAN_POINT('',(-45.57563460775,-4.349808468645,
    1.153887146339));
#3112 = CARTESIAN_POINT('',(-45.69665833809,-4.362219935704,
    1.107692233235));
#3113 = CARTESIAN_POINT('',(-45.81279609171,-4.377853656451,
    1.045854904333));
#3114 = CARTESIAN_POINT('',(-45.92194615769,-4.395639529652,
    0.968208809764));
#3115 = CARTESIAN_POINT('',(-46.11463882506,-4.431498837232,
    0.787258350694));
#3116 = CARTESIAN_POINT('',(-46.20111974382,-4.449807637721,
    0.684255236816));
#3117 = CARTESIAN_POINT('',(-46.27629214847,-4.467619731754,
    0.566563381498));
#3118 = CARTESIAN_POINT('',(-46.33635446536,-4.483029061372,
    0.43619885848));
#3119 = CARTESIAN_POINT('',(-46.37832168673,-4.49421883151,
    0.295989029304));
#3120 = CARTESIAN_POINT('',(-46.4,-4.5,0.149324533653));
#3121 = CARTESIAN_POINT('',(-46.4,-4.5,-0.149353015263));
#3122 = CARTESIAN_POINT('',(-46.3783134156,-4.494216620842,
    -0.296019467169));
#3123 = CARTESIAN_POINT('',(-46.33634379276,-4.483026223069,
    -0.436214782509));
#3124 = CARTESIAN_POINT('',(-46.2762882721,-4.467619164447,
    -0.566561430445));
#3125 = CARTESIAN_POINT('',(-46.20112714581,-4.449809633474,
    -0.684242243091));
#3126 = CARTESIAN_POINT('',(-46.11465171977,-4.431501236884,
    -0.78724624176));
#3127 = CARTESIAN_POINT('',(-45.92194525926,-4.395639362457,
    -0.968209653451));
#3128 = CARTESIAN_POINT('',(-45.81279490145,-4.377853478913,
    -1.045855576312));
#3129 = CARTESIAN_POINT('',(-45.69665747304,-4.362219871435,
    -1.107692458635));
#3130 = CARTESIAN_POINT('',(-45.57563420586,-4.349808446976,
    -1.153887236386));
#3131 = CARTESIAN_POINT('',(-45.45149095593,-4.341305737994,
    -1.18461773409));
#3132 = CARTESIAN_POINT('',(-45.32578499234,-4.33704968844,-1.2));
#3133 = CARTESIAN_POINT('',(-45.07421441164,-4.33704968844,-1.2));
#3134 = CARTESIAN_POINT('',(-44.94850865738,-4.341305777858,
    -1.18461759223));
#3135 = CARTESIAN_POINT('',(-44.82436539224,-4.349808468645,
    -1.153887146339));
#3136 = CARTESIAN_POINT('',(-44.7033416619,-4.362219935704,
    -1.107692233235));
#3137 = CARTESIAN_POINT('',(-44.58720390828,-4.377853656451,
    -1.045854904333));
#3138 = CARTESIAN_POINT('',(-44.4780538423,-4.395639529652,
    -0.968208809764));
#3139 = CARTESIAN_POINT('',(-44.285372538,-4.431496722612,
    -0.787269021325));
#3140 = CARTESIAN_POINT('',(-44.19888257619,-4.449806664947,
    -0.684262731661));
#3141 = CARTESIAN_POINT('',(-44.12370061261,-4.467621298279,
    -0.566557994563));
#3142 = CARTESIAN_POINT('',(-44.06363562556,-4.483031724933,
    -0.436179568172));
#3143 = CARTESIAN_POINT('',(-44.02167233256,-4.494220418362,
    -0.295962838045));
#3144 = CARTESIAN_POINT('',(-44.,-4.5,-0.149303940308));
#3145 = CARTESIAN_POINT('',(-44.,-4.5,4.440892098501E-16));
#3146 = PCURVE('',#1546,#3147);
#3147 = DEFINITIONAL_REPRESENTATION('',(#3148),#3199);
#3148 = B_SPLINE_CURVE_WITH_KNOTS('',7,(#3149,#3150,#3151,#3152,#3153,
    #3154,#3155,#3156,#3157,#3158,#3159,#3160,#3161,#3162,#3163,#3164,
    #3165,#3166,#3167,#3168,#3169,#3170,#3171,#3172,#3173,#3174,#3175,
    #3176,#3177,#3178,#3179,#3180,#3181,#3182,#3183,#3184,#3185,#3186,
    #3187,#3188,#3189,#3190,#3191,#3192,#3193,#3194,#3195,#3196,#3197,
    #3198),.UNSPECIFIED.,.F.,.F.,(8,6,6,6,6,6,6,6,8),(0.,0.120902626276,
    0.249998237816,0.379097929349,0.49998790285,0.620900934458,
    0.750008549692,0.879116776676,1.),.UNSPECIFIED.);
#3149 = CARTESIAN_POINT('',(0.,-4.5));
#3150 = CARTESIAN_POINT('',(-0.124460846052,-4.5));
#3151 = CARTESIAN_POINT('',(-0.246682828452,-4.494216620842));
#3152 = CARTESIAN_POINT('',(-0.36666150519,-4.483026223069));
#3153 = CARTESIAN_POINT('',(-0.484220649159,-4.467619164447));
#3154 = CARTESIAN_POINT('',(-0.598985517364,-4.449809633474));
#3155 = CARTESIAN_POINT('',(-0.710276363034,-4.431501236884));
#3156 = CARTESIAN_POINT('',(-0.930571362458,-4.39563949058));
#3157 = CARTESIAN_POINT('',(-1.041170058339,-4.377853757327));
#3158 = CARTESIAN_POINT('',(-1.149400177315,-4.362220034971));
#3159 = CARTESIAN_POINT('',(-1.255886766007,-4.349808265273));
#3160 = CARTESIAN_POINT('',(-1.361222718859,-4.341305512296));
#3161 = CARTESIAN_POINT('',(-1.465978315882,-4.33704968844));
#3162 = CARTESIAN_POINT('',(-1.675617650421,-4.33704968844));
#3163 = CARTESIAN_POINT('',(-1.780372376689,-4.341305777858));
#3164 = CARTESIAN_POINT('',(-1.88570654827,-4.349808468645));
#3165 = CARTESIAN_POINT('',(-1.992191904422,-4.362219935704));
#3166 = CARTESIAN_POINT('',(-2.100421976309,-4.377853656451));
#3167 = CARTESIAN_POINT('',(-2.211021531149,-4.395639529652));
#3168 = CARTESIAN_POINT('',(-2.431301549747,-4.431498837232));
#3169 = CARTESIAN_POINT('',(-2.542595230716,-4.449807637721));
#3170 = CARTESIAN_POINT('',(-2.657372409798,-4.467619731754));
#3171 = CARTESIAN_POINT('',(-2.774946199467,-4.483029061372));
#3172 = CARTESIAN_POINT('',(-2.8949351939,-4.49421883151));
#3173 = CARTESIAN_POINT('',(-3.017155542212,-4.5));
#3174 = CARTESIAN_POINT('',(-3.266053499642,-4.5));
#3175 = CARTESIAN_POINT('',(-3.388275482042,-4.494216620842));
#3176 = CARTESIAN_POINT('',(-3.508254158779,-4.483026223069));
#3177 = CARTESIAN_POINT('',(-3.625813302749,-4.467619164447));
#3178 = CARTESIAN_POINT('',(-3.740578170954,-4.449809633474));
#3179 = CARTESIAN_POINT('',(-3.851869016624,-4.431501236884));
#3180 = CARTESIAN_POINT('',(-4.072164803093,-4.395639362457));
#3181 = CARTESIAN_POINT('',(-4.182764437542,-4.377853478913));
#3182 = CARTESIAN_POINT('',(-4.290994121011,-4.362219871435));
#3183 = CARTESIAN_POINT('',(-4.39747912499,-4.349808446976));
#3184 = CARTESIAN_POINT('',(-4.50281325015,-4.341305737994));
#3185 = CARTESIAN_POINT('',(-4.60756815343,-4.33704968844));
#3186 = CARTESIAN_POINT('',(-4.817210304011,-4.33704968844));
#3187 = CARTESIAN_POINT('',(-4.921965030278,-4.341305777858));
#3188 = CARTESIAN_POINT('',(-5.027299201861,-4.349808468645));
#3189 = CARTESIAN_POINT('',(-5.13378455801,-4.362219935704));
#3190 = CARTESIAN_POINT('',(-5.242014629899,-4.377853656451));
#3191 = CARTESIAN_POINT('',(-5.352614184739,-4.395639529652));
#3192 = CARTESIAN_POINT('',(-5.572881213445,-4.431496722612));
#3193 = CARTESIAN_POINT('',(-5.684182202299,-4.449806664947));
#3194 = CARTESIAN_POINT('',(-5.798971798254,-4.467621298279));
#3195 = CARTESIAN_POINT('',(-5.916556220382,-4.483031724933));
#3196 = CARTESIAN_POINT('',(-6.036549676084,-4.494220418362));
#3197 = CARTESIAN_POINT('',(-6.158765356923,-4.5));
#3198 = CARTESIAN_POINT('',(-6.28318530718,-4.5));
#3199 = ( GEOMETRIC_REPRESENTATION_CONTEXT(2) 
PARAMETRIC_REPRESENTATION_CONTEXT() REPRESENTATION_CONTEXT('2D SPACE',''
  ) );
#3200 = PCURVE('',#1727,#3201);
#3201 = DEFINITIONAL_REPRESENTATION('',(#3202),#3253);
#3202 = B_SPLINE_CURVE_WITH_KNOTS('',7,(#3203,#3204,#3205,#3206,#3207,
    #3208,#3209,#3210,#3211,#3212,#3213,#3214,#3215,#3216,#3217,#3218,
    #3219,#3220,#3221,#3222,#3223,#3224,#3225,#3226,#3227,#3228,#3229,
    #3230,#3231,#3232,#3233,#3234,#3235,#3236,#3237,#3238,#3239,#3240,
    #3241,#3242,#3243,#3244,#3245,#3246,#3247,#3248,#3249,#3250,#3251,
    #3252),.UNSPECIFIED.,.T.,.F.,(8,6,6,6,6,6,6,6,8),(0.,0.120902626276,
    0.249998237816,0.379097929349,0.49998790285,0.620900934458,
    0.750008549692,0.879116776676,1.),.UNSPECIFIED.);
#3203 = CARTESIAN_POINT('',(-3.14159265359,7.));
#3204 = CARTESIAN_POINT('',(-3.108403094643,7.));
#3205 = CARTESIAN_POINT('',(-3.075810498168,7.021686584394));
#3206 = CARTESIAN_POINT('',(-3.044596545425,7.063656207234));
#3207 = CARTESIAN_POINT('',(-3.015460385103,7.123711727896));
#3208 = CARTESIAN_POINT('',(-2.989025644389,7.198872854185));
#3209 = CARTESIAN_POINT('',(-2.965781668352,7.28534828023));
#3210 = CARTESIAN_POINT('',(-2.92478568106,7.478054052259));
#3211 = CARTESIAN_POINT('',(-2.907092004088,7.58720340976));
#3212 = CARTESIAN_POINT('',(-2.892921555542,7.703340904804));
#3213 = CARTESIAN_POINT('',(-2.882291982367,7.824365966063));
#3214 = CARTESIAN_POINT('',(-2.875206384133,7.948511594929));
#3215 = CARTESIAN_POINT('',(-2.871659857756,8.074218386904));
#3216 = CARTESIAN_POINT('',(-2.871659857756,8.325785588351));
#3217 = CARTESIAN_POINT('',(-2.875206606515,8.451491342616));
#3218 = CARTESIAN_POINT('',(-2.882292149492,8.575634607756));
#3219 = CARTESIAN_POINT('',(-2.892921510537,8.696658338094));
#3220 = CARTESIAN_POINT('',(-2.907091876994,8.812796091714));
#3221 = CARTESIAN_POINT('',(-2.924785725726,8.921946157699));
#3222 = CARTESIAN_POINT('',(-2.965778925149,9.114638825065));
#3223 = CARTESIAN_POINT('',(-2.989022724591,9.201119743825));
#3224 = CARTESIAN_POINT('',(-3.015459983352,9.276292148479));
#3225 = CARTESIAN_POINT('',(-3.044600119011,9.336354465364));
#3226 = CARTESIAN_POINT('',(-3.075817262571,9.378321686734));
#3227 = CARTESIAN_POINT('',(-3.108409423889,9.4));
#3228 = CARTESIAN_POINT('',(-3.174782212537,9.4));
#3229 = CARTESIAN_POINT('',(-3.207374809012,9.378313415606));
#3230 = CARTESIAN_POINT('',(-3.238588761754,9.336343792766));
#3231 = CARTESIAN_POINT('',(-3.267724922077,9.276288272104));
#3232 = CARTESIAN_POINT('',(-3.29415966279,9.201127145815));
#3233 = CARTESIAN_POINT('',(-3.317403638827,9.11465171977));
#3234 = CARTESIAN_POINT('',(-3.358399772586,8.921945259263));
#3235 = CARTESIAN_POINT('',(-3.376093584271,8.812794901454));
#3236 = CARTESIAN_POINT('',(-3.390263849139,8.696657473044));
#3237 = CARTESIAN_POINT('',(-3.400893177875,8.57563420586));
#3238 = CARTESIAN_POINT('',(-3.407978733584,8.451490955938));
#3239 = CARTESIAN_POINT('',(-3.411525449423,8.325784992346));
#3240 = CARTESIAN_POINT('',(-3.411525449423,8.074214411649));
#3241 = CARTESIAN_POINT('',(-3.407978700665,7.948508657385));
#3242 = CARTESIAN_POINT('',(-3.400893157687,7.824365392243));
#3243 = CARTESIAN_POINT('',(-3.390263796642,7.703341661907));
#3244 = CARTESIAN_POINT('',(-3.376093430185,7.587203908286));
#3245 = CARTESIAN_POINT('',(-3.358399581453,7.478053842301));
#3246 = CARTESIAN_POINT('',(-3.317408799396,7.285372538003));
#3247 = CARTESIAN_POINT('',(-3.294164257997,7.198882576194));
#3248 = CARTESIAN_POINT('',(-3.26772408728,7.123700612617));
#3249 = CARTESIAN_POINT('',(-3.238580873944,7.063635625561));
#3250 = CARTESIAN_POINT('',(-3.207362225562,7.021672332563));
#3251 = CARTESIAN_POINT('',(-3.174771306991,7.));
#3252 = CARTESIAN_POINT('',(-3.14159265359,7.));
#3253 = ( GEOMETRIC_REPRESENTATION_CONTEXT(2) 
PARAMETRIC_REPRESENTATION_CONTEXT() REPRESENTATION_CONTEXT('2D SPACE',''
  ) );
#3254 = ORIENTED_EDGE('',*,*,#3255,.T.);
#3255 = EDGE_CURVE('',#3092,#1437,#3256,.T.);
#3256 = SEAM_CURVE('',#3257,(#3261,#3268),.PCURVE_S1.);
#3257 = LINE('',#3258,#3259);
#3258 = CARTESIAN_POINT('',(-44.,0.,0.));
#3259 = VECTOR('',#3260,1.);
#3260 = DIRECTION('',(0.,-1.,1.224646799147E-16));
#3261 = PCURVE('',#1546,#3262);
#3262 = DEFINITIONAL_REPRESENTATION('',(#3263),#3267);
#3263 = LINE('',#3264,#3265);
#3264 = CARTESIAN_POINT('',(-6.28318530718,0.));
#3265 = VECTOR('',#3266,1.);
#3266 = DIRECTION('',(-0.,-1.));
#3267 = ( GEOMETRIC_REPRESENTATION_CONTEXT(2) 
PARAMETRIC_REPRESENTATION_CONTEXT() REPRESENTATION_CONTEXT('2D SPACE',''
  ) );
#3268 = PCURVE('',#1546,#3269);
#3269 = DEFINITIONAL_REPRESENTATION('',(#3270),#3274);
#3270 = LINE('',#3271,#3272);
#3271 = CARTESIAN_POINT('',(-0.,0.));
#3272 = VECTOR('',#3273,1.);
#3273 = DIRECTION('',(-0.,-1.));
#3274 = ( GEOMETRIC_REPRESENTATION_CONTEXT(2) 
PARAMETRIC_REPRESENTATION_CONTEXT() REPRESENTATION_CONTEXT('2D SPACE',''
  ) );
#3275 = ORIENTED_EDGE('',*,*,#1436,.T.);
#3276 = ORIENTED_EDGE('',*,*,#3255,.F.);
#3277 = ADVANCED_FACE('',(#3278,#3281),#1647,.T.);
#3278 = FACE_BOUND('',#3279,.T.);
#3279 = EDGE_LOOP('',(#3280));
#3280 = ORIENTED_EDGE('',*,*,#1632,.T.);
#3281 = FACE_BOUND('',#3282,.T.);
#3282 = EDGE_LOOP('',(#3283));
#3283 = ORIENTED_EDGE('',*,*,#3284,.T.);
#3284 = EDGE_CURVE('',#3285,#3285,#3287,.T.);
#3285 = VERTEX_POINT('',#3286);
#3286 = CARTESIAN_POINT('',(-31.51,4.594,0.));
#3287 = SURFACE_CURVE('',#3288,(#3293,#3304),.PCURVE_S1.);
#3288 = CIRCLE('',#3289,4.594);
#3289 = AXIS2_PLACEMENT_3D('',#3290,#3291,#3292);
#3290 = CARTESIAN_POINT('',(-31.51,0.,0.));
#3291 = DIRECTION('',(-1.,0.,0.));
#3292 = DIRECTION('',(0.,1.,0.));
#3293 = PCURVE('',#1647,#3294);
#3294 = DEFINITIONAL_REPRESENTATION('',(#3295),#3303);
#3295 = ( BOUNDED_CURVE() B_SPLINE_CURVE(2,(#3296,#3297,#3298,#3299,
#3300,#3301,#3302),.UNSPECIFIED.,.T.,.F.) B_SPLINE_CURVE_WITH_KNOTS((1,2
    ,2,2,2,1),(-2.094395102393,0.,2.094395102393,4.188790204786,
6.28318530718,8.377580409573),.UNSPECIFIED.) CURVE() 
GEOMETRIC_REPRESENTATION_ITEM() RATIONAL_B_SPLINE_CURVE((1.,0.5,1.,0.5,
1.,0.5,1.)) REPRESENTATION_ITEM('') );
#3296 = CARTESIAN_POINT('',(4.594,0.));
#3297 = CARTESIAN_POINT('',(4.594,-7.957041409971));
#3298 = CARTESIAN_POINT('',(-2.297,-3.978520704986));
#3299 = CARTESIAN_POINT('',(-9.188,-1.125205479057E-15));
#3300 = CARTESIAN_POINT('',(-2.297,3.978520704986));
#3301 = CARTESIAN_POINT('',(4.594,7.957041409971));
#3302 = CARTESIAN_POINT('',(4.594,0.));
#3303 = ( GEOMETRIC_REPRESENTATION_CONTEXT(2) 
PARAMETRIC_REPRESENTATION_CONTEXT() REPRESENTATION_CONTEXT('2D SPACE',''
  ) );
#3304 = PCURVE('',#3305,#3310);
#3305 = CYLINDRICAL_SURFACE('',#3306,4.594);
#3306 = AXIS2_PLACEMENT_3D('',#3307,#3308,#3309);
#3307 = CARTESIAN_POINT('',(-31.5,0.,0.));
#3308 = DIRECTION('',(-1.,-0.,-0.));
#3309 = DIRECTION('',(0.,1.,0.));
#3310 = DEFINITIONAL_REPRESENTATION('',(#3311),#3315);
#3311 = LINE('',#3312,#3313);
#3312 = CARTESIAN_POINT('',(-6.28318530718,1.E-02));
#3313 = VECTOR('',#3314,1.);
#3314 = DIRECTION('',(1.,-0.));
#3315 = ( GEOMETRIC_REPRESENTATION_CONTEXT(2) 
PARAMETRIC_REPRESENTATION_CONTEXT() REPRESENTATION_CONTEXT('2D SPACE',''
  ) );
#3316 = ADVANCED_FACE('',(#3317,#3451,#3454,#3457,#3460,#3463,#3466),
  #1727,.F.);
#3317 = FACE_BOUND('',#3318,.T.);
#3318 = EDGE_LOOP('',(#3319,#3352,#3373,#3374,#3395,#3396,#3419,#3446,
    #3447,#3448,#3449,#3450));
#3319 = ORIENTED_EDGE('',*,*,#3320,.F.);
#3320 = EDGE_CURVE('',#3321,#3321,#3323,.T.);
#3321 = VERTEX_POINT('',#3322);
#3322 = CARTESIAN_POINT('',(-37.01,4.5,0.));
#3323 = SURFACE_CURVE('',#3324,(#3329,#3336),.PCURVE_S1.);
#3324 = CIRCLE('',#3325,4.5);
#3325 = AXIS2_PLACEMENT_3D('',#3326,#3327,#3328);
#3326 = CARTESIAN_POINT('',(-37.01,0.,0.));
#3327 = DIRECTION('',(-1.,0.,0.));
#3328 = DIRECTION('',(0.,1.,0.));
#3329 = PCURVE('',#1727,#3330);
#3330 = DEFINITIONAL_REPRESENTATION('',(#3331),#3335);
#3331 = LINE('',#3332,#3333);
#3332 = CARTESIAN_POINT('',(-6.28318530718,9.999999999998E-03));
#3333 = VECTOR('',#3334,1.);
#3334 = DIRECTION('',(1.,-0.));
#3335 = ( GEOMETRIC_REPRESENTATION_CONTEXT(2) 
PARAMETRIC_REPRESENTATION_CONTEXT() REPRESENTATION_CONTEXT('2D SPACE',''
  ) );
#3336 = PCURVE('',#3337,#3342);
#3337 = PLANE('',#3338);
#3338 = AXIS2_PLACEMENT_3D('',#3339,#3340,#3341);
#3339 = CARTESIAN_POINT('',(-37.01,0.,0.));
#3340 = DIRECTION('',(1.,0.,0.));
#3341 = DIRECTION('',(-0.,1.,0.));
#3342 = DEFINITIONAL_REPRESENTATION('',(#3343),#3351);
#3343 = ( BOUNDED_CURVE() B_SPLINE_CURVE(2,(#3344,#3345,#3346,#3347,
#3348,#3349,#3350),.UNSPECIFIED.,.T.,.F.) B_SPLINE_CURVE_WITH_KNOTS((1,2
    ,2,2,2,1),(-2.094395102393,0.,2.094395102393,4.188790204786,
6.28318530718,8.377580409573),.UNSPECIFIED.) CURVE() 
GEOMETRIC_REPRESENTATION_ITEM() RATIONAL_B_SPLINE_CURVE((1.,0.5,1.,0.5,
1.,0.5,1.)) REPRESENTATION_ITEM('') );
#3344 = CARTESIAN_POINT('',(4.5,0.));
#3345 = CARTESIAN_POINT('',(4.5,-7.79422863406));
#3346 = CARTESIAN_POINT('',(-2.25,-3.89711431703));
#3347 = CARTESIAN_POINT('',(-9.,-1.102182119233E-15));
#3348 = CARTESIAN_POINT('',(-2.25,3.89711431703));
#3349 = CARTESIAN_POINT('',(4.5,7.79422863406));
#3350 = CARTESIAN_POINT('',(4.5,0.));
#3351 = ( GEOMETRIC_REPRESENTATION_CONTEXT(2) 
PARAMETRIC_REPRESENTATION_CONTEXT() REPRESENTATION_CONTEXT('2D SPACE',''
  ) );
#3352 = ORIENTED_EDGE('',*,*,#3353,.T.);
#3353 = EDGE_CURVE('',#3321,#1664,#3354,.T.);
#3354 = SEAM_CURVE('',#3355,(#3359,#3366),.PCURVE_S1.);
#3355 = LINE('',#3356,#3357);
#3356 = CARTESIAN_POINT('',(-37.,4.5,0.));
#3357 = VECTOR('',#3358,1.);
#3358 = DIRECTION('',(-1.,0.,0.));
#3359 = PCURVE('',#1727,#3360);
#3360 = DEFINITIONAL_REPRESENTATION('',(#3361),#3365);
#3361 = LINE('',#3362,#3363);
#3362 = CARTESIAN_POINT('',(-0.,0.));
#3363 = VECTOR('',#3364,1.);
#3364 = DIRECTION('',(-0.,1.));
#3365 = ( GEOMETRIC_REPRESENTATION_CONTEXT(2) 
PARAMETRIC_REPRESENTATION_CONTEXT() REPRESENTATION_CONTEXT('2D SPACE',''
  ) );
#3366 = PCURVE('',#1727,#3367);
#3367 = DEFINITIONAL_REPRESENTATION('',(#3368),#3372);
#3368 = LINE('',#3369,#3370);
#3369 = CARTESIAN_POINT('',(-6.28318530718,0.));
#3370 = VECTOR('',#3371,1.);
#3371 = DIRECTION('',(-0.,1.));
#3372 = ( GEOMETRIC_REPRESENTATION_CONTEXT(2) 
PARAMETRIC_REPRESENTATION_CONTEXT() REPRESENTATION_CONTEXT('2D SPACE',''
  ) );
#3373 = ORIENTED_EDGE('',*,*,#1663,.T.);
#3374 = ORIENTED_EDGE('',*,*,#3375,.T.);
#3375 = EDGE_CURVE('',#1666,#1880,#3376,.T.);
#3376 = SEAM_CURVE('',#3377,(#3381,#3388),.PCURVE_S1.);
#3377 = LINE('',#3378,#3379);
#3378 = CARTESIAN_POINT('',(-37.,4.5,0.));
#3379 = VECTOR('',#3380,1.);
#3380 = DIRECTION('',(-1.,0.,0.));
#3381 = PCURVE('',#1727,#3382);
#3382 = DEFINITIONAL_REPRESENTATION('',(#3383),#3387);
#3383 = LINE('',#3384,#3385);
#3384 = CARTESIAN_POINT('',(-0.,0.));
#3385 = VECTOR('',#3386,1.);
#3386 = DIRECTION('',(-0.,1.));
#3387 = ( GEOMETRIC_REPRESENTATION_CONTEXT(2) 
PARAMETRIC_REPRESENTATION_CONTEXT() REPRESENTATION_CONTEXT('2D SPACE',''
  ) );
#3388 = PCURVE('',#1727,#3389);
#3389 = DEFINITIONAL_REPRESENTATION('',(#3390),#3394);
#3390 = LINE('',#3391,#3392);
#3391 = CARTESIAN_POINT('',(-6.28318530718,0.));
#3392 = VECTOR('',#3393,1.);
#3393 = DIRECTION('',(-0.,1.));
#3394 = ( GEOMETRIC_REPRESENTATION_CONTEXT(2) 
PARAMETRIC_REPRESENTATION_CONTEXT() REPRESENTATION_CONTEXT('2D SPACE',''
  ) );
#3395 = ORIENTED_EDGE('',*,*,#1879,.T.);
#3396 = ORIENTED_EDGE('',*,*,#3397,.T.);
#3397 = EDGE_CURVE('',#1882,#3398,#3400,.T.);
#3398 = VERTEX_POINT('',#3399);
#3399 = CARTESIAN_POINT('',(-46.8,4.5,0.));
#3400 = SEAM_CURVE('',#3401,(#3405,#3412),.PCURVE_S1.);
#3401 = LINE('',#3402,#3403);
#3402 = CARTESIAN_POINT('',(-37.,4.5,0.));
#3403 = VECTOR('',#3404,1.);
#3404 = DIRECTION('',(-1.,0.,0.));
#3405 = PCURVE('',#1727,#3406);
#3406 = DEFINITIONAL_REPRESENTATION('',(#3407),#3411);
#3407 = LINE('',#3408,#3409);
#3408 = CARTESIAN_POINT('',(-0.,0.));
#3409 = VECTOR('',#3410,1.);
#3410 = DIRECTION('',(-0.,1.));
#3411 = ( GEOMETRIC_REPRESENTATION_CONTEXT(2) 
PARAMETRIC_REPRESENTATION_CONTEXT() REPRESENTATION_CONTEXT('2D SPACE',''
  ) );
#3412 = PCURVE('',#1727,#3413);
#3413 = DEFINITIONAL_REPRESENTATION('',(#3414),#3418);
#3414 = LINE('',#3415,#3416);
#3415 = CARTESIAN_POINT('',(-6.28318530718,0.));
#3416 = VECTOR('',#3417,1.);
#3417 = DIRECTION('',(-0.,1.));
#3418 = ( GEOMETRIC_REPRESENTATION_CONTEXT(2) 
PARAMETRIC_REPRESENTATION_CONTEXT() REPRESENTATION_CONTEXT('2D SPACE',''
  ) );
#3419 = ORIENTED_EDGE('',*,*,#3420,.F.);
#3420 = EDGE_CURVE('',#3398,#3398,#3421,.T.);
#3421 = SURFACE_CURVE('',#3422,(#3427,#3434),.PCURVE_S1.);
#3422 = CIRCLE('',#3423,4.5);
#3423 = AXIS2_PLACEMENT_3D('',#3424,#3425,#3426);
#3424 = CARTESIAN_POINT('',(-46.8,0.,0.));
#3425 = DIRECTION('',(1.,0.,0.));
#3426 = DIRECTION('',(-0.,1.,0.));
#3427 = PCURVE('',#1727,#3428);
#3428 = DEFINITIONAL_REPRESENTATION('',(#3429),#3433);
#3429 = LINE('',#3430,#3431);
#3430 = CARTESIAN_POINT('',(-0.,9.8));
#3431 = VECTOR('',#3432,1.);
#3432 = DIRECTION('',(-1.,0.));
#3433 = ( GEOMETRIC_REPRESENTATION_CONTEXT(2) 
PARAMETRIC_REPRESENTATION_CONTEXT() REPRESENTATION_CONTEXT('2D SPACE',''
  ) );
#3434 = PCURVE('',#3435,#3440);
#3435 = PLANE('',#3436);
#3436 = AXIS2_PLACEMENT_3D('',#3437,#3438,#3439);
#3437 = CARTESIAN_POINT('',(-46.8,0.,0.));
#3438 = DIRECTION('',(1.,0.,0.));
#3439 = DIRECTION('',(-0.,1.,0.));
#3440 = DEFINITIONAL_REPRESENTATION('',(#3441),#3445);
#3441 = CIRCLE('',#3442,4.5);
#3442 = AXIS2_PLACEMENT_2D('',#3443,#3444);
#3443 = CARTESIAN_POINT('',(0.,0.));
#3444 = DIRECTION('',(1.,0.));
#3445 = ( GEOMETRIC_REPRESENTATION_CONTEXT(2) 
PARAMETRIC_REPRESENTATION_CONTEXT() REPRESENTATION_CONTEXT('2D SPACE',''
  ) );
#3446 = ORIENTED_EDGE('',*,*,#3397,.F.);
#3447 = ORIENTED_EDGE('',*,*,#1997,.T.);
#3448 = ORIENTED_EDGE('',*,*,#3375,.F.);
#3449 = ORIENTED_EDGE('',*,*,#1786,.T.);
#3450 = ORIENTED_EDGE('',*,*,#3353,.F.);
#3451 = FACE_BOUND('',#3452,.T.);
#3452 = EDGE_LOOP('',(#3453));
#3453 = ORIENTED_EDGE('',*,*,#2129,.T.);
#3454 = FACE_BOUND('',#3455,.T.);
#3455 = EDGE_LOOP('',(#3456));
#3456 = ORIENTED_EDGE('',*,*,#2322,.T.);
#3457 = FACE_BOUND('',#3458,.T.);
#3458 = EDGE_LOOP('',(#3459));
#3459 = ORIENTED_EDGE('',*,*,#2515,.T.);
#3460 = FACE_BOUND('',#3461,.T.);
#3461 = EDGE_LOOP('',(#3462));
#3462 = ORIENTED_EDGE('',*,*,#2705,.T.);
#3463 = FACE_BOUND('',#3464,.T.);
#3464 = EDGE_LOOP('',(#3465));
#3465 = ORIENTED_EDGE('',*,*,#2898,.T.);
#3466 = FACE_BOUND('',#3467,.T.);
#3467 = EDGE_LOOP('',(#3468));
#3468 = ORIENTED_EDGE('',*,*,#3091,.T.);
#3469 = ADVANCED_FACE('',(#3470),#2114,.F.);
#3470 = FACE_BOUND('',#3471,.T.);
#3471 = EDGE_LOOP('',(#3472,#3500,#3521,#3522));
#3472 = ORIENTED_EDGE('',*,*,#3473,.F.);
#3473 = EDGE_CURVE('',#3474,#3474,#3476,.T.);
#3474 = VERTEX_POINT('',#3475);
#3475 = CARTESIAN_POINT('',(-46.8,1.5,0.));
#3476 = SURFACE_CURVE('',#3477,(#3482,#3489),.PCURVE_S1.);
#3477 = CIRCLE('',#3478,1.5);
#3478 = AXIS2_PLACEMENT_3D('',#3479,#3480,#3481);
#3479 = CARTESIAN_POINT('',(-46.8,0.,0.));
#3480 = DIRECTION('',(-1.,0.,0.));
#3481 = DIRECTION('',(0.,1.,0.));
#3482 = PCURVE('',#2114,#3483);
#3483 = DEFINITIONAL_REPRESENTATION('',(#3484),#3488);
#3484 = LINE('',#3485,#3486);
#3485 = CARTESIAN_POINT('',(-6.28318530718,0.1));
#3486 = VECTOR('',#3487,1.);
#3487 = DIRECTION('',(1.,-0.));
#3488 = ( GEOMETRIC_REPRESENTATION_CONTEXT(2) 
PARAMETRIC_REPRESENTATION_CONTEXT() REPRESENTATION_CONTEXT('2D SPACE',''
  ) );
#3489 = PCURVE('',#3435,#3490);
#3490 = DEFINITIONAL_REPRESENTATION('',(#3491),#3499);
#3491 = ( BOUNDED_CURVE() B_SPLINE_CURVE(2,(#3492,#3493,#3494,#3495,
#3496,#3497,#3498),.UNSPECIFIED.,.T.,.F.) B_SPLINE_CURVE_WITH_KNOTS((1,2
    ,2,2,2,1),(-2.094395102393,0.,2.094395102393,4.188790204786,
6.28318530718,8.377580409573),.UNSPECIFIED.) CURVE() 
GEOMETRIC_REPRESENTATION_ITEM() RATIONAL_B_SPLINE_CURVE((1.,0.5,1.,0.5,
1.,0.5,1.)) REPRESENTATION_ITEM('') );
#3492 = CARTESIAN_POINT('',(1.5,0.));
#3493 = CARTESIAN_POINT('',(1.5,-2.598076211353));
#3494 = CARTESIAN_POINT('',(-0.75,-1.299038105677));
#3495 = CARTESIAN_POINT('',(-3.,-3.673940397442E-16));
#3496 = CARTESIAN_POINT('',(-0.75,1.299038105677));
#3497 = CARTESIAN_POINT('',(1.5,2.598076211353));
#3498 = CARTESIAN_POINT('',(1.5,0.));
#3499 = ( GEOMETRIC_REPRESENTATION_CONTEXT(2) 
PARAMETRIC_REPRESENTATION_CONTEXT() REPRESENTATION_CONTEXT('2D SPACE',''
  ) );
#3500 = ORIENTED_EDGE('',*,*,#3501,.T.);
#3501 = EDGE_CURVE('',#3474,#2094,#3502,.T.);
#3502 = SEAM_CURVE('',#3503,(#3507,#3514),.PCURVE_S1.);
#3503 = LINE('',#3504,#3505);
#3504 = CARTESIAN_POINT('',(-46.7,1.5,0.));
#3505 = VECTOR('',#3506,1.);
#3506 = DIRECTION('',(-1.,0.,0.));
#3507 = PCURVE('',#2114,#3508);
#3508 = DEFINITIONAL_REPRESENTATION('',(#3509),#3513);
#3509 = LINE('',#3510,#3511);
#3510 = CARTESIAN_POINT('',(-0.,0.));
#3511 = VECTOR('',#3512,1.);
#3512 = DIRECTION('',(-0.,1.));
#3513 = ( GEOMETRIC_REPRESENTATION_CONTEXT(2) 
PARAMETRIC_REPRESENTATION_CONTEXT() REPRESENTATION_CONTEXT('2D SPACE',''
  ) );
#3514 = PCURVE('',#2114,#3515);
#3515 = DEFINITIONAL_REPRESENTATION('',(#3516),#3520);
#3516 = LINE('',#3517,#3518);
#3517 = CARTESIAN_POINT('',(-6.28318530718,0.));
#3518 = VECTOR('',#3519,1.);
#3519 = DIRECTION('',(-0.,1.));
#3520 = ( GEOMETRIC_REPRESENTATION_CONTEXT(2) 
PARAMETRIC_REPRESENTATION_CONTEXT() REPRESENTATION_CONTEXT('2D SPACE',''
  ) );
#3521 = ORIENTED_EDGE('',*,*,#2093,.T.);
#3522 = ORIENTED_EDGE('',*,*,#3501,.F.);
#3523 = ADVANCED_FACE('',(#3524),#3305,.F.);
#3524 = FACE_BOUND('',#3525,.T.);
#3525 = EDGE_LOOP('',(#3526,#3527,#3550,#3572));
#3526 = ORIENTED_EDGE('',*,*,#3284,.F.);
#3527 = ORIENTED_EDGE('',*,*,#3528,.T.);
#3528 = EDGE_CURVE('',#3285,#3529,#3531,.T.);
#3529 = VERTEX_POINT('',#3530);
#3530 = CARTESIAN_POINT('',(-37.01,4.594,0.));
#3531 = SEAM_CURVE('',#3532,(#3536,#3543),.PCURVE_S1.);
#3532 = LINE('',#3533,#3534);
#3533 = CARTESIAN_POINT('',(-31.5,4.594,0.));
#3534 = VECTOR('',#3535,1.);
#3535 = DIRECTION('',(-1.,0.,0.));
#3536 = PCURVE('',#3305,#3537);
#3537 = DEFINITIONAL_REPRESENTATION('',(#3538),#3542);
#3538 = LINE('',#3539,#3540);
#3539 = CARTESIAN_POINT('',(-0.,0.));
#3540 = VECTOR('',#3541,1.);
#3541 = DIRECTION('',(-0.,1.));
#3542 = ( GEOMETRIC_REPRESENTATION_CONTEXT(2) 
PARAMETRIC_REPRESENTATION_CONTEXT() REPRESENTATION_CONTEXT('2D SPACE',''
  ) );
#3543 = PCURVE('',#3305,#3544);
#3544 = DEFINITIONAL_REPRESENTATION('',(#3545),#3549);
#3545 = LINE('',#3546,#3547);
#3546 = CARTESIAN_POINT('',(-6.28318530718,0.));
#3547 = VECTOR('',#3548,1.);
#3548 = DIRECTION('',(-0.,1.));
#3549 = ( GEOMETRIC_REPRESENTATION_CONTEXT(2) 
PARAMETRIC_REPRESENTATION_CONTEXT() REPRESENTATION_CONTEXT('2D SPACE',''
  ) );
#3550 = ORIENTED_EDGE('',*,*,#3551,.F.);
#3551 = EDGE_CURVE('',#3529,#3529,#3552,.T.);
#3552 = SURFACE_CURVE('',#3553,(#3558,#3565),.PCURVE_S1.);
#3553 = CIRCLE('',#3554,4.594);
#3554 = AXIS2_PLACEMENT_3D('',#3555,#3556,#3557);
#3555 = CARTESIAN_POINT('',(-37.01,0.,0.));
#3556 = DIRECTION('',(1.,0.,0.));
#3557 = DIRECTION('',(-0.,1.,0.));
#3558 = PCURVE('',#3305,#3559);
#3559 = DEFINITIONAL_REPRESENTATION('',(#3560),#3564);
#3560 = LINE('',#3561,#3562);
#3561 = CARTESIAN_POINT('',(-0.,5.51));
#3562 = VECTOR('',#3563,1.);
#3563 = DIRECTION('',(-1.,0.));
#3564 = ( GEOMETRIC_REPRESENTATION_CONTEXT(2) 
PARAMETRIC_REPRESENTATION_CONTEXT() REPRESENTATION_CONTEXT('2D SPACE',''
  ) );
#3565 = PCURVE('',#3337,#3566);
#3566 = DEFINITIONAL_REPRESENTATION('',(#3567),#3571);
#3567 = CIRCLE('',#3568,4.594);
#3568 = AXIS2_PLACEMENT_2D('',#3569,#3570);
#3569 = CARTESIAN_POINT('',(0.,0.));
#3570 = DIRECTION('',(1.,0.));
#3571 = ( GEOMETRIC_REPRESENTATION_CONTEXT(2) 
PARAMETRIC_REPRESENTATION_CONTEXT() REPRESENTATION_CONTEXT('2D SPACE',''
  ) );
#3572 = ORIENTED_EDGE('',*,*,#3528,.F.);
#3573 = ADVANCED_FACE('',(#3574,#3577),#3337,.T.);
#3574 = FACE_BOUND('',#3575,.T.);
#3575 = EDGE_LOOP('',(#3576));
#3576 = ORIENTED_EDGE('',*,*,#3551,.T.);
#3577 = FACE_BOUND('',#3578,.T.);
#3578 = EDGE_LOOP('',(#3579));
#3579 = ORIENTED_EDGE('',*,*,#3320,.T.);
#3580 = ADVANCED_FACE('',(#3581,#3584),#3435,.T.);
#3581 = FACE_BOUND('',#3582,.T.);
#3582 = EDGE_LOOP('',(#3583));
#3583 = ORIENTED_EDGE('',*,*,#3420,.T.);
#3584 = FACE_BOUND('',#3585,.T.);
#3585 = EDGE_LOOP('',(#3586));
#3586 = ORIENTED_EDGE('',*,*,#3473,.T.);
#3587 = ( GEOMETRIC_REPRESENTATION_CONTEXT(3) 
GLOBAL_UNCERTAINTY_ASSIGNED_CONTEXT((#3591)) 
GLOBAL_UNIT_ASSIGNED_CONTEXT((#3588,#3589,#3590)) REPRESENTATION_CONTEXT
('Context #1','3D Context with UNIT and UNCERTAINTY') );
#3588 = ( LENGTH_UNIT() NAMED_UNIT(*) SI_UNIT(.MILLI.,.METRE.) );
#3589 = ( NAMED_UNIT(*) PLANE_ANGLE_UNIT() SI_UNIT($,.RADIAN.) );
#3590 = ( NAMED_UNIT(*) SI_UNIT($,.STERADIAN.) SOLID_ANGLE_UNIT() );
#3591 = UNCERTAINTY_MEASURE_WITH_UNIT(LENGTH_MEASURE(1.E-07),#3588,
  'distance_accuracy_value','confusion accuracy');
#3592 = PRODUCT_RELATED_PRODUCT_CATEGORY('part',$,(#7));
ENDSEC;
END-ISO-10303-21;
