ISO-10303-21;
HEADER;
FILE_DESCRIPTION(('Open CASCADE Model'),'2;1');
FILE_NAME('Open CASCADE Shape Model','2026-09-30T08:48:46',('Author'),(
    'Open CASCADE'),'Open CASCADE STEP processor 7.9','Open CASCADE 7.9'
  ,'Unknown');
FILE_SCHEMA(('AUTOMOTIVE_DESIGN { 1 0 10303 214 1 1 1 1 }'));
ENDSEC;
DATA;
#1 = APPLICATION_PROTOCOL_DEFINITION('international standard',
  'automotive_design',2000,#2);
#2 = APPLICATION_CONTEXT(
  'core data for automotive mechanical design processes');
#3 = SHAPE_DEFINITION_REPRESENTATION(#4,#10);
#4 = PRODUCT_DEFINITION_SHAPE('','',#5);
#5 = PRODUCT_DEFINITION('design','',#6,#9);
#6 = PRODUCT_DEFINITION_FORMATION('','',#7);
#7 = PRODUCT('Open CASCADE STEP translator 7.9 5',
  'Open CASCADE STEP translator 7.9 5','',(#8));
#8 = PRODUCT_CONTEXT('',#2,'mechanical');
#9 = PRODUCT_DEFINITION_CONTEXT('part definition',#2,'design');
#10 = ADVANCED_BREP_SHAPE_REPRESENTATION('',(#11,#15),#2253);
#11 = AXIS2_PLACEMENT_3D('',#12,#13,#14);
#12 = CARTESIAN_POINT('',(0.,0.,0.));
#13 = DIRECTION('',(0.,0.,1.));
#14 = DIRECTION('',(1.,0.,-0.));
#15 = MANIFOLD_SOLID_BREP('',#16);
#16 = CLOSED_SHELL('',(#17,#278,#1160,#1237,#1450,#1497,#1544,#1569,
    #1626,#1681,#1709,#1789,#1844,#1904,#1961,#1968,#1995,#2022,#2049,
    #2076,#2110,#2169,#2196,#2246));
#17 = ADVANCED_FACE('',(#18,#243),#33,.T.);
#18 = FACE_BOUND('',#19,.F.);
#19 = EDGE_LOOP('',(#20,#56,#82,#114,#140,#166,#192,#219));
#20 = ORIENTED_EDGE('',*,*,#21,.F.);
#21 = EDGE_CURVE('',#22,#24,#26,.T.);
#22 = VERTEX_POINT('',#23);
#23 = CARTESIAN_POINT('',(16.,10.739413391801,0.875));
#24 = VERTEX_POINT('',#25);
#25 = CARTESIAN_POINT('',(16.,-10.7394133918,0.875));
#26 = SURFACE_CURVE('',#27,(#32,#44),.PCURVE_S1.);
#27 = CIRCLE('',#28,10.775);
#28 = AXIS2_PLACEMENT_3D('',#29,#30,#31);
#29 = CARTESIAN_POINT('',(16.,0.,0.));
#30 = DIRECTION('',(1.,0.,0.));
#31 = DIRECTION('',(-0.,1.,0.));
#32 = PCURVE('',#33,#38);
#33 = PLANE('',#34);
#34 = AXIS2_PLACEMENT_3D('',#35,#36,#37);
#35 = CARTESIAN_POINT('',(16.,0.,0.));
#36 = DIRECTION('',(1.,0.,0.));
#37 = DIRECTION('',(-0.,1.,0.));
#38 = DEFINITIONAL_REPRESENTATION('',(#39),#43);
#39 = CIRCLE('',#40,10.775);
#40 = AXIS2_PLACEMENT_2D('',#41,#42);
#41 = CARTESIAN_POINT('',(0.,0.));
#42 = DIRECTION('',(1.,-0.));
#43 = ( GEOMETRIC_REPRESENTATION_CONTEXT(2) 
PARAMETRIC_REPRESENTATION_CONTEXT() REPRESENTATION_CONTEXT('2D SPACE',''
  ) );
#44 = PCURVE('',#45,#50);
#45 = CYLINDRICAL_SURFACE('',#46,10.775);
#46 = AXIS2_PLACEMENT_3D('',#47,#48,#49);
#47 = CARTESIAN_POINT('',(16.,0.,0.));
#48 = DIRECTION('',(-1.,-0.,-0.));
#49 = DIRECTION('',(0.,1.,0.));
#50 = DEFINITIONAL_REPRESENTATION('',(#51),#55);
#51 = LINE('',#52,#53);
#52 = CARTESIAN_POINT('',(-0.,0.));
#53 = VECTOR('',#54,1.);
#54 = DIRECTION('',(-1.,0.));
#55 = ( GEOMETRIC_REPRESENTATION_CONTEXT(2) 
PARAMETRIC_REPRESENTATION_CONTEXT() REPRESENTATION_CONTEXT('2D SPACE',''
  ) );
#56 = ORIENTED_EDGE('',*,*,#57,.F.);
#57 = EDGE_CURVE('',#58,#22,#60,.T.);
#58 = VERTEX_POINT('',#59);
#59 = CARTESIAN_POINT('',(16.,2.869560070812,0.875));
#60 = SURFACE_CURVE('',#61,(#65,#71),.PCURVE_S1.);
#61 = LINE('',#62,#63);
#62 = CARTESIAN_POINT('',(16.,-5.6375,0.875));
#63 = VECTOR('',#64,1.);
#64 = DIRECTION('',(0.,1.,0.));
#65 = PCURVE('',#33,#66);
#66 = DEFINITIONAL_REPRESENTATION('',(#67),#70);
#67 = B_SPLINE_CURVE_WITH_KNOTS('',1,(#68,#69),.UNSPECIFIED.,.F.,.F.,(2,
    2),(-5.1375,16.4125),.PIECEWISE_BEZIER_KNOTS.);
#68 = CARTESIAN_POINT('',(-10.775,0.875));
#69 = CARTESIAN_POINT('',(10.775,0.875));
#70 = ( GEOMETRIC_REPRESENTATION_CONTEXT(2) 
PARAMETRIC_REPRESENTATION_CONTEXT() REPRESENTATION_CONTEXT('2D SPACE',''
  ) );
#71 = PCURVE('',#72,#77);
#72 = PLANE('',#73);
#73 = AXIS2_PLACEMENT_3D('',#74,#75,#76);
#74 = CARTESIAN_POINT('',(12.5,-11.275,0.875));
#75 = DIRECTION('',(0.,0.,1.));
#76 = DIRECTION('',(1.,0.,0.));
#77 = DEFINITIONAL_REPRESENTATION('',(#78),#81);
#78 = B_SPLINE_CURVE_WITH_KNOTS('',1,(#79,#80),.UNSPECIFIED.,.F.,.F.,(2,
    2),(-5.1375,16.4125),.PIECEWISE_BEZIER_KNOTS.);
#79 = CARTESIAN_POINT('',(3.5,0.5));
#80 = CARTESIAN_POINT('',(3.5,22.05));
#81 = ( GEOMETRIC_REPRESENTATION_CONTEXT(2) 
PARAMETRIC_REPRESENTATION_CONTEXT() REPRESENTATION_CONTEXT('2D SPACE',''
  ) );
#82 = ORIENTED_EDGE('',*,*,#83,.F.);
#83 = EDGE_CURVE('',#84,#58,#86,.T.);
#84 = VERTEX_POINT('',#85);
#85 = CARTESIAN_POINT('',(16.,2.825,1.009641025315));
#86 = SURFACE_CURVE('',#87,(#92,#103),.PCURVE_S1.);
#87 = CIRCLE('',#88,3.);
#88 = AXIS2_PLACEMENT_3D('',#89,#90,#91);
#89 = CARTESIAN_POINT('',(16.,0.,0.));
#90 = DIRECTION('',(-1.,0.,0.));
#91 = DIRECTION('',(0.,1.,0.));
#92 = PCURVE('',#33,#93);
#93 = DEFINITIONAL_REPRESENTATION('',(#94),#102);
#94 = ( BOUNDED_CURVE() B_SPLINE_CURVE(2,(#95,#96,#97,#98,#99,#100,#101)
,.UNSPECIFIED.,.T.,.F.) B_SPLINE_CURVE_WITH_KNOTS((1,2,2,2,2,1),(
    -2.094395102393,0.,2.094395102393,4.188790204786,6.28318530718,
8.377580409573),.UNSPECIFIED.) CURVE() GEOMETRIC_REPRESENTATION_ITEM() 
RATIONAL_B_SPLINE_CURVE((1.,0.5,1.,0.5,1.,0.5,1.)) REPRESENTATION_ITEM(
  '') );
#95 = CARTESIAN_POINT('',(3.,0.));
#96 = CARTESIAN_POINT('',(3.,-5.196152422707));
#97 = CARTESIAN_POINT('',(-1.5,-2.598076211353));
#98 = CARTESIAN_POINT('',(-6.,-7.347880794884E-16));
#99 = CARTESIAN_POINT('',(-1.5,2.598076211353));
#100 = CARTESIAN_POINT('',(3.,5.196152422707));
#101 = CARTESIAN_POINT('',(3.,0.));
#102 = ( GEOMETRIC_REPRESENTATION_CONTEXT(2) 
PARAMETRIC_REPRESENTATION_CONTEXT() REPRESENTATION_CONTEXT('2D SPACE',''
  ) );
#103 = PCURVE('',#104,#109);
#104 = CYLINDRICAL_SURFACE('',#105,3.);
#105 = AXIS2_PLACEMENT_3D('',#106,#107,#108);
#106 = CARTESIAN_POINT('',(16.1,0.,0.));
#107 = DIRECTION('',(-1.,-0.,-0.));
#108 = DIRECTION('',(0.,1.,0.));
#109 = DEFINITIONAL_REPRESENTATION('',(#110),#113);
#110 = B_SPLINE_CURVE_WITH_KNOTS('',1,(#111,#112),.UNSPECIFIED.,.F.,.F.,
  (2,2),(5.939937717529,5.987216503821),.PIECEWISE_BEZIER_KNOTS.);
#111 = CARTESIAN_POINT('',(-6.626432896831,0.1));
#112 = CARTESIAN_POINT('',(-6.579154110539,0.1));
#113 = ( GEOMETRIC_REPRESENTATION_CONTEXT(2) 
PARAMETRIC_REPRESENTATION_CONTEXT() REPRESENTATION_CONTEXT('2D SPACE',''
  ) );
#114 = ORIENTED_EDGE('',*,*,#115,.F.);
#115 = EDGE_CURVE('',#116,#84,#118,.T.);
#116 = VERTEX_POINT('',#117);
#117 = CARTESIAN_POINT('',(16.,2.825,4.1));
#118 = SURFACE_CURVE('',#119,(#123,#129),.PCURVE_S1.);
#119 = LINE('',#120,#121);
#120 = CARTESIAN_POINT('',(16.,2.825,0.425));
#121 = VECTOR('',#122,1.);
#122 = DIRECTION('',(0.,0.,-1.));
#123 = PCURVE('',#33,#124);
#124 = DEFINITIONAL_REPRESENTATION('',(#125),#128);
#125 = B_SPLINE_CURVE_WITH_KNOTS('',1,(#126,#127),.UNSPECIFIED.,.F.,.F.,
  (2,2),(-3.675,-0.45),.PIECEWISE_BEZIER_KNOTS.);
#126 = CARTESIAN_POINT('',(2.825,4.1));
#127 = CARTESIAN_POINT('',(2.825,0.875));
#128 = ( GEOMETRIC_REPRESENTATION_CONTEXT(2) 
PARAMETRIC_REPRESENTATION_CONTEXT() REPRESENTATION_CONTEXT('2D SPACE',''
  ) );
#129 = PCURVE('',#130,#135);
#130 = PLANE('',#131);
#131 = AXIS2_PLACEMENT_3D('',#132,#133,#134);
#132 = CARTESIAN_POINT('',(10.1,2.825,0.85));
#133 = DIRECTION('',(0.,1.,0.));
#134 = DIRECTION('',(0.,0.,1.));
#135 = DEFINITIONAL_REPRESENTATION('',(#136),#139);
#136 = B_SPLINE_CURVE_WITH_KNOTS('',1,(#137,#138),.UNSPECIFIED.,.F.,.F.,
  (2,2),(-3.675,-0.45),.PIECEWISE_BEZIER_KNOTS.);
#137 = CARTESIAN_POINT('',(3.25,5.9));
#138 = CARTESIAN_POINT('',(2.5E-02,5.9));
#139 = ( GEOMETRIC_REPRESENTATION_CONTEXT(2) 
PARAMETRIC_REPRESENTATION_CONTEXT() REPRESENTATION_CONTEXT('2D SPACE',''
  ) );
#140 = ORIENTED_EDGE('',*,*,#141,.F.);
#141 = EDGE_CURVE('',#142,#116,#144,.T.);
#142 = VERTEX_POINT('',#143);
#143 = CARTESIAN_POINT('',(16.,-2.825,4.1));
#144 = SURFACE_CURVE('',#145,(#149,#155),.PCURVE_S1.);
#145 = LINE('',#146,#147);
#146 = CARTESIAN_POINT('',(16.,-1.4125,4.1));
#147 = VECTOR('',#148,1.);
#148 = DIRECTION('',(0.,1.,0.));
#149 = PCURVE('',#33,#150);
#150 = DEFINITIONAL_REPRESENTATION('',(#151),#154);
#151 = B_SPLINE_CURVE_WITH_KNOTS('',1,(#152,#153),.UNSPECIFIED.,.F.,.F.,
  (2,2),(-1.4125,4.2375),.PIECEWISE_BEZIER_KNOTS.);
#152 = CARTESIAN_POINT('',(-2.825,4.1));
#153 = CARTESIAN_POINT('',(2.825,4.1));
#154 = ( GEOMETRIC_REPRESENTATION_CONTEXT(2) 
PARAMETRIC_REPRESENTATION_CONTEXT() REPRESENTATION_CONTEXT('2D SPACE',''
  ) );
#155 = PCURVE('',#156,#161);
#156 = PLANE('',#157);
#157 = AXIS2_PLACEMENT_3D('',#158,#159,#160);
#158 = CARTESIAN_POINT('',(10.1,-2.825,4.1));
#159 = DIRECTION('',(0.,0.,1.));
#160 = DIRECTION('',(1.,0.,0.));
#161 = DEFINITIONAL_REPRESENTATION('',(#162),#165);
#162 = B_SPLINE_CURVE_WITH_KNOTS('',1,(#163,#164),.UNSPECIFIED.,.F.,.F.,
  (2,2),(-1.4125,4.2375),.PIECEWISE_BEZIER_KNOTS.);
#163 = CARTESIAN_POINT('',(5.9,0.));
#164 = CARTESIAN_POINT('',(5.9,5.65));
#165 = ( GEOMETRIC_REPRESENTATION_CONTEXT(2) 
PARAMETRIC_REPRESENTATION_CONTEXT() REPRESENTATION_CONTEXT('2D SPACE',''
  ) );
#166 = ORIENTED_EDGE('',*,*,#167,.T.);
#167 = EDGE_CURVE('',#142,#168,#170,.T.);
#168 = VERTEX_POINT('',#169);
#169 = CARTESIAN_POINT('',(16.,-2.825,1.009641025315));
#170 = SURFACE_CURVE('',#171,(#175,#181),.PCURVE_S1.);
#171 = LINE('',#172,#173);
#172 = CARTESIAN_POINT('',(16.,-2.825,0.425));
#173 = VECTOR('',#174,1.);
#174 = DIRECTION('',(0.,0.,-1.));
#175 = PCURVE('',#33,#176);
#176 = DEFINITIONAL_REPRESENTATION('',(#177),#180);
#177 = B_SPLINE_CURVE_WITH_KNOTS('',1,(#178,#179),.UNSPECIFIED.,.F.,.F.,
  (2,2),(-3.675,-0.45),.PIECEWISE_BEZIER_KNOTS.);
#178 = CARTESIAN_POINT('',(-2.825,4.1));
#179 = CARTESIAN_POINT('',(-2.825,0.875));
#180 = ( GEOMETRIC_REPRESENTATION_CONTEXT(2) 
PARAMETRIC_REPRESENTATION_CONTEXT() REPRESENTATION_CONTEXT('2D SPACE',''
  ) );
#181 = PCURVE('',#182,#187);
#182 = PLANE('',#183);
#183 = AXIS2_PLACEMENT_3D('',#184,#185,#186);
#184 = CARTESIAN_POINT('',(10.1,-2.825,0.85));
#185 = DIRECTION('',(0.,1.,0.));
#186 = DIRECTION('',(0.,0.,1.));
#187 = DEFINITIONAL_REPRESENTATION('',(#188),#191);
#188 = B_SPLINE_CURVE_WITH_KNOTS('',1,(#189,#190),.UNSPECIFIED.,.F.,.F.,
  (2,2),(-3.675,-0.45),.PIECEWISE_BEZIER_KNOTS.);
#189 = CARTESIAN_POINT('',(3.25,5.9));
#190 = CARTESIAN_POINT('',(2.5E-02,5.9));
#191 = ( GEOMETRIC_REPRESENTATION_CONTEXT(2) 
PARAMETRIC_REPRESENTATION_CONTEXT() REPRESENTATION_CONTEXT('2D SPACE',''
  ) );
#192 = ORIENTED_EDGE('',*,*,#193,.F.);
#193 = EDGE_CURVE('',#194,#168,#196,.T.);
#194 = VERTEX_POINT('',#195);
#195 = CARTESIAN_POINT('',(16.,-2.869560070812,0.875));
#196 = SURFACE_CURVE('',#197,(#202,#213),.PCURVE_S1.);
#197 = CIRCLE('',#198,3.);
#198 = AXIS2_PLACEMENT_3D('',#199,#200,#201);
#199 = CARTESIAN_POINT('',(16.,0.,0.));
#200 = DIRECTION('',(-1.,0.,0.));
#201 = DIRECTION('',(0.,1.,0.));
#202 = PCURVE('',#33,#203);
#203 = DEFINITIONAL_REPRESENTATION('',(#204),#212);
#204 = ( BOUNDED_CURVE() B_SPLINE_CURVE(2,(#205,#206,#207,#208,#209,#210
,#211),.UNSPECIFIED.,.T.,.F.) B_SPLINE_CURVE_WITH_KNOTS((1,2,2,2,2,1),(
    -2.094395102393,0.,2.094395102393,4.188790204786,6.28318530718,
8.377580409573),.UNSPECIFIED.) CURVE() GEOMETRIC_REPRESENTATION_ITEM() 
RATIONAL_B_SPLINE_CURVE((1.,0.5,1.,0.5,1.,0.5,1.)) REPRESENTATION_ITEM(
  '') );
#205 = CARTESIAN_POINT('',(3.,0.));
#206 = CARTESIAN_POINT('',(3.,-5.196152422707));
#207 = CARTESIAN_POINT('',(-1.5,-2.598076211353));
#208 = CARTESIAN_POINT('',(-6.,-7.347880794884E-16));
#209 = CARTESIAN_POINT('',(-1.5,2.598076211353));
#210 = CARTESIAN_POINT('',(3.,5.196152422707));
#211 = CARTESIAN_POINT('',(3.,0.));
#212 = ( GEOMETRIC_REPRESENTATION_CONTEXT(2) 
PARAMETRIC_REPRESENTATION_CONTEXT() REPRESENTATION_CONTEXT('2D SPACE',''
  ) );
#213 = PCURVE('',#104,#214);
#214 = DEFINITIONAL_REPRESENTATION('',(#215),#218);
#215 = B_SPLINE_CURVE_WITH_KNOTS('',1,(#216,#217),.UNSPECIFIED.,.F.,.F.,
  (2,2),(3.437561456949,3.484840243241),.PIECEWISE_BEZIER_KNOTS.);
#216 = CARTESIAN_POINT('',(-2.845623850231,0.1));
#217 = CARTESIAN_POINT('',(-2.798345063939,0.1));
#218 = ( GEOMETRIC_REPRESENTATION_CONTEXT(2) 
PARAMETRIC_REPRESENTATION_CONTEXT() REPRESENTATION_CONTEXT('2D SPACE',''
  ) );
#219 = ORIENTED_EDGE('',*,*,#220,.F.);
#220 = EDGE_CURVE('',#24,#194,#221,.T.);
#221 = SURFACE_CURVE('',#222,(#226,#232),.PCURVE_S1.);
#222 = LINE('',#223,#224);
#223 = CARTESIAN_POINT('',(16.,-5.6375,0.875));
#224 = VECTOR('',#225,1.);
#225 = DIRECTION('',(0.,1.,0.));
#226 = PCURVE('',#33,#227);
#227 = DEFINITIONAL_REPRESENTATION('',(#228),#231);
#228 = B_SPLINE_CURVE_WITH_KNOTS('',1,(#229,#230),.UNSPECIFIED.,.F.,.F.,
  (2,2),(-5.1375,16.4125),.PIECEWISE_BEZIER_KNOTS.);
#229 = CARTESIAN_POINT('',(-10.775,0.875));
#230 = CARTESIAN_POINT('',(10.775,0.875));
#231 = ( GEOMETRIC_REPRESENTATION_CONTEXT(2) 
PARAMETRIC_REPRESENTATION_CONTEXT() REPRESENTATION_CONTEXT('2D SPACE',''
  ) );
#232 = PCURVE('',#233,#238);
#233 = PLANE('',#234);
#234 = AXIS2_PLACEMENT_3D('',#235,#236,#237);
#235 = CARTESIAN_POINT('',(12.5,-11.275,0.875));
#236 = DIRECTION('',(0.,0.,1.));
#237 = DIRECTION('',(1.,0.,0.));
#238 = DEFINITIONAL_REPRESENTATION('',(#239),#242);
#239 = B_SPLINE_CURVE_WITH_KNOTS('',1,(#240,#241),.UNSPECIFIED.,.F.,.F.,
  (2,2),(-5.1375,16.4125),.PIECEWISE_BEZIER_KNOTS.);
#240 = CARTESIAN_POINT('',(3.5,0.5));
#241 = CARTESIAN_POINT('',(3.5,22.05));
#242 = ( GEOMETRIC_REPRESENTATION_CONTEXT(2) 
PARAMETRIC_REPRESENTATION_CONTEXT() REPRESENTATION_CONTEXT('2D SPACE',''
  ) );
#243 = FACE_BOUND('',#244,.F.);
#244 = EDGE_LOOP('',(#245));
#245 = ORIENTED_EDGE('',*,*,#246,.F.);
#246 = EDGE_CURVE('',#247,#247,#249,.T.);
#247 = VERTEX_POINT('',#248);
#248 = CARTESIAN_POINT('',(16.,2.6,8.));
#249 = SURFACE_CURVE('',#250,(#255,#266),.PCURVE_S1.);
#250 = CIRCLE('',#251,2.6);
#251 = AXIS2_PLACEMENT_3D('',#252,#253,#254);
#252 = CARTESIAN_POINT('',(16.,0.,8.));
#253 = DIRECTION('',(-1.,0.,0.));
#254 = DIRECTION('',(0.,1.,0.));
#255 = PCURVE('',#33,#256);
#256 = DEFINITIONAL_REPRESENTATION('',(#257),#265);
#257 = ( BOUNDED_CURVE() B_SPLINE_CURVE(2,(#258,#259,#260,#261,#262,#263
,#264),.UNSPECIFIED.,.T.,.F.) B_SPLINE_CURVE_WITH_KNOTS((1,2,2,2,2,1),(
    -2.094395102393,0.,2.094395102393,4.188790204786,6.28318530718,
8.377580409573),.UNSPECIFIED.) CURVE() GEOMETRIC_REPRESENTATION_ITEM() 
RATIONAL_B_SPLINE_CURVE((1.,0.5,1.,0.5,1.,0.5,1.)) REPRESENTATION_ITEM(
  '') );
#258 = CARTESIAN_POINT('',(2.6,8.));
#259 = CARTESIAN_POINT('',(2.6,3.496667900321));
#260 = CARTESIAN_POINT('',(-1.3,5.74833395016));
#261 = CARTESIAN_POINT('',(-5.2,8.));
#262 = CARTESIAN_POINT('',(-1.3,10.25166604984));
#263 = CARTESIAN_POINT('',(2.6,12.503332099679));
#264 = CARTESIAN_POINT('',(2.6,8.));
#265 = ( GEOMETRIC_REPRESENTATION_CONTEXT(2) 
PARAMETRIC_REPRESENTATION_CONTEXT() REPRESENTATION_CONTEXT('2D SPACE',''
  ) );
#266 = PCURVE('',#267,#272);
#267 = CYLINDRICAL_SURFACE('',#268,2.6);
#268 = AXIS2_PLACEMENT_3D('',#269,#270,#271);
#269 = CARTESIAN_POINT('',(13.8,0.,8.));
#270 = DIRECTION('',(-1.,-0.,-0.));
#271 = DIRECTION('',(0.,1.,0.));
#272 = DEFINITIONAL_REPRESENTATION('',(#273),#277);
#273 = LINE('',#274,#275);
#274 = CARTESIAN_POINT('',(-6.28318530718,-2.2));
#275 = VECTOR('',#276,1.);
#276 = DIRECTION('',(1.,-0.));
#277 = ( GEOMETRIC_REPRESENTATION_CONTEXT(2) 
PARAMETRIC_REPRESENTATION_CONTEXT() REPRESENTATION_CONTEXT('2D SPACE',''
  ) );
#278 = ADVANCED_FACE('',(#279,#548,#701,#854,#1007),#45,.T.);
#279 = FACE_BOUND('',#280,.F.);
#280 = EDGE_LOOP('',(#281,#302,#303,#324,#357,#383,#412,#438,#471,#494,
    #521,#522));
#281 = ORIENTED_EDGE('',*,*,#282,.F.);
#282 = EDGE_CURVE('',#22,#283,#285,.T.);
#283 = VERTEX_POINT('',#284);
#284 = CARTESIAN_POINT('',(12.5,10.739413391801,0.875));
#285 = SURFACE_CURVE('',#286,(#290,#296),.PCURVE_S1.);
#286 = LINE('',#287,#288);
#287 = CARTESIAN_POINT('',(16.,10.739413391801,0.875));
#288 = VECTOR('',#289,1.);
#289 = DIRECTION('',(-1.,-0.,-0.));
#290 = PCURVE('',#45,#291);
#291 = DEFINITIONAL_REPRESENTATION('',(#292),#295);
#292 = B_SPLINE_CURVE_WITH_KNOTS('',1,(#293,#294),.UNSPECIFIED.,.F.,.F.,
  (2,2),(-5.999999999062E-07,3.86),.PIECEWISE_BEZIER_KNOTS.);
#293 = CARTESIAN_POINT('',(-8.129601506356E-02,-5.999999999062E-07));
#294 = CARTESIAN_POINT('',(-8.129601506356E-02,3.86));
#295 = ( GEOMETRIC_REPRESENTATION_CONTEXT(2) 
PARAMETRIC_REPRESENTATION_CONTEXT() REPRESENTATION_CONTEXT('2D SPACE',''
  ) );
#296 = PCURVE('',#72,#297);
#297 = DEFINITIONAL_REPRESENTATION('',(#298),#301);
#298 = B_SPLINE_CURVE_WITH_KNOTS('',1,(#299,#300),.UNSPECIFIED.,.F.,.F.,
  (2,2),(-5.999999999062E-07,3.86),.PIECEWISE_BEZIER_KNOTS.);
#299 = CARTESIAN_POINT('',(3.5000006,22.014413391801));
#300 = CARTESIAN_POINT('',(-0.36,22.014413391801));
#301 = ( GEOMETRIC_REPRESENTATION_CONTEXT(2) 
PARAMETRIC_REPRESENTATION_CONTEXT() REPRESENTATION_CONTEXT('2D SPACE',''
  ) );
#302 = ORIENTED_EDGE('',*,*,#21,.T.);
#303 = ORIENTED_EDGE('',*,*,#304,.T.);
#304 = EDGE_CURVE('',#24,#305,#307,.T.);
#305 = VERTEX_POINT('',#306);
#306 = CARTESIAN_POINT('',(12.5,-10.7394133918,0.875));
#307 = SURFACE_CURVE('',#308,(#312,#318),.PCURVE_S1.);
#308 = LINE('',#309,#310);
#309 = CARTESIAN_POINT('',(16.,-10.7394133918,0.875));
#310 = VECTOR('',#311,1.);
#311 = DIRECTION('',(-1.,-0.,-0.));
#312 = PCURVE('',#45,#313);
#313 = DEFINITIONAL_REPRESENTATION('',(#314),#317);
#314 = B_SPLINE_CURVE_WITH_KNOTS('',1,(#315,#316),.UNSPECIFIED.,.F.,.F.,
  (2,2),(-5.999999999062E-07,3.86),.PIECEWISE_BEZIER_KNOTS.);
#315 = CARTESIAN_POINT('',(-3.060296638526,-5.999999999062E-07));
#316 = CARTESIAN_POINT('',(-3.060296638526,3.86));
#317 = ( GEOMETRIC_REPRESENTATION_CONTEXT(2) 
PARAMETRIC_REPRESENTATION_CONTEXT() REPRESENTATION_CONTEXT('2D SPACE',''
  ) );
#318 = PCURVE('',#233,#319);
#319 = DEFINITIONAL_REPRESENTATION('',(#320),#323);
#320 = B_SPLINE_CURVE_WITH_KNOTS('',1,(#321,#322),.UNSPECIFIED.,.F.,.F.,
  (2,2),(-5.999999999062E-07,3.86),.PIECEWISE_BEZIER_KNOTS.);
#321 = CARTESIAN_POINT('',(3.5000006,0.535586608199));
#322 = CARTESIAN_POINT('',(-0.36,0.535586608199));
#323 = ( GEOMETRIC_REPRESENTATION_CONTEXT(2) 
PARAMETRIC_REPRESENTATION_CONTEXT() REPRESENTATION_CONTEXT('2D SPACE',''
  ) );
#324 = ORIENTED_EDGE('',*,*,#325,.F.);
#325 = EDGE_CURVE('',#326,#305,#328,.T.);
#326 = VERTEX_POINT('',#327);
#327 = CARTESIAN_POINT('',(12.5,-10.7394133918,-0.875));
#328 = SURFACE_CURVE('',#329,(#334,#341),.PCURVE_S1.);
#329 = CIRCLE('',#330,10.775);
#330 = AXIS2_PLACEMENT_3D('',#331,#332,#333);
#331 = CARTESIAN_POINT('',(12.5,0.,0.));
#332 = DIRECTION('',(-1.,0.,0.));
#333 = DIRECTION('',(0.,1.,0.));
#334 = PCURVE('',#45,#335);
#335 = DEFINITIONAL_REPRESENTATION('',(#336),#340);
#336 = LINE('',#337,#338);
#337 = CARTESIAN_POINT('',(-6.28318530718,3.5));
#338 = VECTOR('',#339,1.);
#339 = DIRECTION('',(1.,-0.));
#340 = ( GEOMETRIC_REPRESENTATION_CONTEXT(2) 
PARAMETRIC_REPRESENTATION_CONTEXT() REPRESENTATION_CONTEXT('2D SPACE',''
  ) );
#341 = PCURVE('',#342,#347);
#342 = PLANE('',#343);
#343 = AXIS2_PLACEMENT_3D('',#344,#345,#346);
#344 = CARTESIAN_POINT('',(12.5,-11.275,-0.875));
#345 = DIRECTION('',(1.,0.,0.));
#346 = DIRECTION('',(0.,0.,1.));
#347 = DEFINITIONAL_REPRESENTATION('',(#348),#356);
#348 = ( BOUNDED_CURVE() B_SPLINE_CURVE(2,(#349,#350,#351,#352,#353,#354
,#355),.UNSPECIFIED.,.T.,.F.) B_SPLINE_CURVE_WITH_KNOTS((1,2,2,2,2,1),(
    -2.094395102393,0.,2.094395102393,4.188790204786,6.28318530718,
8.377580409573),.UNSPECIFIED.) CURVE() GEOMETRIC_REPRESENTATION_ITEM() 
RATIONAL_B_SPLINE_CURVE((1.,0.5,1.,0.5,1.,0.5,1.)) REPRESENTATION_ITEM(
  '') );
#349 = CARTESIAN_POINT('',(0.875,-22.05));
#350 = CARTESIAN_POINT('',(-17.78784745155,-22.05));
#351 = CARTESIAN_POINT('',(-8.456423725777,-5.8875));
#352 = CARTESIAN_POINT('',(0.875,10.275));
#353 = CARTESIAN_POINT('',(10.206423725777,-5.8875));
#354 = CARTESIAN_POINT('',(19.537847451555,-22.05));
#355 = CARTESIAN_POINT('',(0.875,-22.05));
#356 = ( GEOMETRIC_REPRESENTATION_CONTEXT(2) 
PARAMETRIC_REPRESENTATION_CONTEXT() REPRESENTATION_CONTEXT('2D SPACE',''
  ) );
#357 = ORIENTED_EDGE('',*,*,#358,.F.);
#358 = EDGE_CURVE('',#359,#326,#361,.T.);
#359 = VERTEX_POINT('',#360);
#360 = CARTESIAN_POINT('',(16.,-10.7394133918,-0.875));
#361 = SURFACE_CURVE('',#362,(#366,#372),.PCURVE_S1.);
#362 = LINE('',#363,#364);
#363 = CARTESIAN_POINT('',(16.,-10.7394133918,-0.875));
#364 = VECTOR('',#365,1.);
#365 = DIRECTION('',(-1.,-0.,-0.));
#366 = PCURVE('',#45,#367);
#367 = DEFINITIONAL_REPRESENTATION('',(#368),#371);
#368 = B_SPLINE_CURVE_WITH_KNOTS('',1,(#369,#370),.UNSPECIFIED.,.F.,.F.,
  (2,2),(-5.999999999062E-07,3.86),.PIECEWISE_BEZIER_KNOTS.);
#369 = CARTESIAN_POINT('',(-3.222888668653,-5.999999999062E-07));
#370 = CARTESIAN_POINT('',(-3.222888668653,3.86));
#371 = ( GEOMETRIC_REPRESENTATION_CONTEXT(2) 
PARAMETRIC_REPRESENTATION_CONTEXT() REPRESENTATION_CONTEXT('2D SPACE',''
  ) );
#372 = PCURVE('',#373,#378);
#373 = PLANE('',#374);
#374 = AXIS2_PLACEMENT_3D('',#375,#376,#377);
#375 = CARTESIAN_POINT('',(12.5,-11.275,-0.875));
#376 = DIRECTION('',(0.,0.,1.));
#377 = DIRECTION('',(1.,0.,0.));
#378 = DEFINITIONAL_REPRESENTATION('',(#379),#382);
#379 = B_SPLINE_CURVE_WITH_KNOTS('',1,(#380,#381),.UNSPECIFIED.,.F.,.F.,
  (2,2),(-5.999999999062E-07,3.86),.PIECEWISE_BEZIER_KNOTS.);
#380 = CARTESIAN_POINT('',(3.5000006,0.535586608199));
#381 = CARTESIAN_POINT('',(-0.36,0.535586608199));
#382 = ( GEOMETRIC_REPRESENTATION_CONTEXT(2) 
PARAMETRIC_REPRESENTATION_CONTEXT() REPRESENTATION_CONTEXT('2D SPACE',''
  ) );
#383 = ORIENTED_EDGE('',*,*,#384,.T.);
#384 = EDGE_CURVE('',#359,#385,#387,.T.);
#385 = VERTEX_POINT('',#386);
#386 = CARTESIAN_POINT('',(16.,10.739413391801,-0.875));
#387 = SURFACE_CURVE('',#388,(#393,#400),.PCURVE_S1.);
#388 = CIRCLE('',#389,10.775);
#389 = AXIS2_PLACEMENT_3D('',#390,#391,#392);
#390 = CARTESIAN_POINT('',(16.,0.,0.));
#391 = DIRECTION('',(1.,0.,0.));
#392 = DIRECTION('',(-0.,1.,0.));
#393 = PCURVE('',#45,#394);
#394 = DEFINITIONAL_REPRESENTATION('',(#395),#399);
#395 = LINE('',#396,#397);
#396 = CARTESIAN_POINT('',(-0.,0.));
#397 = VECTOR('',#398,1.);
#398 = DIRECTION('',(-1.,0.));
#399 = ( GEOMETRIC_REPRESENTATION_CONTEXT(2) 
PARAMETRIC_REPRESENTATION_CONTEXT() REPRESENTATION_CONTEXT('2D SPACE',''
  ) );
#400 = PCURVE('',#401,#406);
#401 = PLANE('',#402);
#402 = AXIS2_PLACEMENT_3D('',#403,#404,#405);
#403 = CARTESIAN_POINT('',(16.,0.,0.));
#404 = DIRECTION('',(1.,0.,0.));
#405 = DIRECTION('',(-0.,1.,0.));
#406 = DEFINITIONAL_REPRESENTATION('',(#407),#411);
#407 = CIRCLE('',#408,10.775);
#408 = AXIS2_PLACEMENT_2D('',#409,#410);
#409 = CARTESIAN_POINT('',(0.,0.));
#410 = DIRECTION('',(1.,-0.));
#411 = ( GEOMETRIC_REPRESENTATION_CONTEXT(2) 
PARAMETRIC_REPRESENTATION_CONTEXT() REPRESENTATION_CONTEXT('2D SPACE',''
  ) );
#412 = ORIENTED_EDGE('',*,*,#413,.T.);
#413 = EDGE_CURVE('',#385,#414,#416,.T.);
#414 = VERTEX_POINT('',#415);
#415 = CARTESIAN_POINT('',(12.5,10.739413391801,-0.875));
#416 = SURFACE_CURVE('',#417,(#421,#427),.PCURVE_S1.);
#417 = LINE('',#418,#419);
#418 = CARTESIAN_POINT('',(16.,10.739413391801,-0.875));
#419 = VECTOR('',#420,1.);
#420 = DIRECTION('',(-1.,-0.,-0.));
#421 = PCURVE('',#45,#422);
#422 = DEFINITIONAL_REPRESENTATION('',(#423),#426);
#423 = B_SPLINE_CURVE_WITH_KNOTS('',1,(#424,#425),.UNSPECIFIED.,.F.,.F.,
  (2,2),(-5.999999999062E-07,3.86),.PIECEWISE_BEZIER_KNOTS.);
#424 = CARTESIAN_POINT('',(-6.201889292116,-5.999999999062E-07));
#425 = CARTESIAN_POINT('',(-6.201889292116,3.86));
#426 = ( GEOMETRIC_REPRESENTATION_CONTEXT(2) 
PARAMETRIC_REPRESENTATION_CONTEXT() REPRESENTATION_CONTEXT('2D SPACE',''
  ) );
#427 = PCURVE('',#428,#433);
#428 = PLANE('',#429);
#429 = AXIS2_PLACEMENT_3D('',#430,#431,#432);
#430 = CARTESIAN_POINT('',(12.5,-11.275,-0.875));
#431 = DIRECTION('',(0.,0.,1.));
#432 = DIRECTION('',(1.,0.,0.));
#433 = DEFINITIONAL_REPRESENTATION('',(#434),#437);
#434 = B_SPLINE_CURVE_WITH_KNOTS('',1,(#435,#436),.UNSPECIFIED.,.F.,.F.,
  (2,2),(-5.999999999062E-07,3.86),.PIECEWISE_BEZIER_KNOTS.);
#435 = CARTESIAN_POINT('',(3.5000006,22.014413391801));
#436 = CARTESIAN_POINT('',(-0.36,22.014413391801));
#437 = ( GEOMETRIC_REPRESENTATION_CONTEXT(2) 
PARAMETRIC_REPRESENTATION_CONTEXT() REPRESENTATION_CONTEXT('2D SPACE',''
  ) );
#438 = ORIENTED_EDGE('',*,*,#439,.F.);
#439 = EDGE_CURVE('',#440,#414,#442,.T.);
#440 = VERTEX_POINT('',#441);
#441 = CARTESIAN_POINT('',(12.5,10.775,0.));
#442 = SURFACE_CURVE('',#443,(#448,#455),.PCURVE_S1.);
#443 = CIRCLE('',#444,10.775);
#444 = AXIS2_PLACEMENT_3D('',#445,#446,#447);
#445 = CARTESIAN_POINT('',(12.5,0.,0.));
#446 = DIRECTION('',(-1.,0.,0.));
#447 = DIRECTION('',(0.,1.,0.));
#448 = PCURVE('',#45,#449);
#449 = DEFINITIONAL_REPRESENTATION('',(#450),#454);
#450 = LINE('',#451,#452);
#451 = CARTESIAN_POINT('',(-6.28318530718,3.5));
#452 = VECTOR('',#453,1.);
#453 = DIRECTION('',(1.,-0.));
#454 = ( GEOMETRIC_REPRESENTATION_CONTEXT(2) 
PARAMETRIC_REPRESENTATION_CONTEXT() REPRESENTATION_CONTEXT('2D SPACE',''
  ) );
#455 = PCURVE('',#456,#461);
#456 = PLANE('',#457);
#457 = AXIS2_PLACEMENT_3D('',#458,#459,#460);
#458 = CARTESIAN_POINT('',(12.5,-11.275,-0.875));
#459 = DIRECTION('',(1.,0.,0.));
#460 = DIRECTION('',(0.,0.,1.));
#461 = DEFINITIONAL_REPRESENTATION('',(#462),#470);
#462 = ( BOUNDED_CURVE() B_SPLINE_CURVE(2,(#463,#464,#465,#466,#467,#468
,#469),.UNSPECIFIED.,.T.,.F.) B_SPLINE_CURVE_WITH_KNOTS((1,2,2,2,2,1),(
    -2.094395102393,0.,2.094395102393,4.188790204786,6.28318530718,
8.377580409573),.UNSPECIFIED.) CURVE() GEOMETRIC_REPRESENTATION_ITEM() 
RATIONAL_B_SPLINE_CURVE((1.,0.5,1.,0.5,1.,0.5,1.)) REPRESENTATION_ITEM(
  '') );
#463 = CARTESIAN_POINT('',(0.875,-22.05));
#464 = CARTESIAN_POINT('',(-17.78784745155,-22.05));
#465 = CARTESIAN_POINT('',(-8.456423725777,-5.8875));
#466 = CARTESIAN_POINT('',(0.875,10.275));
#467 = CARTESIAN_POINT('',(10.206423725777,-5.8875));
#468 = CARTESIAN_POINT('',(19.537847451555,-22.05));
#469 = CARTESIAN_POINT('',(0.875,-22.05));
#470 = ( GEOMETRIC_REPRESENTATION_CONTEXT(2) 
PARAMETRIC_REPRESENTATION_CONTEXT() REPRESENTATION_CONTEXT('2D SPACE',''
  ) );
#471 = ORIENTED_EDGE('',*,*,#472,.T.);
#472 = EDGE_CURVE('',#440,#473,#475,.T.);
#473 = VERTEX_POINT('',#474);
#474 = CARTESIAN_POINT('',(10.2,10.775,0.));
#475 = SEAM_CURVE('',#476,(#480,#487),.PCURVE_S1.);
#476 = LINE('',#477,#478);
#477 = CARTESIAN_POINT('',(16.,10.775,0.));
#478 = VECTOR('',#479,1.);
#479 = DIRECTION('',(-1.,0.,0.));
#480 = PCURVE('',#45,#481);
#481 = DEFINITIONAL_REPRESENTATION('',(#482),#486);
#482 = LINE('',#483,#484);
#483 = CARTESIAN_POINT('',(-0.,0.));
#484 = VECTOR('',#485,1.);
#485 = DIRECTION('',(-0.,1.));
#486 = ( GEOMETRIC_REPRESENTATION_CONTEXT(2) 
PARAMETRIC_REPRESENTATION_CONTEXT() REPRESENTATION_CONTEXT('2D SPACE',''
  ) );
#487 = PCURVE('',#45,#488);
#488 = DEFINITIONAL_REPRESENTATION('',(#489),#493);
#489 = LINE('',#490,#491);
#490 = CARTESIAN_POINT('',(-6.28318530718,0.));
#491 = VECTOR('',#492,1.);
#492 = DIRECTION('',(-0.,1.));
#493 = ( GEOMETRIC_REPRESENTATION_CONTEXT(2) 
PARAMETRIC_REPRESENTATION_CONTEXT() REPRESENTATION_CONTEXT('2D SPACE',''
  ) );
#494 = ORIENTED_EDGE('',*,*,#495,.F.);
#495 = EDGE_CURVE('',#473,#473,#496,.T.);
#496 = SURFACE_CURVE('',#497,(#502,#509),.PCURVE_S1.);
#497 = CIRCLE('',#498,10.775);
#498 = AXIS2_PLACEMENT_3D('',#499,#500,#501);
#499 = CARTESIAN_POINT('',(10.2,0.,0.));
#500 = DIRECTION('',(1.,0.,0.));
#501 = DIRECTION('',(-0.,1.,0.));
#502 = PCURVE('',#45,#503);
#503 = DEFINITIONAL_REPRESENTATION('',(#504),#508);
#504 = LINE('',#505,#506);
#505 = CARTESIAN_POINT('',(-0.,5.8));
#506 = VECTOR('',#507,1.);
#507 = DIRECTION('',(-1.,0.));
#508 = ( GEOMETRIC_REPRESENTATION_CONTEXT(2) 
PARAMETRIC_REPRESENTATION_CONTEXT() REPRESENTATION_CONTEXT('2D SPACE',''
  ) );
#509 = PCURVE('',#510,#515);
#510 = PLANE('',#511);
#511 = AXIS2_PLACEMENT_3D('',#512,#513,#514);
#512 = CARTESIAN_POINT('',(10.2,0.,0.));
#513 = DIRECTION('',(1.,0.,0.));
#514 = DIRECTION('',(-0.,1.,0.));
#515 = DEFINITIONAL_REPRESENTATION('',(#516),#520);
#516 = CIRCLE('',#517,10.775);
#517 = AXIS2_PLACEMENT_2D('',#518,#519);
#518 = CARTESIAN_POINT('',(0.,0.));
#519 = DIRECTION('',(1.,0.));
#520 = ( GEOMETRIC_REPRESENTATION_CONTEXT(2) 
PARAMETRIC_REPRESENTATION_CONTEXT() REPRESENTATION_CONTEXT('2D SPACE',''
  ) );
#521 = ORIENTED_EDGE('',*,*,#472,.F.);
#522 = ORIENTED_EDGE('',*,*,#523,.F.);
#523 = EDGE_CURVE('',#283,#440,#524,.T.);
#524 = SURFACE_CURVE('',#525,(#530,#537),.PCURVE_S1.);
#525 = CIRCLE('',#526,10.775);
#526 = AXIS2_PLACEMENT_3D('',#527,#528,#529);
#527 = CARTESIAN_POINT('',(12.5,0.,0.));
#528 = DIRECTION('',(-1.,0.,0.));
#529 = DIRECTION('',(0.,1.,0.));
#530 = PCURVE('',#45,#531);
#531 = DEFINITIONAL_REPRESENTATION('',(#532),#536);
#532 = LINE('',#533,#534);
#533 = CARTESIAN_POINT('',(-6.28318530718,3.5));
#534 = VECTOR('',#535,1.);
#535 = DIRECTION('',(1.,-0.));
#536 = ( GEOMETRIC_REPRESENTATION_CONTEXT(2) 
PARAMETRIC_REPRESENTATION_CONTEXT() REPRESENTATION_CONTEXT('2D SPACE',''
  ) );
#537 = PCURVE('',#456,#538);
#538 = DEFINITIONAL_REPRESENTATION('',(#539),#547);
#539 = ( BOUNDED_CURVE() B_SPLINE_CURVE(2,(#540,#541,#542,#543,#544,#545
,#546),.UNSPECIFIED.,.T.,.F.) B_SPLINE_CURVE_WITH_KNOTS((1,2,2,2,2,1),(
    -2.094395102393,0.,2.094395102393,4.188790204786,6.28318530718,
8.377580409573),.UNSPECIFIED.) CURVE() GEOMETRIC_REPRESENTATION_ITEM() 
RATIONAL_B_SPLINE_CURVE((1.,0.5,1.,0.5,1.,0.5,1.)) REPRESENTATION_ITEM(
  '') );
#540 = CARTESIAN_POINT('',(0.875,-22.05));
#541 = CARTESIAN_POINT('',(-17.78784745155,-22.05));
#542 = CARTESIAN_POINT('',(-8.456423725777,-5.8875));
#543 = CARTESIAN_POINT('',(0.875,10.275));
#544 = CARTESIAN_POINT('',(10.206423725777,-5.8875));
#545 = CARTESIAN_POINT('',(19.537847451555,-22.05));
#546 = CARTESIAN_POINT('',(0.875,-22.05));
#547 = ( GEOMETRIC_REPRESENTATION_CONTEXT(2) 
PARAMETRIC_REPRESENTATION_CONTEXT() REPRESENTATION_CONTEXT('2D SPACE',''
  ) );
#548 = FACE_BOUND('',#549,.F.);
#549 = EDGE_LOOP('',(#550));
#550 = ORIENTED_EDGE('',*,*,#551,.T.);
#551 = EDGE_CURVE('',#552,#552,#554,.T.);
#552 = VERTEX_POINT('',#553);
#553 = CARTESIAN_POINT('',(15.13,5.,9.544664740052));
#554 = SURFACE_CURVE('',#555,(#600,#648),.PCURVE_S1.);
#555 = B_SPLINE_CURVE_WITH_KNOTS('',8,(#556,#557,#558,#559,#560,#561,
    #562,#563,#564,#565,#566,#567,#568,#569,#570,#571,#572,#573,#574,
    #575,#576,#577,#578,#579,#580,#581,#582,#583,#584,#585,#586,#587,
    #588,#589,#590,#591,#592,#593,#594,#595,#596,#597,#598,#599),
  .UNSPECIFIED.,.T.,.F.,(9,7,7,7,7,7,9),(0.,0.112235143281,
    0.208741292827,0.412384671833,0.676615999613,0.833129885732,1.),
  .UNSPECIFIED.);
#556 = CARTESIAN_POINT('',(15.13,5.,9.544664740052));
#557 = CARTESIAN_POINT('',(15.13,5.081562426647,9.501938028917));
#558 = CARTESIAN_POINT('',(15.121360662873,5.162500070522,9.458523598077
    ));
#559 = CARTESIAN_POINT('',(15.10431279454,5.241782677873,9.414969642848)
  );
#560 = CARTESIAN_POINT('',(15.079223024927,5.318430012978,9.371871093759
    ));
#561 = CARTESIAN_POINT('',(15.04658649116,5.391532425331,9.329853415862)
  );
#562 = CARTESIAN_POINT('',(15.007018667551,5.460271064384,9.289547929037
    ));
#563 = CARTESIAN_POINT('',(14.961246342348,5.523937741841,9.251558649257
    ));
#564 = CARTESIAN_POINT('',(14.866117269562,5.631840494358,9.186207004461
    ));
#565 = CARTESIAN_POINT('',(14.818050926798,5.677675174884,9.158025322937
    ));
#566 = CARTESIAN_POINT('',(14.766327952975,5.719125992551,9.132191202416
    ));
#567 = CARTESIAN_POINT('',(14.711394668326,5.755911506256,9.108995358264
    ));
#568 = CARTESIAN_POINT('',(14.653709880398,5.787797318907,9.088695665785
    ));
#569 = CARTESIAN_POINT('',(14.593741065059,5.814592752576,9.071510591342
    ));
#570 = CARTESIAN_POINT('',(14.531961321421,5.836148204195,9.057614013878
    ));
#571 = CARTESIAN_POINT('',(14.335666021256,5.886548271022,9.02501152617)
  );
#572 = CARTESIAN_POINT('',(14.196905586825,5.89682575406,9.018154308911)
  );
#573 = CARTESIAN_POINT('',(14.05725788937,5.882330958462,9.02761988123)
  );
#574 = CARTESIAN_POINT('',(13.921418204921,5.843158900158,9.053407311883
    ));
#575 = CARTESIAN_POINT('',(13.794032714153,5.78018513111,9.094346567544)
  );
#576 = CARTESIAN_POINT('',(13.679692201482,5.695170948235,9.148211010439
    ));
#577 = CARTESIAN_POINT('',(13.582781122,5.590953031557,9.212007770701));
#578 = CARTESIAN_POINT('',(13.408652789555,5.316570684347,9.37374288738)
  );
#579 = CARTESIAN_POINT('',(13.345407640057,5.135275958978,9.476623112559
    ));
#580 = CARTESIAN_POINT('',(13.32702753045,4.937692247942,9.582914150897)
  );
#581 = CARTESIAN_POINT('',(13.358802997414,4.738140572453,9.683018767596
    ));
#582 = CARTESIAN_POINT('',(13.439849278438,4.552481963077,9.769585212568
    ));
#583 = CARTESIAN_POINT('',(13.563264328296,4.395529452625,9.839113321565
    ));
#584 = CARTESIAN_POINT('',(13.715210018925,4.279091513738,9.889221196685
    ));
#585 = CARTESIAN_POINT('',(13.970149803445,4.159125957283,9.940052581244
    ));
#586 = CARTESIAN_POINT('',(14.070008614999,4.127903028935,9.953011664202
    ));
#587 = CARTESIAN_POINT('',(14.173035794572,4.110345575104,9.960196329405
    ));
#588 = CARTESIAN_POINT('',(14.277457912665,4.106606607335,9.961712459371
    ));
#589 = CARTESIAN_POINT('',(14.381528851596,4.116721534547,9.957588737521
    ));
#590 = CARTESIAN_POINT('',(14.483503127329,4.140610713713,9.94777274889)
  );
#591 = CARTESIAN_POINT('',(14.581602689429,4.178085478032,9.932133356412
    ));
#592 = CARTESIAN_POINT('',(14.772393776316,4.282973765645,9.88737697589)
  );
#593 = CARTESIAN_POINT('',(14.865470836806,4.352849416013,9.857161200775
    ));
#594 = CARTESIAN_POINT('',(14.949031529176,4.437876282288,9.819671302791
    ));
#595 = CARTESIAN_POINT('',(15.019554793255,4.536155913546,9.775154284219
    ));
#596 = CARTESIAN_POINT('',(15.074315330873,4.644931576744,9.724182937868
    ));
#597 = CARTESIAN_POINT('',(15.111450435058,4.760906994965,9.667734638053
    ));
#598 = CARTESIAN_POINT('',(15.13,4.880489168275,9.607270832031));
#599 = CARTESIAN_POINT('',(15.13,5.,9.544664740052));
#600 = PCURVE('',#45,#601);
#601 = DEFINITIONAL_REPRESENTATION('',(#602),#647);
#602 = B_SPLINE_CURVE_WITH_KNOTS('',8,(#603,#604,#605,#606,#607,#608,
    #609,#610,#611,#612,#613,#614,#615,#616,#617,#618,#619,#620,#621,
    #622,#623,#624,#625,#626,#627,#628,#629,#630,#631,#632,#633,#634,
    #635,#636,#637,#638,#639,#640,#641,#642,#643,#644,#645,#646),
  .UNSPECIFIED.,.T.,.F.,(9,7,7,7,7,7,9),(0.,0.112235143281,
    0.208741292827,0.412384671833,0.676615999613,0.833129885732,1.),
  .UNSPECIFIED.);
#603 = CARTESIAN_POINT('',(-1.08824902015,0.87));
#604 = CARTESIAN_POINT('',(-1.079703677923,0.87));
#605 = CARTESIAN_POINT('',(-1.071180079405,0.878639337127));
#606 = CARTESIAN_POINT('',(-1.062785591828,0.89568720546));
#607 = CARTESIAN_POINT('',(-1.054625468275,0.920776975073));
#608 = CARTESIAN_POINT('',(-1.046800787762,0.95341350884));
#609 = CARTESIAN_POINT('',(-1.039405899565,0.992981332449));
#610 = CARTESIAN_POINT('',(-1.032525371812,1.038753657652));
#611 = CARTESIAN_POINT('',(-1.020817708218,1.133882730438));
#612 = CARTESIAN_POINT('',(-1.015824277393,1.181949073202));
#613 = CARTESIAN_POINT('',(-1.011291473037,1.233672047025));
#614 = CARTESIAN_POINT('',(-1.007255537473,1.288605331674));
#615 = CARTESIAN_POINT('',(-1.00374753052,1.346290119602));
#616 = CARTESIAN_POINT('',(-1.000793229125,1.406258934941));
#617 = CARTESIAN_POINT('',(-0.998413030291,1.468038678579));
#618 = CARTESIAN_POINT('',(-0.992842196356,1.664333978744));
#619 = CARTESIAN_POINT('',(-0.991695683403,1.803094413175));
#620 = CARTESIAN_POINT('',(-0.993302166941,1.94274211063));
#621 = CARTESIAN_POINT('',(-0.997654938039,2.078581795079));
#622 = CARTESIAN_POINT('',(-1.004625590101,2.205967285847));
#623 = CARTESIAN_POINT('',(-1.013964381918,2.320307798518));
#624 = CARTESIAN_POINT('',(-1.025303310553,2.417218878));
#625 = CARTESIAN_POINT('',(-1.054862718657,2.591347210445));
#626 = CARTESIAN_POINT('',(-1.074205882958,2.654592359942));
#627 = CARTESIAN_POINT('',(-1.095019786366,2.672972469551));
#628 = CARTESIAN_POINT('',(-1.11572095043,2.641197002585));
#629 = CARTESIAN_POINT('',(-1.134724826627,2.560150721563));
#630 = CARTESIAN_POINT('',(-1.150655299641,2.436735671704));
#631 = CARTESIAN_POINT('',(-1.162419511585,2.284789981075));
#632 = CARTESIAN_POINT('',(-1.174511419532,2.029850196555));
#633 = CARTESIAN_POINT('',(-1.177648731391,1.929991385001));
#634 = CARTESIAN_POINT('',(-1.179409350137,1.826964205428));
#635 = CARTESIAN_POINT('',(-1.179783811578,1.722542087335));
#636 = CARTESIAN_POINT('',(-1.17877003202,1.618471148404));
#637 = CARTESIAN_POINT('',(-1.176373082157,1.516496872671));
#638 = CARTESIAN_POINT('',(-1.17260454782,1.418397310571));
#639 = CARTESIAN_POINT('',(-1.162020966176,1.227606223684));
#640 = CARTESIAN_POINT('',(-1.154955738745,1.134529163194));
#641 = CARTESIAN_POINT('',(-1.146331929019,1.050968470824));
#642 = CARTESIAN_POINT('',(-1.136319907248,0.980445206745));
#643 = CARTESIAN_POINT('',(-1.125173390487,0.925684669127));
#644 = CARTESIAN_POINT('',(-1.113205074768,0.888549564942));
#645 = CARTESIAN_POINT('',(-1.100770238546,0.87));
#646 = CARTESIAN_POINT('',(-1.08824902015,0.87));
#647 = ( GEOMETRIC_REPRESENTATION_CONTEXT(2) 
PARAMETRIC_REPRESENTATION_CONTEXT() REPRESENTATION_CONTEXT('2D SPACE',''
  ) );
#648 = PCURVE('',#649,#654);
#649 = CYLINDRICAL_SURFACE('',#650,0.88);
#650 = AXIS2_PLACEMENT_3D('',#651,#652,#653);
#651 = CARTESIAN_POINT('',(14.25,5.,-15.));
#652 = DIRECTION('',(-0.,-0.,-1.));
#653 = DIRECTION('',(1.,0.,0.));
#654 = DEFINITIONAL_REPRESENTATION('',(#655),#700);
#655 = B_SPLINE_CURVE_WITH_KNOTS('',8,(#656,#657,#658,#659,#660,#661,
    #662,#663,#664,#665,#666,#667,#668,#669,#670,#671,#672,#673,#674,
    #675,#676,#677,#678,#679,#680,#681,#682,#683,#684,#685,#686,#687,
    #688,#689,#690,#691,#692,#693,#694,#695,#696,#697,#698,#699),
  .UNSPECIFIED.,.F.,.F.,(9,7,7,7,7,7,9),(0.,0.112235143281,
    0.208741292827,0.412384671833,0.676615999613,0.833129885732,1.),
  .UNSPECIFIED.);
#656 = CARTESIAN_POINT('',(0.,-24.54466474005));
#657 = CARTESIAN_POINT('',(-9.268457573523E-02,-24.50193802891));
#658 = CARTESIAN_POINT('',(-0.18465903401,-24.45852359807));
#659 = CARTESIAN_POINT('',(-0.275966452335,-24.41496964284));
#660 = CARTESIAN_POINT('',(-0.366627441124,-24.37187109375));
#661 = CARTESIAN_POINT('',(-0.456645996646,-24.32985341586));
#662 = CARTESIAN_POINT('',(-0.546008410552,-24.28954792903));
#663 = CARTESIAN_POINT('',(-0.634675235995,-24.25155864925));
#664 = CARTESIAN_POINT('',(-0.798140046993,-24.18620700446));
#665 = CARTESIAN_POINT('',(-0.873330885928,-24.15802532293));
#666 = CARTESIAN_POINT('',(-0.948190609342,-24.13219120241));
#667 = CARTESIAN_POINT('',(-1.022773515452,-24.10899535826));
#668 = CARTESIAN_POINT('',(-1.097135040281,-24.08869566578));
#669 = CARTESIAN_POINT('',(-1.171331633103,-24.07151059134));
#670 = CARTESIAN_POINT('',(-1.245421885572,-24.05761401387));
#671 = CARTESIAN_POINT('',(-1.4757199643,-24.02501152617));
#672 = CARTESIAN_POINT('',(-1.631352359338,-24.01815430891));
#673 = CARTESIAN_POINT('',(-1.786776493181,-24.02761988123));
#674 = CARTESIAN_POINT('',(-1.942460334229,-24.05340731188));
#675 = CARTESIAN_POINT('',(-2.098854396821,-24.09434656754));
#676 = CARTESIAN_POINT('',(-2.256371960162,-24.14821101043));
#677 = CARTESIAN_POINT('',(-2.415373709745,-24.2120077707));
#678 = CARTESIAN_POINT('',(-2.784659282817,-24.37374288738));
#679 = CARTESIAN_POINT('',(-2.997112394504,-24.47662311255));
#680 = CARTESIAN_POINT('',(-3.211713366557,-24.58291415089));
#681 = CARTESIAN_POINT('',(-3.427431501585,-24.68301876759));
#682 = CARTESIAN_POINT('',(-3.643690291271,-24.76958521256));
#683 = CARTESIAN_POINT('',(-3.858924728731,-24.83911332156));
#684 = CARTESIAN_POINT('',(-4.071492670586,-24.88922119668));
#685 = CARTESIAN_POINT('',(-4.391669106294,-24.94005258124));
#686 = CARTESIAN_POINT('',(-4.509452099621,-24.9530116642));
#687 = CARTESIAN_POINT('',(-4.626455314524,-24.9601963294));
#688 = CARTESIAN_POINT('',(-4.743117355578,-24.96171245937));
#689 = CARTESIAN_POINT('',(-4.859856017566,-24.95758873752));
#690 = CARTESIAN_POINT('',(-4.97709652415,-24.94777274889));
#691 = CARTESIAN_POINT('',(-5.095299840313,-24.93213335641));
#692 = CARTESIAN_POINT('',(-5.342711001518,-24.88737697589));
#693 = CARTESIAN_POINT('',(-5.473650857795,-24.85716120077));
#694 = CARTESIAN_POINT('',(-5.606578731269,-24.81967130279));
#695 = CARTESIAN_POINT('',(-5.740804748912,-24.77515428421));
#696 = CARTESIAN_POINT('',(-5.875881299387,-24.72418293786));
#697 = CARTESIAN_POINT('',(-6.011488733054,-24.66773463805));
#698 = CARTESIAN_POINT('',(-6.147377543856,-24.60727083203));
#699 = CARTESIAN_POINT('',(-6.28318530718,-24.54466474005));
#700 = ( GEOMETRIC_REPRESENTATION_CONTEXT(2) 
PARAMETRIC_REPRESENTATION_CONTEXT() REPRESENTATION_CONTEXT('2D SPACE',''
  ) );
#701 = FACE_BOUND('',#702,.F.);
#702 = EDGE_LOOP('',(#703));
#703 = ORIENTED_EDGE('',*,*,#704,.T.);
#704 = EDGE_CURVE('',#705,#705,#707,.T.);
#705 = VERTEX_POINT('',#706);
#706 = CARTESIAN_POINT('',(15.13,-5.,9.544664740052));
#707 = SURFACE_CURVE('',#708,(#753,#801),.PCURVE_S1.);
#708 = B_SPLINE_CURVE_WITH_KNOTS('',8,(#709,#710,#711,#712,#713,#714,
    #715,#716,#717,#718,#719,#720,#721,#722,#723,#724,#725,#726,#727,
    #728,#729,#730,#731,#732,#733,#734,#735,#736,#737,#738,#739,#740,
    #741,#742,#743,#744,#745,#746,#747,#748,#749,#750,#751,#752),
  .UNSPECIFIED.,.T.,.F.,(9,7,7,7,7,7,9),(0.,0.134309431266,
    0.255368287805,0.53334781788,0.752739525055,0.828843890835,1.),
  .UNSPECIFIED.);
#709 = CARTESIAN_POINT('',(15.13,-5.,9.544664740052));
#710 = CARTESIAN_POINT('',(15.13,-4.906089242383,9.593860159784));
#711 = CARTESIAN_POINT('',(15.11854637563,-4.811845946512,9.641883967073
    ));
#712 = CARTESIAN_POINT('',(15.095497677035,-4.719168433258,
    9.687752977516));
#713 = CARTESIAN_POINT('',(15.061171519857,-4.629948511081,
    9.730637799947));
#714 = CARTESIAN_POINT('',(15.016312064502,-4.545978415609,
    9.769903618306));
#715 = CARTESIAN_POINT('',(14.962070805464,-4.468857196001,
    9.805102294502));
#716 = CARTESIAN_POINT('',(14.899987047,-4.399881068634,9.835952707194)
  );
#717 = CARTESIAN_POINT('',(14.770633733375,-4.285840782359,
    9.886135866848));
#718 = CARTESIAN_POINT('',(14.704314290818,-4.238942410724,
    9.906369128802));
#719 = CARTESIAN_POINT('',(14.633887889881,-4.199505580695,
    9.923106053286));
#720 = CARTESIAN_POINT('',(14.560220415289,-4.167762341594,
    9.936409175004));
#721 = CARTESIAN_POINT('',(14.484161755287,-4.143877187954,
    9.946334734307));
#722 = CARTESIAN_POINT('',(14.406551932573,-4.127946701167,
    9.952926953923));
#723 = CARTESIAN_POINT('',(14.328223471275,-4.12,9.95621539542));
#724 = CARTESIAN_POINT('',(14.070380561922,-4.12,9.95621539542));
#725 = CARTESIAN_POINT('',(13.881366390344,-4.161899051046,
    9.938877518831));
#726 = CARTESIAN_POINT('',(13.700464910802,-4.253378328169,
    9.901018736829));
#727 = CARTESIAN_POINT('',(13.5453903213,-4.3909146117,9.842964559028));
#728 = CARTESIAN_POINT('',(13.42972849333,-4.564728572954,9.765288205454
    ));
#729 = CARTESIAN_POINT('',(13.362409000066,-4.761644088581,
    9.670544074861));
#730 = CARTESIAN_POINT('',(13.347807324532,-4.96684641248,9.564621576364
    ));
#731 = CARTESIAN_POINT('',(13.415404507058,-5.321203252848,
    9.371080052856));
#732 = CARTESIAN_POINT('',(13.476860169575,-5.467870523904,
    9.287140057606));
#733 = CARTESIAN_POINT('',(13.566148874547,-5.598608308631,
    9.208756991237));
#734 = CARTESIAN_POINT('',(13.678663642388,-5.708386621196,
    9.140209804354));
#735 = CARTESIAN_POINT('',(13.809100891225,-5.793401984525,
    9.085581092689));
#736 = CARTESIAN_POINT('',(13.951796893083,-5.851095183385,9.04801098826
    ));
#737 = CARTESIAN_POINT('',(14.100813593326,-5.88,9.029187394223));
#738 = CARTESIAN_POINT('',(14.301750984616,-5.88,9.029187394223));
#739 = CARTESIAN_POINT('',(14.353493939764,-5.876521670725,
    9.031452357064));
#740 = CARTESIAN_POINT('',(14.404972472353,-5.869567502505,
    9.035981302617));
#741 = CARTESIAN_POINT('',(14.455930928677,-5.85915848319,9.042749372243
    ));
#742 = CARTESIAN_POINT('',(14.506115016634,-5.845334895936,
    9.051708691601));
#743 = CARTESIAN_POINT('',(14.555272427936,-5.828157116996,
    9.062789233451));
#744 = CARTESIAN_POINT('',(14.603153460321,-5.807706413508,
    9.075899680456));
#745 = CARTESIAN_POINT('',(14.753769595819,-5.730963659367,
    9.124727111045));
#746 = CARTESIAN_POINT('',(14.850837162219,-5.661548892921,
    9.168393537025));
#747 = CARTESIAN_POINT('',(14.93763533881,-5.576818455138,9.220779690325
    ));
#748 = CARTESIAN_POINT('',(15.011296390229,-5.478422568529,
    9.280144950721));
#749 = CARTESIAN_POINT('',(15.069262943995,-5.368585489149,
    9.344377440325));
#750 = CARTESIAN_POINT('',(15.109384325203,-5.25004442351,9.411255676131
    ));
#751 = CARTESIAN_POINT('',(15.13,-5.12599353042,9.478662667769));
#752 = CARTESIAN_POINT('',(15.13,-5.,9.544664740052));
#753 = PCURVE('',#45,#754);
#754 = DEFINITIONAL_REPRESENTATION('',(#755),#800);
#755 = B_SPLINE_CURVE_WITH_KNOTS('',8,(#756,#757,#758,#759,#760,#761,
    #762,#763,#764,#765,#766,#767,#768,#769,#770,#771,#772,#773,#774,
    #775,#776,#777,#778,#779,#780,#781,#782,#783,#784,#785,#786,#787,
    #788,#789,#790,#791,#792,#793,#794,#795,#796,#797,#798,#799),
  .UNSPECIFIED.,.T.,.F.,(9,7,7,7,7,7,9),(0.,0.134309431266,
    0.255368287805,0.53334781788,0.752739525055,0.828843890835,1.),
  .UNSPECIFIED.);
#756 = CARTESIAN_POINT('',(-2.05334363344,0.87));
#757 = CARTESIAN_POINT('',(-2.043504549493,0.87));
#758 = CARTESIAN_POINT('',(-2.033688581717,0.88145362437));
#759 = CARTESIAN_POINT('',(-2.024092697721,0.904502322965));
#760 = CARTESIAN_POINT('',(-2.014906676917,0.938828480143));
#761 = CARTESIAN_POINT('',(-2.006304479825,0.983687935498));
#762 = CARTESIAN_POINT('',(-1.998437201466,1.037929194536));
#763 = CARTESIAN_POINT('',(-1.991424715975,1.100012953));
#764 = CARTESIAN_POINT('',(-1.979861515547,1.229366266625));
#765 = CARTESIAN_POINT('',(-1.975121332497,1.295685709182));
#766 = CARTESIAN_POINT('',(-1.971145420949,1.366112110119));
#767 = CARTESIAN_POINT('',(-1.96795119968,1.439779584711));
#768 = CARTESIAN_POINT('',(-1.965550704948,1.515838244713));
#769 = CARTESIAN_POINT('',(-1.963950648515,1.593448067427));
#770 = CARTESIAN_POINT('',(-1.963152484409,1.671776528725));
#771 = CARTESIAN_POINT('',(-1.963152484409,1.929619438078));
#772 = CARTESIAN_POINT('',(-1.967360872174,2.118633609657));
#773 = CARTESIAN_POINT('',(-1.976548704039,2.299535089197));
#774 = CARTESIAN_POINT('',(-1.990404766568,2.454609678701));
#775 = CARTESIAN_POINT('',(-2.008062915852,2.57027150667));
#776 = CARTESIAN_POINT('',(-2.028330338794,2.637590999935));
#777 = CARTESIAN_POINT('',(-2.049756321907,2.652192675468));
#778 = CARTESIAN_POINT('',(-2.087228817019,2.584595492942));
#779 = CARTESIAN_POINT('',(-2.102909130841,2.523139830425));
#780 = CARTESIAN_POINT('',(-2.11705159799,2.433851125453));
#781 = CARTESIAN_POINT('',(-2.129060325001,2.321336357612));
#782 = CARTESIAN_POINT('',(-2.138438879105,2.190899108776));
#783 = CARTESIAN_POINT('',(-2.144828411822,2.048203106917));
#784 = CARTESIAN_POINT('',(-2.148029693074,1.899186406674));
#785 = CARTESIAN_POINT('',(-2.148029693074,1.698249015384));
#786 = CARTESIAN_POINT('',(-2.147644472642,1.646506060236));
#787 = CARTESIAN_POINT('',(-2.146874271201,1.595027527647));
#788 = CARTESIAN_POINT('',(-2.145721983417,1.544069071323));
#789 = CARTESIAN_POINT('',(-2.144193168147,1.493884983366));
#790 = CARTESIAN_POINT('',(-2.142296057386,1.444727572064));
#791 = CARTESIAN_POINT('',(-2.140041565217,1.396846539679));
#792 = CARTESIAN_POINT('',(-2.131599880088,1.246230404181));
#793 = CARTESIAN_POINT('',(-2.123989122321,1.149162837781));
#794 = CARTESIAN_POINT('',(-2.114744340973,1.06236466119));
#795 = CARTESIAN_POINT('',(-2.104080572015,0.988703609771));
#796 = CARTESIAN_POINT('',(-2.092274206191,0.930737056005));
#797 = CARTESIAN_POINT('',(-2.079645273888,0.890615674797));
#798 = CARTESIAN_POINT('',(-2.066544047897,0.87));
#799 = CARTESIAN_POINT('',(-2.05334363344,0.87));
#800 = ( GEOMETRIC_REPRESENTATION_CONTEXT(2) 
PARAMETRIC_REPRESENTATION_CONTEXT() REPRESENTATION_CONTEXT('2D SPACE',''
  ) );
#801 = PCURVE('',#802,#807);
#802 = CYLINDRICAL_SURFACE('',#803,0.88);
#803 = AXIS2_PLACEMENT_3D('',#804,#805,#806);
#804 = CARTESIAN_POINT('',(14.25,-5.,-15.));
#805 = DIRECTION('',(-0.,-0.,-1.));
#806 = DIRECTION('',(1.,0.,0.));
#807 = DEFINITIONAL_REPRESENTATION('',(#808),#853);
#808 = B_SPLINE_CURVE_WITH_KNOTS('',8,(#809,#810,#811,#812,#813,#814,
    #815,#816,#817,#818,#819,#820,#821,#822,#823,#824,#825,#826,#827,
    #828,#829,#830,#831,#832,#833,#834,#835,#836,#837,#838,#839,#840,
    #841,#842,#843,#844,#845,#846,#847,#848,#849,#850,#851,#852),
  .UNSPECIFIED.,.F.,.F.,(9,7,7,7,7,7,9),(0.,0.134309431266,
    0.255368287805,0.53334781788,0.752739525055,0.828843890835,1.),
  .UNSPECIFIED.);
#809 = CARTESIAN_POINT('',(0.,-24.54466474005));
#810 = CARTESIAN_POINT('',(-0.106716770019,-24.59386015978));
#811 = CARTESIAN_POINT('',(-0.213811418725,-24.64188396707));
#812 = CARTESIAN_POINT('',(-0.320978783101,-24.68775297751));
#813 = CARTESIAN_POINT('',(-0.427975706451,-24.73063779994));
#814 = CARTESIAN_POINT('',(-0.53455129052,-24.7699036183));
#815 = CARTESIAN_POINT('',(-0.640410488735,-24.8051022945));
#816 = CARTESIAN_POINT('',(-0.745165574249,-24.83595270719));
#817 = CARTESIAN_POINT('',(-0.941126422979,-24.88613586684));
#818 = CARTESIAN_POINT('',(-1.032901104343,-24.9063691288));
#819 = CARTESIAN_POINT('',(-1.123789474174,-24.92310605328));
#820 = CARTESIAN_POINT('',(-1.213980100256,-24.936409175));
#821 = CARTESIAN_POINT('',(-1.303633655985,-24.9463347343));
#822 = CARTESIAN_POINT('',(-1.392896090651,-24.95292695392));
#823 = CARTESIAN_POINT('',(-1.481906018528,-24.95621539542));
#824 = CARTESIAN_POINT('',(-1.774909324611,-24.95621539542));
#825 = CARTESIAN_POINT('',(-1.989696636022,-24.93887751883));
#826 = CARTESIAN_POINT('',(-2.208231851849,-24.90101873682));
#827 = CARTESIAN_POINT('',(-2.429012211123,-24.84296455902));
#828 = CARTESIAN_POINT('',(-2.651226954639,-24.76528820545));
#829 = CARTESIAN_POINT('',(-2.875030209457,-24.67054407486));
#830 = CARTESIAN_POINT('',(-3.100974126583,-24.56462157636));
#831 = CARTESIAN_POINT('',(-3.510913507749,-24.37108005285));
#832 = CARTESIAN_POINT('',(-3.687714798201,-24.2871400576));
#833 = CARTESIAN_POINT('',(-3.861670116385,-24.20875699123));
#834 = CARTESIAN_POINT('',(-4.033516674269,-24.14020980435));
#835 = CARTESIAN_POINT('',(-4.203942889797,-24.08558109268));
#836 = CARTESIAN_POINT('',(-4.37352172473,-24.04801098826));
#837 = CARTESIAN_POINT('',(-4.542858972801,-24.02918739422));
#838 = CARTESIAN_POINT('',(-4.771196917448,-24.02918739422));
#839 = CARTESIAN_POINT('',(-4.829995848023,-24.03145235706));
#840 = CARTESIAN_POINT('',(-4.888803985613,-24.03598130261));
#841 = CARTESIAN_POINT('',(-4.947640489687,-24.04274937224));
#842 = CARTESIAN_POINT('',(-5.006524419416,-24.0517086916));
#843 = CARTESIAN_POINT('',(-5.06547368742,-24.06278923345));
#844 = CARTESIAN_POINT('',(-5.124504013508,-24.07589968045));
#845 = CARTESIAN_POINT('',(-5.316595423372,-24.12472711104));
#846 = CARTESIAN_POINT('',(-5.450687449817,-24.16839353702));
#847 = CARTESIAN_POINT('',(-5.585868120967,-24.22077969032));
#848 = CARTESIAN_POINT('',(-5.722210718479,-24.28014495072));
#849 = CARTESIAN_POINT('',(-5.859867264049,-24.34437744032));
#850 = CARTESIAN_POINT('',(-5.99904355715,-24.41125567613));
#851 = CARTESIAN_POINT('',(-6.140010840794,-24.47866266776));
#852 = CARTESIAN_POINT('',(-6.28318530718,-24.54466474005));
#853 = ( GEOMETRIC_REPRESENTATION_CONTEXT(2) 
PARAMETRIC_REPRESENTATION_CONTEXT() REPRESENTATION_CONTEXT('2D SPACE',''
  ) );
#854 = FACE_BOUND('',#855,.F.);
#855 = EDGE_LOOP('',(#856));
#856 = ORIENTED_EDGE('',*,*,#857,.F.);
#857 = EDGE_CURVE('',#858,#858,#860,.T.);
#858 = VERTEX_POINT('',#859);
#859 = CARTESIAN_POINT('',(15.13,-5.,-9.544664740052));
#860 = SURFACE_CURVE('',#861,(#906,#954),.PCURVE_S1.);
#861 = B_SPLINE_CURVE_WITH_KNOTS('',8,(#862,#863,#864,#865,#866,#867,
    #868,#869,#870,#871,#872,#873,#874,#875,#876,#877,#878,#879,#880,
    #881,#882,#883,#884,#885,#886,#887,#888,#889,#890,#891,#892,#893,
    #894,#895,#896,#897,#898,#899,#900,#901,#902,#903,#904,#905),
  .UNSPECIFIED.,.T.,.F.,(9,7,7,7,7,7,9),(0.,0.134309431257,
    0.255368287787,0.533347817842,0.752739525075,0.828843890848,1.),
  .UNSPECIFIED.);
#862 = CARTESIAN_POINT('',(15.13,-5.,-9.544664740052));
#863 = CARTESIAN_POINT('',(15.13,-4.906089242383,-9.593860159784));
#864 = CARTESIAN_POINT('',(15.11854637563,-4.811845946512,
    -9.641883967073));
#865 = CARTESIAN_POINT('',(15.095497677036,-4.719168433259,
    -9.687752977516));
#866 = CARTESIAN_POINT('',(15.061171519857,-4.629948511081,
    -9.730637799947));
#867 = CARTESIAN_POINT('',(15.016312064502,-4.545978415609,
    -9.769903618307));
#868 = CARTESIAN_POINT('',(14.962070805464,-4.468857196001,
    -9.805102294502));
#869 = CARTESIAN_POINT('',(14.899987047,-4.399881068634,-9.835952707194)
  );
#870 = CARTESIAN_POINT('',(14.770633733375,-4.285840782359,
    -9.886135866848));
#871 = CARTESIAN_POINT('',(14.704314290818,-4.238942410724,
    -9.906369128802));
#872 = CARTESIAN_POINT('',(14.633887889881,-4.199505580695,
    -9.923106053286));
#873 = CARTESIAN_POINT('',(14.560220415289,-4.167762341594,
    -9.936409175004));
#874 = CARTESIAN_POINT('',(14.484161755287,-4.143877187954,
    -9.946334734307));
#875 = CARTESIAN_POINT('',(14.406551932573,-4.127946701167,
    -9.952926953923));
#876 = CARTESIAN_POINT('',(14.328223471275,-4.12,-9.95621539542));
#877 = CARTESIAN_POINT('',(14.070380561922,-4.12,-9.95621539542));
#878 = CARTESIAN_POINT('',(13.881366390344,-4.161899051046,
    -9.938877518831));
#879 = CARTESIAN_POINT('',(13.700464910802,-4.253378328169,
    -9.901018736829));
#880 = CARTESIAN_POINT('',(13.545390321301,-4.3909146117,-9.842964559028
    ));
#881 = CARTESIAN_POINT('',(13.42972849333,-4.564728572954,
    -9.765288205454));
#882 = CARTESIAN_POINT('',(13.362409000066,-4.761644088581,
    -9.670544074861));
#883 = CARTESIAN_POINT('',(13.347807324532,-4.96684641248,
    -9.564621576364));
#884 = CARTESIAN_POINT('',(13.415404507068,-5.3212032529,-9.371080052828
    ));
#885 = CARTESIAN_POINT('',(13.476860169589,-5.467870523864,
    -9.287140057625));
#886 = CARTESIAN_POINT('',(13.566148874504,-5.598608308592,
    -9.208756991264));
#887 = CARTESIAN_POINT('',(13.678663642368,-5.708386621218,
    -9.140209804342));
#888 = CARTESIAN_POINT('',(13.809100891274,-5.793401984558,
    -9.085581092666));
#889 = CARTESIAN_POINT('',(13.951796893117,-5.851095183365,
    -9.048010988273));
#890 = CARTESIAN_POINT('',(14.100813593275,-5.88,-9.029187394223));
#891 = CARTESIAN_POINT('',(14.301750984616,-5.88,-9.029187394223));
#892 = CARTESIAN_POINT('',(14.353493939764,-5.876521670725,
    -9.031452357064));
#893 = CARTESIAN_POINT('',(14.404972472353,-5.869567502505,
    -9.035981302617));
#894 = CARTESIAN_POINT('',(14.455930928677,-5.85915848319,
    -9.042749372243));
#895 = CARTESIAN_POINT('',(14.506115016634,-5.845334895936,
    -9.051708691601));
#896 = CARTESIAN_POINT('',(14.555272427936,-5.828157116996,
    -9.062789233451));
#897 = CARTESIAN_POINT('',(14.603153460321,-5.807706413508,
    -9.075899680456));
#898 = CARTESIAN_POINT('',(14.753769595819,-5.730963659367,
    -9.124727111045));
#899 = CARTESIAN_POINT('',(14.850837162219,-5.661548892921,
    -9.168393537025));
#900 = CARTESIAN_POINT('',(14.93763533881,-5.576818455138,
    -9.220779690325));
#901 = CARTESIAN_POINT('',(15.011296390229,-5.478422568529,
    -9.280144950721));
#902 = CARTESIAN_POINT('',(15.069262943995,-5.368585489149,
    -9.344377440325));
#903 = CARTESIAN_POINT('',(15.109384325203,-5.25004442351,
    -9.411255676132));
#904 = CARTESIAN_POINT('',(15.13,-5.12599353042,-9.478662667769));
#905 = CARTESIAN_POINT('',(15.13,-5.,-9.544664740052));
#906 = PCURVE('',#45,#907);
#907 = DEFINITIONAL_REPRESENTATION('',(#908),#953);
#908 = B_SPLINE_CURVE_WITH_KNOTS('',8,(#909,#910,#911,#912,#913,#914,
    #915,#916,#917,#918,#919,#920,#921,#922,#923,#924,#925,#926,#927,
    #928,#929,#930,#931,#932,#933,#934,#935,#936,#937,#938,#939,#940,
    #941,#942,#943,#944,#945,#946,#947,#948,#949,#950,#951,#952),
  .UNSPECIFIED.,.T.,.F.,(9,7,7,7,7,7,9),(0.,0.134309431257,
    0.255368287787,0.533347817842,0.752739525075,0.828843890848,1.),
  .UNSPECIFIED.);
#909 = CARTESIAN_POINT('',(-4.22984167374,0.87));
#910 = CARTESIAN_POINT('',(-4.239680757686,0.87));
#911 = CARTESIAN_POINT('',(-4.249496725463,0.88145362437));
#912 = CARTESIAN_POINT('',(-4.259092609459,0.904502322964));
#913 = CARTESIAN_POINT('',(-4.268278630262,0.938828480143));
#914 = CARTESIAN_POINT('',(-4.276880827355,0.983687935498));
#915 = CARTESIAN_POINT('',(-4.284748105713,1.037929194536));
#916 = CARTESIAN_POINT('',(-4.291760591205,1.100012953));
#917 = CARTESIAN_POINT('',(-4.303323791632,1.229366266625));
#918 = CARTESIAN_POINT('',(-4.308063974683,1.295685709182));
#919 = CARTESIAN_POINT('',(-4.31203988623,1.366112110119));
#920 = CARTESIAN_POINT('',(-4.315234107499,1.439779584711));
#921 = CARTESIAN_POINT('',(-4.317634602232,1.515838244713));
#922 = CARTESIAN_POINT('',(-4.319234658664,1.593448067427));
#923 = CARTESIAN_POINT('',(-4.320032822771,1.671776528725));
#924 = CARTESIAN_POINT('',(-4.320032822771,1.929619438078));
#925 = CARTESIAN_POINT('',(-4.315824435006,2.118633609656));
#926 = CARTESIAN_POINT('',(-4.30663660314,2.299535089199));
#927 = CARTESIAN_POINT('',(-4.292780540611,2.454609678699));
#928 = CARTESIAN_POINT('',(-4.275122391328,2.570271506671));
#929 = CARTESIAN_POINT('',(-4.254854968386,2.637590999934));
#930 = CARTESIAN_POINT('',(-4.233428985273,2.652192675468));
#931 = CARTESIAN_POINT('',(-4.195956490155,2.584595492932));
#932 = CARTESIAN_POINT('',(-4.180276176342,2.523139830411));
#933 = CARTESIAN_POINT('',(-4.166133709194,2.433851125497));
#934 = CARTESIAN_POINT('',(-4.154124982176,2.321336357632));
#935 = CARTESIAN_POINT('',(-4.144746428071,2.190899108726));
#936 = CARTESIAN_POINT('',(-4.13835689536,2.048203106883));
#937 = CARTESIAN_POINT('',(-4.135155614106,1.899186406725));
#938 = CARTESIAN_POINT('',(-4.135155614106,1.698249015384));
#939 = CARTESIAN_POINT('',(-4.135540834538,1.646506060236));
#940 = CARTESIAN_POINT('',(-4.136311035979,1.595027527647));
#941 = CARTESIAN_POINT('',(-4.137463323762,1.544069071323));
#942 = CARTESIAN_POINT('',(-4.138992139032,1.493884983366));
#943 = CARTESIAN_POINT('',(-4.140889249793,1.444727572064));
#944 = CARTESIAN_POINT('',(-4.143143741962,1.396846539679));
#945 = CARTESIAN_POINT('',(-4.151585427092,1.246230404181));
#946 = CARTESIAN_POINT('',(-4.159196184859,1.149162837781));
#947 = CARTESIAN_POINT('',(-4.168440966206,1.06236466119));
#948 = CARTESIAN_POINT('',(-4.179104735164,0.988703609771));
#949 = CARTESIAN_POINT('',(-4.190911100988,0.930737056005));
#950 = CARTESIAN_POINT('',(-4.203540033292,0.890615674797));
#951 = CARTESIAN_POINT('',(-4.216641259283,0.87));
#952 = CARTESIAN_POINT('',(-4.22984167374,0.87));
#953 = ( GEOMETRIC_REPRESENTATION_CONTEXT(2) 
PARAMETRIC_REPRESENTATION_CONTEXT() REPRESENTATION_CONTEXT('2D SPACE',''
  ) );
#954 = PCURVE('',#955,#960);
#955 = CYLINDRICAL_SURFACE('',#956,0.88);
#956 = AXIS2_PLACEMENT_3D('',#957,#958,#959);
#957 = CARTESIAN_POINT('',(14.25,-5.,-15.));
#958 = DIRECTION('',(-0.,-0.,-1.));
#959 = DIRECTION('',(1.,0.,0.));
#960 = DEFINITIONAL_REPRESENTATION('',(#961),#1006);
#961 = B_SPLINE_CURVE_WITH_KNOTS('',8,(#962,#963,#964,#965,#966,#967,
    #968,#969,#970,#971,#972,#973,#974,#975,#976,#977,#978,#979,#980,
    #981,#982,#983,#984,#985,#986,#987,#988,#989,#990,#991,#992,#993,
    #994,#995,#996,#997,#998,#999,#1000,#1001,#1002,#1003,#1004,#1005),
  .UNSPECIFIED.,.F.,.F.,(9,7,7,7,7,7,9),(0.,0.134309431257,
    0.255368287787,0.533347817842,0.752739525075,0.828843890848,1.),
  .UNSPECIFIED.);
#962 = CARTESIAN_POINT('',(0.,-5.455335259948));
#963 = CARTESIAN_POINT('',(-0.106716770019,-5.406139840216));
#964 = CARTESIAN_POINT('',(-0.213811418725,-5.358116032927));
#965 = CARTESIAN_POINT('',(-0.320978783101,-5.312247022484));
#966 = CARTESIAN_POINT('',(-0.427975706451,-5.269362200053));
#967 = CARTESIAN_POINT('',(-0.53455129052,-5.230096381693));
#968 = CARTESIAN_POINT('',(-0.640410488735,-5.194897705498));
#969 = CARTESIAN_POINT('',(-0.745165574249,-5.164047292806));
#970 = CARTESIAN_POINT('',(-0.941126422979,-5.113864133152));
#971 = CARTESIAN_POINT('',(-1.032901104343,-5.093630871198));
#972 = CARTESIAN_POINT('',(-1.123789474174,-5.076893946714));
#973 = CARTESIAN_POINT('',(-1.213980100256,-5.063590824996));
#974 = CARTESIAN_POINT('',(-1.303633655986,-5.053665265693));
#975 = CARTESIAN_POINT('',(-1.392896090651,-5.047073046077));
#976 = CARTESIAN_POINT('',(-1.481906018527,-5.04378460458));
#977 = CARTESIAN_POINT('',(-1.774909324611,-5.04378460458));
#978 = CARTESIAN_POINT('',(-1.989696636021,-5.061122481169));
#979 = CARTESIAN_POINT('',(-2.20823185185,-5.098981263171));
#980 = CARTESIAN_POINT('',(-2.429012211123,-5.157035440972));
#981 = CARTESIAN_POINT('',(-2.651226954639,-5.234711794546));
#982 = CARTESIAN_POINT('',(-2.875030209457,-5.329455925139));
#983 = CARTESIAN_POINT('',(-3.100974126583,-5.435378423636));
#984 = CARTESIAN_POINT('',(-3.510913507809,-5.628919947172));
#985 = CARTESIAN_POINT('',(-3.687714798159,-5.712859942375));
#986 = CARTESIAN_POINT('',(-3.861670116338,-5.791243008736));
#987 = CARTESIAN_POINT('',(-4.033516674264,-5.859790195659));
#988 = CARTESIAN_POINT('',(-4.203942889849,-5.914418907334));
#989 = CARTESIAN_POINT('',(-4.373521724768,-5.951989011727));
#990 = CARTESIAN_POINT('',(-4.542858972743,-5.970812605777));
#991 = CARTESIAN_POINT('',(-4.771196917448,-5.970812605777));
#992 = CARTESIAN_POINT('',(-4.829995848023,-5.968547642936));
#993 = CARTESIAN_POINT('',(-4.888803985613,-5.964018697383));
#994 = CARTESIAN_POINT('',(-4.947640489687,-5.957250627757));
#995 = CARTESIAN_POINT('',(-5.006524419416,-5.948291308399));
#996 = CARTESIAN_POINT('',(-5.06547368742,-5.937210766549));
#997 = CARTESIAN_POINT('',(-5.124504013508,-5.924100319544));
#998 = CARTESIAN_POINT('',(-5.316595423372,-5.875272888955));
#999 = CARTESIAN_POINT('',(-5.450687449817,-5.831606462975));
#1000 = CARTESIAN_POINT('',(-5.585868120967,-5.779220309675));
#1001 = CARTESIAN_POINT('',(-5.722210718479,-5.719855049279));
#1002 = CARTESIAN_POINT('',(-5.859867264048,-5.655622559675));
#1003 = CARTESIAN_POINT('',(-5.99904355715,-5.588744323869));
#1004 = CARTESIAN_POINT('',(-6.140010840794,-5.521337332231));
#1005 = CARTESIAN_POINT('',(-6.28318530718,-5.455335259948));
#1006 = ( GEOMETRIC_REPRESENTATION_CONTEXT(2) 
PARAMETRIC_REPRESENTATION_CONTEXT() REPRESENTATION_CONTEXT('2D SPACE',''
  ) );
#1007 = FACE_BOUND('',#1008,.F.);
#1008 = EDGE_LOOP('',(#1009));
#1009 = ORIENTED_EDGE('',*,*,#1010,.F.);
#1010 = EDGE_CURVE('',#1011,#1011,#1013,.T.);
#1011 = VERTEX_POINT('',#1012);
#1012 = CARTESIAN_POINT('',(15.13,5.,-9.544664740052));
#1013 = SURFACE_CURVE('',#1014,(#1059,#1107),.PCURVE_S1.);
#1014 = B_SPLINE_CURVE_WITH_KNOTS('',8,(#1015,#1016,#1017,#1018,#1019,
    #1020,#1021,#1022,#1023,#1024,#1025,#1026,#1027,#1028,#1029,#1030,
    #1031,#1032,#1033,#1034,#1035,#1036,#1037,#1038,#1039,#1040,#1041,
    #1042,#1043,#1044,#1045,#1046,#1047,#1048,#1049,#1050,#1051,#1052,
    #1053,#1054,#1055,#1056,#1057,#1058),.UNSPECIFIED.,.T.,.F.,(9,7,7,7,
    7,7,9),(0.,0.112235144003,0.20874129417,0.412384674487,
    0.676616002259,0.833129887098,1.),.UNSPECIFIED.);
#1015 = CARTESIAN_POINT('',(15.13,5.,-9.544664740052));
#1016 = CARTESIAN_POINT('',(15.13,5.081562426647,-9.501938028917));
#1017 = CARTESIAN_POINT('',(15.121360662873,5.162500070522,
    -9.458523598077));
#1018 = CARTESIAN_POINT('',(15.10431279454,5.241782677873,
    -9.414969642848));
#1019 = CARTESIAN_POINT('',(15.079223024927,5.318430012978,
    -9.371871093759));
#1020 = CARTESIAN_POINT('',(15.04658649116,5.391532425331,
    -9.329853415862));
#1021 = CARTESIAN_POINT('',(15.007018667551,5.460271064384,
    -9.289547929037));
#1022 = CARTESIAN_POINT('',(14.961246342348,5.523937741841,
    -9.251558649257));
#1023 = CARTESIAN_POINT('',(14.866117269562,5.631840494358,
    -9.186207004461));
#1024 = CARTESIAN_POINT('',(14.818050926798,5.677675174884,
    -9.158025322937));
#1025 = CARTESIAN_POINT('',(14.766327952975,5.719125992551,
    -9.132191202416));
#1026 = CARTESIAN_POINT('',(14.711394668326,5.755911506256,
    -9.108995358264));
#1027 = CARTESIAN_POINT('',(14.653709880398,5.787797318907,
    -9.088695665785));
#1028 = CARTESIAN_POINT('',(14.593741065059,5.814592752576,
    -9.071510591342));
#1029 = CARTESIAN_POINT('',(14.531961321421,5.836148204195,
    -9.057614013878));
#1030 = CARTESIAN_POINT('',(14.335666021256,5.886548271022,
    -9.02501152617));
#1031 = CARTESIAN_POINT('',(14.196905586824,5.89682575406,
    -9.018154308911));
#1032 = CARTESIAN_POINT('',(14.05725788937,5.882330958462,-9.02761988123
    ));
#1033 = CARTESIAN_POINT('',(13.921418204921,5.843158900158,
    -9.053407311883));
#1034 = CARTESIAN_POINT('',(13.794032714153,5.78018513111,
    -9.094346567544));
#1035 = CARTESIAN_POINT('',(13.679692201482,5.695170948235,
    -9.148211010439));
#1036 = CARTESIAN_POINT('',(13.582781122,5.590953031557,-9.212007770701)
  );
#1037 = CARTESIAN_POINT('',(13.40865279019,5.316570685348,-9.37374288679
    ));
#1038 = CARTESIAN_POINT('',(13.345407638957,5.135275953996,
    -9.47662311533));
#1039 = CARTESIAN_POINT('',(13.327027529593,4.937692259133,
    -9.582914144934));
#1040 = CARTESIAN_POINT('',(13.358803002341,4.738140558434,
    -9.683018774787));
#1041 = CARTESIAN_POINT('',(13.439849271682,4.552481973223,
    -9.769585207564));
#1042 = CARTESIAN_POINT('',(13.563264332744,4.39552944867,
    -9.839113323421));
#1043 = CARTESIAN_POINT('',(13.715210017619,4.279091514353,
    -9.889221196425));
#1044 = CARTESIAN_POINT('',(13.970149803445,4.159125957283,
    -9.940052581244));
#1045 = CARTESIAN_POINT('',(14.070008614999,4.127903028935,
    -9.953011664202));
#1046 = CARTESIAN_POINT('',(14.173035794571,4.110345575104,
    -9.960196329405));
#1047 = CARTESIAN_POINT('',(14.277457912665,4.106606607335,
    -9.961712459371));
#1048 = CARTESIAN_POINT('',(14.381528851596,4.116721534547,
    -9.957588737522));
#1049 = CARTESIAN_POINT('',(14.48350312733,4.140610713713,-9.94777274889
    ));
#1050 = CARTESIAN_POINT('',(14.581602689428,4.178085478032,
    -9.932133356412));
#1051 = CARTESIAN_POINT('',(14.772393776316,4.282973765645,
    -9.88737697589));
#1052 = CARTESIAN_POINT('',(14.865470836806,4.352849416013,
    -9.857161200775));
#1053 = CARTESIAN_POINT('',(14.949031529175,4.437876282288,
    -9.819671302791));
#1054 = CARTESIAN_POINT('',(15.019554793255,4.536155913547,
    -9.775154284219));
#1055 = CARTESIAN_POINT('',(15.074315330873,4.644931576745,
    -9.724182937868));
#1056 = CARTESIAN_POINT('',(15.111450435058,4.760906994964,
    -9.667734638054));
#1057 = CARTESIAN_POINT('',(15.13,4.880489168276,-9.607270832031));
#1058 = CARTESIAN_POINT('',(15.13,5.,-9.544664740052));
#1059 = PCURVE('',#45,#1060);
#1060 = DEFINITIONAL_REPRESENTATION('',(#1061),#1106);
#1061 = B_SPLINE_CURVE_WITH_KNOTS('',8,(#1062,#1063,#1064,#1065,#1066,
    #1067,#1068,#1069,#1070,#1071,#1072,#1073,#1074,#1075,#1076,#1077,
    #1078,#1079,#1080,#1081,#1082,#1083,#1084,#1085,#1086,#1087,#1088,
    #1089,#1090,#1091,#1092,#1093,#1094,#1095,#1096,#1097,#1098,#1099,
    #1100,#1101,#1102,#1103,#1104,#1105),.UNSPECIFIED.,.T.,.F.,(9,7,7,7,
    7,7,9),(0.,0.112235144003,0.20874129417,0.412384674487,
    0.676616002259,0.833129887098,1.),.UNSPECIFIED.);
#1062 = CARTESIAN_POINT('',(-5.19493628703,0.87));
#1063 = CARTESIAN_POINT('',(-5.203481629257,0.87));
#1064 = CARTESIAN_POINT('',(-5.212005227774,0.878639337127));
#1065 = CARTESIAN_POINT('',(-5.220399715352,0.89568720546));
#1066 = CARTESIAN_POINT('',(-5.228559838904,0.920776975073));
#1067 = CARTESIAN_POINT('',(-5.236384519417,0.95341350884));
#1068 = CARTESIAN_POINT('',(-5.243779407615,0.992981332449));
#1069 = CARTESIAN_POINT('',(-5.250659935368,1.038753657652));
#1070 = CARTESIAN_POINT('',(-5.262367598962,1.133882730438));
#1071 = CARTESIAN_POINT('',(-5.267361029786,1.181949073202));
#1072 = CARTESIAN_POINT('',(-5.271893834143,1.233672047025));
#1073 = CARTESIAN_POINT('',(-5.275929769707,1.288605331674));
#1074 = CARTESIAN_POINT('',(-5.27943777666,1.346290119602));
#1075 = CARTESIAN_POINT('',(-5.282392078055,1.406258934941));
#1076 = CARTESIAN_POINT('',(-5.284772276889,1.468038678579));
#1077 = CARTESIAN_POINT('',(-5.290343110824,1.664333978744));
#1078 = CARTESIAN_POINT('',(-5.291489623777,1.803094413176));
#1079 = CARTESIAN_POINT('',(-5.289883140239,1.942742110631));
#1080 = CARTESIAN_POINT('',(-5.285530369141,2.078581795079));
#1081 = CARTESIAN_POINT('',(-5.278559717079,2.205967285847));
#1082 = CARTESIAN_POINT('',(-5.269220925261,2.320307798518));
#1083 = CARTESIAN_POINT('',(-5.257881996627,2.417218878));
#1084 = CARTESIAN_POINT('',(-5.228322588631,2.59134720981));
#1085 = CARTESIAN_POINT('',(-5.208979423692,2.654592361044));
#1086 = CARTESIAN_POINT('',(-5.188165521991,2.672972470406));
#1087 = CARTESIAN_POINT('',(-5.167464355285,2.64119699766));
#1088 = CARTESIAN_POINT('',(-5.148460481604,2.560150728317));
#1089 = CARTESIAN_POINT('',(-5.132530007132,2.436735667256));
#1090 = CARTESIAN_POINT('',(-5.120765795656,2.284789982381));
#1091 = CARTESIAN_POINT('',(-5.108673887647,2.029850196555));
#1092 = CARTESIAN_POINT('',(-5.105536575788,1.929991385001));
#1093 = CARTESIAN_POINT('',(-5.103775957042,1.826964205429));
#1094 = CARTESIAN_POINT('',(-5.103401495601,1.722542087335));
#1095 = CARTESIAN_POINT('',(-5.10441527516,1.618471148404));
#1096 = CARTESIAN_POINT('',(-5.106812225023,1.51649687267));
#1097 = CARTESIAN_POINT('',(-5.110580759359,1.418397310572));
#1098 = CARTESIAN_POINT('',(-5.121164341003,1.227606223684));
#1099 = CARTESIAN_POINT('',(-5.128229568434,1.134529163194));
#1100 = CARTESIAN_POINT('',(-5.13685337816,1.050968470825));
#1101 = CARTESIAN_POINT('',(-5.146865399932,0.980445206745));
#1102 = CARTESIAN_POINT('',(-5.158011916693,0.925684669127));
#1103 = CARTESIAN_POINT('',(-5.169980232411,0.888549564942));
#1104 = CARTESIAN_POINT('',(-5.182415068634,0.87));
#1105 = CARTESIAN_POINT('',(-5.19493628703,0.87));
#1106 = ( GEOMETRIC_REPRESENTATION_CONTEXT(2) 
PARAMETRIC_REPRESENTATION_CONTEXT() REPRESENTATION_CONTEXT('2D SPACE',''
  ) );
#1107 = PCURVE('',#1108,#1113);
#1108 = CYLINDRICAL_SURFACE('',#1109,0.88);
#1109 = AXIS2_PLACEMENT_3D('',#1110,#1111,#1112);
#1110 = CARTESIAN_POINT('',(14.25,5.,-15.));
#1111 = DIRECTION('',(-0.,-0.,-1.));
#1112 = DIRECTION('',(1.,0.,0.));
#1113 = DEFINITIONAL_REPRESENTATION('',(#1114),#1159);
#1114 = B_SPLINE_CURVE_WITH_KNOTS('',8,(#1115,#1116,#1117,#1118,#1119,
    #1120,#1121,#1122,#1123,#1124,#1125,#1126,#1127,#1128,#1129,#1130,
    #1131,#1132,#1133,#1134,#1135,#1136,#1137,#1138,#1139,#1140,#1141,
    #1142,#1143,#1144,#1145,#1146,#1147,#1148,#1149,#1150,#1151,#1152,
    #1153,#1154,#1155,#1156,#1157,#1158),.UNSPECIFIED.,.F.,.F.,(9,7,7,7,
    7,7,9),(0.,0.112235144003,0.20874129417,0.412384674487,
    0.676616002259,0.833129887098,1.),.UNSPECIFIED.);
#1115 = CARTESIAN_POINT('',(0.,-5.455335259948));
#1116 = CARTESIAN_POINT('',(-9.268457573522E-02,-5.498061971083));
#1117 = CARTESIAN_POINT('',(-0.18465903401,-5.541476401923));
#1118 = CARTESIAN_POINT('',(-0.275966452335,-5.585030357152));
#1119 = CARTESIAN_POINT('',(-0.366627441124,-5.628128906241));
#1120 = CARTESIAN_POINT('',(-0.456645996646,-5.670146584138));
#1121 = CARTESIAN_POINT('',(-0.546008410552,-5.710452070963));
#1122 = CARTESIAN_POINT('',(-0.634675235995,-5.748441350743));
#1123 = CARTESIAN_POINT('',(-0.798140046993,-5.813792995539));
#1124 = CARTESIAN_POINT('',(-0.873330885928,-5.841974677063));
#1125 = CARTESIAN_POINT('',(-0.948190609342,-5.867808797584));
#1126 = CARTESIAN_POINT('',(-1.022773515452,-5.891004641736));
#1127 = CARTESIAN_POINT('',(-1.097135040281,-5.911304334215));
#1128 = CARTESIAN_POINT('',(-1.171331633103,-5.928489408658));
#1129 = CARTESIAN_POINT('',(-1.245421885572,-5.942385986122));
#1130 = CARTESIAN_POINT('',(-1.4757199643,-5.97498847383));
#1131 = CARTESIAN_POINT('',(-1.631352359338,-5.981845691089));
#1132 = CARTESIAN_POINT('',(-1.786776493181,-5.97238011877));
#1133 = CARTESIAN_POINT('',(-1.942460334229,-5.946592688117));
#1134 = CARTESIAN_POINT('',(-2.098854396821,-5.905653432456));
#1135 = CARTESIAN_POINT('',(-2.256371960162,-5.851788989561));
#1136 = CARTESIAN_POINT('',(-2.415373709745,-5.787992229299));
#1137 = CARTESIAN_POINT('',(-2.784659281469,-5.62625711321));
#1138 = CARTESIAN_POINT('',(-2.997112401487,-5.52337688467));
#1139 = CARTESIAN_POINT('',(-3.211713350141,-5.417085855066));
#1140 = CARTESIAN_POINT('',(-3.427431523488,-5.316981225213));
#1141 = CARTESIAN_POINT('',(-3.643690273864,-5.230414792436));
#1142 = CARTESIAN_POINT('',(-3.858924736613,-5.160886676579));
#1143 = CARTESIAN_POINT('',(-4.071492668946,-5.110778803575));
#1144 = CARTESIAN_POINT('',(-4.391669106294,-5.059947418756));
#1145 = CARTESIAN_POINT('',(-4.509452099621,-5.046988335798));
#1146 = CARTESIAN_POINT('',(-4.626455314523,-5.039803670595));
#1147 = CARTESIAN_POINT('',(-4.743117355577,-5.038287540629));
#1148 = CARTESIAN_POINT('',(-4.859856017566,-5.042411262478));
#1149 = CARTESIAN_POINT('',(-4.977096524151,-5.05222725111));
#1150 = CARTESIAN_POINT('',(-5.095299840312,-5.067866643588));
#1151 = CARTESIAN_POINT('',(-5.342711001518,-5.11262302411));
#1152 = CARTESIAN_POINT('',(-5.473650857795,-5.142838799225));
#1153 = CARTESIAN_POINT('',(-5.606578731268,-5.180328697209));
#1154 = CARTESIAN_POINT('',(-5.740804748912,-5.224845715781));
#1155 = CARTESIAN_POINT('',(-5.875881299388,-5.275817062132));
#1156 = CARTESIAN_POINT('',(-6.011488733053,-5.332265361946));
#1157 = CARTESIAN_POINT('',(-6.147377543857,-5.392729167969));
#1158 = CARTESIAN_POINT('',(-6.28318530718,-5.455335259948));
#1159 = ( GEOMETRIC_REPRESENTATION_CONTEXT(2) 
PARAMETRIC_REPRESENTATION_CONTEXT() REPRESENTATION_CONTEXT('2D SPACE',''
  ) );
#1160 = ADVANCED_FACE('',(#1161,#1207),#233,.F.);
#1161 = FACE_BOUND('',#1162,.F.);
#1162 = EDGE_LOOP('',(#1163,#1186,#1187,#1188));
#1163 = ORIENTED_EDGE('',*,*,#1164,.F.);
#1164 = EDGE_CURVE('',#305,#1165,#1167,.T.);
#1165 = VERTEX_POINT('',#1166);
#1166 = CARTESIAN_POINT('',(12.5,-2.869560070812,0.875));
#1167 = SURFACE_CURVE('',#1168,(#1172,#1179),.PCURVE_S1.);
#1168 = LINE('',#1169,#1170);
#1169 = CARTESIAN_POINT('',(12.5,-11.275,0.875));
#1170 = VECTOR('',#1171,1.);
#1171 = DIRECTION('',(0.,1.,0.));
#1172 = PCURVE('',#233,#1173);
#1173 = DEFINITIONAL_REPRESENTATION('',(#1174),#1178);
#1174 = LINE('',#1175,#1176);
#1175 = CARTESIAN_POINT('',(0.,0.));
#1176 = VECTOR('',#1177,1.);
#1177 = DIRECTION('',(0.,1.));
#1178 = ( GEOMETRIC_REPRESENTATION_CONTEXT(2) 
PARAMETRIC_REPRESENTATION_CONTEXT() REPRESENTATION_CONTEXT('2D SPACE',''
  ) );
#1179 = PCURVE('',#342,#1180);
#1180 = DEFINITIONAL_REPRESENTATION('',(#1181),#1185);
#1181 = LINE('',#1182,#1183);
#1182 = CARTESIAN_POINT('',(1.75,0.));
#1183 = VECTOR('',#1184,1.);
#1184 = DIRECTION('',(0.,-1.));
#1185 = ( GEOMETRIC_REPRESENTATION_CONTEXT(2) 
PARAMETRIC_REPRESENTATION_CONTEXT() REPRESENTATION_CONTEXT('2D SPACE',''
  ) );
#1186 = ORIENTED_EDGE('',*,*,#304,.F.);
#1187 = ORIENTED_EDGE('',*,*,#220,.T.);
#1188 = ORIENTED_EDGE('',*,*,#1189,.T.);
#1189 = EDGE_CURVE('',#194,#1165,#1190,.T.);
#1190 = SURFACE_CURVE('',#1191,(#1195,#1201),.PCURVE_S1.);
#1191 = LINE('',#1192,#1193);
#1192 = CARTESIAN_POINT('',(16.1,-2.869560070812,0.875));
#1193 = VECTOR('',#1194,1.);
#1194 = DIRECTION('',(-1.,-0.,-0.));
#1195 = PCURVE('',#233,#1196);
#1196 = DEFINITIONAL_REPRESENTATION('',(#1197),#1200);
#1197 = B_SPLINE_CURVE_WITH_KNOTS('',1,(#1198,#1199),.UNSPECIFIED.,.F.,
  .F.,(2,2),(9.99994E-02,3.96),.PIECEWISE_BEZIER_KNOTS.);
#1198 = CARTESIAN_POINT('',(3.5000006,8.405439929188));
#1199 = CARTESIAN_POINT('',(-0.36,8.405439929188));
#1200 = ( GEOMETRIC_REPRESENTATION_CONTEXT(2) 
PARAMETRIC_REPRESENTATION_CONTEXT() REPRESENTATION_CONTEXT('2D SPACE',''
  ) );
#1201 = PCURVE('',#104,#1202);
#1202 = DEFINITIONAL_REPRESENTATION('',(#1203),#1206);
#1203 = B_SPLINE_CURVE_WITH_KNOTS('',1,(#1204,#1205),.UNSPECIFIED.,.F.,
  .F.,(2,2),(0.1,3.6),.PIECEWISE_BEZIER_KNOTS.);
#1204 = CARTESIAN_POINT('',(-2.845623850231,0.1));
#1205 = CARTESIAN_POINT('',(-2.845623850231,3.6));
#1206 = ( GEOMETRIC_REPRESENTATION_CONTEXT(2) 
PARAMETRIC_REPRESENTATION_CONTEXT() REPRESENTATION_CONTEXT('2D SPACE',''
  ) );
#1207 = FACE_BOUND('',#1208,.F.);
#1208 = EDGE_LOOP('',(#1209));
#1209 = ORIENTED_EDGE('',*,*,#1210,.T.);
#1210 = EDGE_CURVE('',#1211,#1211,#1213,.T.);
#1211 = VERTEX_POINT('',#1212);
#1212 = CARTESIAN_POINT('',(15.13,-5.,0.875));
#1213 = SURFACE_CURVE('',#1214,(#1219,#1230),.PCURVE_S1.);
#1214 = CIRCLE('',#1215,0.88);
#1215 = AXIS2_PLACEMENT_3D('',#1216,#1217,#1218);
#1216 = CARTESIAN_POINT('',(14.25,-5.,0.875));
#1217 = DIRECTION('',(0.,0.,-1.));
#1218 = DIRECTION('',(1.,0.,0.));
#1219 = PCURVE('',#233,#1220);
#1220 = DEFINITIONAL_REPRESENTATION('',(#1221),#1229);
#1221 = ( BOUNDED_CURVE() B_SPLINE_CURVE(2,(#1222,#1223,#1224,#1225,
#1226,#1227,#1228),.UNSPECIFIED.,.T.,.F.) B_SPLINE_CURVE_WITH_KNOTS((1,2
    ,2,2,2,1),(-2.094395102393,0.,2.094395102393,4.188790204786,
6.28318530718,8.377580409573),.UNSPECIFIED.) CURVE() 
GEOMETRIC_REPRESENTATION_ITEM() RATIONAL_B_SPLINE_CURVE((1.,0.5,1.,0.5,
1.,0.5,1.)) REPRESENTATION_ITEM('') );
#1222 = CARTESIAN_POINT('',(2.63,6.275));
#1223 = CARTESIAN_POINT('',(2.63,4.750795289339));
#1224 = CARTESIAN_POINT('',(1.31,5.51289764467));
#1225 = CARTESIAN_POINT('',(-1.E-02,6.275));
#1226 = CARTESIAN_POINT('',(1.31,7.03710235533));
#1227 = CARTESIAN_POINT('',(2.63,7.799204710661));
#1228 = CARTESIAN_POINT('',(2.63,6.275));
#1229 = ( GEOMETRIC_REPRESENTATION_CONTEXT(2) 
PARAMETRIC_REPRESENTATION_CONTEXT() REPRESENTATION_CONTEXT('2D SPACE',''
  ) );
#1230 = PCURVE('',#802,#1231);
#1231 = DEFINITIONAL_REPRESENTATION('',(#1232),#1236);
#1232 = LINE('',#1233,#1234);
#1233 = CARTESIAN_POINT('',(-6.28318530718,-15.875));
#1234 = VECTOR('',#1235,1.);
#1235 = DIRECTION('',(1.,-0.));
#1236 = ( GEOMETRIC_REPRESENTATION_CONTEXT(2) 
PARAMETRIC_REPRESENTATION_CONTEXT() REPRESENTATION_CONTEXT('2D SPACE',''
  ) );
#1237 = ADVANCED_FACE('',(#1238),#104,.F.);
#1238 = FACE_BOUND('',#1239,.T.);
#1239 = EDGE_LOOP('',(#1240,#1269,#1290,#1314,#1333,#1334,#1355,#1383,
    #1402,#1403,#1404,#1431));
#1240 = ORIENTED_EDGE('',*,*,#1241,.F.);
#1241 = EDGE_CURVE('',#1242,#1244,#1246,.T.);
#1242 = VERTEX_POINT('',#1243);
#1243 = CARTESIAN_POINT('',(16.,2.869560070812,-0.875));
#1244 = VERTEX_POINT('',#1245);
#1245 = CARTESIAN_POINT('',(16.,-2.869560070812,-0.875));
#1246 = SURFACE_CURVE('',#1247,(#1252,#1258),.PCURVE_S1.);
#1247 = CIRCLE('',#1248,3.);
#1248 = AXIS2_PLACEMENT_3D('',#1249,#1250,#1251);
#1249 = CARTESIAN_POINT('',(16.,0.,0.));
#1250 = DIRECTION('',(-1.,0.,0.));
#1251 = DIRECTION('',(0.,1.,0.));
#1252 = PCURVE('',#104,#1253);
#1253 = DEFINITIONAL_REPRESENTATION('',(#1254),#1257);
#1254 = B_SPLINE_CURVE_WITH_KNOTS('',1,(#1255,#1256),.UNSPECIFIED.,.F.,
  .F.,(2,2),(0.295968803359,2.845623850231),.PIECEWISE_BEZIER_KNOTS.);
#1255 = CARTESIAN_POINT('',(-5.987216503821,0.1));
#1256 = CARTESIAN_POINT('',(-3.437561456949,0.1));
#1257 = ( GEOMETRIC_REPRESENTATION_CONTEXT(2) 
PARAMETRIC_REPRESENTATION_CONTEXT() REPRESENTATION_CONTEXT('2D SPACE',''
  ) );
#1258 = PCURVE('',#401,#1259);
#1259 = DEFINITIONAL_REPRESENTATION('',(#1260),#1268);
#1260 = ( BOUNDED_CURVE() B_SPLINE_CURVE(2,(#1261,#1262,#1263,#1264,
#1265,#1266,#1267),.UNSPECIFIED.,.T.,.F.) B_SPLINE_CURVE_WITH_KNOTS((1,2
    ,2,2,2,1),(-2.094395102393,0.,2.094395102393,4.188790204786,
6.28318530718,8.377580409573),.UNSPECIFIED.) CURVE() 
GEOMETRIC_REPRESENTATION_ITEM() RATIONAL_B_SPLINE_CURVE((1.,0.5,1.,0.5,
1.,0.5,1.)) REPRESENTATION_ITEM('') );
#1261 = CARTESIAN_POINT('',(3.,0.));
#1262 = CARTESIAN_POINT('',(3.,-5.196152422707));
#1263 = CARTESIAN_POINT('',(-1.5,-2.598076211353));
#1264 = CARTESIAN_POINT('',(-6.,-7.347880794884E-16));
#1265 = CARTESIAN_POINT('',(-1.5,2.598076211353));
#1266 = CARTESIAN_POINT('',(3.,5.196152422707));
#1267 = CARTESIAN_POINT('',(3.,0.));
#1268 = ( GEOMETRIC_REPRESENTATION_CONTEXT(2) 
PARAMETRIC_REPRESENTATION_CONTEXT() REPRESENTATION_CONTEXT('2D SPACE',''
  ) );
#1269 = ORIENTED_EDGE('',*,*,#1270,.T.);
#1270 = EDGE_CURVE('',#1242,#1271,#1273,.T.);
#1271 = VERTEX_POINT('',#1272);
#1272 = CARTESIAN_POINT('',(12.5,2.869560070812,-0.875));
#1273 = SURFACE_CURVE('',#1274,(#1278,#1284),.PCURVE_S1.);
#1274 = LINE('',#1275,#1276);
#1275 = CARTESIAN_POINT('',(16.1,2.869560070812,-0.875));
#1276 = VECTOR('',#1277,1.);
#1277 = DIRECTION('',(-1.,-0.,-0.));
#1278 = PCURVE('',#104,#1279);
#1279 = DEFINITIONAL_REPRESENTATION('',(#1280),#1283);
#1280 = B_SPLINE_CURVE_WITH_KNOTS('',1,(#1281,#1282),.UNSPECIFIED.,.F.,
  .F.,(2,2),(0.1,3.6),.PIECEWISE_BEZIER_KNOTS.);
#1281 = CARTESIAN_POINT('',(-5.987216503821,0.1));
#1282 = CARTESIAN_POINT('',(-5.987216503821,3.6));
#1283 = ( GEOMETRIC_REPRESENTATION_CONTEXT(2) 
PARAMETRIC_REPRESENTATION_CONTEXT() REPRESENTATION_CONTEXT('2D SPACE',''
  ) );
#1284 = PCURVE('',#428,#1285);
#1285 = DEFINITIONAL_REPRESENTATION('',(#1286),#1289);
#1286 = B_SPLINE_CURVE_WITH_KNOTS('',1,(#1287,#1288),.UNSPECIFIED.,.F.,
  .F.,(2,2),(9.99994E-02,3.96),.PIECEWISE_BEZIER_KNOTS.);
#1287 = CARTESIAN_POINT('',(3.5000006,14.144560070812));
#1288 = CARTESIAN_POINT('',(-0.36,14.144560070812));
#1289 = ( GEOMETRIC_REPRESENTATION_CONTEXT(2) 
PARAMETRIC_REPRESENTATION_CONTEXT() REPRESENTATION_CONTEXT('2D SPACE',''
  ) );
#1290 = ORIENTED_EDGE('',*,*,#1291,.T.);
#1291 = EDGE_CURVE('',#1271,#1292,#1294,.T.);
#1292 = VERTEX_POINT('',#1293);
#1293 = CARTESIAN_POINT('',(12.5,2.869560070812,0.875));
#1294 = SURFACE_CURVE('',#1295,(#1300,#1307),.PCURVE_S1.);
#1295 = CIRCLE('',#1296,3.);
#1296 = AXIS2_PLACEMENT_3D('',#1297,#1298,#1299);
#1297 = CARTESIAN_POINT('',(12.5,0.,0.));
#1298 = DIRECTION('',(1.,-0.,0.));
#1299 = DIRECTION('',(0.,0.956520023604,-0.291666666667));
#1300 = PCURVE('',#104,#1301);
#1301 = DEFINITIONAL_REPRESENTATION('',(#1302),#1306);
#1302 = LINE('',#1303,#1304);
#1303 = CARTESIAN_POINT('',(-5.987216503821,3.6));
#1304 = VECTOR('',#1305,1.);
#1305 = DIRECTION('',(-1.,-0.));
#1306 = ( GEOMETRIC_REPRESENTATION_CONTEXT(2) 
PARAMETRIC_REPRESENTATION_CONTEXT() REPRESENTATION_CONTEXT('2D SPACE',''
  ) );
#1307 = PCURVE('',#456,#1308);
#1308 = DEFINITIONAL_REPRESENTATION('',(#1309),#1313);
#1309 = CIRCLE('',#1310,3.);
#1310 = AXIS2_PLACEMENT_2D('',#1311,#1312);
#1311 = CARTESIAN_POINT('',(0.875,-11.275));
#1312 = DIRECTION('',(-0.291666666667,-0.956520023604));
#1313 = ( GEOMETRIC_REPRESENTATION_CONTEXT(2) 
PARAMETRIC_REPRESENTATION_CONTEXT() REPRESENTATION_CONTEXT('2D SPACE',''
  ) );
#1314 = ORIENTED_EDGE('',*,*,#1315,.F.);
#1315 = EDGE_CURVE('',#58,#1292,#1316,.T.);
#1316 = SURFACE_CURVE('',#1317,(#1321,#1327),.PCURVE_S1.);
#1317 = LINE('',#1318,#1319);
#1318 = CARTESIAN_POINT('',(16.1,2.869560070812,0.875));
#1319 = VECTOR('',#1320,1.);
#1320 = DIRECTION('',(-1.,-0.,-0.));
#1321 = PCURVE('',#104,#1322);
#1322 = DEFINITIONAL_REPRESENTATION('',(#1323),#1326);
#1323 = B_SPLINE_CURVE_WITH_KNOTS('',1,(#1324,#1325),.UNSPECIFIED.,.F.,
  .F.,(2,2),(0.1,3.6),.PIECEWISE_BEZIER_KNOTS.);
#1324 = CARTESIAN_POINT('',(-6.579154110539,0.1));
#1325 = CARTESIAN_POINT('',(-6.579154110539,3.6));
#1326 = ( GEOMETRIC_REPRESENTATION_CONTEXT(2) 
PARAMETRIC_REPRESENTATION_CONTEXT() REPRESENTATION_CONTEXT('2D SPACE',''
  ) );
#1327 = PCURVE('',#72,#1328);
#1328 = DEFINITIONAL_REPRESENTATION('',(#1329),#1332);
#1329 = B_SPLINE_CURVE_WITH_KNOTS('',1,(#1330,#1331),.UNSPECIFIED.,.F.,
  .F.,(2,2),(9.99994E-02,3.96),.PIECEWISE_BEZIER_KNOTS.);
#1330 = CARTESIAN_POINT('',(3.5000006,14.144560070812));
#1331 = CARTESIAN_POINT('',(-0.36,14.144560070812));
#1332 = ( GEOMETRIC_REPRESENTATION_CONTEXT(2) 
PARAMETRIC_REPRESENTATION_CONTEXT() REPRESENTATION_CONTEXT('2D SPACE',''
  ) );
#1333 = ORIENTED_EDGE('',*,*,#83,.F.);
#1334 = ORIENTED_EDGE('',*,*,#1335,.T.);
#1335 = EDGE_CURVE('',#84,#1336,#1338,.T.);
#1336 = VERTEX_POINT('',#1337);
#1337 = CARTESIAN_POINT('',(10.2,2.825,1.009641025315));
#1338 = SURFACE_CURVE('',#1339,(#1343,#1349),.PCURVE_S1.);
#1339 = LINE('',#1340,#1341);
#1340 = CARTESIAN_POINT('',(16.1,2.825,1.009641025315));
#1341 = VECTOR('',#1342,1.);
#1342 = DIRECTION('',(-1.,-0.,-0.));
#1343 = PCURVE('',#104,#1344);
#1344 = DEFINITIONAL_REPRESENTATION('',(#1345),#1348);
#1345 = B_SPLINE_CURVE_WITH_KNOTS('',1,(#1346,#1347),.UNSPECIFIED.,.F.,
  .F.,(2,2),(0.1,5.9),.PIECEWISE_BEZIER_KNOTS.);
#1346 = CARTESIAN_POINT('',(-6.626432896831,0.1));
#1347 = CARTESIAN_POINT('',(-6.626432896831,5.9));
#1348 = ( GEOMETRIC_REPRESENTATION_CONTEXT(2) 
PARAMETRIC_REPRESENTATION_CONTEXT() REPRESENTATION_CONTEXT('2D SPACE',''
  ) );
#1349 = PCURVE('',#130,#1350);
#1350 = DEFINITIONAL_REPRESENTATION('',(#1351),#1354);
#1351 = B_SPLINE_CURVE_WITH_KNOTS('',1,(#1352,#1353),.UNSPECIFIED.,.F.,
  .F.,(2,2),(9.99994E-02,5.9000006),.PIECEWISE_BEZIER_KNOTS.);
#1352 = CARTESIAN_POINT('',(0.159641025315,5.9000006));
#1353 = CARTESIAN_POINT('',(0.159641025315,9.99994E-02));
#1354 = ( GEOMETRIC_REPRESENTATION_CONTEXT(2) 
PARAMETRIC_REPRESENTATION_CONTEXT() REPRESENTATION_CONTEXT('2D SPACE',''
  ) );
#1355 = ORIENTED_EDGE('',*,*,#1356,.T.);
#1356 = EDGE_CURVE('',#1336,#1357,#1359,.T.);
#1357 = VERTEX_POINT('',#1358);
#1358 = CARTESIAN_POINT('',(10.2,-2.825,1.009641025315));
#1359 = SURFACE_CURVE('',#1360,(#1365,#1372),.PCURVE_S1.);
#1360 = CIRCLE('',#1361,3.);
#1361 = AXIS2_PLACEMENT_3D('',#1362,#1363,#1364);
#1362 = CARTESIAN_POINT('',(10.2,0.,0.));
#1363 = DIRECTION('',(-1.,0.,0.));
#1364 = DIRECTION('',(0.,0.941666666667,0.336547008438));
#1365 = PCURVE('',#104,#1366);
#1366 = DEFINITIONAL_REPRESENTATION('',(#1367),#1371);
#1367 = LINE('',#1368,#1369);
#1368 = CARTESIAN_POINT('',(-6.626432896831,5.9));
#1369 = VECTOR('',#1370,1.);
#1370 = DIRECTION('',(1.,-0.));
#1371 = ( GEOMETRIC_REPRESENTATION_CONTEXT(2) 
PARAMETRIC_REPRESENTATION_CONTEXT() REPRESENTATION_CONTEXT('2D SPACE',''
  ) );
#1372 = PCURVE('',#510,#1373);
#1373 = DEFINITIONAL_REPRESENTATION('',(#1374),#1382);
#1374 = ( BOUNDED_CURVE() B_SPLINE_CURVE(2,(#1375,#1376,#1377,#1378,
#1379,#1380,#1381),.UNSPECIFIED.,.T.,.F.) B_SPLINE_CURVE_WITH_KNOTS((1,2
    ,2,2,2,1),(-2.094395102393,0.,2.094395102393,4.188790204786,
6.28318530718,8.377580409573),.UNSPECIFIED.) CURVE() 
GEOMETRIC_REPRESENTATION_ITEM() RATIONAL_B_SPLINE_CURVE((1.,0.5,1.,0.5,
1.,0.5,1.)) REPRESENTATION_ITEM('') );
#1375 = CARTESIAN_POINT('',(2.825,1.009641025315));
#1376 = CARTESIAN_POINT('',(4.573749553252,-3.883402506067));
#1377 = CARTESIAN_POINT('',(-0.538125223374,-2.951342278349));
#1378 = CARTESIAN_POINT('',(-5.65,-2.019282050631));
#1379 = CARTESIAN_POINT('',(-2.286874776626,1.941701253033));
#1380 = CARTESIAN_POINT('',(1.076250446748,5.902684556698));
#1381 = CARTESIAN_POINT('',(2.825,1.009641025315));
#1382 = ( GEOMETRIC_REPRESENTATION_CONTEXT(2) 
PARAMETRIC_REPRESENTATION_CONTEXT() REPRESENTATION_CONTEXT('2D SPACE',''
  ) );
#1383 = ORIENTED_EDGE('',*,*,#1384,.F.);
#1384 = EDGE_CURVE('',#168,#1357,#1385,.T.);
#1385 = SURFACE_CURVE('',#1386,(#1390,#1396),.PCURVE_S1.);
#1386 = LINE('',#1387,#1388);
#1387 = CARTESIAN_POINT('',(16.1,-2.825,1.009641025315));
#1388 = VECTOR('',#1389,1.);
#1389 = DIRECTION('',(-1.,-0.,-0.));
#1390 = PCURVE('',#104,#1391);
#1391 = DEFINITIONAL_REPRESENTATION('',(#1392),#1395);
#1392 = B_SPLINE_CURVE_WITH_KNOTS('',1,(#1393,#1394),.UNSPECIFIED.,.F.,
  .F.,(2,2),(0.1,5.9),.PIECEWISE_BEZIER_KNOTS.);
#1393 = CARTESIAN_POINT('',(-2.798345063939,0.1));
#1394 = CARTESIAN_POINT('',(-2.798345063939,5.9));
#1395 = ( GEOMETRIC_REPRESENTATION_CONTEXT(2) 
PARAMETRIC_REPRESENTATION_CONTEXT() REPRESENTATION_CONTEXT('2D SPACE',''
  ) );
#1396 = PCURVE('',#182,#1397);
#1397 = DEFINITIONAL_REPRESENTATION('',(#1398),#1401);
#1398 = B_SPLINE_CURVE_WITH_KNOTS('',1,(#1399,#1400),.UNSPECIFIED.,.F.,
  .F.,(2,2),(9.99994E-02,5.9000006),.PIECEWISE_BEZIER_KNOTS.);
#1399 = CARTESIAN_POINT('',(0.159641025315,5.9000006));
#1400 = CARTESIAN_POINT('',(0.159641025315,9.99994E-02));
#1401 = ( GEOMETRIC_REPRESENTATION_CONTEXT(2) 
PARAMETRIC_REPRESENTATION_CONTEXT() REPRESENTATION_CONTEXT('2D SPACE',''
  ) );
#1402 = ORIENTED_EDGE('',*,*,#193,.F.);
#1403 = ORIENTED_EDGE('',*,*,#1189,.T.);
#1404 = ORIENTED_EDGE('',*,*,#1405,.F.);
#1405 = EDGE_CURVE('',#1406,#1165,#1408,.T.);
#1406 = VERTEX_POINT('',#1407);
#1407 = CARTESIAN_POINT('',(12.5,-2.869560070812,-0.875));
#1408 = SURFACE_CURVE('',#1409,(#1414,#1420),.PCURVE_S1.);
#1409 = CIRCLE('',#1410,3.);
#1410 = AXIS2_PLACEMENT_3D('',#1411,#1412,#1413);
#1411 = CARTESIAN_POINT('',(12.5,0.,0.));
#1412 = DIRECTION('',(-1.,0.,0.));
#1413 = DIRECTION('',(0.,1.,0.));
#1414 = PCURVE('',#104,#1415);
#1415 = DEFINITIONAL_REPRESENTATION('',(#1416),#1419);
#1416 = B_SPLINE_CURVE_WITH_KNOTS('',1,(#1417,#1418),.UNSPECIFIED.,.F.,
  .F.,(2,2),(2.845623850231,3.437561456949),.PIECEWISE_BEZIER_KNOTS.);
#1417 = CARTESIAN_POINT('',(-3.437561456949,3.6));
#1418 = CARTESIAN_POINT('',(-2.845623850231,3.6));
#1419 = ( GEOMETRIC_REPRESENTATION_CONTEXT(2) 
PARAMETRIC_REPRESENTATION_CONTEXT() REPRESENTATION_CONTEXT('2D SPACE',''
  ) );
#1420 = PCURVE('',#342,#1421);
#1421 = DEFINITIONAL_REPRESENTATION('',(#1422),#1430);
#1422 = ( BOUNDED_CURVE() B_SPLINE_CURVE(2,(#1423,#1424,#1425,#1426,
#1427,#1428,#1429),.UNSPECIFIED.,.T.,.F.) B_SPLINE_CURVE_WITH_KNOTS((1,2
    ,2,2,2,1),(-2.094395102393,0.,2.094395102393,4.188790204786,
6.28318530718,8.377580409573),.UNSPECIFIED.) CURVE() 
GEOMETRIC_REPRESENTATION_ITEM() RATIONAL_B_SPLINE_CURVE((1.,0.5,1.,0.5,
1.,0.5,1.)) REPRESENTATION_ITEM('') );
#1423 = CARTESIAN_POINT('',(0.875,-14.275));
#1424 = CARTESIAN_POINT('',(-4.321152422707,-14.275));
#1425 = CARTESIAN_POINT('',(-1.723076211353,-9.775));
#1426 = CARTESIAN_POINT('',(0.875,-5.275));
#1427 = CARTESIAN_POINT('',(3.473076211353,-9.775));
#1428 = CARTESIAN_POINT('',(6.071152422707,-14.275));
#1429 = CARTESIAN_POINT('',(0.875,-14.275));
#1430 = ( GEOMETRIC_REPRESENTATION_CONTEXT(2) 
PARAMETRIC_REPRESENTATION_CONTEXT() REPRESENTATION_CONTEXT('2D SPACE',''
  ) );
#1431 = ORIENTED_EDGE('',*,*,#1432,.F.);
#1432 = EDGE_CURVE('',#1244,#1406,#1433,.T.);
#1433 = SURFACE_CURVE('',#1434,(#1438,#1444),.PCURVE_S1.);
#1434 = LINE('',#1435,#1436);
#1435 = CARTESIAN_POINT('',(16.1,-2.869560070812,-0.875));
#1436 = VECTOR('',#1437,1.);
#1437 = DIRECTION('',(-1.,-0.,-0.));
#1438 = PCURVE('',#104,#1439);
#1439 = DEFINITIONAL_REPRESENTATION('',(#1440),#1443);
#1440 = B_SPLINE_CURVE_WITH_KNOTS('',1,(#1441,#1442),.UNSPECIFIED.,.F.,
  .F.,(2,2),(0.1,3.6),.PIECEWISE_BEZIER_KNOTS.);
#1441 = CARTESIAN_POINT('',(-3.437561456949,0.1));
#1442 = CARTESIAN_POINT('',(-3.437561456949,3.6));
#1443 = ( GEOMETRIC_REPRESENTATION_CONTEXT(2) 
PARAMETRIC_REPRESENTATION_CONTEXT() REPRESENTATION_CONTEXT('2D SPACE',''
  ) );
#1444 = PCURVE('',#373,#1445);
#1445 = DEFINITIONAL_REPRESENTATION('',(#1446),#1449);
#1446 = B_SPLINE_CURVE_WITH_KNOTS('',1,(#1447,#1448),.UNSPECIFIED.,.F.,
  .F.,(2,2),(9.99994E-02,3.96),.PIECEWISE_BEZIER_KNOTS.);
#1447 = CARTESIAN_POINT('',(3.5000006,8.405439929188));
#1448 = CARTESIAN_POINT('',(-0.36,8.405439929188));
#1449 = ( GEOMETRIC_REPRESENTATION_CONTEXT(2) 
PARAMETRIC_REPRESENTATION_CONTEXT() REPRESENTATION_CONTEXT('2D SPACE',''
  ) );
#1450 = ADVANCED_FACE('',(#1451),#182,.T.);
#1451 = FACE_BOUND('',#1452,.T.);
#1452 = EDGE_LOOP('',(#1453,#1476,#1477,#1478));
#1453 = ORIENTED_EDGE('',*,*,#1454,.T.);
#1454 = EDGE_CURVE('',#1455,#142,#1457,.T.);
#1455 = VERTEX_POINT('',#1456);
#1456 = CARTESIAN_POINT('',(10.2,-2.825,4.1));
#1457 = SURFACE_CURVE('',#1458,(#1462,#1469),.PCURVE_S1.);
#1458 = LINE('',#1459,#1460);
#1459 = CARTESIAN_POINT('',(10.1,-2.825,4.1));
#1460 = VECTOR('',#1461,1.);
#1461 = DIRECTION('',(1.,0.,0.));
#1462 = PCURVE('',#182,#1463);
#1463 = DEFINITIONAL_REPRESENTATION('',(#1464),#1468);
#1464 = LINE('',#1465,#1466);
#1465 = CARTESIAN_POINT('',(3.25,0.));
#1466 = VECTOR('',#1467,1.);
#1467 = DIRECTION('',(0.,1.));
#1468 = ( GEOMETRIC_REPRESENTATION_CONTEXT(2) 
PARAMETRIC_REPRESENTATION_CONTEXT() REPRESENTATION_CONTEXT('2D SPACE',''
  ) );
#1469 = PCURVE('',#156,#1470);
#1470 = DEFINITIONAL_REPRESENTATION('',(#1471),#1475);
#1471 = LINE('',#1472,#1473);
#1472 = CARTESIAN_POINT('',(0.,0.));
#1473 = VECTOR('',#1474,1.);
#1474 = DIRECTION('',(1.,0.));
#1475 = ( GEOMETRIC_REPRESENTATION_CONTEXT(2) 
PARAMETRIC_REPRESENTATION_CONTEXT() REPRESENTATION_CONTEXT('2D SPACE',''
  ) );
#1476 = ORIENTED_EDGE('',*,*,#167,.T.);
#1477 = ORIENTED_EDGE('',*,*,#1384,.T.);
#1478 = ORIENTED_EDGE('',*,*,#1479,.T.);
#1479 = EDGE_CURVE('',#1357,#1455,#1480,.T.);
#1480 = SURFACE_CURVE('',#1481,(#1485,#1491),.PCURVE_S1.);
#1481 = LINE('',#1482,#1483);
#1482 = CARTESIAN_POINT('',(10.2,-2.825,0.425));
#1483 = VECTOR('',#1484,1.);
#1484 = DIRECTION('',(0.,0.,1.));
#1485 = PCURVE('',#182,#1486);
#1486 = DEFINITIONAL_REPRESENTATION('',(#1487),#1490);
#1487 = B_SPLINE_CURVE_WITH_KNOTS('',1,(#1488,#1489),.UNSPECIFIED.,.F.,
  .F.,(2,2),(0.425,3.675),.PIECEWISE_BEZIER_KNOTS.);
#1488 = CARTESIAN_POINT('',(0.,1.E-01));
#1489 = CARTESIAN_POINT('',(3.25,1.E-01));
#1490 = ( GEOMETRIC_REPRESENTATION_CONTEXT(2) 
PARAMETRIC_REPRESENTATION_CONTEXT() REPRESENTATION_CONTEXT('2D SPACE',''
  ) );
#1491 = PCURVE('',#510,#1492);
#1492 = DEFINITIONAL_REPRESENTATION('',(#1493),#1496);
#1493 = B_SPLINE_CURVE_WITH_KNOTS('',1,(#1494,#1495),.UNSPECIFIED.,.F.,
  .F.,(2,2),(0.425,3.675),.PIECEWISE_BEZIER_KNOTS.);
#1494 = CARTESIAN_POINT('',(-2.825,0.85));
#1495 = CARTESIAN_POINT('',(-2.825,4.1));
#1496 = ( GEOMETRIC_REPRESENTATION_CONTEXT(2) 
PARAMETRIC_REPRESENTATION_CONTEXT() REPRESENTATION_CONTEXT('2D SPACE',''
  ) );
#1497 = ADVANCED_FACE('',(#1498),#156,.F.);
#1498 = FACE_BOUND('',#1499,.F.);
#1499 = EDGE_LOOP('',(#1500,#1523,#1542,#1543));
#1500 = ORIENTED_EDGE('',*,*,#1501,.F.);
#1501 = EDGE_CURVE('',#1502,#116,#1504,.T.);
#1502 = VERTEX_POINT('',#1503);
#1503 = CARTESIAN_POINT('',(10.2,2.825,4.1));
#1504 = SURFACE_CURVE('',#1505,(#1509,#1516),.PCURVE_S1.);
#1505 = LINE('',#1506,#1507);
#1506 = CARTESIAN_POINT('',(10.1,2.825,4.1));
#1507 = VECTOR('',#1508,1.);
#1508 = DIRECTION('',(1.,0.,0.));
#1509 = PCURVE('',#156,#1510);
#1510 = DEFINITIONAL_REPRESENTATION('',(#1511),#1515);
#1511 = LINE('',#1512,#1513);
#1512 = CARTESIAN_POINT('',(0.,5.65));
#1513 = VECTOR('',#1514,1.);
#1514 = DIRECTION('',(1.,0.));
#1515 = ( GEOMETRIC_REPRESENTATION_CONTEXT(2) 
PARAMETRIC_REPRESENTATION_CONTEXT() REPRESENTATION_CONTEXT('2D SPACE',''
  ) );
#1516 = PCURVE('',#130,#1517);
#1517 = DEFINITIONAL_REPRESENTATION('',(#1518),#1522);
#1518 = LINE('',#1519,#1520);
#1519 = CARTESIAN_POINT('',(3.25,0.));
#1520 = VECTOR('',#1521,1.);
#1521 = DIRECTION('',(0.,1.));
#1522 = ( GEOMETRIC_REPRESENTATION_CONTEXT(2) 
PARAMETRIC_REPRESENTATION_CONTEXT() REPRESENTATION_CONTEXT('2D SPACE',''
  ) );
#1523 = ORIENTED_EDGE('',*,*,#1524,.T.);
#1524 = EDGE_CURVE('',#1502,#1455,#1525,.T.);
#1525 = SURFACE_CURVE('',#1526,(#1530,#1536),.PCURVE_S1.);
#1526 = LINE('',#1527,#1528);
#1527 = CARTESIAN_POINT('',(10.2,-1.4125,4.1));
#1528 = VECTOR('',#1529,1.);
#1529 = DIRECTION('',(0.,-1.,0.));
#1530 = PCURVE('',#156,#1531);
#1531 = DEFINITIONAL_REPRESENTATION('',(#1532),#1535);
#1532 = B_SPLINE_CURVE_WITH_KNOTS('',1,(#1533,#1534),.UNSPECIFIED.,.F.,
  .F.,(2,2),(-4.2375,1.4125),.PIECEWISE_BEZIER_KNOTS.);
#1533 = CARTESIAN_POINT('',(1.E-01,5.65));
#1534 = CARTESIAN_POINT('',(1.E-01,0.));
#1535 = ( GEOMETRIC_REPRESENTATION_CONTEXT(2) 
PARAMETRIC_REPRESENTATION_CONTEXT() REPRESENTATION_CONTEXT('2D SPACE',''
  ) );
#1536 = PCURVE('',#510,#1537);
#1537 = DEFINITIONAL_REPRESENTATION('',(#1538),#1541);
#1538 = B_SPLINE_CURVE_WITH_KNOTS('',1,(#1539,#1540),.UNSPECIFIED.,.F.,
  .F.,(2,2),(-4.2375,1.4125),.PIECEWISE_BEZIER_KNOTS.);
#1539 = CARTESIAN_POINT('',(2.825,4.1));
#1540 = CARTESIAN_POINT('',(-2.825,4.1));
#1541 = ( GEOMETRIC_REPRESENTATION_CONTEXT(2) 
PARAMETRIC_REPRESENTATION_CONTEXT() REPRESENTATION_CONTEXT('2D SPACE',''
  ) );
#1542 = ORIENTED_EDGE('',*,*,#1454,.T.);
#1543 = ORIENTED_EDGE('',*,*,#141,.T.);
#1544 = ADVANCED_FACE('',(#1545),#130,.F.);
#1545 = FACE_BOUND('',#1546,.F.);
#1546 = EDGE_LOOP('',(#1547,#1548,#1549,#1550));
#1547 = ORIENTED_EDGE('',*,*,#1501,.T.);
#1548 = ORIENTED_EDGE('',*,*,#115,.T.);
#1549 = ORIENTED_EDGE('',*,*,#1335,.T.);
#1550 = ORIENTED_EDGE('',*,*,#1551,.T.);
#1551 = EDGE_CURVE('',#1336,#1502,#1552,.T.);
#1552 = SURFACE_CURVE('',#1553,(#1557,#1563),.PCURVE_S1.);
#1553 = LINE('',#1554,#1555);
#1554 = CARTESIAN_POINT('',(10.2,2.825,0.425));
#1555 = VECTOR('',#1556,1.);
#1556 = DIRECTION('',(0.,0.,1.));
#1557 = PCURVE('',#130,#1558);
#1558 = DEFINITIONAL_REPRESENTATION('',(#1559),#1562);
#1559 = B_SPLINE_CURVE_WITH_KNOTS('',1,(#1560,#1561),.UNSPECIFIED.,.F.,
  .F.,(2,2),(0.425,3.675),.PIECEWISE_BEZIER_KNOTS.);
#1560 = CARTESIAN_POINT('',(0.,1.E-01));
#1561 = CARTESIAN_POINT('',(3.25,1.E-01));
#1562 = ( GEOMETRIC_REPRESENTATION_CONTEXT(2) 
PARAMETRIC_REPRESENTATION_CONTEXT() REPRESENTATION_CONTEXT('2D SPACE',''
  ) );
#1563 = PCURVE('',#510,#1564);
#1564 = DEFINITIONAL_REPRESENTATION('',(#1565),#1568);
#1565 = B_SPLINE_CURVE_WITH_KNOTS('',1,(#1566,#1567),.UNSPECIFIED.,.F.,
  .F.,(2,2),(0.425,3.675),.PIECEWISE_BEZIER_KNOTS.);
#1566 = CARTESIAN_POINT('',(2.825,0.85));
#1567 = CARTESIAN_POINT('',(2.825,4.1));
#1568 = ( GEOMETRIC_REPRESENTATION_CONTEXT(2) 
PARAMETRIC_REPRESENTATION_CONTEXT() REPRESENTATION_CONTEXT('2D SPACE',''
  ) );
#1569 = ADVANCED_FACE('',(#1570,#1596),#72,.F.);
#1570 = FACE_BOUND('',#1571,.F.);
#1571 = EDGE_LOOP('',(#1572,#1593,#1594,#1595));
#1572 = ORIENTED_EDGE('',*,*,#1573,.F.);
#1573 = EDGE_CURVE('',#1292,#283,#1574,.T.);
#1574 = SURFACE_CURVE('',#1575,(#1579,#1586),.PCURVE_S1.);
#1575 = LINE('',#1576,#1577);
#1576 = CARTESIAN_POINT('',(12.5,-11.275,0.875));
#1577 = VECTOR('',#1578,1.);
#1578 = DIRECTION('',(0.,1.,0.));
#1579 = PCURVE('',#72,#1580);
#1580 = DEFINITIONAL_REPRESENTATION('',(#1581),#1585);
#1581 = LINE('',#1582,#1583);
#1582 = CARTESIAN_POINT('',(0.,0.));
#1583 = VECTOR('',#1584,1.);
#1584 = DIRECTION('',(0.,1.));
#1585 = ( GEOMETRIC_REPRESENTATION_CONTEXT(2) 
PARAMETRIC_REPRESENTATION_CONTEXT() REPRESENTATION_CONTEXT('2D SPACE',''
  ) );
#1586 = PCURVE('',#456,#1587);
#1587 = DEFINITIONAL_REPRESENTATION('',(#1588),#1592);
#1588 = LINE('',#1589,#1590);
#1589 = CARTESIAN_POINT('',(1.75,0.));
#1590 = VECTOR('',#1591,1.);
#1591 = DIRECTION('',(0.,-1.));
#1592 = ( GEOMETRIC_REPRESENTATION_CONTEXT(2) 
PARAMETRIC_REPRESENTATION_CONTEXT() REPRESENTATION_CONTEXT('2D SPACE',''
  ) );
#1593 = ORIENTED_EDGE('',*,*,#1315,.F.);
#1594 = ORIENTED_EDGE('',*,*,#57,.T.);
#1595 = ORIENTED_EDGE('',*,*,#282,.T.);
#1596 = FACE_BOUND('',#1597,.F.);
#1597 = EDGE_LOOP('',(#1598));
#1598 = ORIENTED_EDGE('',*,*,#1599,.T.);
#1599 = EDGE_CURVE('',#1600,#1600,#1602,.T.);
#1600 = VERTEX_POINT('',#1601);
#1601 = CARTESIAN_POINT('',(15.13,5.,0.875));
#1602 = SURFACE_CURVE('',#1603,(#1608,#1619),.PCURVE_S1.);
#1603 = CIRCLE('',#1604,0.88);
#1604 = AXIS2_PLACEMENT_3D('',#1605,#1606,#1607);
#1605 = CARTESIAN_POINT('',(14.25,5.,0.875));
#1606 = DIRECTION('',(0.,0.,-1.));
#1607 = DIRECTION('',(1.,0.,0.));
#1608 = PCURVE('',#72,#1609);
#1609 = DEFINITIONAL_REPRESENTATION('',(#1610),#1618);
#1610 = ( BOUNDED_CURVE() B_SPLINE_CURVE(2,(#1611,#1612,#1613,#1614,
#1615,#1616,#1617),.UNSPECIFIED.,.T.,.F.) B_SPLINE_CURVE_WITH_KNOTS((1,2
    ,2,2,2,1),(-2.094395102393,0.,2.094395102393,4.188790204786,
6.28318530718,8.377580409573),.UNSPECIFIED.) CURVE() 
GEOMETRIC_REPRESENTATION_ITEM() RATIONAL_B_SPLINE_CURVE((1.,0.5,1.,0.5,
1.,0.5,1.)) REPRESENTATION_ITEM('') );
#1611 = CARTESIAN_POINT('',(2.63,16.275));
#1612 = CARTESIAN_POINT('',(2.63,14.750795289339));
#1613 = CARTESIAN_POINT('',(1.31,15.51289764467));
#1614 = CARTESIAN_POINT('',(-1.E-02,16.275));
#1615 = CARTESIAN_POINT('',(1.31,17.03710235533));
#1616 = CARTESIAN_POINT('',(2.63,17.799204710661));
#1617 = CARTESIAN_POINT('',(2.63,16.275));
#1618 = ( GEOMETRIC_REPRESENTATION_CONTEXT(2) 
PARAMETRIC_REPRESENTATION_CONTEXT() REPRESENTATION_CONTEXT('2D SPACE',''
  ) );
#1619 = PCURVE('',#649,#1620);
#1620 = DEFINITIONAL_REPRESENTATION('',(#1621),#1625);
#1621 = LINE('',#1622,#1623);
#1622 = CARTESIAN_POINT('',(-6.28318530718,-15.875));
#1623 = VECTOR('',#1624,1.);
#1624 = DIRECTION('',(1.,-0.));
#1625 = ( GEOMETRIC_REPRESENTATION_CONTEXT(2) 
PARAMETRIC_REPRESENTATION_CONTEXT() REPRESENTATION_CONTEXT('2D SPACE',''
  ) );
#1626 = ADVANCED_FACE('',(#1627),#267,.F.);
#1627 = FACE_BOUND('',#1628,.T.);
#1628 = EDGE_LOOP('',(#1629,#1658,#1679,#1680));
#1629 = ORIENTED_EDGE('',*,*,#1630,.F.);
#1630 = EDGE_CURVE('',#1631,#1631,#1633,.T.);
#1631 = VERTEX_POINT('',#1632);
#1632 = CARTESIAN_POINT('',(13.8,2.6,8.));
#1633 = SURFACE_CURVE('',#1634,(#1639,#1646),.PCURVE_S1.);
#1634 = CIRCLE('',#1635,2.6);
#1635 = AXIS2_PLACEMENT_3D('',#1636,#1637,#1638);
#1636 = CARTESIAN_POINT('',(13.8,0.,8.));
#1637 = DIRECTION('',(1.,0.,0.));
#1638 = DIRECTION('',(0.,1.,0.));
#1639 = PCURVE('',#267,#1640);
#1640 = DEFINITIONAL_REPRESENTATION('',(#1641),#1645);
#1641 = LINE('',#1642,#1643);
#1642 = CARTESIAN_POINT('',(-0.,0.));
#1643 = VECTOR('',#1644,1.);
#1644 = DIRECTION('',(-1.,0.));
#1645 = ( GEOMETRIC_REPRESENTATION_CONTEXT(2) 
PARAMETRIC_REPRESENTATION_CONTEXT() REPRESENTATION_CONTEXT('2D SPACE',''
  ) );
#1646 = PCURVE('',#1647,#1652);
#1647 = PLANE('',#1648);
#1648 = AXIS2_PLACEMENT_3D('',#1649,#1650,#1651);
#1649 = CARTESIAN_POINT('',(13.8,-1.314846281288E-16,8.));
#1650 = DIRECTION('',(1.,0.,0.));
#1651 = DIRECTION('',(-0.,0.,1.));
#1652 = DEFINITIONAL_REPRESENTATION('',(#1653),#1657);
#1653 = CIRCLE('',#1654,2.6);
#1654 = AXIS2_PLACEMENT_2D('',#1655,#1656);
#1655 = CARTESIAN_POINT('',(0.,-1.314846281288E-16));
#1656 = DIRECTION('',(0.,-1.));
#1657 = ( GEOMETRIC_REPRESENTATION_CONTEXT(2) 
PARAMETRIC_REPRESENTATION_CONTEXT() REPRESENTATION_CONTEXT('2D SPACE',''
  ) );
#1658 = ORIENTED_EDGE('',*,*,#1659,.T.);
#1659 = EDGE_CURVE('',#1631,#247,#1660,.T.);
#1660 = SEAM_CURVE('',#1661,(#1665,#1672),.PCURVE_S1.);
#1661 = LINE('',#1662,#1663);
#1662 = CARTESIAN_POINT('',(13.8,2.6,8.));
#1663 = VECTOR('',#1664,1.);
#1664 = DIRECTION('',(1.,0.,0.));
#1665 = PCURVE('',#267,#1666);
#1666 = DEFINITIONAL_REPRESENTATION('',(#1667),#1671);
#1667 = LINE('',#1668,#1669);
#1668 = CARTESIAN_POINT('',(-6.28318530718,0.));
#1669 = VECTOR('',#1670,1.);
#1670 = DIRECTION('',(-0.,-1.));
#1671 = ( GEOMETRIC_REPRESENTATION_CONTEXT(2) 
PARAMETRIC_REPRESENTATION_CONTEXT() REPRESENTATION_CONTEXT('2D SPACE',''
  ) );
#1672 = PCURVE('',#267,#1673);
#1673 = DEFINITIONAL_REPRESENTATION('',(#1674),#1678);
#1674 = LINE('',#1675,#1676);
#1675 = CARTESIAN_POINT('',(-0.,0.));
#1676 = VECTOR('',#1677,1.);
#1677 = DIRECTION('',(-0.,-1.));
#1678 = ( GEOMETRIC_REPRESENTATION_CONTEXT(2) 
PARAMETRIC_REPRESENTATION_CONTEXT() REPRESENTATION_CONTEXT('2D SPACE',''
  ) );
#1679 = ORIENTED_EDGE('',*,*,#246,.F.);
#1680 = ORIENTED_EDGE('',*,*,#1659,.F.);
#1681 = ADVANCED_FACE('',(#1682),#456,.T.);
#1682 = FACE_BOUND('',#1683,.T.);
#1683 = EDGE_LOOP('',(#1684,#1685,#1686,#1707,#1708));
#1684 = ORIENTED_EDGE('',*,*,#1573,.F.);
#1685 = ORIENTED_EDGE('',*,*,#1291,.F.);
#1686 = ORIENTED_EDGE('',*,*,#1687,.T.);
#1687 = EDGE_CURVE('',#1271,#414,#1688,.T.);
#1688 = SURFACE_CURVE('',#1689,(#1693,#1700),.PCURVE_S1.);
#1689 = LINE('',#1690,#1691);
#1690 = CARTESIAN_POINT('',(12.5,-11.275,-0.875));
#1691 = VECTOR('',#1692,1.);
#1692 = DIRECTION('',(0.,1.,0.));
#1693 = PCURVE('',#456,#1694);
#1694 = DEFINITIONAL_REPRESENTATION('',(#1695),#1699);
#1695 = LINE('',#1696,#1697);
#1696 = CARTESIAN_POINT('',(0.,0.));
#1697 = VECTOR('',#1698,1.);
#1698 = DIRECTION('',(0.,-1.));
#1699 = ( GEOMETRIC_REPRESENTATION_CONTEXT(2) 
PARAMETRIC_REPRESENTATION_CONTEXT() REPRESENTATION_CONTEXT('2D SPACE',''
  ) );
#1700 = PCURVE('',#428,#1701);
#1701 = DEFINITIONAL_REPRESENTATION('',(#1702),#1706);
#1702 = LINE('',#1703,#1704);
#1703 = CARTESIAN_POINT('',(0.,0.));
#1704 = VECTOR('',#1705,1.);
#1705 = DIRECTION('',(0.,1.));
#1706 = ( GEOMETRIC_REPRESENTATION_CONTEXT(2) 
PARAMETRIC_REPRESENTATION_CONTEXT() REPRESENTATION_CONTEXT('2D SPACE',''
  ) );
#1707 = ORIENTED_EDGE('',*,*,#439,.F.);
#1708 = ORIENTED_EDGE('',*,*,#523,.F.);
#1709 = ADVANCED_FACE('',(#1710,#1713,#1748,#1754),#510,.F.);
#1710 = FACE_BOUND('',#1711,.F.);
#1711 = EDGE_LOOP('',(#1712));
#1712 = ORIENTED_EDGE('',*,*,#495,.T.);
#1713 = FACE_BOUND('',#1714,.F.);
#1714 = EDGE_LOOP('',(#1715));
#1715 = ORIENTED_EDGE('',*,*,#1716,.T.);
#1716 = EDGE_CURVE('',#1717,#1717,#1719,.T.);
#1717 = VERTEX_POINT('',#1718);
#1718 = CARTESIAN_POINT('',(10.2,1.1,-8.));
#1719 = SURFACE_CURVE('',#1720,(#1725,#1736),.PCURVE_S1.);
#1720 = CIRCLE('',#1721,1.1);
#1721 = AXIS2_PLACEMENT_3D('',#1722,#1723,#1724);
#1722 = CARTESIAN_POINT('',(10.2,0.,-8.));
#1723 = DIRECTION('',(-1.,0.,0.));
#1724 = DIRECTION('',(0.,1.,0.));
#1725 = PCURVE('',#510,#1726);
#1726 = DEFINITIONAL_REPRESENTATION('',(#1727),#1735);
#1727 = ( BOUNDED_CURVE() B_SPLINE_CURVE(2,(#1728,#1729,#1730,#1731,
#1732,#1733,#1734),.UNSPECIFIED.,.T.,.F.) B_SPLINE_CURVE_WITH_KNOTS((1,2
    ,2,2,2,1),(-2.094395102393,0.,2.094395102393,4.188790204786,
6.28318530718,8.377580409573),.UNSPECIFIED.) CURVE() 
GEOMETRIC_REPRESENTATION_ITEM() RATIONAL_B_SPLINE_CURVE((1.,0.5,1.,0.5,
1.,0.5,1.)) REPRESENTATION_ITEM('') );
#1728 = CARTESIAN_POINT('',(1.1,-8.));
#1729 = CARTESIAN_POINT('',(1.1,-9.905255888326));
#1730 = CARTESIAN_POINT('',(-0.55,-8.952627944163));
#1731 = CARTESIAN_POINT('',(-2.2,-8.));
#1732 = CARTESIAN_POINT('',(-0.55,-7.047372055837));
#1733 = CARTESIAN_POINT('',(1.1,-6.094744111674));
#1734 = CARTESIAN_POINT('',(1.1,-8.));
#1735 = ( GEOMETRIC_REPRESENTATION_CONTEXT(2) 
PARAMETRIC_REPRESENTATION_CONTEXT() REPRESENTATION_CONTEXT('2D SPACE',''
  ) );
#1736 = PCURVE('',#1737,#1742);
#1737 = CYLINDRICAL_SURFACE('',#1738,1.1);
#1738 = AXIS2_PLACEMENT_3D('',#1739,#1740,#1741);
#1739 = CARTESIAN_POINT('',(10.1,0.,-8.));
#1740 = DIRECTION('',(-1.,-0.,-0.));
#1741 = DIRECTION('',(0.,1.,0.));
#1742 = DEFINITIONAL_REPRESENTATION('',(#1743),#1747);
#1743 = LINE('',#1744,#1745);
#1744 = CARTESIAN_POINT('',(-6.28318530718,-1.E-01));
#1745 = VECTOR('',#1746,1.);
#1746 = DIRECTION('',(1.,-0.));
#1747 = ( GEOMETRIC_REPRESENTATION_CONTEXT(2) 
PARAMETRIC_REPRESENTATION_CONTEXT() REPRESENTATION_CONTEXT('2D SPACE',''
  ) );
#1748 = FACE_BOUND('',#1749,.F.);
#1749 = EDGE_LOOP('',(#1750,#1751,#1752,#1753));
#1750 = ORIENTED_EDGE('',*,*,#1356,.T.);
#1751 = ORIENTED_EDGE('',*,*,#1479,.T.);
#1752 = ORIENTED_EDGE('',*,*,#1524,.F.);
#1753 = ORIENTED_EDGE('',*,*,#1551,.F.);
#1754 = FACE_BOUND('',#1755,.F.);
#1755 = EDGE_LOOP('',(#1756));
#1756 = ORIENTED_EDGE('',*,*,#1757,.T.);
#1757 = EDGE_CURVE('',#1758,#1758,#1760,.T.);
#1758 = VERTEX_POINT('',#1759);
#1759 = CARTESIAN_POINT('',(10.2,1.1,8.));
#1760 = SURFACE_CURVE('',#1761,(#1766,#1777),.PCURVE_S1.);
#1761 = CIRCLE('',#1762,1.1);
#1762 = AXIS2_PLACEMENT_3D('',#1763,#1764,#1765);
#1763 = CARTESIAN_POINT('',(10.2,0.,8.));
#1764 = DIRECTION('',(-1.,0.,0.));
#1765 = DIRECTION('',(0.,1.,0.));
#1766 = PCURVE('',#510,#1767);
#1767 = DEFINITIONAL_REPRESENTATION('',(#1768),#1776);
#1768 = ( BOUNDED_CURVE() B_SPLINE_CURVE(2,(#1769,#1770,#1771,#1772,
#1773,#1774,#1775),.UNSPECIFIED.,.T.,.F.) B_SPLINE_CURVE_WITH_KNOTS((1,2
    ,2,2,2,1),(-2.094395102393,0.,2.094395102393,4.188790204786,
6.28318530718,8.377580409573),.UNSPECIFIED.) CURVE() 
GEOMETRIC_REPRESENTATION_ITEM() RATIONAL_B_SPLINE_CURVE((1.,0.5,1.,0.5,
1.,0.5,1.)) REPRESENTATION_ITEM('') );
#1769 = CARTESIAN_POINT('',(1.1,8.));
#1770 = CARTESIAN_POINT('',(1.1,6.094744111674));
#1771 = CARTESIAN_POINT('',(-0.55,7.047372055837));
#1772 = CARTESIAN_POINT('',(-2.2,8.));
#1773 = CARTESIAN_POINT('',(-0.55,8.952627944163));
#1774 = CARTESIAN_POINT('',(1.1,9.905255888326));
#1775 = CARTESIAN_POINT('',(1.1,8.));
#1776 = ( GEOMETRIC_REPRESENTATION_CONTEXT(2) 
PARAMETRIC_REPRESENTATION_CONTEXT() REPRESENTATION_CONTEXT('2D SPACE',''
  ) );
#1777 = PCURVE('',#1778,#1783);
#1778 = CYLINDRICAL_SURFACE('',#1779,1.1);
#1779 = AXIS2_PLACEMENT_3D('',#1780,#1781,#1782);
#1780 = CARTESIAN_POINT('',(10.1,0.,8.));
#1781 = DIRECTION('',(-1.,-0.,-0.));
#1782 = DIRECTION('',(0.,1.,0.));
#1783 = DEFINITIONAL_REPRESENTATION('',(#1784),#1788);
#1784 = LINE('',#1785,#1786);
#1785 = CARTESIAN_POINT('',(-6.28318530718,-1.E-01));
#1786 = VECTOR('',#1787,1.);
#1787 = DIRECTION('',(1.,-0.));
#1788 = ( GEOMETRIC_REPRESENTATION_CONTEXT(2) 
PARAMETRIC_REPRESENTATION_CONTEXT() REPRESENTATION_CONTEXT('2D SPACE',''
  ) );
#1789 = ADVANCED_FACE('',(#1790,#1814),#428,.T.);
#1790 = FACE_BOUND('',#1791,.T.);
#1791 = EDGE_LOOP('',(#1792,#1793,#1794,#1813));
#1792 = ORIENTED_EDGE('',*,*,#1687,.F.);
#1793 = ORIENTED_EDGE('',*,*,#1270,.F.);
#1794 = ORIENTED_EDGE('',*,*,#1795,.T.);
#1795 = EDGE_CURVE('',#1242,#385,#1796,.T.);
#1796 = SURFACE_CURVE('',#1797,(#1801,#1807),.PCURVE_S1.);
#1797 = LINE('',#1798,#1799);
#1798 = CARTESIAN_POINT('',(16.,-5.6375,-0.875));
#1799 = VECTOR('',#1800,1.);
#1800 = DIRECTION('',(0.,1.,0.));
#1801 = PCURVE('',#428,#1802);
#1802 = DEFINITIONAL_REPRESENTATION('',(#1803),#1806);
#1803 = B_SPLINE_CURVE_WITH_KNOTS('',1,(#1804,#1805),.UNSPECIFIED.,.F.,
  .F.,(2,2),(-5.1375,16.4125),.PIECEWISE_BEZIER_KNOTS.);
#1804 = CARTESIAN_POINT('',(3.5,0.5));
#1805 = CARTESIAN_POINT('',(3.5,22.05));
#1806 = ( GEOMETRIC_REPRESENTATION_CONTEXT(2) 
PARAMETRIC_REPRESENTATION_CONTEXT() REPRESENTATION_CONTEXT('2D SPACE',''
  ) );
#1807 = PCURVE('',#401,#1808);
#1808 = DEFINITIONAL_REPRESENTATION('',(#1809),#1812);
#1809 = B_SPLINE_CURVE_WITH_KNOTS('',1,(#1810,#1811),.UNSPECIFIED.,.F.,
  .F.,(2,2),(-5.1375,16.4125),.PIECEWISE_BEZIER_KNOTS.);
#1810 = CARTESIAN_POINT('',(-10.775,-0.875));
#1811 = CARTESIAN_POINT('',(10.775,-0.875));
#1812 = ( GEOMETRIC_REPRESENTATION_CONTEXT(2) 
PARAMETRIC_REPRESENTATION_CONTEXT() REPRESENTATION_CONTEXT('2D SPACE',''
  ) );
#1813 = ORIENTED_EDGE('',*,*,#413,.T.);
#1814 = FACE_BOUND('',#1815,.T.);
#1815 = EDGE_LOOP('',(#1816));
#1816 = ORIENTED_EDGE('',*,*,#1817,.T.);
#1817 = EDGE_CURVE('',#1818,#1818,#1820,.T.);
#1818 = VERTEX_POINT('',#1819);
#1819 = CARTESIAN_POINT('',(15.13,5.,-0.875));
#1820 = SURFACE_CURVE('',#1821,(#1826,#1837),.PCURVE_S1.);
#1821 = CIRCLE('',#1822,0.88);
#1822 = AXIS2_PLACEMENT_3D('',#1823,#1824,#1825);
#1823 = CARTESIAN_POINT('',(14.25,5.,-0.875));
#1824 = DIRECTION('',(0.,0.,-1.));
#1825 = DIRECTION('',(1.,0.,0.));
#1826 = PCURVE('',#428,#1827);
#1827 = DEFINITIONAL_REPRESENTATION('',(#1828),#1836);
#1828 = ( BOUNDED_CURVE() B_SPLINE_CURVE(2,(#1829,#1830,#1831,#1832,
#1833,#1834,#1835),.UNSPECIFIED.,.T.,.F.) B_SPLINE_CURVE_WITH_KNOTS((1,2
    ,2,2,2,1),(-2.094395102393,0.,2.094395102393,4.188790204786,
6.28318530718,8.377580409573),.UNSPECIFIED.) CURVE() 
GEOMETRIC_REPRESENTATION_ITEM() RATIONAL_B_SPLINE_CURVE((1.,0.5,1.,0.5,
1.,0.5,1.)) REPRESENTATION_ITEM('') );
#1829 = CARTESIAN_POINT('',(2.63,16.275));
#1830 = CARTESIAN_POINT('',(2.63,14.750795289339));
#1831 = CARTESIAN_POINT('',(1.31,15.51289764467));
#1832 = CARTESIAN_POINT('',(-1.E-02,16.275));
#1833 = CARTESIAN_POINT('',(1.31,17.03710235533));
#1834 = CARTESIAN_POINT('',(2.63,17.799204710661));
#1835 = CARTESIAN_POINT('',(2.63,16.275));
#1836 = ( GEOMETRIC_REPRESENTATION_CONTEXT(2) 
PARAMETRIC_REPRESENTATION_CONTEXT() REPRESENTATION_CONTEXT('2D SPACE',''
  ) );
#1837 = PCURVE('',#1108,#1838);
#1838 = DEFINITIONAL_REPRESENTATION('',(#1839),#1843);
#1839 = LINE('',#1840,#1841);
#1840 = CARTESIAN_POINT('',(-6.28318530718,-14.125));
#1841 = VECTOR('',#1842,1.);
#1842 = DIRECTION('',(1.,-0.));
#1843 = ( GEOMETRIC_REPRESENTATION_CONTEXT(2) 
PARAMETRIC_REPRESENTATION_CONTEXT() REPRESENTATION_CONTEXT('2D SPACE',''
  ) );
#1844 = ADVANCED_FACE('',(#1845,#1869),#401,.T.);
#1845 = FACE_BOUND('',#1846,.F.);
#1846 = EDGE_LOOP('',(#1847,#1848,#1849,#1868));
#1847 = ORIENTED_EDGE('',*,*,#1795,.T.);
#1848 = ORIENTED_EDGE('',*,*,#384,.F.);
#1849 = ORIENTED_EDGE('',*,*,#1850,.T.);
#1850 = EDGE_CURVE('',#359,#1244,#1851,.T.);
#1851 = SURFACE_CURVE('',#1852,(#1856,#1862),.PCURVE_S1.);
#1852 = LINE('',#1853,#1854);
#1853 = CARTESIAN_POINT('',(16.,-5.6375,-0.875));
#1854 = VECTOR('',#1855,1.);
#1855 = DIRECTION('',(0.,1.,0.));
#1856 = PCURVE('',#401,#1857);
#1857 = DEFINITIONAL_REPRESENTATION('',(#1858),#1861);
#1858 = B_SPLINE_CURVE_WITH_KNOTS('',1,(#1859,#1860),.UNSPECIFIED.,.F.,
  .F.,(2,2),(-5.1375,16.4125),.PIECEWISE_BEZIER_KNOTS.);
#1859 = CARTESIAN_POINT('',(-10.775,-0.875));
#1860 = CARTESIAN_POINT('',(10.775,-0.875));
#1861 = ( GEOMETRIC_REPRESENTATION_CONTEXT(2) 
PARAMETRIC_REPRESENTATION_CONTEXT() REPRESENTATION_CONTEXT('2D SPACE',''
  ) );
#1862 = PCURVE('',#373,#1863);
#1863 = DEFINITIONAL_REPRESENTATION('',(#1864),#1867);
#1864 = B_SPLINE_CURVE_WITH_KNOTS('',1,(#1865,#1866),.UNSPECIFIED.,.F.,
  .F.,(2,2),(-5.1375,16.4125),.PIECEWISE_BEZIER_KNOTS.);
#1865 = CARTESIAN_POINT('',(3.5,0.5));
#1866 = CARTESIAN_POINT('',(3.5,22.05));
#1867 = ( GEOMETRIC_REPRESENTATION_CONTEXT(2) 
PARAMETRIC_REPRESENTATION_CONTEXT() REPRESENTATION_CONTEXT('2D SPACE',''
  ) );
#1868 = ORIENTED_EDGE('',*,*,#1241,.F.);
#1869 = FACE_BOUND('',#1870,.F.);
#1870 = EDGE_LOOP('',(#1871));
#1871 = ORIENTED_EDGE('',*,*,#1872,.F.);
#1872 = EDGE_CURVE('',#1873,#1873,#1875,.T.);
#1873 = VERTEX_POINT('',#1874);
#1874 = CARTESIAN_POINT('',(16.,2.6,-8.));
#1875 = SURFACE_CURVE('',#1876,(#1881,#1892),.PCURVE_S1.);
#1876 = CIRCLE('',#1877,2.6);
#1877 = AXIS2_PLACEMENT_3D('',#1878,#1879,#1880);
#1878 = CARTESIAN_POINT('',(16.,0.,-8.));
#1879 = DIRECTION('',(-1.,0.,0.));
#1880 = DIRECTION('',(0.,1.,0.));
#1881 = PCURVE('',#401,#1882);
#1882 = DEFINITIONAL_REPRESENTATION('',(#1883),#1891);
#1883 = ( BOUNDED_CURVE() B_SPLINE_CURVE(2,(#1884,#1885,#1886,#1887,
#1888,#1889,#1890),.UNSPECIFIED.,.T.,.F.) B_SPLINE_CURVE_WITH_KNOTS((1,2
    ,2,2,2,1),(-2.094395102393,0.,2.094395102393,4.188790204786,
6.28318530718,8.377580409573),.UNSPECIFIED.) CURVE() 
GEOMETRIC_REPRESENTATION_ITEM() RATIONAL_B_SPLINE_CURVE((1.,0.5,1.,0.5,
1.,0.5,1.)) REPRESENTATION_ITEM('') );
#1884 = CARTESIAN_POINT('',(2.6,-8.));
#1885 = CARTESIAN_POINT('',(2.6,-12.50333209967));
#1886 = CARTESIAN_POINT('',(-1.3,-10.25166604984));
#1887 = CARTESIAN_POINT('',(-5.2,-8.));
#1888 = CARTESIAN_POINT('',(-1.3,-5.74833395016));
#1889 = CARTESIAN_POINT('',(2.6,-3.496667900321));
#1890 = CARTESIAN_POINT('',(2.6,-8.));
#1891 = ( GEOMETRIC_REPRESENTATION_CONTEXT(2) 
PARAMETRIC_REPRESENTATION_CONTEXT() REPRESENTATION_CONTEXT('2D SPACE',''
  ) );
#1892 = PCURVE('',#1893,#1898);
#1893 = CYLINDRICAL_SURFACE('',#1894,2.6);
#1894 = AXIS2_PLACEMENT_3D('',#1895,#1896,#1897);
#1895 = CARTESIAN_POINT('',(13.8,0.,-8.));
#1896 = DIRECTION('',(-1.,-0.,-0.));
#1897 = DIRECTION('',(0.,1.,0.));
#1898 = DEFINITIONAL_REPRESENTATION('',(#1899),#1903);
#1899 = LINE('',#1900,#1901);
#1900 = CARTESIAN_POINT('',(-6.28318530718,-2.2));
#1901 = VECTOR('',#1902,1.);
#1902 = DIRECTION('',(1.,-0.));
#1903 = ( GEOMETRIC_REPRESENTATION_CONTEXT(2) 
PARAMETRIC_REPRESENTATION_CONTEXT() REPRESENTATION_CONTEXT('2D SPACE',''
  ) );
#1904 = ADVANCED_FACE('',(#1905,#1931),#373,.T.);
#1905 = FACE_BOUND('',#1906,.T.);
#1906 = EDGE_LOOP('',(#1907,#1928,#1929,#1930));
#1907 = ORIENTED_EDGE('',*,*,#1908,.F.);
#1908 = EDGE_CURVE('',#326,#1406,#1909,.T.);
#1909 = SURFACE_CURVE('',#1910,(#1914,#1921),.PCURVE_S1.);
#1910 = LINE('',#1911,#1912);
#1911 = CARTESIAN_POINT('',(12.5,-11.275,-0.875));
#1912 = VECTOR('',#1913,1.);
#1913 = DIRECTION('',(0.,1.,0.));
#1914 = PCURVE('',#373,#1915);
#1915 = DEFINITIONAL_REPRESENTATION('',(#1916),#1920);
#1916 = LINE('',#1917,#1918);
#1917 = CARTESIAN_POINT('',(0.,0.));
#1918 = VECTOR('',#1919,1.);
#1919 = DIRECTION('',(0.,1.));
#1920 = ( GEOMETRIC_REPRESENTATION_CONTEXT(2) 
PARAMETRIC_REPRESENTATION_CONTEXT() REPRESENTATION_CONTEXT('2D SPACE',''
  ) );
#1921 = PCURVE('',#342,#1922);
#1922 = DEFINITIONAL_REPRESENTATION('',(#1923),#1927);
#1923 = LINE('',#1924,#1925);
#1924 = CARTESIAN_POINT('',(0.,0.));
#1925 = VECTOR('',#1926,1.);
#1926 = DIRECTION('',(0.,-1.));
#1927 = ( GEOMETRIC_REPRESENTATION_CONTEXT(2) 
PARAMETRIC_REPRESENTATION_CONTEXT() REPRESENTATION_CONTEXT('2D SPACE',''
  ) );
#1928 = ORIENTED_EDGE('',*,*,#358,.F.);
#1929 = ORIENTED_EDGE('',*,*,#1850,.T.);
#1930 = ORIENTED_EDGE('',*,*,#1432,.T.);
#1931 = FACE_BOUND('',#1932,.T.);
#1932 = EDGE_LOOP('',(#1933));
#1933 = ORIENTED_EDGE('',*,*,#1934,.T.);
#1934 = EDGE_CURVE('',#1935,#1935,#1937,.T.);
#1935 = VERTEX_POINT('',#1936);
#1936 = CARTESIAN_POINT('',(15.13,-5.,-0.875));
#1937 = SURFACE_CURVE('',#1938,(#1943,#1954),.PCURVE_S1.);
#1938 = CIRCLE('',#1939,0.88);
#1939 = AXIS2_PLACEMENT_3D('',#1940,#1941,#1942);
#1940 = CARTESIAN_POINT('',(14.25,-5.,-0.875));
#1941 = DIRECTION('',(0.,0.,-1.));
#1942 = DIRECTION('',(1.,0.,0.));
#1943 = PCURVE('',#373,#1944);
#1944 = DEFINITIONAL_REPRESENTATION('',(#1945),#1953);
#1945 = ( BOUNDED_CURVE() B_SPLINE_CURVE(2,(#1946,#1947,#1948,#1949,
#1950,#1951,#1952),.UNSPECIFIED.,.T.,.F.) B_SPLINE_CURVE_WITH_KNOTS((1,2
    ,2,2,2,1),(-2.094395102393,0.,2.094395102393,4.188790204786,
6.28318530718,8.377580409573),.UNSPECIFIED.) CURVE() 
GEOMETRIC_REPRESENTATION_ITEM() RATIONAL_B_SPLINE_CURVE((1.,0.5,1.,0.5,
1.,0.5,1.)) REPRESENTATION_ITEM('') );
#1946 = CARTESIAN_POINT('',(2.63,6.275));
#1947 = CARTESIAN_POINT('',(2.63,4.750795289339));
#1948 = CARTESIAN_POINT('',(1.31,5.51289764467));
#1949 = CARTESIAN_POINT('',(-1.E-02,6.275));
#1950 = CARTESIAN_POINT('',(1.31,7.03710235533));
#1951 = CARTESIAN_POINT('',(2.63,7.799204710661));
#1952 = CARTESIAN_POINT('',(2.63,6.275));
#1953 = ( GEOMETRIC_REPRESENTATION_CONTEXT(2) 
PARAMETRIC_REPRESENTATION_CONTEXT() REPRESENTATION_CONTEXT('2D SPACE',''
  ) );
#1954 = PCURVE('',#955,#1955);
#1955 = DEFINITIONAL_REPRESENTATION('',(#1956),#1960);
#1956 = LINE('',#1957,#1958);
#1957 = CARTESIAN_POINT('',(-6.28318530718,-14.125));
#1958 = VECTOR('',#1959,1.);
#1959 = DIRECTION('',(1.,-0.));
#1960 = ( GEOMETRIC_REPRESENTATION_CONTEXT(2) 
PARAMETRIC_REPRESENTATION_CONTEXT() REPRESENTATION_CONTEXT('2D SPACE',''
  ) );
#1961 = ADVANCED_FACE('',(#1962),#342,.T.);
#1962 = FACE_BOUND('',#1963,.T.);
#1963 = EDGE_LOOP('',(#1964,#1965,#1966,#1967));
#1964 = ORIENTED_EDGE('',*,*,#1164,.F.);
#1965 = ORIENTED_EDGE('',*,*,#325,.F.);
#1966 = ORIENTED_EDGE('',*,*,#1908,.T.);
#1967 = ORIENTED_EDGE('',*,*,#1405,.T.);
#1968 = ADVANCED_FACE('',(#1969),#649,.F.);
#1969 = FACE_BOUND('',#1970,.T.);
#1970 = EDGE_LOOP('',(#1971,#1972,#1993,#1994));
#1971 = ORIENTED_EDGE('',*,*,#1599,.T.);
#1972 = ORIENTED_EDGE('',*,*,#1973,.T.);
#1973 = EDGE_CURVE('',#1600,#552,#1974,.T.);
#1974 = SEAM_CURVE('',#1975,(#1979,#1986),.PCURVE_S1.);
#1975 = LINE('',#1976,#1977);
#1976 = CARTESIAN_POINT('',(15.13,5.,-15.));
#1977 = VECTOR('',#1978,1.);
#1978 = DIRECTION('',(0.,0.,1.));
#1979 = PCURVE('',#649,#1980);
#1980 = DEFINITIONAL_REPRESENTATION('',(#1981),#1985);
#1981 = LINE('',#1982,#1983);
#1982 = CARTESIAN_POINT('',(-6.28318530718,0.));
#1983 = VECTOR('',#1984,1.);
#1984 = DIRECTION('',(-0.,-1.));
#1985 = ( GEOMETRIC_REPRESENTATION_CONTEXT(2) 
PARAMETRIC_REPRESENTATION_CONTEXT() REPRESENTATION_CONTEXT('2D SPACE',''
  ) );
#1986 = PCURVE('',#649,#1987);
#1987 = DEFINITIONAL_REPRESENTATION('',(#1988),#1992);
#1988 = LINE('',#1989,#1990);
#1989 = CARTESIAN_POINT('',(-0.,0.));
#1990 = VECTOR('',#1991,1.);
#1991 = DIRECTION('',(-0.,-1.));
#1992 = ( GEOMETRIC_REPRESENTATION_CONTEXT(2) 
PARAMETRIC_REPRESENTATION_CONTEXT() REPRESENTATION_CONTEXT('2D SPACE',''
  ) );
#1993 = ORIENTED_EDGE('',*,*,#551,.T.);
#1994 = ORIENTED_EDGE('',*,*,#1973,.F.);
#1995 = ADVANCED_FACE('',(#1996),#802,.F.);
#1996 = FACE_BOUND('',#1997,.T.);
#1997 = EDGE_LOOP('',(#1998,#1999,#2020,#2021));
#1998 = ORIENTED_EDGE('',*,*,#1210,.T.);
#1999 = ORIENTED_EDGE('',*,*,#2000,.T.);
#2000 = EDGE_CURVE('',#1211,#705,#2001,.T.);
#2001 = SEAM_CURVE('',#2002,(#2006,#2013),.PCURVE_S1.);
#2002 = LINE('',#2003,#2004);
#2003 = CARTESIAN_POINT('',(15.13,-5.,-15.));
#2004 = VECTOR('',#2005,1.);
#2005 = DIRECTION('',(0.,0.,1.));
#2006 = PCURVE('',#802,#2007);
#2007 = DEFINITIONAL_REPRESENTATION('',(#2008),#2012);
#2008 = LINE('',#2009,#2010);
#2009 = CARTESIAN_POINT('',(-6.28318530718,0.));
#2010 = VECTOR('',#2011,1.);
#2011 = DIRECTION('',(-0.,-1.));
#2012 = ( GEOMETRIC_REPRESENTATION_CONTEXT(2) 
PARAMETRIC_REPRESENTATION_CONTEXT() REPRESENTATION_CONTEXT('2D SPACE',''
  ) );
#2013 = PCURVE('',#802,#2014);
#2014 = DEFINITIONAL_REPRESENTATION('',(#2015),#2019);
#2015 = LINE('',#2016,#2017);
#2016 = CARTESIAN_POINT('',(-0.,0.));
#2017 = VECTOR('',#2018,1.);
#2018 = DIRECTION('',(-0.,-1.));
#2019 = ( GEOMETRIC_REPRESENTATION_CONTEXT(2) 
PARAMETRIC_REPRESENTATION_CONTEXT() REPRESENTATION_CONTEXT('2D SPACE',''
  ) );
#2020 = ORIENTED_EDGE('',*,*,#704,.T.);
#2021 = ORIENTED_EDGE('',*,*,#2000,.F.);
#2022 = ADVANCED_FACE('',(#2023),#955,.F.);
#2023 = FACE_BOUND('',#2024,.T.);
#2024 = EDGE_LOOP('',(#2025,#2026,#2047,#2048));
#2025 = ORIENTED_EDGE('',*,*,#857,.F.);
#2026 = ORIENTED_EDGE('',*,*,#2027,.T.);
#2027 = EDGE_CURVE('',#858,#1935,#2028,.T.);
#2028 = SEAM_CURVE('',#2029,(#2033,#2040),.PCURVE_S1.);
#2029 = LINE('',#2030,#2031);
#2030 = CARTESIAN_POINT('',(15.13,-5.,-15.));
#2031 = VECTOR('',#2032,1.);
#2032 = DIRECTION('',(0.,0.,1.));
#2033 = PCURVE('',#955,#2034);
#2034 = DEFINITIONAL_REPRESENTATION('',(#2035),#2039);
#2035 = LINE('',#2036,#2037);
#2036 = CARTESIAN_POINT('',(-6.28318530718,0.));
#2037 = VECTOR('',#2038,1.);
#2038 = DIRECTION('',(-0.,-1.));
#2039 = ( GEOMETRIC_REPRESENTATION_CONTEXT(2) 
PARAMETRIC_REPRESENTATION_CONTEXT() REPRESENTATION_CONTEXT('2D SPACE',''
  ) );
#2040 = PCURVE('',#955,#2041);
#2041 = DEFINITIONAL_REPRESENTATION('',(#2042),#2046);
#2042 = LINE('',#2043,#2044);
#2043 = CARTESIAN_POINT('',(-0.,0.));
#2044 = VECTOR('',#2045,1.);
#2045 = DIRECTION('',(-0.,-1.));
#2046 = ( GEOMETRIC_REPRESENTATION_CONTEXT(2) 
PARAMETRIC_REPRESENTATION_CONTEXT() REPRESENTATION_CONTEXT('2D SPACE',''
  ) );
#2047 = ORIENTED_EDGE('',*,*,#1934,.F.);
#2048 = ORIENTED_EDGE('',*,*,#2027,.F.);
#2049 = ADVANCED_FACE('',(#2050),#1108,.F.);
#2050 = FACE_BOUND('',#2051,.T.);
#2051 = EDGE_LOOP('',(#2052,#2053,#2074,#2075));
#2052 = ORIENTED_EDGE('',*,*,#1010,.F.);
#2053 = ORIENTED_EDGE('',*,*,#2054,.T.);
#2054 = EDGE_CURVE('',#1011,#1818,#2055,.T.);
#2055 = SEAM_CURVE('',#2056,(#2060,#2067),.PCURVE_S1.);
#2056 = LINE('',#2057,#2058);
#2057 = CARTESIAN_POINT('',(15.13,5.,-15.));
#2058 = VECTOR('',#2059,1.);
#2059 = DIRECTION('',(0.,0.,1.));
#2060 = PCURVE('',#1108,#2061);
#2061 = DEFINITIONAL_REPRESENTATION('',(#2062),#2066);
#2062 = LINE('',#2063,#2064);
#2063 = CARTESIAN_POINT('',(-6.28318530718,0.));
#2064 = VECTOR('',#2065,1.);
#2065 = DIRECTION('',(-0.,-1.));
#2066 = ( GEOMETRIC_REPRESENTATION_CONTEXT(2) 
PARAMETRIC_REPRESENTATION_CONTEXT() REPRESENTATION_CONTEXT('2D SPACE',''
  ) );
#2067 = PCURVE('',#1108,#2068);
#2068 = DEFINITIONAL_REPRESENTATION('',(#2069),#2073);
#2069 = LINE('',#2070,#2071);
#2070 = CARTESIAN_POINT('',(-0.,0.));
#2071 = VECTOR('',#2072,1.);
#2072 = DIRECTION('',(-0.,-1.));
#2073 = ( GEOMETRIC_REPRESENTATION_CONTEXT(2) 
PARAMETRIC_REPRESENTATION_CONTEXT() REPRESENTATION_CONTEXT('2D SPACE',''
  ) );
#2074 = ORIENTED_EDGE('',*,*,#1817,.F.);
#2075 = ORIENTED_EDGE('',*,*,#2054,.F.);
#2076 = ADVANCED_FACE('',(#2077,#2080),#1647,.T.);
#2077 = FACE_BOUND('',#2078,.T.);
#2078 = EDGE_LOOP('',(#2079));
#2079 = ORIENTED_EDGE('',*,*,#1630,.T.);
#2080 = FACE_BOUND('',#2081,.T.);
#2081 = EDGE_LOOP('',(#2082));
#2082 = ORIENTED_EDGE('',*,*,#2083,.T.);
#2083 = EDGE_CURVE('',#2084,#2084,#2086,.T.);
#2084 = VERTEX_POINT('',#2085);
#2085 = CARTESIAN_POINT('',(13.8,1.1,8.));
#2086 = SURFACE_CURVE('',#2087,(#2092,#2103),.PCURVE_S1.);
#2087 = CIRCLE('',#2088,1.1);
#2088 = AXIS2_PLACEMENT_3D('',#2089,#2090,#2091);
#2089 = CARTESIAN_POINT('',(13.8,0.,8.));
#2090 = DIRECTION('',(-1.,0.,0.));
#2091 = DIRECTION('',(0.,1.,0.));
#2092 = PCURVE('',#1647,#2093);
#2093 = DEFINITIONAL_REPRESENTATION('',(#2094),#2102);
#2094 = ( BOUNDED_CURVE() B_SPLINE_CURVE(2,(#2095,#2096,#2097,#2098,
#2099,#2100,#2101),.UNSPECIFIED.,.T.,.F.) B_SPLINE_CURVE_WITH_KNOTS((1,2
    ,2,2,2,1),(-2.094395102393,0.,2.094395102393,4.188790204786,
6.28318530718,8.377580409573),.UNSPECIFIED.) CURVE() 
GEOMETRIC_REPRESENTATION_ITEM() RATIONAL_B_SPLINE_CURVE((1.,0.5,1.,0.5,
1.,0.5,1.)) REPRESENTATION_ITEM('') );
#2095 = CARTESIAN_POINT('',(0.,-1.1));
#2096 = CARTESIAN_POINT('',(-1.905255888326,-1.1));
#2097 = CARTESIAN_POINT('',(-0.952627944163,0.55));
#2098 = CARTESIAN_POINT('',(-2.694222958124E-16,2.2));
#2099 = CARTESIAN_POINT('',(0.952627944163,0.55));
#2100 = CARTESIAN_POINT('',(1.905255888326,-1.1));
#2101 = CARTESIAN_POINT('',(0.,-1.1));
#2102 = ( GEOMETRIC_REPRESENTATION_CONTEXT(2) 
PARAMETRIC_REPRESENTATION_CONTEXT() REPRESENTATION_CONTEXT('2D SPACE',''
  ) );
#2103 = PCURVE('',#1778,#2104);
#2104 = DEFINITIONAL_REPRESENTATION('',(#2105),#2109);
#2105 = LINE('',#2106,#2107);
#2106 = CARTESIAN_POINT('',(-6.28318530718,-3.7));
#2107 = VECTOR('',#2108,1.);
#2108 = DIRECTION('',(1.,-0.));
#2109 = ( GEOMETRIC_REPRESENTATION_CONTEXT(2) 
PARAMETRIC_REPRESENTATION_CONTEXT() REPRESENTATION_CONTEXT('2D SPACE',''
  ) );
#2110 = ADVANCED_FACE('',(#2111),#1737,.F.);
#2111 = FACE_BOUND('',#2112,.T.);
#2112 = EDGE_LOOP('',(#2113,#2136,#2137,#2138));
#2113 = ORIENTED_EDGE('',*,*,#2114,.F.);
#2114 = EDGE_CURVE('',#1717,#2115,#2117,.T.);
#2115 = VERTEX_POINT('',#2116);
#2116 = CARTESIAN_POINT('',(13.8,1.1,-8.));
#2117 = SEAM_CURVE('',#2118,(#2122,#2129),.PCURVE_S1.);
#2118 = LINE('',#2119,#2120);
#2119 = CARTESIAN_POINT('',(10.1,1.1,-8.));
#2120 = VECTOR('',#2121,1.);
#2121 = DIRECTION('',(1.,0.,0.));
#2122 = PCURVE('',#1737,#2123);
#2123 = DEFINITIONAL_REPRESENTATION('',(#2124),#2128);
#2124 = LINE('',#2125,#2126);
#2125 = CARTESIAN_POINT('',(-6.28318530718,0.));
#2126 = VECTOR('',#2127,1.);
#2127 = DIRECTION('',(-0.,-1.));
#2128 = ( GEOMETRIC_REPRESENTATION_CONTEXT(2) 
PARAMETRIC_REPRESENTATION_CONTEXT() REPRESENTATION_CONTEXT('2D SPACE',''
  ) );
#2129 = PCURVE('',#1737,#2130);
#2130 = DEFINITIONAL_REPRESENTATION('',(#2131),#2135);
#2131 = LINE('',#2132,#2133);
#2132 = CARTESIAN_POINT('',(-0.,0.));
#2133 = VECTOR('',#2134,1.);
#2134 = DIRECTION('',(-0.,-1.));
#2135 = ( GEOMETRIC_REPRESENTATION_CONTEXT(2) 
PARAMETRIC_REPRESENTATION_CONTEXT() REPRESENTATION_CONTEXT('2D SPACE',''
  ) );
#2136 = ORIENTED_EDGE('',*,*,#1716,.T.);
#2137 = ORIENTED_EDGE('',*,*,#2114,.T.);
#2138 = ORIENTED_EDGE('',*,*,#2139,.F.);
#2139 = EDGE_CURVE('',#2115,#2115,#2140,.T.);
#2140 = SURFACE_CURVE('',#2141,(#2146,#2153),.PCURVE_S1.);
#2141 = CIRCLE('',#2142,1.1);
#2142 = AXIS2_PLACEMENT_3D('',#2143,#2144,#2145);
#2143 = CARTESIAN_POINT('',(13.8,0.,-8.));
#2144 = DIRECTION('',(-1.,0.,0.));
#2145 = DIRECTION('',(0.,1.,0.));
#2146 = PCURVE('',#1737,#2147);
#2147 = DEFINITIONAL_REPRESENTATION('',(#2148),#2152);
#2148 = LINE('',#2149,#2150);
#2149 = CARTESIAN_POINT('',(-6.28318530718,-3.7));
#2150 = VECTOR('',#2151,1.);
#2151 = DIRECTION('',(1.,-0.));
#2152 = ( GEOMETRIC_REPRESENTATION_CONTEXT(2) 
PARAMETRIC_REPRESENTATION_CONTEXT() REPRESENTATION_CONTEXT('2D SPACE',''
  ) );
#2153 = PCURVE('',#2154,#2159);
#2154 = PLANE('',#2155);
#2155 = AXIS2_PLACEMENT_3D('',#2156,#2157,#2158);
#2156 = CARTESIAN_POINT('',(13.8,6.57423140644E-17,-8.));
#2157 = DIRECTION('',(1.,0.,0.));
#2158 = DIRECTION('',(-0.,0.,1.));
#2159 = DEFINITIONAL_REPRESENTATION('',(#2160),#2168);
#2160 = ( BOUNDED_CURVE() B_SPLINE_CURVE(2,(#2161,#2162,#2163,#2164,
#2165,#2166,#2167),.UNSPECIFIED.,.T.,.F.) B_SPLINE_CURVE_WITH_KNOTS((1,2
    ,2,2,2,1),(-2.094395102393,0.,2.094395102393,4.188790204786,
6.28318530718,8.377580409573),.UNSPECIFIED.) CURVE() 
GEOMETRIC_REPRESENTATION_ITEM() RATIONAL_B_SPLINE_CURVE((1.,0.5,1.,0.5,
1.,0.5,1.)) REPRESENTATION_ITEM('') );
#2161 = CARTESIAN_POINT('',(-8.881784197001E-16,-1.1));
#2162 = CARTESIAN_POINT('',(-1.905255888326,-1.1));
#2163 = CARTESIAN_POINT('',(-0.952627944163,0.55));
#2164 = CARTESIAN_POINT('',(-1.157600715513E-15,2.2));
#2165 = CARTESIAN_POINT('',(0.952627944163,0.55));
#2166 = CARTESIAN_POINT('',(1.905255888326,-1.1));
#2167 = CARTESIAN_POINT('',(-8.881784197001E-16,-1.1));
#2168 = ( GEOMETRIC_REPRESENTATION_CONTEXT(2) 
PARAMETRIC_REPRESENTATION_CONTEXT() REPRESENTATION_CONTEXT('2D SPACE',''
  ) );
#2169 = ADVANCED_FACE('',(#2170),#1778,.F.);
#2170 = FACE_BOUND('',#2171,.T.);
#2171 = EDGE_LOOP('',(#2172,#2193,#2194,#2195));
#2172 = ORIENTED_EDGE('',*,*,#2173,.F.);
#2173 = EDGE_CURVE('',#1758,#2084,#2174,.T.);
#2174 = SEAM_CURVE('',#2175,(#2179,#2186),.PCURVE_S1.);
#2175 = LINE('',#2176,#2177);
#2176 = CARTESIAN_POINT('',(10.1,1.1,8.));
#2177 = VECTOR('',#2178,1.);
#2178 = DIRECTION('',(1.,0.,0.));
#2179 = PCURVE('',#1778,#2180);
#2180 = DEFINITIONAL_REPRESENTATION('',(#2181),#2185);
#2181 = LINE('',#2182,#2183);
#2182 = CARTESIAN_POINT('',(-6.28318530718,0.));
#2183 = VECTOR('',#2184,1.);
#2184 = DIRECTION('',(-0.,-1.));
#2185 = ( GEOMETRIC_REPRESENTATION_CONTEXT(2) 
PARAMETRIC_REPRESENTATION_CONTEXT() REPRESENTATION_CONTEXT('2D SPACE',''
  ) );
#2186 = PCURVE('',#1778,#2187);
#2187 = DEFINITIONAL_REPRESENTATION('',(#2188),#2192);
#2188 = LINE('',#2189,#2190);
#2189 = CARTESIAN_POINT('',(-0.,0.));
#2190 = VECTOR('',#2191,1.);
#2191 = DIRECTION('',(-0.,-1.));
#2192 = ( GEOMETRIC_REPRESENTATION_CONTEXT(2) 
PARAMETRIC_REPRESENTATION_CONTEXT() REPRESENTATION_CONTEXT('2D SPACE',''
  ) );
#2193 = ORIENTED_EDGE('',*,*,#1757,.T.);
#2194 = ORIENTED_EDGE('',*,*,#2173,.T.);
#2195 = ORIENTED_EDGE('',*,*,#2083,.F.);
#2196 = ADVANCED_FACE('',(#2197),#1893,.F.);
#2197 = FACE_BOUND('',#2198,.T.);
#2198 = EDGE_LOOP('',(#2199,#2223,#2244,#2245));
#2199 = ORIENTED_EDGE('',*,*,#2200,.F.);
#2200 = EDGE_CURVE('',#2201,#2201,#2203,.T.);
#2201 = VERTEX_POINT('',#2202);
#2202 = CARTESIAN_POINT('',(13.8,2.6,-8.));
#2203 = SURFACE_CURVE('',#2204,(#2209,#2216),.PCURVE_S1.);
#2204 = CIRCLE('',#2205,2.6);
#2205 = AXIS2_PLACEMENT_3D('',#2206,#2207,#2208);
#2206 = CARTESIAN_POINT('',(13.8,0.,-8.));
#2207 = DIRECTION('',(1.,0.,0.));
#2208 = DIRECTION('',(0.,1.,0.));
#2209 = PCURVE('',#1893,#2210);
#2210 = DEFINITIONAL_REPRESENTATION('',(#2211),#2215);
#2211 = LINE('',#2212,#2213);
#2212 = CARTESIAN_POINT('',(-0.,0.));
#2213 = VECTOR('',#2214,1.);
#2214 = DIRECTION('',(-1.,0.));
#2215 = ( GEOMETRIC_REPRESENTATION_CONTEXT(2) 
PARAMETRIC_REPRESENTATION_CONTEXT() REPRESENTATION_CONTEXT('2D SPACE',''
  ) );
#2216 = PCURVE('',#2154,#2217);
#2217 = DEFINITIONAL_REPRESENTATION('',(#2218),#2222);
#2218 = CIRCLE('',#2219,2.6);
#2219 = AXIS2_PLACEMENT_2D('',#2220,#2221);
#2220 = CARTESIAN_POINT('',(-8.881784197001E-16,6.57423140644E-17));
#2221 = DIRECTION('',(0.,-1.));
#2222 = ( GEOMETRIC_REPRESENTATION_CONTEXT(2) 
PARAMETRIC_REPRESENTATION_CONTEXT() REPRESENTATION_CONTEXT('2D SPACE',''
  ) );
#2223 = ORIENTED_EDGE('',*,*,#2224,.T.);
#2224 = EDGE_CURVE('',#2201,#1873,#2225,.T.);
#2225 = SEAM_CURVE('',#2226,(#2230,#2237),.PCURVE_S1.);
#2226 = LINE('',#2227,#2228);
#2227 = CARTESIAN_POINT('',(13.8,2.6,-8.));
#2228 = VECTOR('',#2229,1.);
#2229 = DIRECTION('',(1.,0.,0.));
#2230 = PCURVE('',#1893,#2231);
#2231 = DEFINITIONAL_REPRESENTATION('',(#2232),#2236);
#2232 = LINE('',#2233,#2234);
#2233 = CARTESIAN_POINT('',(-6.28318530718,0.));
#2234 = VECTOR('',#2235,1.);
#2235 = DIRECTION('',(-0.,-1.));
#2236 = ( GEOMETRIC_REPRESENTATION_CONTEXT(2) 
PARAMETRIC_REPRESENTATION_CONTEXT() REPRESENTATION_CONTEXT('2D SPACE',''
  ) );
#2237 = PCURVE('',#1893,#2238);
#2238 = DEFINITIONAL_REPRESENTATION('',(#2239),#2243);
#2239 = LINE('',#2240,#2241);
#2240 = CARTESIAN_POINT('',(-0.,0.));
#2241 = VECTOR('',#2242,1.);
#2242 = DIRECTION('',(-0.,-1.));
#2243 = ( GEOMETRIC_REPRESENTATION_CONTEXT(2) 
PARAMETRIC_REPRESENTATION_CONTEXT() REPRESENTATION_CONTEXT('2D SPACE',''
  ) );
#2244 = ORIENTED_EDGE('',*,*,#1872,.F.);
#2245 = ORIENTED_EDGE('',*,*,#2224,.F.);
#2246 = ADVANCED_FACE('',(#2247,#2250),#2154,.T.);
#2247 = FACE_BOUND('',#2248,.T.);
#2248 = EDGE_LOOP('',(#2249));
#2249 = ORIENTED_EDGE('',*,*,#2200,.T.);
#2250 = FACE_BOUND('',#2251,.T.);
#2251 = EDGE_LOOP('',(#2252));
#2252 = ORIENTED_EDGE('',*,*,#2139,.T.);
#2253 = ( GEOMETRIC_REPRESENTATION_CONTEXT(3) 
GLOBAL_UNCERTAINTY_ASSIGNED_CONTEXT((#2257)) 
GLOBAL_UNIT_ASSIGNED_CONTEXT((#2254,#2255,#2256)) REPRESENTATION_CONTEXT
('Context #1','3D Context with UNIT and UNCERTAINTY') );
#2254 = ( LENGTH_UNIT() NAMED_UNIT(*) SI_UNIT(.MILLI.,.METRE.) );
#2255 = ( NAMED_UNIT(*) PLANE_ANGLE_UNIT() SI_UNIT($,.RADIAN.) );
#2256 = ( NAMED_UNIT(*) SI_UNIT($,.STERADIAN.) SOLID_ANGLE_UNIT() );
#2257 = UNCERTAINTY_MEASURE_WITH_UNIT(LENGTH_MEASURE(1.E-07),#2254,
  'distance_accuracy_value','confusion accuracy');
#2258 = PRODUCT_RELATED_PRODUCT_CATEGORY('part',$,(#7));
ENDSEC;
END-ISO-10303-21;
